<?xml version="1.0" encoding="UTF-8"?>
<kml xmlns="http://www.opengis.net/kml/2.2">
  <Document>
    <name>Shell Eco-marathon - Americas 2022</name>
    <description/>
    <Style id="SEMPoint">
      <IconStyle>
        <color>dd1d21e6</color>
        <colorMode>random</colorMode>
        <scale>0.5</scale>
      </IconStyle>
    </Style>
    <Style id="SEMLineNormal">
      <LineStyle>
        <color>dd1d21e6</color>
        <width>10</width>
      </LineStyle>
    </Style>
    <Style id="SEMLineHighlight">
      <LineStyle>
        <color>fbce07e6</color>
        <width>20</width>
      </LineStyle>
    </Style>
    <StyleMap id="SEMLine">
      <Pair>
        <key>normal</key>
        <styleUrl>#SEMLineNormal</styleUrl>
      </Pair>
      <Pair>
        <key>highlight</key>
        <styleUrl>#SEMLHighlight</styleUrl>
      </Pair>
    </StyleMap>
    <Folder>
      <name>Track line</name>
      <Placemark>
        <name>Indianapolis Motor Speedway</name>
        <description></description>
        <styleUrl>#SEMLine</styleUrl>
          <LookAt>
            <longitude>-86.238692</longitude>
            <latitude>39.791993</latitude>
            <range>500</range>
            <tilt>45</tilt>
            <heading>90</heading>
          </LookAt>
        <LineString>
          <tessellate>1</tessellate>
          <coordinates>
            -86.238692,39.791993,0
            -86.238693,39.792013,0
            -86.238694,39.792028,0
            -86.238694,39.792037,0
            -86.238694,39.792046,0
            -86.238694,39.792055,0
            -86.238694,39.792064,0
            -86.238694,39.792073,0
            -86.238694,39.792082,0
            -86.238694,39.792091,0
            -86.238694,39.7921,0
            -86.238694,39.792109,0
            -86.238694,39.792118,0
            -86.238694,39.792127,0
            -86.238694,39.792136,0
            -86.238694,39.792145,0
            -86.238694,39.792154,0
            -86.238694,39.792163,0
            -86.238694,39.792172,0
            -86.238694,39.792181,0
            -86.238695,39.79219,0
            -86.238695,39.792199,0
            -86.238695,39.792208,0
            -86.238695,39.792217,0
            -86.238695,39.792226,0
            -86.238695,39.792235,0
            -86.238695,39.792244,0
            -86.238696,39.792253,0
            -86.238696,39.792262,0
            -86.238696,39.792271,0
            -86.238696,39.79228,0
            -86.238696,39.792289,0
            -86.238696,39.792298,0
            -86.238696,39.792307,0
            -86.238697,39.792316,0
            -86.238697,39.792325,0
            -86.238697,39.792334,0
            -86.238697,39.792343,0
            -86.238697,39.792352,0
            -86.238697,39.792361,0
            -86.238698,39.79237,0
            -86.238698,39.792379,0
            -86.238698,39.792388,0
            -86.238698,39.792397,0
            -86.238699,39.792406,0
            -86.238699,39.792415,0
            -86.238699,39.792424,0
            -86.2387,39.792432,0
            -86.2387,39.792441,0
            -86.2387,39.79245,0
            -86.238701,39.792459,0
            -86.238701,39.792468,0
            -86.238702,39.792477,0
            -86.238702,39.792486,0
            -86.238702,39.792495,0
            -86.238702,39.792504,0
            -86.238703,39.792513,0
            -86.238703,39.792522,0
            -86.238703,39.792531,0
            -86.238703,39.79254,0
            -86.238703,39.792549,0
            -86.238704,39.792558,0
            -86.238704,39.792567,0
            -86.238704,39.792576,0
            -86.238704,39.792585,0
            -86.238704,39.792594,0
            -86.238705,39.792603,0
            -86.238705,39.792612,0
            -86.238705,39.792621,0
            -86.238705,39.79263,0
            -86.238706,39.792639,0
            -86.238706,39.792648,0
            -86.238706,39.792657,0
            -86.238706,39.792666,0
            -86.238706,39.792675,0
            -86.238706,39.792684,0
            -86.238706,39.792693,0
            -86.238706,39.792702,0
            -86.238706,39.792711,0
            -86.238707,39.79272,0
            -86.238707,39.792729,0
            -86.238707,39.792738,0
            -86.238707,39.792747,0
            -86.238707,39.792756,0
            -86.238707,39.792765,0
            -86.238707,39.792774,0
            -86.238707,39.792783,0
            -86.238707,39.792792,0
            -86.238707,39.792801,0
            -86.238708,39.79281,0
            -86.238708,39.792819,0
            -86.238708,39.792828,0
            -86.238708,39.792837,0
            -86.238708,39.792846,0
            -86.238708,39.792855,0
            -86.238708,39.792864,0
            -86.238708,39.792873,0
            -86.238709,39.792882,0
            -86.238709,39.792891,0
            -86.238709,39.7929,0
            -86.238709,39.792909,0
            -86.238709,39.792918,0
            -86.238709,39.792927,0
            -86.238709,39.792936,0
            -86.238709,39.792945,0
            -86.238709,39.792954,0
            -86.238709,39.792963,0
            -86.23871,39.792971,0
            -86.23871,39.79298,0
            -86.23871,39.792989,0
            -86.23871,39.792998,0
            -86.23871,39.793007,0
            -86.23871,39.793016,0
            -86.23871,39.793025,0
            -86.23871,39.793034,0
            -86.23871,39.793043,0
            -86.238711,39.793052,0
            -86.238711,39.793061,0
            -86.238711,39.79307,0
            -86.238711,39.793079,0
            -86.238711,39.793088,0
            -86.238712,39.793097,0
            -86.238712,39.793106,0
            -86.238712,39.793115,0
            -86.238712,39.793124,0
            -86.238713,39.793133,0
            -86.238713,39.793142,0
            -86.238713,39.793151,0
            -86.238713,39.79316,0
            -86.238713,39.793169,0
            -86.238713,39.793178,0
            -86.238713,39.793187,0
            -86.238713,39.793196,0
            -86.238713,39.793205,0
            -86.238714,39.793214,0
            -86.238714,39.793223,0
            -86.238714,39.793232,0
            -86.238714,39.793241,0
            -86.238714,39.79325,0
            -86.238714,39.793259,0
            -86.238714,39.793268,0
            -86.238714,39.793277,0
            -86.238714,39.793286,0
            -86.238715,39.793295,0
            -86.238715,39.793304,0
            -86.238715,39.793313,0
            -86.238715,39.793322,0
            -86.238715,39.793331,0
            -86.238716,39.79334,0
            -86.238716,39.793349,0
            -86.238716,39.793358,0
            -86.238716,39.793367,0
            -86.238717,39.793376,0
            -86.238717,39.793385,0
            -86.238717,39.793394,0
            -86.238717,39.793403,0
            -86.238717,39.793412,0
            -86.238717,39.793421,0
            -86.238717,39.79343,0
            -86.238717,39.793439,0
            -86.238717,39.793448,0
            -86.238718,39.793457,0
            -86.238718,39.793466,0
            -86.238718,39.793475,0
            -86.238718,39.793484,0
            -86.238718,39.793493,0
            -86.238718,39.793501,0
            -86.238718,39.79351,0
            -86.238718,39.793519,0
            -86.238718,39.793528,0
            -86.238718,39.793537,0
            -86.238719,39.793546,0
            -86.238719,39.793555,0
            -86.238719,39.793564,0
            -86.238719,39.793573,0
            -86.238719,39.793582,0
            -86.23872,39.793591,0
            -86.23872,39.7936,0
            -86.23872,39.793609,0
            -86.23872,39.793618,0
            -86.23872,39.793627,0
            -86.238721,39.793636,0
            -86.238721,39.793645,0
            -86.238721,39.793654,0
            -86.238721,39.793663,0
            -86.238721,39.793672,0
            -86.238722,39.793681,0
            -86.238722,39.79369,0
            -86.238722,39.793699,0
            -86.238722,39.793708,0
            -86.238722,39.793717,0
            -86.238723,39.793726,0
            -86.238723,39.793735,0
            -86.238723,39.793744,0
            -86.238723,39.793753,0
            -86.238724,39.793762,0
            -86.238724,39.793771,0
            -86.238724,39.79378,0
            -86.238724,39.793789,0
            -86.238724,39.793798,0
            -86.238724,39.793807,0
            -86.238725,39.793816,0
            -86.238725,39.793825,0
            -86.238725,39.793834,0
            -86.238725,39.793843,0
            -86.238726,39.793852,0
            -86.238726,39.793861,0
            -86.238726,39.79387,0
            -86.238727,39.793879,0
            -86.238727,39.793888,0
            -86.238727,39.793897,0
            -86.238727,39.793906,0
            -86.238728,39.793915,0
            -86.238728,39.793924,0
            -86.238728,39.793933,0
            -86.238729,39.793942,0
            -86.238729,39.793951,0
            -86.238729,39.79396,0
            -86.23873,39.793969,0
            -86.23873,39.793978,0
            -86.238731,39.793987,0
            -86.238731,39.793996,0
            -86.238731,39.794005,0
            -86.238732,39.794014,0
            -86.238732,39.794023,0
            -86.238732,39.794031,0
            -86.238732,39.79404,0
            -86.238733,39.794049,0
            -86.238733,39.794058,0
            -86.238733,39.794067,0
            -86.238733,39.794076,0
            -86.238734,39.794085,0
            -86.238734,39.794094,0
            -86.238734,39.794103,0
            -86.238735,39.794112,0
            -86.238735,39.794121,0
            -86.238735,39.79413,0
            -86.238735,39.794139,0
            -86.238735,39.794148,0
            -86.238735,39.794157,0
            -86.238735,39.794166,0
            -86.238735,39.794175,0
            -86.238735,39.794184,0
            -86.238735,39.794193,0
            -86.238735,39.794202,0
            -86.238735,39.794211,0
            -86.238735,39.79422,0
            -86.238735,39.794229,0
            -86.238735,39.794238,0
            -86.238735,39.794247,0
            -86.238735,39.794256,0
            -86.238735,39.794265,0
            -86.238735,39.794274,0
            -86.238735,39.794283,0
            -86.238735,39.794292,0
            -86.238735,39.794301,0
            -86.238735,39.79431,0
            -86.238735,39.794319,0
            -86.238735,39.794328,0
            -86.238735,39.794337,0
            -86.238735,39.794346,0
            -86.238735,39.794355,0
            -86.238735,39.794364,0
            -86.238735,39.794373,0
            -86.238735,39.794382,0
            -86.238735,39.794391,0
            -86.238736,39.7944,0
            -86.238736,39.794409,0
            -86.238736,39.794418,0
            -86.238736,39.794427,0
            -86.238736,39.794436,0
            -86.238736,39.794445,0
            -86.238737,39.794454,0
            -86.238737,39.794463,0
            -86.238737,39.794472,0
            -86.238737,39.794481,0
            -86.238737,39.79449,0
            -86.238737,39.794499,0
            -86.238738,39.794508,0
            -86.238738,39.794517,0
            -86.238738,39.794526,0
            -86.238738,39.794535,0
            -86.238738,39.794544,0
            -86.238738,39.794553,0
            -86.238739,39.794562,0
            -86.238739,39.79457,0
            -86.238739,39.794579,0
            -86.238739,39.794588,0
            -86.238739,39.794597,0
            -86.238739,39.794606,0
            -86.238739,39.794615,0
            -86.238739,39.794624,0
            -86.238739,39.794633,0
            -86.238739,39.794642,0
            -86.238739,39.794651,0
            -86.238739,39.79466,0
            -86.23874,39.794669,0
            -86.23874,39.794678,0
            -86.23874,39.794687,0
            -86.23874,39.794696,0
            -86.23874,39.794705,0
            -86.23874,39.794714,0
            -86.23874,39.794723,0
            -86.23874,39.794732,0
            -86.23874,39.794741,0
            -86.23874,39.79475,0
            -86.23874,39.794759,0
            -86.23874,39.794768,0
            -86.238741,39.794777,0
            -86.238741,39.794786,0
            -86.238741,39.794795,0
            -86.238741,39.794804,0
            -86.238741,39.794813,0
            -86.238741,39.794822,0
            -86.238741,39.794831,0
            -86.238741,39.79484,0
            -86.238741,39.794849,0
            -86.238741,39.794858,0
            -86.238742,39.794867,0
            -86.238742,39.794876,0
            -86.238742,39.794885,0
            -86.238742,39.794894,0
            -86.238742,39.794903,0
            -86.238742,39.794912,0
            -86.238742,39.794921,0
            -86.238742,39.79493,0
            -86.238742,39.794939,0
            -86.238742,39.794948,0
            -86.238742,39.794957,0
            -86.238742,39.794966,0
            -86.238742,39.794975,0
            -86.238742,39.794984,0
            -86.238742,39.794993,0
            -86.238743,39.795002,0
            -86.238743,39.795011,0
            -86.238743,39.79502,0
            -86.238743,39.795029,0
            -86.238743,39.795038,0
            -86.238743,39.795047,0
            -86.238743,39.795056,0
            -86.238744,39.795065,0
            -86.238744,39.795074,0
            -86.238744,39.795083,0
            -86.238744,39.795092,0
            -86.238744,39.7951,0
            -86.238744,39.795109,0
            -86.238745,39.795118,0
            -86.238745,39.795127,0
            -86.238745,39.795136,0
            -86.238745,39.795145,0
            -86.238745,39.795154,0
            -86.238745,39.795163,0
            -86.238745,39.795172,0
            -86.238745,39.795181,0
            -86.238746,39.79519,0
            -86.238746,39.795199,0
            -86.238746,39.795208,0
            -86.238746,39.795217,0
            -86.238746,39.795226,0
            -86.238746,39.795235,0
            -86.238747,39.795244,0
            -86.238747,39.795253,0
            -86.238747,39.795262,0
            -86.238747,39.795271,0
            -86.238748,39.79528,0
            -86.238748,39.795289,0
            -86.238748,39.795298,0
            -86.238748,39.795307,0
            -86.238749,39.795316,0
            -86.238749,39.795325,0
            -86.238749,39.795334,0
            -86.238749,39.795343,0
            -86.238749,39.795352,0
            -86.23875,39.795361,0
            -86.23875,39.79537,0
            -86.23875,39.795379,0
            -86.23875,39.795388,0
            -86.23875,39.795397,0
            -86.23875,39.795406,0
            -86.23875,39.795415,0
            -86.23875,39.795424,0
            -86.23875,39.795433,0
            -86.23875,39.795442,0
            -86.23875,39.795451,0
            -86.23875,39.79546,0
            -86.238751,39.795469,0
            -86.238751,39.795478,0
            -86.238751,39.795487,0
            -86.238751,39.795496,0
            -86.238751,39.795505,0
            -86.238751,39.795514,0
            -86.238751,39.795523,0
            -86.238751,39.795532,0
            -86.238752,39.795541,0
            -86.238752,39.79555,0
            -86.238752,39.795559,0
            -86.238752,39.795568,0
            -86.238752,39.795577,0
            -86.238753,39.795586,0
            -86.238753,39.795595,0
            -86.238753,39.795604,0
            -86.238753,39.795613,0
            -86.238753,39.795622,0
            -86.238753,39.79563,0
            -86.238753,39.795639,0
            -86.238753,39.795648,0
            -86.238753,39.795657,0
            -86.238753,39.795666,0
            -86.238753,39.795675,0
            -86.238753,39.795684,0
            -86.238753,39.795693,0
            -86.238754,39.795702,0
            -86.238754,39.795711,0
            -86.238754,39.79572,0
            -86.238754,39.795729,0
            -86.238754,39.795738,0
            -86.238754,39.795747,0
            -86.238754,39.795756,0
            -86.238754,39.795765,0
            -86.238755,39.795774,0
            -86.238755,39.795783,0
            -86.238755,39.795792,0
            -86.238755,39.795801,0
            -86.238755,39.79581,0
            -86.238755,39.795819,0
            -86.238756,39.795828,0
            -86.238756,39.795837,0
            -86.238756,39.795846,0
            -86.238756,39.795855,0
            -86.238756,39.795864,0
            -86.238756,39.795873,0
            -86.238756,39.795882,0
            -86.238756,39.795891,0
            -86.238756,39.7959,0
            -86.238756,39.795909,0
            -86.238756,39.795918,0
            -86.238756,39.795927,0
            -86.238757,39.795936,0
            -86.238757,39.795945,0
            -86.238757,39.795954,0
            -86.238757,39.795963,0
            -86.238757,39.795972,0
            -86.238757,39.795981,0
            -86.238757,39.79599,0
            -86.238758,39.795999,0
            -86.238758,39.796008,0
            -86.238758,39.796017,0
            -86.238758,39.796026,0
            -86.238758,39.796035,0
            -86.238758,39.796044,0
            -86.238759,39.796053,0
            -86.238759,39.796062,0
            -86.238759,39.796071,0
            -86.238759,39.79608,0
            -86.238759,39.796089,0
            -86.238759,39.796098,0
            -86.238759,39.796107,0
            -86.23876,39.796116,0
            -86.23876,39.796125,0
            -86.23876,39.796134,0
            -86.23876,39.796143,0
            -86.23876,39.796152,0
            -86.23876,39.796161,0
            -86.238761,39.796169,0
            -86.238761,39.796178,0
            -86.238761,39.796187,0
            -86.238761,39.796196,0
            -86.238761,39.796205,0
            -86.238761,39.796214,0
            -86.238761,39.796223,0
            -86.238761,39.796232,0
            -86.238761,39.796241,0
            -86.238761,39.79625,0
            -86.238761,39.796259,0
            -86.238761,39.796268,0
            -86.238762,39.796277,0
            -86.238762,39.796286,0
            -86.238762,39.796295,0
            -86.238762,39.796304,0
            -86.238762,39.796313,0
            -86.238762,39.796322,0
            -86.238762,39.796331,0
            -86.238762,39.79634,0
            -86.238762,39.796349,0
            -86.238763,39.796358,0
            -86.238763,39.796367,0
            -86.238763,39.796376,0
            -86.238763,39.796385,0
            -86.238763,39.796394,0
            -86.238764,39.796403,0
            -86.238764,39.796412,0
            -86.238764,39.796421,0
            -86.238764,39.79643,0
            -86.238764,39.796439,0
            -86.238764,39.796448,0
            -86.238764,39.796457,0
            -86.238765,39.796466,0
            -86.238765,39.796475,0
            -86.238765,39.796484,0
            -86.238765,39.796493,0
            -86.238765,39.796502,0
            -86.238765,39.796511,0
            -86.238766,39.79652,0
            -86.238766,39.796529,0
            -86.238766,39.796538,0
            -86.238766,39.796547,0
            -86.238766,39.796556,0
            -86.238766,39.796565,0
            -86.238766,39.796574,0
            -86.238766,39.796583,0
            -86.238766,39.796592,0
            -86.238766,39.796601,0
            -86.238766,39.79661,0
            -86.238767,39.796619,0
            -86.238767,39.796628,0
            -86.238767,39.796637,0
            -86.238767,39.796646,0
            -86.238767,39.796655,0
            -86.238767,39.796664,0
            -86.238768,39.796673,0
            -86.238768,39.796682,0
            -86.238768,39.796691,0
            -86.238768,39.796699,0
            -86.238769,39.796708,0
            -86.238769,39.796717,0
            -86.238769,39.796726,0
            -86.23877,39.796735,0
            -86.23877,39.796744,0
            -86.23877,39.796753,0
            -86.238771,39.796762,0
            -86.238771,39.796771,0
            -86.238771,39.79678,0
            -86.238772,39.796789,0
            -86.238772,39.796798,0
            -86.238772,39.796807,0
            -86.238773,39.796816,0
            -86.238773,39.796825,0
            -86.238773,39.796834,0
            -86.238774,39.796843,0
            -86.238774,39.796852,0
            -86.238775,39.796861,0
            -86.238775,39.79687,0
            -86.238776,39.796879,0
            -86.238777,39.796888,0
            -86.238777,39.796897,0
            -86.238778,39.796906,0
            -86.238778,39.796915,0
            -86.238779,39.796924,0
            -86.23878,39.796933,0
            -86.23878,39.796942,0
            -86.238781,39.796951,0
            -86.238782,39.79696,0
            -86.238782,39.796969,0
            -86.238783,39.796978,0
            -86.238783,39.796987,0
            -86.238784,39.796996,0
            -86.238784,39.797005,0
            -86.238785,39.797014,0
            -86.238786,39.797023,0
            -86.238786,39.797032,0
            -86.238787,39.797041,0
            -86.238787,39.79705,0
            -86.238788,39.797059,0
            -86.238788,39.797068,0
            -86.238789,39.797077,0
            -86.238789,39.797086,0
            -86.23879,39.797095,0
            -86.23879,39.797104,0
            -86.23879,39.797113,0
            -86.238791,39.797122,0
            -86.238791,39.797131,0
            -86.238792,39.79714,0
            -86.238792,39.797149,0
            -86.238793,39.797158,0
            -86.238793,39.797167,0
            -86.238793,39.797176,0
            -86.238793,39.797185,0
            -86.238793,39.797194,0
            -86.238794,39.797203,0
            -86.238794,39.797212,0
            -86.238794,39.797221,0
            -86.238794,39.797229,0
            -86.238795,39.797238,0
            -86.238795,39.797247,0
            -86.238795,39.797256,0
            -86.238796,39.797265,0
            -86.238796,39.797274,0
            -86.238796,39.797283,0
            -86.238796,39.797292,0
            -86.238796,39.797301,0
            -86.238796,39.79731,0
            -86.238796,39.797319,0
            -86.238797,39.797328,0
            -86.238797,39.797337,0
            -86.238797,39.797346,0
            -86.238797,39.797355,0
            -86.238797,39.797364,0
            -86.238798,39.797373,0
            -86.238798,39.797382,0
            -86.238798,39.797391,0
            -86.238798,39.7974,0
            -86.238798,39.797409,0
            -86.238798,39.797418,0
            -86.238798,39.797427,0
            -86.238798,39.797436,0
            -86.238798,39.797445,0
            -86.238798,39.797454,0
            -86.238798,39.797463,0
            -86.238798,39.797472,0
            -86.238798,39.797481,0
            -86.238798,39.79749,0
            -86.238798,39.797499,0
            -86.238798,39.797508,0
            -86.238798,39.797517,0
            -86.238798,39.797526,0
            -86.238798,39.797535,0
            -86.238798,39.797544,0
            -86.238798,39.797553,0
            -86.238798,39.797562,0
            -86.238798,39.797571,0
            -86.238798,39.79758,0
            -86.238798,39.797589,0
            -86.238797,39.797598,0
            -86.238797,39.797607,0
            -86.238797,39.797616,0
            -86.238797,39.797625,0
            -86.238797,39.797634,0
            -86.238797,39.797643,0
            -86.238796,39.797652,0
            -86.238796,39.797661,0
            -86.238796,39.79767,0
            -86.238796,39.797679,0
            -86.238796,39.797688,0
            -86.238796,39.797697,0
            -86.238795,39.797706,0
            -86.238795,39.797715,0
            -86.238795,39.797724,0
            -86.238795,39.797733,0
            -86.238795,39.797742,0
            -86.238795,39.797751,0
            -86.238795,39.79776,0
            -86.238795,39.797768,0
            -86.238795,39.797777,0
            -86.238795,39.797786,0
            -86.238794,39.797795,0
            -86.238794,39.797804,0
            -86.238794,39.797813,0
            -86.238794,39.797822,0
            -86.238794,39.797831,0
            -86.238794,39.79784,0
            -86.238794,39.797849,0
            -86.238794,39.797858,0
            -86.238794,39.797867,0
            -86.238794,39.797876,0
            -86.238794,39.797885,0
            -86.238794,39.797894,0
            -86.238794,39.797903,0
            -86.238794,39.797912,0
            -86.238794,39.797921,0
            -86.238794,39.79793,0
            -86.238794,39.797939,0
            -86.238794,39.797948,0
            -86.238794,39.797957,0
            -86.238794,39.797966,0
            -86.238794,39.797975,0
            -86.238794,39.797984,0
            -86.238794,39.797993,0
            -86.238794,39.798002,0
            -86.238794,39.798011,0
            -86.238794,39.79802,0
            -86.238794,39.798029,0
            -86.238794,39.798038,0
            -86.238794,39.798047,0
            -86.238794,39.798056,0
            -86.238794,39.798065,0
            -86.238794,39.798074,0
            -86.238794,39.798083,0
            -86.238794,39.798092,0
            -86.238794,39.798101,0
            -86.238794,39.79811,0
            -86.238794,39.798119,0
            -86.238794,39.798128,0
            -86.238794,39.798137,0
            -86.238794,39.798146,0
            -86.238794,39.798155,0
            -86.238794,39.798164,0
            -86.238794,39.798173,0
            -86.238794,39.798182,0
            -86.238794,39.798191,0
            -86.238794,39.7982,0
            -86.238794,39.798209,0
            -86.238794,39.798218,0
            -86.238794,39.798227,0
            -86.238794,39.798236,0
            -86.238794,39.798245,0
            -86.238794,39.798254,0
            -86.238794,39.798263,0
            -86.238794,39.798272,0
            -86.238794,39.798281,0
            -86.238794,39.79829,0
            -86.238794,39.798298,0
            -86.238794,39.798307,0
            -86.238793,39.798316,0
            -86.238793,39.798325,0
            -86.238793,39.798334,0
            -86.238793,39.798343,0
            -86.238793,39.798352,0
            -86.238793,39.798361,0
            -86.238793,39.79837,0
            -86.238793,39.798379,0
            -86.238793,39.798388,0
            -86.238793,39.798397,0
            -86.238792,39.798406,0
            -86.238792,39.798415,0
            -86.238792,39.798424,0
            -86.238792,39.798433,0
            -86.238792,39.798442,0
            -86.238792,39.798451,0
            -86.238792,39.79846,0
            -86.238792,39.798469,0
            -86.238792,39.798478,0
            -86.238792,39.798487,0
            -86.238791,39.798496,0
            -86.238791,39.798505,0
            -86.238791,39.798514,0
            -86.238791,39.798523,0
            -86.238791,39.798532,0
            -86.238791,39.798541,0
            -86.238791,39.79855,0
            -86.238791,39.798559,0
            -86.238791,39.798568,0
            -86.238791,39.798577,0
            -86.23879,39.798586,0
            -86.23879,39.798595,0
            -86.23879,39.798604,0
            -86.23879,39.798613,0
            -86.23879,39.798622,0
            -86.23879,39.798631,0
            -86.23879,39.79864,0
            -86.23879,39.798649,0
            -86.23879,39.798658,0
            -86.238789,39.798667,0
            -86.238789,39.798676,0
            -86.238789,39.798685,0
            -86.238788,39.798694,0
            -86.238788,39.798703,0
            -86.238788,39.798712,0
            -86.238787,39.798721,0
            -86.238787,39.79873,0
            -86.238787,39.798739,0
            -86.238786,39.798748,0
            -86.238786,39.798757,0
            -86.238785,39.798766,0
            -86.238784,39.798775,0
            -86.238783,39.798784,0
            -86.238782,39.798793,0
            -86.238782,39.798802,0
            -86.238781,39.798811,0
            -86.23878,39.798819,0
            -86.238778,39.798828,0
            -86.238776,39.798837,0
            -86.238774,39.798846,0
            -86.238773,39.798855,0
            -86.238771,39.798864,0
            -86.238769,39.798873,0
            -86.238767,39.798882,0
            -86.238764,39.79889,0
            -86.23876,39.798899,0
            -86.238756,39.798907,0
            -86.238753,39.798916,0
            -86.238749,39.798924,0
            -86.238746,39.798933,0
            -86.238742,39.798941,0
            -86.238736,39.798949,0
            -86.23873,39.798957,0
            -86.238724,39.798965,0
            -86.238718,39.798972,0
            -86.238713,39.79898,0
            -86.238707,39.798988,0
            -86.2387,39.798995,0
            -86.238692,39.799002,0
            -86.238684,39.799008,0
            -86.238676,39.799015,0
            -86.238668,39.799021,0
            -86.23866,39.799028,0
            -86.238652,39.799034,0
            -86.238643,39.79904,0
            -86.238634,39.799045,0
            -86.238624,39.79905,0
            -86.238614,39.799055,0
            -86.238604,39.79906,0
            -86.238595,39.799065,0
            -86.238585,39.79907,0
            -86.238575,39.799075,0
            -86.238564,39.799078,0
            -86.238553,39.799081,0
            -86.238543,39.799085,0
            -86.238532,39.799088,0
            -86.238521,39.799091,0
            -86.23851,39.799094,0
            -86.238499,39.799097,0
            -86.238488,39.7991,0
            -86.238476,39.799102,0
            -86.238465,39.799104,0
            -86.238454,39.799106,0
            -86.238442,39.799108,0
            -86.238431,39.79911,0
            -86.23842,39.799112,0
            -86.238408,39.799115,0
            -86.238397,39.799116,0
            -86.238385,39.799117,0
            -86.238374,39.799119,0
            -86.238362,39.79912,0
            -86.238351,39.799121,0
            -86.238339,39.799123,0
            -86.238327,39.799124,0
            -86.238316,39.799126,0
            -86.238304,39.799127,0
            -86.238293,39.799128,0
            -86.238281,39.799129,0
            -86.238269,39.79913,0
            -86.238258,39.799132,0
            -86.238246,39.799133,0
            -86.238235,39.799134,0
            -86.238223,39.799135,0
            -86.238212,39.799137,0
            -86.2382,39.799138,0
            -86.238189,39.79914,0
            -86.238177,39.799142,0
            -86.238166,39.799144,0
            -86.238154,39.799145,0
            -86.238143,39.799147,0
            -86.238131,39.799149,0
            -86.23812,39.799151,0
            -86.238109,39.799153,0
            -86.238098,39.799156,0
            -86.238087,39.799159,0
            -86.238076,39.799162,0
            -86.238064,39.799165,0
            -86.238053,39.799168,0
            -86.238042,39.799171,0
            -86.238031,39.799174,0
            -86.23802,39.799177,0
            -86.23801,39.799181,0
            -86.237999,39.799185,0
            -86.237989,39.799189,0
            -86.237979,39.799193,0
            -86.237968,39.799197,0
            -86.237958,39.799201,0
            -86.237947,39.799205,0
            -86.237937,39.799209,0
            -86.237927,39.799214,0
            -86.237918,39.799219,0
            -86.237908,39.799225,0
            -86.237899,39.79923,0
            -86.237889,39.799236,0
            -86.23788,39.799241,0
            -86.237871,39.799247,0
            -86.237861,39.799252,0
            -86.237852,39.799258,0
            -86.237843,39.799264,0
            -86.237836,39.79927,0
            -86.237828,39.799277,0
            -86.23782,39.799284,0
            -86.237813,39.799291,0
            -86.237805,39.799298,0
            -86.237797,39.799305,0
            -86.237789,39.799311,0
            -86.237782,39.799318,0
            -86.237775,39.799326,0
            -86.237769,39.799333,0
            -86.237763,39.799341,0
            -86.237758,39.799349,0
            -86.237752,39.799356,0
            -86.237746,39.799364,0
            -86.23774,39.799372,0
            -86.237734,39.79938,0
            -86.237728,39.799387,0
            -86.237724,39.799396,0
            -86.23772,39.799404,0
            -86.237716,39.799413,0
            -86.237713,39.799421,0
            -86.237709,39.79943,0
            -86.237706,39.799438,0
            -86.237702,39.799447,0
            -86.237699,39.799455,0
            -86.237695,39.799464,0
            -86.237693,39.799473,0
            -86.237692,39.799482,0
            -86.23769,39.79949,0
            -86.237689,39.799499,0
            -86.237688,39.799508,0
            -86.237686,39.799517,0
            -86.237685,39.799526,0
            -86.237684,39.799535,0
            -86.237683,39.799544,0
            -86.237682,39.799553,0
            -86.237682,39.799562,0
            -86.237682,39.799571,0
            -86.237681,39.79958,0
            -86.237681,39.799589,0
            -86.237681,39.799598,0
            -86.237681,39.799607,0
            -86.237681,39.799616,0
            -86.237681,39.799625,0
            -86.237681,39.799634,0
            -86.237681,39.799643,0
            -86.237682,39.799652,0
            -86.237683,39.799661,0
            -86.237683,39.79967,0
            -86.237684,39.799679,0
            -86.237685,39.799688,0
            -86.237685,39.799697,0
            -86.237686,39.799706,0
            -86.237686,39.799715,0
            -86.237687,39.799723,0
            -86.237688,39.799732,0
            -86.237689,39.799741,0
            -86.23769,39.79975,0
            -86.23769,39.799759,0
            -86.237691,39.799768,0
            -86.237692,39.799777,0
            -86.237693,39.799786,0
            -86.237694,39.799795,0
            -86.237694,39.799804,0
            -86.237695,39.799813,0
            -86.237696,39.799822,0
            -86.237697,39.799831,0
            -86.237697,39.79984,0
            -86.237698,39.799849,0
            -86.237699,39.799858,0
            -86.237699,39.799867,0
            -86.2377,39.799876,0
            -86.237701,39.799885,0
            -86.237702,39.799894,0
            -86.237702,39.799903,0
            -86.237702,39.799912,0
            -86.237703,39.799921,0
            -86.237703,39.79993,0
            -86.237703,39.799939,0
            -86.237704,39.799948,0
            -86.237704,39.799957,0
            -86.237704,39.799966,0
            -86.237704,39.799975,0
            -86.237705,39.799984,0
            -86.237704,39.799993,0
            -86.237704,39.800002,0
            -86.237703,39.800011,0
            -86.237703,39.80002,0
            -86.237702,39.800029,0
            -86.237701,39.800038,0
            -86.237701,39.800047,0
            -86.2377,39.800056,0
            -86.237699,39.800065,0
            -86.237699,39.800074,0
            -86.237697,39.800083,0
            -86.237696,39.800092,0
            -86.237695,39.800101,0
            -86.237694,39.800109,0
            -86.237692,39.800118,0
            -86.237691,39.800127,0
            -86.23769,39.800136,0
            -86.237688,39.800145,0
            -86.237687,39.800154,0
            -86.237685,39.800163,0
            -86.237683,39.800172,0
            -86.237681,39.80018,0
            -86.237679,39.800189,0
            -86.237676,39.800198,0
            -86.237674,39.800207,0
            -86.237672,39.800216,0
            -86.23767,39.800224,0
            -86.237668,39.800233,0
            -86.237665,39.800242,0
            -86.237663,39.800251,0
            -86.23766,39.800259,0
            -86.237657,39.800268,0
            -86.237654,39.800277,0
            -86.237651,39.800285,0
            -86.237647,39.800294,0
            -86.237644,39.800302,0
            -86.237641,39.800311,0
            -86.237638,39.80032,0
            -86.237635,39.800328,0
            -86.237632,39.800337,0
            -86.237628,39.800345,0
            -86.237624,39.800354,0
            -86.237619,39.800362,0
            -86.237615,39.800371,0
            -86.237611,39.800379,0
            -86.237607,39.800388,0
            -86.237603,39.800396,0
            -86.237599,39.800405,0
            -86.237595,39.800413,0
            -86.23759,39.800421,0
            -86.237585,39.800429,0
            -86.23758,39.800437,0
            -86.237575,39.800445,0
            -86.23757,39.800454,0
            -86.237565,39.800462,0
            -86.23756,39.80047,0
            -86.237555,39.800478,0
            -86.23755,39.800486,0
            -86.237545,39.800494,0
            -86.23754,39.800502,0
            -86.237535,39.80051,0
            -86.237529,39.800518,0
            -86.237523,39.800526,0
            -86.237517,39.800533,0
            -86.237511,39.800541,0
            -86.237505,39.800549,0
            -86.2375,39.800557,0
            -86.237494,39.800565,0
            -86.237488,39.800572,0
            -86.237482,39.80058,0
            -86.237476,39.800588,0
            -86.23747,39.800595,0
            -86.237463,39.800603,0
            -86.237456,39.80061,0
            -86.23745,39.800617,0
            -86.237443,39.800625,0
            -86.237436,39.800632,0
            -86.23743,39.80064,0
            -86.237423,39.800647,0
            -86.237416,39.800654,0
            -86.23741,39.800662,0
            -86.237403,39.800669,0
            -86.237396,39.800676,0
            -86.237388,39.800683,0
            -86.237381,39.80069,0
            -86.237373,39.800697,0
            -86.237366,39.800704,0
            -86.237358,39.800711,0
            -86.237351,39.800717,0
            -86.237343,39.800724,0
            -86.237336,39.800731,0
            -86.237328,39.800738,0
            -86.237321,39.800745,0
            -86.237312,39.800751,0
            -86.237304,39.800757,0
            -86.237295,39.800764,0
            -86.237287,39.80077,0
            -86.237279,39.800776,0
            -86.23727,39.800782,0
            -86.237262,39.800789,0
            -86.237253,39.800795,0
            -86.237245,39.800801,0
            -86.237237,39.800807,0
            -86.237228,39.800814,0
            -86.237219,39.800819,0
            -86.23721,39.800825,0
            -86.237201,39.800831,0
            -86.237192,39.800836,0
            -86.237183,39.800842,0
            -86.237174,39.800848,0
            -86.237165,39.800853,0
            -86.237155,39.800859,0
            -86.237146,39.800865,0
            -86.237137,39.80087,0
            -86.237128,39.800876,0
            -86.237119,39.800881,0
            -86.237109,39.800887,0
            -86.237099,39.800892,0
            -86.23709,39.800897,0
            -86.23708,39.800902,0
            -86.23707,39.800907,0
            -86.237061,39.800912,0
            -86.237051,39.800917,0
            -86.237041,39.800922,0
            -86.237032,39.800927,0
            -86.237022,39.800932,0
            -86.237012,39.800937,0
            -86.237002,39.800942,0
            -86.236992,39.800947,0
            -86.236982,39.800951,0
            -86.236972,39.800956,0
            -86.236962,39.800961,0
            -86.236952,39.800966,0
            -86.236942,39.80097,0
            -86.236932,39.800975,0
            -86.236922,39.80098,0
            -86.236912,39.800984,0
            -86.236902,39.800989,0
            -86.236892,39.800993,0
            -86.236881,39.800998,0
            -86.236871,39.801002,0
            -86.236861,39.801006,0
            -86.236851,39.801011,0
            -86.23684,39.801015,0
            -86.23683,39.801019,0
            -86.23682,39.801024,0
            -86.23681,39.801028,0
            -86.236799,39.801032,0
            -86.236789,39.801037,0
            -86.236779,39.801041,0
            -86.236768,39.801045,0
            -86.236758,39.801049,0
            -86.236748,39.801053,0
            -86.236737,39.801057,0
            -86.236727,39.801062,0
            -86.236716,39.801066,0
            -86.236706,39.80107,0
            -86.236696,39.801074,0
            -86.236685,39.801078,0
            -86.236675,39.801082,0
            -86.236664,39.801086,0
            -86.236654,39.80109,0
            -86.236643,39.801094,0
            -86.236633,39.801098,0
            -86.236622,39.801102,0
            -86.236612,39.801106,0
            -86.236601,39.80111,0
            -86.236591,39.801114,0
            -86.23658,39.801118,0
            -86.23657,39.801122,0
            -86.236559,39.801126,0
            -86.236548,39.801129,0
            -86.236538,39.801133,0
            -86.236527,39.801137,0
            -86.236516,39.80114,0
            -86.236505,39.801144,0
            -86.236495,39.801147,0
            -86.236484,39.801151,0
            -86.236473,39.801154,0
            -86.236462,39.801158,0
            -86.236451,39.801161,0
            -86.23644,39.801164,0
            -86.236429,39.801167,0
            -86.236418,39.80117,0
            -86.236407,39.801173,0
            -86.236396,39.801175,0
            -86.236385,39.801178,0
            -86.236374,39.801181,0
            -86.236363,39.801184,0
            -86.236352,39.801187,0
            -86.23634,39.801189,0
            -86.236329,39.801191,0
            -86.236317,39.801193,0
            -86.236306,39.801195,0
            -86.236294,39.801197,0
            -86.236283,39.801199,0
            -86.236272,39.8012,0
            -86.23626,39.801202,0
            -86.236249,39.801204,0
            -86.236237,39.801206,0
            -86.236226,39.801207,0
            -86.236214,39.801207,0
            -86.236202,39.801208,0
            -86.236191,39.801208,0
            -86.236179,39.801209,0
            -86.236167,39.80121,0
            -86.236155,39.80121,0
            -86.236144,39.801211,0
            -86.236132,39.801211,0
            -86.23612,39.801211,0
            -86.236109,39.80121,0
            -86.236097,39.801209,0
            -86.236086,39.801208,0
            -86.236074,39.801207,0
            -86.236062,39.801205,0
            -86.236051,39.801204,0
            -86.236039,39.801203,0
            -86.236028,39.801202,0
            -86.236016,39.801201,0
            -86.236005,39.801198,0
            -86.235994,39.801195,0
            -86.235983,39.801192,0
            -86.235972,39.801189,0
            -86.235961,39.801186,0
            -86.23595,39.801183,0
            -86.235939,39.80118,0
            -86.235928,39.801177,0
            -86.235917,39.801174,0
            -86.235906,39.80117,0
            -86.235896,39.801166,0
            -86.235886,39.801161,0
            -86.235876,39.801156,0
            -86.235866,39.801152,0
            -86.235856,39.801147,0
            -86.235846,39.801143,0
            -86.235836,39.801138,0
            -86.235826,39.801134,0
            -86.235816,39.801129,0
            -86.235807,39.801123,0
            -86.235798,39.801117,0
            -86.235789,39.801111,0
            -86.23578,39.801106,0
            -86.235771,39.8011,0
            -86.235763,39.801094,0
            -86.235754,39.801088,0
            -86.235745,39.801082,0
            -86.235736,39.801076,0
            -86.235727,39.80107,0
            -86.23572,39.801063,0
            -86.235712,39.801056,0
            -86.235704,39.801049,0
            -86.235696,39.801043,0
            -86.235689,39.801036,0
            -86.235681,39.801029,0
            -86.235673,39.801022,0
            -86.235666,39.801015,0
            -86.235658,39.801009,0
            -86.23565,39.801002,0
            -86.235644,39.800994,0
            -86.235638,39.800986,0
            -86.235632,39.800979,0
            -86.235625,39.800971,0
            -86.235619,39.800964,0
            -86.235613,39.800956,0
            -86.235607,39.800948,0
            -86.235601,39.800941,0
            -86.235594,39.800933,0
            -86.235588,39.800925,0
            -86.235583,39.800917,0
            -86.235578,39.800909,0
            -86.235574,39.800901,0
            -86.235569,39.800893,0
            -86.235565,39.800884,0
            -86.23556,39.800876,0
            -86.235556,39.800868,0
            -86.235551,39.80086,0
            -86.235547,39.800851,0
            -86.235542,39.800843,0
            -86.235538,39.800835,0
            -86.235535,39.800826,0
            -86.235532,39.800817,0
            -86.235529,39.800809,0
            -86.235526,39.8008,0
            -86.235523,39.800791,0
            -86.23552,39.800783,0
            -86.235517,39.800774,0
            -86.235514,39.800765,0
            -86.235511,39.800756,0
            -86.235508,39.800748,0
            -86.235505,39.800739,0
            -86.235503,39.80073,0
            -86.235501,39.800721,0
            -86.2355,39.800712,0
            -86.235498,39.800703,0
            -86.235496,39.800694,0
            -86.235494,39.800686,0
            -86.235493,39.800677,0
            -86.235491,39.800668,0
            -86.235489,39.800659,0
            -86.235488,39.80065,0
            -86.235486,39.800641,0
            -86.235485,39.800632,0
            -86.235484,39.800623,0
            -86.235483,39.800614,0
            -86.235482,39.800605,0
            -86.235481,39.800596,0
            -86.235481,39.800587,0
            -86.23548,39.800578,0
            -86.235479,39.800569,0
            -86.235478,39.80056,0
            -86.235477,39.800551,0
            -86.235476,39.800542,0
            -86.235475,39.800533,0
            -86.235475,39.800524,0
            -86.235474,39.800515,0
            -86.235474,39.800506,0
            -86.235474,39.800497,0
            -86.235473,39.800488,0
            -86.235473,39.80048,0
            -86.235472,39.800471,0
            -86.235472,39.800462,0
            -86.235472,39.800453,0
            -86.235471,39.800444,0
            -86.235471,39.800435,0
            -86.23547,39.800426,0
            -86.23547,39.800417,0
            -86.23547,39.800408,0
            -86.23547,39.800399,0
            -86.235469,39.80039,0
            -86.235469,39.800381,0
            -86.235469,39.800372,0
            -86.235469,39.800363,0
            -86.235468,39.800354,0
            -86.235468,39.800345,0
            -86.235468,39.800336,0
            -86.235468,39.800327,0
            -86.235467,39.800318,0
            -86.235467,39.800309,0
            -86.235467,39.8003,0
            -86.235467,39.800291,0
            -86.235467,39.800282,0
            -86.235467,39.800273,0
            -86.235467,39.800264,0
            -86.235467,39.800255,0
            -86.235467,39.800246,0
            -86.235467,39.800237,0
            -86.235467,39.800228,0
            -86.235467,39.800219,0
            -86.235468,39.80021,0
            -86.235468,39.800201,0
            -86.235468,39.800192,0
            -86.235468,39.800183,0
            -86.235468,39.800174,0
            -86.235468,39.800165,0
            -86.235468,39.800156,0
            -86.235468,39.800147,0
            -86.235468,39.800138,0
            -86.235468,39.800129,0
            -86.235468,39.80012,0
            -86.235469,39.800111,0
            -86.235469,39.800102,0
            -86.235469,39.800093,0
            -86.235469,39.800084,0
            -86.235469,39.800075,0
            -86.23547,39.800066,0
            -86.23547,39.800057,0
            -86.23547,39.800048,0
            -86.23547,39.800039,0
            -86.23547,39.80003,0
            -86.23547,39.800021,0
            -86.23547,39.800012,0
            -86.23547,39.800003,0
            -86.23547,39.799994,0
            -86.23547,39.799985,0
            -86.23547,39.799976,0
            -86.23547,39.799967,0
            -86.23547,39.799958,0
            -86.23547,39.79995,0
            -86.23547,39.799941,0
            -86.235469,39.799932,0
            -86.235469,39.799923,0
            -86.235469,39.799914,0
            -86.235468,39.799905,0
            -86.235468,39.799896,0
            -86.235468,39.799887,0
            -86.235467,39.799878,0
            -86.235467,39.799869,0
            -86.235467,39.79986,0
            -86.235466,39.799851,0
            -86.235466,39.799842,0
            -86.235465,39.799833,0
            -86.235464,39.799824,0
            -86.235463,39.799815,0
            -86.235462,39.799806,0
            -86.235461,39.799797,0
            -86.235459,39.799788,0
            -86.235458,39.799779,0
            -86.235457,39.79977,0
            -86.235456,39.799762,0
            -86.235455,39.799753,0
            -86.235453,39.799744,0
            -86.23545,39.799735,0
            -86.235447,39.799726,0
            -86.235445,39.799718,0
            -86.235442,39.799709,0
            -86.235439,39.7997,0
            -86.235436,39.799692,0
            -86.235433,39.799683,0
            -86.23543,39.799674,0
            -86.235427,39.799665,0
            -86.235423,39.799657,0
            -86.235418,39.799649,0
            -86.235413,39.79964,0
            -86.235409,39.799632,0
            -86.235404,39.799624,0
            -86.235399,39.799616,0
            -86.235394,39.799608,0
            -86.235389,39.7996,0
            -86.235385,39.799591,0
            -86.23538,39.799583,0
            -86.235373,39.799576,0
            -86.235367,39.799568,0
            -86.23536,39.799561,0
            -86.235353,39.799554,0
            -86.235347,39.799546,0
            -86.23534,39.799539,0
            -86.235333,39.799532,0
            -86.235326,39.799524,0
            -86.23532,39.799517,0
            -86.235312,39.79951,0
            -86.235304,39.799503,0
            -86.235296,39.799497,0
            -86.235288,39.79949,0
            -86.23528,39.799484,0
            -86.235272,39.799477,0
            -86.235264,39.799471,0
            -86.235256,39.799464,0
            -86.235248,39.799457,0
            -86.23524,39.799451,0
            -86.235233,39.799444,0
            -86.235225,39.799438,0
            -86.235217,39.799431,0
            -86.235209,39.799424,0
            -86.235201,39.799418,0
            -86.235193,39.799411,0
            -86.235186,39.799404,0
            -86.235178,39.799398,0
            -86.23517,39.799391,0
            -86.235163,39.799383,0
            -86.235157,39.799376,0
            -86.23515,39.799369,0
            -86.235143,39.799361,0
            -86.235137,39.799354,0
            -86.23513,39.799346,0
            -86.235124,39.799339,0
            -86.235117,39.799332,0
            -86.23511,39.799324,0
            -86.235105,39.799316,0
            -86.235101,39.799308,0
            -86.235096,39.7993,0
            -86.235091,39.799292,0
            -86.235086,39.799283,0
            -86.235081,39.799275,0
            -86.235077,39.799267,0
            -86.235072,39.799259,0
            -86.235067,39.799251,0
            -86.235063,39.799242,0
            -86.23506,39.799234,0
            -86.235057,39.799225,0
            -86.235054,39.799216,0
            -86.235051,39.799207,0
            -86.235048,39.799199,0
            -86.235046,39.79919,0
            -86.235043,39.799181,0
            -86.23504,39.799173,0
            -86.235037,39.799164,0
            -86.235035,39.799155,0
            -86.235034,39.799146,0
            -86.235033,39.799137,0
            -86.235031,39.799128,0
            -86.23503,39.799119,0
            -86.235029,39.799111,0
            -86.235028,39.799102,0
            -86.235026,39.799093,0
            -86.235025,39.799084,0
            -86.235024,39.799075,0
            -86.235023,39.799066,0
            -86.235022,39.799057,0
            -86.235022,39.799048,0
            -86.235021,39.799039,0
            -86.235021,39.79903,0
            -86.235021,39.799021,0
            -86.23502,39.799012,0
            -86.23502,39.799003,0
            -86.235019,39.798994,0
            -86.235019,39.798985,0
            -86.235018,39.798976,0
            -86.235018,39.798967,0
            -86.235018,39.798958,0
            -86.235018,39.798949,0
            -86.235017,39.79894,0
            -86.235017,39.798931,0
            -86.235017,39.798922,0
            -86.235017,39.798913,0
            -86.235017,39.798904,0
            -86.235017,39.798895,0
            -86.235016,39.798886,0
            -86.235016,39.798877,0
            -86.235016,39.798868,0
            -86.235016,39.798859,0
            -86.235016,39.79885,0
            -86.235016,39.798841,0
            -86.235015,39.798832,0
            -86.235015,39.798823,0
            -86.235015,39.798814,0
            -86.235015,39.798806,0
            -86.235015,39.798797,0
            -86.235015,39.798788,0
            -86.235014,39.798779,0
            -86.235014,39.79877,0
            -86.235014,39.798761,0
            -86.235014,39.798752,0
            -86.235014,39.798743,0
            -86.235014,39.798734,0
            -86.235014,39.798725,0
            -86.235013,39.798716,0
            -86.235013,39.798707,0
            -86.235013,39.798698,0
            -86.235013,39.798689,0
            -86.235013,39.79868,0
            -86.235012,39.798671,0
            -86.235012,39.798662,0
            -86.235012,39.798653,0
            -86.235012,39.798644,0
            -86.235012,39.798635,0
            -86.235012,39.798626,0
            -86.235012,39.798617,0
            -86.235011,39.798608,0
            -86.235011,39.798599,0
            -86.235011,39.79859,0
            -86.235011,39.798581,0
            -86.235011,39.798572,0
            -86.235011,39.798563,0
            -86.23501,39.798554,0
            -86.23501,39.798545,0
            -86.23501,39.798536,0
            -86.23501,39.798527,0
            -86.23501,39.798518,0
            -86.23501,39.798509,0
            -86.23501,39.7985,0
            -86.235009,39.798491,0
            -86.235009,39.798482,0
            -86.235009,39.798473,0
            -86.235009,39.798464,0
            -86.235009,39.798455,0
            -86.235008,39.798446,0
            -86.235008,39.798437,0
            -86.235008,39.798428,0
            -86.235008,39.798419,0
            -86.235008,39.79841,0
            -86.235008,39.798401,0
            -86.235008,39.798392,0
            -86.235007,39.798383,0
            -86.235007,39.798374,0
            -86.235007,39.798365,0
            -86.235007,39.798356,0
            -86.235007,39.798347,0
            -86.235007,39.798338,0
            -86.235007,39.798329,0
            -86.235006,39.79832,0
            -86.235006,39.798311,0
            -86.235006,39.798302,0
            -86.235006,39.798293,0
            -86.235006,39.798284,0
            -86.235006,39.798275,0
            -86.235005,39.798267,0
            -86.235005,39.798258,0
            -86.235005,39.798249,0
            -86.235005,39.79824,0
            -86.235005,39.798231,0
            -86.235005,39.798222,0
            -86.235005,39.798213,0
            -86.235004,39.798204,0
            -86.235004,39.798195,0
            -86.235004,39.798186,0
            -86.235004,39.798177,0
            -86.235003,39.798168,0
            -86.235003,39.798159,0
            -86.235003,39.79815,0
            -86.235003,39.798141,0
            -86.235003,39.798132,0
            -86.235002,39.798123,0
            -86.235002,39.798114,0
            -86.235002,39.798105,0
            -86.235002,39.798096,0
            -86.235001,39.798087,0
            -86.235001,39.798078,0
            -86.235001,39.798069,0
            -86.235001,39.79806,0
            -86.235001,39.798051,0
            -86.235,39.798042,0
            -86.235,39.798033,0
            -86.235,39.798024,0
            -86.235,39.798015,0
            -86.234999,39.798006,0
            -86.234999,39.797997,0
            -86.234999,39.797988,0
            -86.234999,39.797979,0
            -86.234998,39.79797,0
            -86.234998,39.797961,0
            -86.234998,39.797952,0
            -86.234998,39.797943,0
            -86.234997,39.797934,0
            -86.234997,39.797925,0
            -86.234997,39.797916,0
            -86.234997,39.797907,0
            -86.234996,39.797898,0
            -86.234996,39.797889,0
            -86.234996,39.79788,0
            -86.234996,39.797871,0
            -86.234996,39.797862,0
            -86.234995,39.797853,0
            -86.234995,39.797844,0
            -86.234995,39.797835,0
            -86.234995,39.797826,0
            -86.234995,39.797817,0
            -86.234995,39.797808,0
            -86.234994,39.797799,0
            -86.234994,39.79779,0
            -86.234994,39.797781,0
            -86.234994,39.797772,0
            -86.234994,39.797763,0
            -86.234994,39.797754,0
            -86.234994,39.797745,0
            -86.234994,39.797737,0
            -86.234994,39.797728,0
            -86.234994,39.797719,0
            -86.234994,39.79771,0
            -86.234994,39.797701,0
            -86.234994,39.797692,0
            -86.234993,39.797683,0
            -86.234993,39.797674,0
            -86.234993,39.797665,0
            -86.234993,39.797656,0
            -86.234993,39.797647,0
            -86.234993,39.797638,0
            -86.234992,39.797629,0
            -86.234992,39.79762,0
            -86.234992,39.797611,0
            -86.234992,39.797602,0
            -86.234992,39.797593,0
            -86.234992,39.797584,0
            -86.234992,39.797575,0
            -86.234991,39.797566,0
            -86.234991,39.797557,0
            -86.234991,39.797548,0
            -86.234991,39.797539,0
            -86.234991,39.79753,0
            -86.234991,39.797521,0
            -86.23499,39.797512,0
            -86.23499,39.797503,0
            -86.23499,39.797494,0
            -86.23499,39.797485,0
            -86.23499,39.797476,0
            -86.23499,39.797467,0
            -86.23499,39.797458,0
            -86.234989,39.797449,0
            -86.234989,39.79744,0
            -86.234989,39.797431,0
            -86.234989,39.797422,0
            -86.234989,39.797413,0
            -86.234989,39.797404,0
            -86.234989,39.797395,0
            -86.234989,39.797386,0
            -86.234989,39.797377,0
            -86.234989,39.797368,0
            -86.234988,39.797359,0
            -86.234988,39.79735,0
            -86.234988,39.797341,0
            -86.234988,39.797332,0
            -86.234988,39.797323,0
            -86.234987,39.797314,0
            -86.234987,39.797305,0
            -86.234987,39.797296,0
            -86.234987,39.797287,0
            -86.234986,39.797278,0
            -86.234986,39.797269,0
            -86.234986,39.79726,0
            -86.234986,39.797251,0
            -86.234986,39.797242,0
            -86.234986,39.797233,0
            -86.234985,39.797224,0
            -86.234985,39.797215,0
            -86.234985,39.797207,0
            -86.234985,39.797198,0
            -86.234985,39.797189,0
            -86.234985,39.79718,0
            -86.234985,39.797171,0
            -86.234985,39.797162,0
            -86.234985,39.797153,0
            -86.234985,39.797144,0
            -86.234985,39.797135,0
            -86.234985,39.797126,0
            -86.234984,39.797117,0
            -86.234984,39.797108,0
            -86.234984,39.797099,0
            -86.234984,39.79709,0
            -86.234984,39.797081,0
            -86.234984,39.797072,0
            -86.234983,39.797063,0
            -86.234983,39.797054,0
            -86.234983,39.797045,0
            -86.234983,39.797036,0
            -86.234983,39.797027,0
            -86.234983,39.797018,0
            -86.234983,39.797009,0
            -86.234982,39.797,0
            -86.234982,39.796991,0
            -86.234982,39.796982,0
            -86.234982,39.796973,0
            -86.234982,39.796964,0
            -86.234982,39.796955,0
            -86.234982,39.796946,0
            -86.234982,39.796937,0
            -86.234982,39.796928,0
            -86.234982,39.796919,0
            -86.234982,39.79691,0
            -86.234982,39.796901,0
            -86.234981,39.796892,0
            -86.234981,39.796883,0
            -86.234981,39.796874,0
            -86.234981,39.796865,0
            -86.234981,39.796856,0
            -86.234981,39.796847,0
            -86.234981,39.796838,0
            -86.234981,39.796829,0
            -86.234981,39.79682,0
            -86.234981,39.796811,0
            -86.234981,39.796802,0
            -86.234981,39.796793,0
            -86.234981,39.796784,0
            -86.23498,39.796775,0
            -86.23498,39.796766,0
            -86.23498,39.796757,0
            -86.23498,39.796748,0
            -86.23498,39.796739,0
            -86.234979,39.79673,0
            -86.234979,39.796721,0
            -86.234979,39.796712,0
            -86.234979,39.796703,0
            -86.234979,39.796694,0
            -86.234979,39.796685,0
            -86.234979,39.796676,0
            -86.234979,39.796668,0
            -86.234978,39.796659,0
            -86.234978,39.79665,0
            -86.234978,39.796641,0
            -86.234978,39.796632,0
            -86.234978,39.796623,0
            -86.234978,39.796614,0
            -86.234977,39.796605,0
            -86.234977,39.796596,0
            -86.234977,39.796587,0
            -86.234977,39.796578,0
            -86.234976,39.796569,0
            -86.234976,39.79656,0
            -86.234976,39.796551,0
            -86.234976,39.796542,0
            -86.234976,39.796533,0
            -86.234975,39.796524,0
            -86.234975,39.796515,0
            -86.234975,39.796506,0
            -86.234975,39.796497,0
            -86.234974,39.796488,0
            -86.234974,39.796479,0
            -86.234974,39.79647,0
            -86.234974,39.796461,0
            -86.234974,39.796452,0
            -86.234974,39.796443,0
            -86.234973,39.796434,0
            -86.234973,39.796425,0
            -86.234973,39.796416,0
            -86.234973,39.796407,0
            -86.234973,39.796398,0
            -86.234972,39.796389,0
            -86.234972,39.79638,0
            -86.234972,39.796371,0
            -86.234972,39.796362,0
            -86.234972,39.796353,0
            -86.234972,39.796344,0
            -86.234972,39.796335,0
            -86.234972,39.796326,0
            -86.234971,39.796317,0
            -86.234971,39.796308,0
            -86.234971,39.796299,0
            -86.234971,39.79629,0
            -86.234971,39.796281,0
            -86.23497,39.796272,0
            -86.23497,39.796263,0
            -86.23497,39.796254,0
            -86.23497,39.796245,0
            -86.23497,39.796236,0
            -86.23497,39.796227,0
            -86.23497,39.796218,0
            -86.234969,39.796209,0
            -86.234969,39.7962,0
            -86.234969,39.796191,0
            -86.234969,39.796182,0
            -86.234969,39.796173,0
            -86.234969,39.796164,0
            -86.234968,39.796155,0
            -86.234968,39.796146,0
            -86.234968,39.796138,0
            -86.234968,39.796129,0
            -86.234968,39.79612,0
            -86.234968,39.796111,0
            -86.234968,39.796102,0
            -86.234968,39.796093,0
            -86.234967,39.796084,0
            -86.234967,39.796075,0
            -86.234967,39.796066,0
            -86.234967,39.796057,0
            -86.234967,39.796048,0
            -86.234967,39.796039,0
            -86.234967,39.79603,0
            -86.234967,39.796021,0
            -86.234967,39.796012,0
            -86.234967,39.796003,0
            -86.234967,39.795994,0
            -86.234967,39.795985,0
            -86.234966,39.795976,0
            -86.234966,39.795967,0
            -86.234966,39.795958,0
            -86.234966,39.795949,0
            -86.234966,39.79594,0
            -86.234966,39.795931,0
            -86.234965,39.795922,0
            -86.234965,39.795913,0
            -86.234965,39.795904,0
            -86.234965,39.795895,0
            -86.234965,39.795886,0
            -86.234965,39.795877,0
            -86.234965,39.795868,0
            -86.234964,39.795859,0
            -86.234964,39.79585,0
            -86.234964,39.795841,0
            -86.234964,39.795832,0
            -86.234964,39.795823,0
            -86.234964,39.795814,0
            -86.234963,39.795805,0
            -86.234963,39.795796,0
            -86.234963,39.795787,0
            -86.234963,39.795778,0
            -86.234963,39.795769,0
            -86.234963,39.79576,0
            -86.234963,39.795751,0
            -86.234962,39.795742,0
            -86.234962,39.795733,0
            -86.234962,39.795724,0
            -86.234962,39.795715,0
            -86.234962,39.795706,0
            -86.234962,39.795697,0
            -86.234961,39.795688,0
            -86.234961,39.795679,0
            -86.234961,39.79567,0
            -86.234961,39.795661,0
            -86.234961,39.795652,0
            -86.234961,39.795643,0
            -86.234961,39.795634,0
            -86.23496,39.795625,0
            -86.23496,39.795616,0
            -86.23496,39.795607,0
            -86.23496,39.795599,0
            -86.23496,39.79559,0
            -86.23496,39.795581,0
            -86.234959,39.795572,0
            -86.234959,39.795563,0
            -86.234959,39.795554,0
            -86.234959,39.795545,0
            -86.234959,39.795536,0
            -86.234959,39.795527,0
            -86.234959,39.795518,0
            -86.234959,39.795509,0
            -86.234958,39.7955,0
            -86.234958,39.795491,0
            -86.234958,39.795482,0
            -86.234958,39.795473,0
            -86.234958,39.795464,0
            -86.234958,39.795455,0
            -86.234957,39.795446,0
            -86.234957,39.795437,0
            -86.234957,39.795428,0
            -86.234957,39.795419,0
            -86.234957,39.79541,0
            -86.234956,39.795401,0
            -86.234956,39.795392,0
            -86.234956,39.795383,0
            -86.234956,39.795374,0
            -86.234955,39.795365,0
            -86.234955,39.795356,0
            -86.234955,39.795347,0
            -86.234955,39.795338,0
            -86.234954,39.795329,0
            -86.234954,39.79532,0
            -86.234954,39.795311,0
            -86.234954,39.795302,0
            -86.234954,39.795293,0
            -86.234954,39.795284,0
            -86.234954,39.795275,0
            -86.234953,39.795266,0
            -86.234953,39.795257,0
            -86.234953,39.795248,0
            -86.234953,39.795239,0
            -86.234953,39.79523,0
            -86.234953,39.795221,0
            -86.234952,39.795212,0
            -86.234952,39.795203,0
            -86.234952,39.795194,0
            -86.234952,39.795185,0
            -86.234952,39.795176,0
            -86.234952,39.795167,0
            -86.234952,39.795158,0
            -86.234951,39.795149,0
            -86.234951,39.79514,0
            -86.234951,39.795131,0
            -86.234951,39.795122,0
            -86.234951,39.795113,0
            -86.234951,39.795104,0
            -86.23495,39.795095,0
            -86.23495,39.795086,0
            -86.23495,39.795077,0
            -86.23495,39.795069,0
            -86.23495,39.79506,0
            -86.23495,39.795051,0
            -86.23495,39.795042,0
            -86.234949,39.795033,0
            -86.234949,39.795024,0
            -86.234949,39.795015,0
            -86.234949,39.795006,0
            -86.234949,39.794997,0
            -86.234949,39.794988,0
            -86.234949,39.794979,0
            -86.234948,39.79497,0
            -86.234948,39.794961,0
            -86.234948,39.794952,0
            -86.234948,39.794943,0
            -86.234948,39.794934,0
            -86.234948,39.794925,0
            -86.234948,39.794916,0
            -86.234947,39.794907,0
            -86.234947,39.794898,0
            -86.234947,39.794889,0
            -86.234947,39.79488,0
            -86.234947,39.794871,0
            -86.234947,39.794862,0
            -86.234947,39.794853,0
            -86.234947,39.794844,0
            -86.234947,39.794835,0
            -86.234947,39.794826,0
            -86.234947,39.794817,0
            -86.234947,39.794808,0
            -86.234947,39.794799,0
            -86.234947,39.79479,0
            -86.234946,39.794781,0
            -86.234946,39.794772,0
            -86.234946,39.794763,0
            -86.234946,39.794754,0
            -86.234946,39.794745,0
            -86.234946,39.794736,0
            -86.234946,39.794727,0
            -86.234946,39.794718,0
            -86.234946,39.794709,0
            -86.234946,39.7947,0
            -86.234946,39.794691,0
            -86.234946,39.794682,0
            -86.234946,39.794673,0
            -86.234946,39.794664,0
            -86.234946,39.794655,0
            -86.234946,39.794646,0
            -86.234946,39.794637,0
            -86.234946,39.794628,0
            -86.234946,39.794619,0
            -86.234946,39.79461,0
            -86.234946,39.794601,0
            -86.234946,39.794592,0
            -86.234946,39.794583,0
            -86.234946,39.794574,0
            -86.234946,39.794565,0
            -86.234945,39.794556,0
            -86.234945,39.794547,0
            -86.234945,39.794539,0
            -86.234945,39.79453,0
            -86.234945,39.794521,0
            -86.234945,39.794512,0
            -86.234945,39.794503,0
            -86.234945,39.794494,0
            -86.234945,39.794485,0
            -86.234945,39.794476,0
            -86.234945,39.794467,0
            -86.234945,39.794458,0
            -86.234945,39.794449,0
            -86.234944,39.79444,0
            -86.234944,39.794431,0
            -86.234944,39.794422,0
            -86.234944,39.794413,0
            -86.234944,39.794404,0
            -86.234943,39.794395,0
            -86.234943,39.794386,0
            -86.234943,39.794377,0
            -86.234943,39.794368,0
            -86.234943,39.794359,0
            -86.234943,39.79435,0
            -86.234943,39.794341,0
            -86.234943,39.794332,0
            -86.234943,39.794323,0
            -86.234942,39.794314,0
            -86.234942,39.794305,0
            -86.234942,39.794296,0
            -86.234942,39.794287,0
            -86.234942,39.794278,0
            -86.234942,39.794269,0
            -86.234942,39.79426,0
            -86.234942,39.794251,0
            -86.234942,39.794242,0
            -86.234941,39.794233,0
            -86.234941,39.794224,0
            -86.234941,39.794215,0
            -86.234941,39.794206,0
            -86.234941,39.794197,0
            -86.23494,39.794188,0
            -86.23494,39.794179,0
            -86.23494,39.79417,0
            -86.23494,39.794161,0
            -86.234939,39.794152,0
            -86.234939,39.794143,0
            -86.234939,39.794134,0
            -86.234939,39.794125,0
            -86.234938,39.794116,0
            -86.234938,39.794107,0
            -86.234938,39.794098,0
            -86.234938,39.794089,0
            -86.234938,39.79408,0
            -86.234937,39.794071,0
            -86.234937,39.794062,0
            -86.234937,39.794053,0
            -86.234937,39.794044,0
            -86.234936,39.794035,0
            -86.234936,39.794026,0
            -86.234936,39.794017,0
            -86.234936,39.794008,0
            -86.234936,39.794,0
            -86.234936,39.793991,0
            -86.234935,39.793982,0
            -86.234935,39.793973,0
            -86.234935,39.793964,0
            -86.234935,39.793955,0
            -86.234935,39.793946,0
            -86.234935,39.793937,0
            -86.234934,39.793928,0
            -86.234934,39.793919,0
            -86.234934,39.79391,0
            -86.234934,39.793901,0
            -86.234934,39.793892,0
            -86.234934,39.793883,0
            -86.234934,39.793874,0
            -86.234933,39.793865,0
            -86.234933,39.793856,0
            -86.234933,39.793847,0
            -86.234933,39.793838,0
            -86.234933,39.793829,0
            -86.234932,39.79382,0
            -86.234932,39.793811,0
            -86.234932,39.793802,0
            -86.234932,39.793793,0
            -86.234932,39.793784,0
            -86.234932,39.793775,0
            -86.234932,39.793766,0
            -86.234932,39.793757,0
            -86.234932,39.793748,0
            -86.234931,39.793739,0
            -86.234931,39.79373,0
            -86.234931,39.793721,0
            -86.234931,39.793712,0
            -86.234931,39.793703,0
            -86.234931,39.793694,0
            -86.234931,39.793685,0
            -86.234931,39.793676,0
            -86.234931,39.793667,0
            -86.234931,39.793658,0
            -86.234931,39.793649,0
            -86.234931,39.79364,0
            -86.234931,39.793631,0
            -86.234931,39.793622,0
            -86.234931,39.793613,0
            -86.234931,39.793604,0
            -86.234931,39.793595,0
            -86.234931,39.793586,0
            -86.234931,39.793577,0
            -86.234931,39.793568,0
            -86.234931,39.793559,0
            -86.234931,39.79355,0
            -86.234931,39.793541,0
            -86.234931,39.793532,0
            -86.234931,39.793523,0
            -86.234931,39.793514,0
            -86.234931,39.793505,0
            -86.234931,39.793496,0
            -86.234931,39.793487,0
            -86.234931,39.793478,0
            -86.234931,39.79347,0
            -86.234931,39.793461,0
            -86.234931,39.793452,0
            -86.234931,39.793443,0
            -86.234931,39.793434,0
            -86.234931,39.793425,0
            -86.234931,39.793416,0
            -86.234931,39.793407,0
            -86.234931,39.793398,0
            -86.234931,39.793389,0
            -86.234931,39.79338,0
            -86.234931,39.793371,0
            -86.234931,39.793362,0
            -86.234931,39.793353,0
            -86.234931,39.793344,0
            -86.234931,39.793335,0
            -86.234931,39.793326,0
            -86.234931,39.793317,0
            -86.234931,39.793308,0
            -86.234931,39.793299,0
            -86.234931,39.79329,0
            -86.234931,39.793281,0
            -86.234931,39.793272,0
            -86.234931,39.793263,0
            -86.234931,39.793254,0
            -86.234931,39.793245,0
            -86.234931,39.793236,0
            -86.234931,39.793227,0
            -86.234931,39.793218,0
            -86.234931,39.793209,0
            -86.234931,39.7932,0
            -86.234931,39.793191,0
            -86.234931,39.793182,0
            -86.234931,39.793173,0
            -86.234931,39.793164,0
            -86.234931,39.793155,0
            -86.234931,39.793146,0
            -86.234931,39.793137,0
            -86.234931,39.793128,0
            -86.234931,39.793119,0
            -86.234931,39.79311,0
            -86.234931,39.793101,0
            -86.23493,39.793092,0
            -86.23493,39.793083,0
            -86.23493,39.793074,0
            -86.23493,39.793065,0
            -86.23493,39.793056,0
            -86.23493,39.793047,0
            -86.23493,39.793038,0
            -86.23493,39.793029,0
            -86.23493,39.79302,0
            -86.23493,39.793011,0
            -86.234929,39.793002,0
            -86.234929,39.792993,0
            -86.234929,39.792984,0
            -86.234928,39.792975,0
            -86.234928,39.792966,0
            -86.234928,39.792957,0
            -86.234928,39.792948,0
            -86.234927,39.79294,0
            -86.234927,39.792931,0
            -86.234926,39.792922,0
            -86.234925,39.792913,0
            -86.234925,39.792904,0
            -86.234924,39.792895,0
            -86.234924,39.792886,0
            -86.234923,39.792877,0
            -86.234922,39.792868,0
            -86.234922,39.792859,0
            -86.234921,39.79285,0
            -86.23492,39.792841,0
            -86.234919,39.792832,0
            -86.234917,39.792823,0
            -86.234916,39.792814,0
            -86.234914,39.792805,0
            -86.234912,39.792796,0
            -86.23491,39.792787,0
            -86.234908,39.792778,0
            -86.234907,39.79277,0
            -86.234905,39.792761,0
            -86.234903,39.792752,0
            -86.2349,39.792743,0
            -86.234897,39.792734,0
            -86.234894,39.792726,0
            -86.234891,39.792717,0
            -86.234888,39.792709,0
            -86.234885,39.7927,0
            -86.234882,39.792691,0
            -86.234878,39.792683,0
            -86.234875,39.792674,0
            -86.234872,39.792665,0
            -86.234868,39.792657,0
            -86.234863,39.792649,0
            -86.234858,39.792641,0
            -86.234853,39.792633,0
            -86.234848,39.792625,0
            -86.234843,39.792617,0
            -86.234838,39.792609,0
            -86.234833,39.792601,0
            -86.234827,39.792592,0
            -86.234822,39.792584,0
            -86.234816,39.792577,0
            -86.234809,39.792569,0
            -86.234803,39.792562,0
            -86.234796,39.792554,0
            -86.23479,39.792547,0
            -86.234783,39.79254,0
            -86.234777,39.792532,0
            -86.23477,39.792525,0
            -86.234764,39.792517,0
            -86.234757,39.79251,0
            -86.234749,39.792503,0
            -86.234742,39.792496,0
            -86.234734,39.79249,0
            -86.234726,39.792483,0
            -86.234718,39.792476,0
            -86.23471,39.79247,0
            -86.234702,39.792463,0
            -86.234694,39.792456,0
            -86.234686,39.79245,0
            -86.234678,39.792443,0
            -86.23467,39.792437,0
            -86.23466,39.792431,0
            -86.234651,39.792426,0
            -86.234642,39.79242,0
            -86.234633,39.792414,0
            -86.234624,39.792409,0
            -86.234615,39.792403,0
            -86.234606,39.792397,0
            -86.234597,39.792392,0
            -86.234588,39.792386,0
            -86.234578,39.792381,0
            -86.234568,39.792376,0
            -86.234558,39.792372,0
            -86.234548,39.792367,0
            -86.234538,39.792363,0
            -86.234528,39.792358,0
            -86.234518,39.792354,0
            -86.234508,39.792349,0
            -86.234498,39.792345,0
            -86.234488,39.79234,0
            -86.234478,39.792336,0
            -86.234467,39.792332,0
            -86.234456,39.792329,0
            -86.234445,39.792326,0
            -86.234434,39.792323,0
            -86.234423,39.792319,0
            -86.234412,39.792316,0
            -86.234401,39.792313,0
            -86.23439,39.79231,0
            -86.234379,39.792307,0
            -86.234368,39.792303,0
            -86.234357,39.792302,0
            -86.234346,39.7923,0
            -86.234334,39.792298,0
            -86.234323,39.792296,0
            -86.234311,39.792295,0
            -86.2343,39.792293,0
            -86.234288,39.792291,0
            -86.234277,39.79229,0
            -86.234265,39.792288,0
            -86.234254,39.792286,0
            -86.234242,39.792285,0
            -86.234231,39.792284,0
            -86.234219,39.792284,0
            -86.234207,39.792283,0
            -86.234196,39.792283,0
            -86.234184,39.792282,0
            -86.234172,39.792281,0
            -86.234161,39.792281,0
            -86.234149,39.79228,0
            -86.234137,39.79228,0
            -86.234125,39.792279,0
            -86.234114,39.792279,0
            -86.234102,39.792279,0
            -86.23409,39.792279,0
            -86.234079,39.792279,0
            -86.234067,39.792279,0
            -86.234055,39.79228,0
            -86.234044,39.79228,0
            -86.234032,39.79228,0
            -86.23402,39.79228,0
            -86.234009,39.79228,0
            -86.233997,39.79228,0
            -86.233985,39.79228,0
            -86.233973,39.79228,0
            -86.233962,39.792281,0
            -86.23395,39.792281,0
            -86.233938,39.792281,0
            -86.233927,39.792281,0
            -86.233915,39.792282,0
            -86.233903,39.792282,0
            -86.233892,39.792282,0
            -86.23388,39.792283,0
            -86.233868,39.792283,0
            -86.233857,39.792283,0
            -86.233845,39.792283,0
            -86.233833,39.792283,0
            -86.233821,39.792283,0
            -86.23381,39.792283,0
            -86.233798,39.792283,0
            -86.233786,39.792284,0
            -86.233775,39.792284,0
            -86.233763,39.792284,0
            -86.233751,39.792284,0
            -86.23374,39.792284,0
            -86.233728,39.792284,0
            -86.233716,39.792283,0
            -86.233705,39.792283,0
            -86.233693,39.792282,0
            -86.233681,39.792282,0
            -86.233669,39.792281,0
            -86.233658,39.792281,0
            -86.233646,39.79228,0
            -86.233634,39.79228,0
            -86.233623,39.79228,0
            -86.233611,39.792279,0
            -86.233599,39.792278,0
            -86.233588,39.792276,0
            -86.233576,39.792275,0
            -86.233565,39.792273,0
            -86.233553,39.792272,0
            -86.233542,39.792271,0
            -86.23353,39.792269,0
            -86.233518,39.792268,0
            -86.233507,39.792266,0
            -86.233495,39.792265,0
            -86.233484,39.792263,0
            -86.233473,39.792261,0
            -86.233461,39.792258,0
            -86.23345,39.792255,0
            -86.233439,39.792252,0
            -86.233428,39.792249,0
            -86.233417,39.792246,0
            -86.233406,39.792243,0
            -86.233395,39.79224,0
            -86.233384,39.792238,0
            -86.233373,39.792235,0
            -86.233361,39.792232,0
            -86.233351,39.792227,0
            -86.233341,39.792223,0
            -86.233331,39.792219,0
            -86.23332,39.792215,0
            -86.23331,39.79221,0
            -86.2333,39.792206,0
            -86.233289,39.792202,0
            -86.233279,39.792197,0
            -86.233269,39.792193,0
            -86.233259,39.792189,0
            -86.233249,39.792184,0
            -86.23324,39.792178,0
            -86.23323,39.792173,0
            -86.233221,39.792167,0
            -86.233212,39.792162,0
            -86.233203,39.792156,0
            -86.233193,39.792151,0
            -86.233184,39.792145,0
            -86.233175,39.79214,0
            -86.233166,39.792134,0
            -86.233157,39.792128,0
            -86.233149,39.792121,0
            -86.233142,39.792115,0
            -86.233134,39.792108,0
            -86.233126,39.792101,0
            -86.233118,39.792094,0
            -86.233111,39.792088,0
            -86.233103,39.792081,0
            -86.233095,39.792074,0
            -86.233087,39.792068,0
            -86.23308,39.792061,0
            -86.233074,39.792053,0
            -86.233068,39.792045,0
            -86.233062,39.792038,0
            -86.233056,39.79203,0
            -86.233049,39.792023,0
            -86.233043,39.792015,0
            -86.233037,39.792007,0
            -86.233031,39.791999,0
            -86.233025,39.791992,0
            -86.233019,39.791984,0
            -86.233014,39.791976,0
            -86.233009,39.791968,0
            -86.233003,39.79196,0
            -86.232998,39.791952,0
            -86.232993,39.791944,0
            -86.232988,39.791936,0
            -86.232982,39.791928,0
            -86.232977,39.79192,0
            -86.232972,39.791912,0
            -86.232966,39.791904,0
            -86.232961,39.791896,0
            -86.232956,39.791888,0
            -86.232951,39.79188,0
            -86.232945,39.791872,0
            -86.23294,39.791864,0
            -86.232935,39.791856,0
            -86.23293,39.791848,0
            -86.232924,39.79184,0
            -86.232919,39.791832,0
            -86.232913,39.791824,0
            -86.232907,39.791817,0
            -86.232901,39.791809,0
            -86.232894,39.791802,0
            -86.232888,39.791794,0
            -86.232882,39.791787,0
            -86.232875,39.791779,0
            -86.232869,39.791772,0
            -86.232863,39.791764,0
            -86.232856,39.791757,0
            -86.232848,39.79175,0
            -86.232841,39.791743,0
            -86.232833,39.791736,0
            -86.232825,39.79173,0
            -86.232817,39.791723,0
            -86.23281,39.791716,0
            -86.232802,39.791709,0
            -86.232794,39.791703,0
            -86.232787,39.791696,0
            -86.232778,39.79169,0
            -86.232769,39.791685,0
            -86.232759,39.791679,0
            -86.23275,39.791674,0
            -86.232741,39.791668,0
            -86.232732,39.791663,0
            -86.232722,39.791657,0
            -86.232713,39.791652,0
            -86.232704,39.791646,0
            -86.232694,39.791641,0
            -86.232683,39.791637,0
            -86.232673,39.791633,0
            -86.232663,39.791629,0
            -86.232652,39.791625,0
            -86.232642,39.791621,0
            -86.232631,39.791617,0
            -86.232621,39.791613,0
            -86.232611,39.791609,0
            -86.2326,39.791605,0
            -86.232589,39.791602,0
            -86.232578,39.791599,0
            -86.232567,39.791597,0
            -86.232556,39.791594,0
            -86.232545,39.791591,0
            -86.232533,39.791589,0
            -86.232522,39.791586,0
            -86.232511,39.791584,0
            -86.2325,39.791581,0
            -86.232488,39.791579,0
            -86.232477,39.791576,0
            -86.232466,39.791575,0
            -86.232454,39.791574,0
            -86.232442,39.791573,0
            -86.232431,39.791572,0
            -86.232419,39.791571,0
            -86.232408,39.79157,0
            -86.232396,39.791569,0
            -86.232385,39.791568,0
            -86.232373,39.791567,0
            -86.232361,39.791566,0
            -86.23235,39.791566,0
            -86.232338,39.791566,0
            -86.232326,39.791566,0
            -86.232315,39.791566,0
            -86.232303,39.791566,0
            -86.232291,39.791566,0
            -86.23228,39.791566,0
            -86.232268,39.791567,0
            -86.232256,39.791567,0
            -86.232244,39.791567,0
            -86.232233,39.791567,0
            -86.232221,39.791567,0
            -86.232209,39.791568,0
            -86.232198,39.791569,0
            -86.232186,39.791569,0
            -86.232174,39.79157,0
            -86.232163,39.791571,0
            -86.232151,39.791571,0
            -86.232139,39.791572,0
            -86.232128,39.791573,0
            -86.232116,39.791573,0
            -86.232104,39.791574,0
            -86.232092,39.791575,0
            -86.232081,39.791575,0
            -86.232069,39.791576,0
            -86.232057,39.791577,0
            -86.232046,39.791578,0
            -86.232034,39.791578,0
            -86.232022,39.791579,0
            -86.232011,39.79158,0
            -86.231999,39.791581,0
            -86.231987,39.791581,0
            -86.231975,39.791582,0
            -86.231964,39.791583,0
            -86.231952,39.791584,0
            -86.23194,39.791585,0
            -86.231929,39.791586,0
            -86.231917,39.791586,0
            -86.231905,39.791587,0
            -86.231894,39.791588,0
            -86.231882,39.791589,0
            -86.23187,39.79159,0
            -86.231859,39.791591,0
            -86.231847,39.791591,0
            -86.231835,39.791592,0
            -86.231823,39.791593,0
            -86.231812,39.791594,0
            -86.2318,39.791595,0
            -86.231788,39.791596,0
            -86.231777,39.791596,0
            -86.231765,39.791597,0
            -86.231753,39.791598,0
            -86.231742,39.791599,0
            -86.23173,39.791599,0
            -86.231718,39.7916,0
            -86.231707,39.7916,0
            -86.231695,39.791601,0
            -86.231683,39.791601,0
            -86.231671,39.791602,0
            -86.23166,39.791602,0
            -86.231648,39.791603,0
            -86.231636,39.791603,0
            -86.231625,39.791604,0
            -86.231613,39.791603,0
            -86.231601,39.791603,0
            -86.23159,39.791603,0
            -86.231578,39.791602,0
            -86.231566,39.791602,0
            -86.231555,39.791602,0
            -86.231543,39.791601,0
            -86.231531,39.791601,0
            -86.23152,39.7916,0
            -86.231508,39.791598,0
            -86.231497,39.791596,0
            -86.231485,39.791594,0
            -86.231474,39.791592,0
            -86.231462,39.79159,0
            -86.231451,39.791588,0
            -86.231439,39.791586,0
            -86.231428,39.791584,0
            -86.231417,39.791581,0
            -86.231406,39.791577,0
            -86.231396,39.791574,0
            -86.231385,39.79157,0
            -86.231374,39.791566,0
            -86.231363,39.791563,0
            -86.231353,39.791559,0
            -86.231342,39.791556,0
            -86.231331,39.791552,0
            -86.231322,39.791546,0
            -86.231313,39.79154,0
            -86.231304,39.791535,0
            -86.231295,39.791529,0
            -86.231286,39.791524,0
            -86.231277,39.791518,0
            -86.231268,39.791513,0
            -86.231258,39.791507,0
            -86.23125,39.791501,0
            -86.231242,39.791494,0
            -86.231235,39.791487,0
            -86.231227,39.791481,0
            -86.23122,39.791474,0
            -86.231212,39.791467,0
            -86.231205,39.79146,0
            -86.231197,39.791453,0
            -86.23119,39.791447,0
            -86.231182,39.79144,0
            -86.231176,39.791432,0
            -86.23117,39.791424,0
            -86.231164,39.791416,0
            -86.231158,39.791409,0
            -86.231152,39.791401,0
            -86.231146,39.791393,0
            -86.231141,39.791386,0
            -86.231135,39.791378,0
            -86.231129,39.79137,0
            -86.231123,39.791362,0
            -86.231119,39.791354,0
            -86.231114,39.791346,0
            -86.23111,39.791337,0
            -86.231105,39.791329,0
            -86.231101,39.791321,0
            -86.231096,39.791312,0
            -86.231092,39.791304,0
            -86.231088,39.791296,0
            -86.231083,39.791287,0
            -86.231079,39.791279,0
            -86.231075,39.791271,0
            -86.231072,39.791262,0
            -86.231069,39.791253,0
            -86.231065,39.791245,0
            -86.231062,39.791236,0
            -86.231059,39.791227,0
            -86.231056,39.791219,0
            -86.231053,39.79121,0
            -86.23105,39.791202,0
            -86.231047,39.791193,0
            -86.231044,39.791184,0
            -86.231041,39.791176,0
            -86.231039,39.791167,0
            -86.231037,39.791158,0
            -86.231035,39.791149,0
            -86.231032,39.79114,0
            -86.23103,39.791132,0
            -86.231028,39.791123,0
            -86.231026,39.791114,0
            -86.231024,39.791105,0
            -86.231022,39.791096,0
            -86.23102,39.791088,0
            -86.231018,39.791079,0
            -86.231016,39.79107,0
            -86.231015,39.791061,0
            -86.231014,39.791052,0
            -86.231012,39.791043,0
            -86.231011,39.791034,0
            -86.23101,39.791025,0
            -86.231008,39.791016,0
            -86.231007,39.791008,0
            -86.231006,39.790999,0
            -86.231005,39.79099,0
            -86.231003,39.790981,0
            -86.231002,39.790972,0
            -86.231001,39.790963,0
            -86.231,39.790954,0
            -86.231,39.790945,0
            -86.230999,39.790936,0
            -86.230999,39.790927,0
            -86.230998,39.790918,0
            -86.230998,39.790909,0
            -86.230997,39.7909,0
            -86.230997,39.790891,0
            -86.230996,39.790882,0
            -86.230996,39.790873,0
            -86.230995,39.790864,0
            -86.230995,39.790855,0
            -86.230995,39.790846,0
            -86.230995,39.790837,0
            -86.230996,39.790828,0
            -86.230996,39.790819,0
            -86.230996,39.79081,0
            -86.230997,39.790801,0
            -86.230997,39.790792,0
            -86.230997,39.790783,0
            -86.230998,39.790774,0
            -86.230998,39.790765,0
            -86.230998,39.790757,0
            -86.230998,39.790748,0
            -86.230999,39.790739,0
            -86.231,39.79073,0
            -86.231001,39.790721,0
            -86.231002,39.790712,0
            -86.231003,39.790703,0
            -86.231004,39.790694,0
            -86.231005,39.790685,0
            -86.231005,39.790676,0
            -86.231006,39.790667,0
            -86.231007,39.790658,0
            -86.231008,39.790649,0
            -86.231009,39.79064,0
            -86.23101,39.790631,0
            -86.231012,39.790622,0
            -86.231013,39.790613,0
            -86.231014,39.790604,0
            -86.231016,39.790595,0
            -86.231017,39.790586,0
            -86.231018,39.790577,0
            -86.23102,39.790568,0
            -86.231021,39.79056,0
            -86.231022,39.790551,0
            -86.231024,39.790542,0
            -86.231025,39.790533,0
            -86.231026,39.790524,0
            -86.231028,39.790515,0
            -86.231029,39.790506,0
            -86.231031,39.790497,0
            -86.231033,39.790488,0
            -86.231034,39.79048,0
            -86.231036,39.790471,0
            -86.231037,39.790462,0
            -86.231039,39.790453,0
            -86.231041,39.790444,0
            -86.231042,39.790435,0
            -86.231044,39.790426,0
            -86.231045,39.790417,0
            -86.231047,39.790408,0
            -86.231048,39.7904,0
            -86.23105,39.790391,0
            -86.231052,39.790382,0
            -86.231054,39.790373,0
            -86.231056,39.790364,0
            -86.231057,39.790355,0
            -86.231059,39.790346,0
            -86.231061,39.790337,0
            -86.231063,39.790328,0
            -86.231064,39.790319,0
            -86.231066,39.790311,0
            -86.231068,39.790302,0
            -86.231069,39.790293,0
            -86.231071,39.790284,0
            -86.231073,39.790275,0
            -86.231074,39.790266,0
            -86.231076,39.790257,0
            -86.231078,39.790248,0
            -86.23108,39.790239,0
            -86.231081,39.790231,0
            -86.231083,39.790222,0
            -86.231085,39.790213,0
            -86.231086,39.790204,0
            -86.231088,39.790195,0
            -86.23109,39.790186,0
            -86.231092,39.790177,0
            -86.231093,39.790168,0
            -86.231095,39.790159,0
            -86.231097,39.790151,0
            -86.231099,39.790142,0
            -86.2311,39.790133,0
            -86.231102,39.790124,0
            -86.231104,39.790115,0
            -86.231106,39.790106,0
            -86.231107,39.790097,0
            -86.231109,39.790088,0
            -86.231111,39.790079,0
            -86.231112,39.79007,0
            -86.231114,39.790062,0
            -86.231116,39.790053,0
            -86.231118,39.790044,0
            -86.23112,39.790035,0
            -86.231122,39.790026,0
            -86.231123,39.790017,0
            -86.231125,39.790008,0
            -86.231127,39.789999,0
            -86.231129,39.78999,0
            -86.231131,39.789982,0
            -86.231132,39.789973,0
            -86.231134,39.789964,0
            -86.231136,39.789955,0
            -86.231138,39.789946,0
            -86.23114,39.789937,0
            -86.231141,39.789928,0
            -86.231143,39.789919,0
            -86.231145,39.78991,0
            -86.231146,39.789901,0
            -86.231148,39.789893,0
            -86.23115,39.789884,0
            -86.231152,39.789875,0
            -86.231153,39.789866,0
            -86.231155,39.789857,0
            -86.231157,39.789848,0
            -86.231159,39.789839,0
            -86.23116,39.78983,0
            -86.231162,39.789821,0
            -86.231164,39.789813,0
            -86.231166,39.789804,0
            -86.231167,39.789795,0
            -86.231169,39.789786,0
            -86.231171,39.789777,0
            -86.231173,39.789768,0
            -86.231175,39.789759,0
            -86.231176,39.78975,0
            -86.231178,39.789741,0
            -86.23118,39.789733,0
            -86.231182,39.789724,0
            -86.231184,39.789715,0
            -86.231186,39.789706,0
            -86.231188,39.789697,0
            -86.23119,39.789688,0
            -86.231192,39.789679,0
            -86.231194,39.78967,0
            -86.231196,39.789661,0
            -86.231198,39.789652,0
            -86.2312,39.789644,0
            -86.231202,39.789635,0
            -86.231204,39.789626,0
            -86.231206,39.789617,0
            -86.231209,39.789608,0
            -86.231211,39.7896,0
            -86.231213,39.789591,0
            -86.231215,39.789582,0
            -86.231218,39.789573,0
            -86.23122,39.789564,0
            -86.231222,39.789556,0
            -86.231224,39.789547,0
            -86.231226,39.789538,0
            -86.231229,39.789529,0
            -86.231231,39.78952,0
            -86.231234,39.789512,0
            -86.231237,39.789503,0
            -86.23124,39.789494,0
            -86.231243,39.789486,0
            -86.231245,39.789477,0
            -86.231248,39.789468,0
            -86.231251,39.789459,0
            -86.231254,39.789451,0
            -86.231256,39.789442,0
            -86.231259,39.789433,0
            -86.231262,39.789425,0
            -86.231266,39.789416,0
            -86.231269,39.789408,0
            -86.231273,39.789399,0
            -86.231277,39.789391,0
            -86.23128,39.789382,0
            -86.231284,39.789373,0
            -86.231287,39.789365,0
            -86.231291,39.789356,0
            -86.231294,39.789348,0
            -86.231298,39.789339,0
            -86.231301,39.789331,0
            -86.231305,39.789322,0
            -86.23131,39.789314,0
            -86.231314,39.789306,0
            -86.231318,39.789297,0
            -86.231323,39.789289,0
            -86.231327,39.789281,0
            -86.231331,39.789272,0
            -86.231336,39.789264,0
            -86.23134,39.789256,0
            -86.231344,39.789247,0
            -86.231348,39.789239,0
            -86.231353,39.78923,0
            -86.231357,39.789222,0
            -86.231362,39.789214,0
            -86.231367,39.789206,0
            -86.231372,39.789198,0
            -86.231377,39.78919,0
            -86.231382,39.789182,0
            -86.231387,39.789174,0
            -86.231392,39.789166,0
            -86.231398,39.789158,0
            -86.231403,39.789149,0
            -86.231408,39.789141,0
            -86.231413,39.789133,0
            -86.231418,39.789125,0
            -86.231424,39.789117,0
            -86.23143,39.78911,0
            -86.231435,39.789102,0
            -86.231441,39.789094,0
            -86.231447,39.789086,0
            -86.231453,39.789078,0
            -86.231459,39.789071,0
            -86.231465,39.789063,0
            -86.23147,39.789055,0
            -86.231476,39.789047,0
            -86.231482,39.789039,0
            -86.231488,39.789032,0
            -86.231495,39.789024,0
            -86.231501,39.789017,0
            -86.231508,39.789009,0
            -86.231515,39.789002,0
            -86.231521,39.788995,0
            -86.231528,39.788987,0
            -86.231535,39.78898,0
            -86.231542,39.788973,0
            -86.231548,39.788965,0
            -86.231555,39.788958,0
            -86.231562,39.788951,0
            -86.231569,39.788943,0
            -86.231576,39.788936,0
            -86.231583,39.788929,0
            -86.231591,39.788922,0
            -86.231598,39.788915,0
            -86.231606,39.788908,0
            -86.231613,39.788902,0
            -86.23162,39.788895,0
            -86.231628,39.788888,0
            -86.231635,39.788881,0
            -86.231642,39.788874,0
            -86.23165,39.788867,0
            -86.231658,39.78886,0
            -86.231666,39.788854,0
            -86.231674,39.788847,0
            -86.231682,39.788841,0
            -86.23169,39.788834,0
            -86.231698,39.788827,0
            -86.231706,39.788821,0
            -86.231714,39.788814,0
            -86.231722,39.788808,0
            -86.23173,39.788801,0
            -86.231738,39.788795,0
            -86.231746,39.788788,0
            -86.231754,39.788782,0
            -86.231763,39.788776,0
            -86.231771,39.78877,0
            -86.23178,39.788763,0
            -86.231788,39.788757,0
            -86.231797,39.788751,0
            -86.231805,39.788745,0
            -86.231814,39.788739,0
            -86.231822,39.788732,0
            -86.231831,39.788726,0
            -86.231839,39.78872,0
            -86.231848,39.788714,0
            -86.231857,39.788708,0
            -86.231866,39.788702,0
            -86.231874,39.788697,0
            -86.231883,39.788691,0
            -86.231892,39.788685,0
            -86.231901,39.788679,0
            -86.23191,39.788673,0
            -86.231919,39.788667,0
            -86.231928,39.788661,0
            -86.231937,39.788655,0
            -86.231946,39.78865,0
            -86.231955,39.788644,0
            -86.231964,39.788639,0
            -86.231974,39.788633,0
            -86.231983,39.788628,0
            -86.231992,39.788623,0
            -86.232002,39.788617,0
            -86.232011,39.788612,0
            -86.23202,39.788607,0
            -86.23203,39.788601,0
            -86.232039,39.788596,0
            -86.232048,39.788591,0
            -86.232058,39.788586,0
            -86.232068,39.788581,0
            -86.232078,39.788576,0
            -86.232088,39.788571,0
            -86.232098,39.788567,0
            -86.232107,39.788562,0
            -86.232117,39.788557,0
            -86.232127,39.788552,0
            -86.232137,39.788547,0
            -86.232147,39.788542,0
            -86.232157,39.788537,0
            -86.232167,39.788533,0
            -86.232177,39.788528,0
            -86.232187,39.788524,0
            -86.232197,39.78852,0
            -86.232208,39.788515,0
            -86.232218,39.788511,0
            -86.232228,39.788507,0
            -86.232238,39.788502,0
            -86.232249,39.788498,0
            -86.232259,39.788494,0
            -86.232269,39.788489,0
            -86.23228,39.788485,0
            -86.23229,39.788481,0
            -86.232301,39.788478,0
            -86.232311,39.788474,0
            -86.232322,39.78847,0
            -86.232333,39.788466,0
            -86.232343,39.788462,0
            -86.232354,39.788459,0
            -86.232365,39.788455,0
            -86.232375,39.788451,0
            -86.232386,39.788447,0
            -86.232396,39.788443,0
            -86.232407,39.78844,0
            -86.232418,39.788436,0
            -86.232429,39.788433,0
            -86.232439,39.788429,0
            -86.23245,39.788425,0
            -86.232461,39.788422,0
            -86.232472,39.788418,0
            -86.232482,39.788415,0
            -86.232493,39.788411,0
            -86.232504,39.788407,0
            -86.232514,39.788404,0
            -86.232525,39.7884,0
            -86.232536,39.788397,0
            -86.232547,39.788394,0
            -86.232558,39.78839,0
            -86.232569,39.788387,0
            -86.23258,39.788384,0
            -86.232591,39.788381,0
            -86.232601,39.788377,0
            -86.232612,39.788374,0
            -86.232623,39.788371,0
            -86.232634,39.788368,0
            -86.232645,39.788364,0
            -86.232656,39.788361,0
            -86.232667,39.788358,0
            -86.232678,39.788355,0
            -86.232689,39.788352,0
            -86.2327,39.788349,0
            -86.232711,39.788346,0
            -86.232722,39.788343,0
            -86.232733,39.78834,0
            -86.232744,39.788336,0
            -86.232755,39.788333,0
            -86.232766,39.78833,0
            -86.232777,39.788327,0
            -86.232788,39.788325,0
            -86.232799,39.788322,0
            -86.23281,39.788319,0
            -86.232821,39.788316,0
            -86.232833,39.788314,0
            -86.232844,39.788311,0
            -86.232855,39.788308,0
            -86.232866,39.788305,0
            -86.232877,39.788303,0
            -86.232888,39.7883,0
            -86.232899,39.788297,0
            -86.232911,39.788295,0
            -86.232922,39.788292,0
            -86.232933,39.78829,0
            -86.232944,39.788287,0
            -86.232955,39.788285,0
            -86.232967,39.788282,0
            -86.232978,39.78828,0
            -86.232989,39.788277,0
            -86.233,39.788275,0
            -86.233012,39.788272,0
            -86.233023,39.78827,0
            -86.233034,39.788267,0
            -86.233045,39.788265,0
            -86.233056,39.788263,0
            -86.233068,39.78826,0
            -86.233079,39.788258,0
            -86.23309,39.788256,0
            -86.233101,39.788253,0
            -86.233113,39.788251,0
            -86.233124,39.788249,0
            -86.233135,39.788246,0
            -86.233147,39.788244,0
            -86.233158,39.788242,0
            -86.233169,39.78824,0
            -86.233181,39.788238,0
            -86.233192,39.788236,0
            -86.233203,39.788234,0
            -86.233215,39.788232,0
            -86.233226,39.78823,0
            -86.233237,39.788228,0
            -86.233249,39.788226,0
            -86.23326,39.788224,0
            -86.233272,39.788222,0
            -86.233283,39.78822,0
            -86.233294,39.788218,0
            -86.233306,39.788217,0
            -86.233317,39.788215,0
            -86.233329,39.788213,0
            -86.23334,39.788211,0
            -86.233352,39.78821,0
            -86.233363,39.788208,0
            -86.233375,39.788206,0
            -86.233386,39.788204,0
            -86.233398,39.788203,0
            -86.233409,39.788202,0
            -86.233421,39.788201,0
            -86.233432,39.788199,0
            -86.233444,39.788198,0
            -86.233456,39.788197,0
            -86.233467,39.788195,0
            -86.233479,39.788194,0
            -86.23349,39.788193,0
            -86.233502,39.788192,0
            -86.233513,39.78819,0
            -86.233525,39.788189,0
            -86.233537,39.788188,0
            -86.233548,39.788187,0
            -86.23356,39.788186,0
            -86.233571,39.788185,0
            -86.233583,39.788184,0
            -86.233594,39.788182,0
            -86.233606,39.788181,0
            -86.233618,39.78818,0
            -86.233629,39.788179,0
            -86.233641,39.788178,0
            -86.233652,39.788177,0
            -86.233664,39.788176,0
            -86.233676,39.788175,0
            -86.233688,39.788175,0
            -86.233699,39.788174,0
            -86.233711,39.788173,0
            -86.233723,39.788172,0
            -86.233734,39.788171,0
            -86.233746,39.78817,0
            -86.233758,39.78817,0
            -86.233769,39.788169,0
            -86.233781,39.788168,0
            -86.233793,39.788167,0
            -86.233804,39.788167,0
            -86.233816,39.788166,0
            -86.233828,39.788165,0
            -86.23384,39.788165,0
            -86.233851,39.788164,0
            -86.233863,39.788163,0
            -86.233875,39.788163,0
            -86.233886,39.788162,0
            -86.233898,39.788161,0
            -86.23391,39.788161,0
            -86.233921,39.78816,0
            -86.233933,39.788159,0
            -86.233945,39.788158,0
            -86.233956,39.788158,0
            -86.233968,39.788157,0
            -86.23398,39.788156,0
            -86.233992,39.788156,0
            -86.234003,39.788155,0
            -86.234015,39.788155,0
            -86.234027,39.788154,0
            -86.234038,39.788154,0
            -86.23405,39.788153,0
            -86.234062,39.788153,0
            -86.234073,39.788152,0
            -86.234085,39.788152,0
            -86.234097,39.788151,0
            -86.234108,39.788151,0
            -86.23412,39.78815,0
            -86.234132,39.78815,0
            -86.234144,39.788149,0
            -86.234155,39.788149,0
            -86.234167,39.788149,0
            -86.234179,39.788148,0
            -86.23419,39.788148,0
            -86.234202,39.788147,0
            -86.234214,39.788147,0
            -86.234225,39.788147,0
            -86.234237,39.788146,0
            -86.234249,39.788146,0
            -86.234261,39.788146,0
            -86.234272,39.788145,0
            -86.234284,39.788145,0
            -86.234296,39.788145,0
            -86.234307,39.788144,0
            -86.234319,39.788144,0
            -86.234331,39.788144,0
            -86.234342,39.788143,0
            -86.234354,39.788143,0
            -86.234366,39.788143,0
            -86.234377,39.788142,0
            -86.234389,39.788142,0
            -86.234401,39.788142,0
            -86.234413,39.788142,0
            -86.234424,39.788141,0
            -86.234436,39.788141,0
            -86.234448,39.788141,0
            -86.234459,39.78814,0
            -86.234471,39.78814,0
            -86.234483,39.78814,0
            -86.234494,39.788139,0
            -86.234506,39.788139,0
            -86.234518,39.788139,0
            -86.234529,39.788138,0
            -86.234541,39.788138,0
            -86.234553,39.788138,0
            -86.234565,39.788137,0
            -86.234576,39.788137,0
            -86.234588,39.788137,0
            -86.2346,39.788136,0
            -86.234611,39.788136,0
            -86.234623,39.788136,0
            -86.234635,39.788135,0
            -86.234646,39.788135,0
            -86.234658,39.788135,0
            -86.23467,39.788134,0
            -86.234681,39.788134,0
            -86.234693,39.788133,0
            -86.234705,39.788133,0
            -86.234717,39.788132,0
            -86.234728,39.788132,0
            -86.23474,39.788131,0
            -86.234752,39.788131,0
            -86.234763,39.788131,0
            -86.234775,39.78813,0
            -86.234787,39.78813,0
            -86.234798,39.78813,0
            -86.23481,39.78813,0
            -86.234822,39.788129,0
            -86.234833,39.788129,0
            -86.234845,39.788129,0
            -86.234857,39.788129,0
            -86.234869,39.788129,0
            -86.23488,39.788129,0
            -86.234892,39.788129,0
            -86.234904,39.788129,0
            -86.234915,39.788129,0
            -86.234927,39.788129,0
            -86.234939,39.788129,0
            -86.23495,39.788129,0
            -86.234962,39.78813,0
            -86.234974,39.78813,0
            -86.234985,39.788131,0
            -86.234997,39.788131,0
            -86.235009,39.788132,0
            -86.23502,39.788132,0
            -86.235032,39.788134,0
            -86.235044,39.788135,0
            -86.235055,39.788137,0
            -86.235066,39.788139,0
            -86.235078,39.78814,0
            -86.23509,39.788142,0
            -86.235101,39.788144,0
            -86.235112,39.788146,0
            -86.235123,39.788149,0
            -86.235135,39.788151,0
            -86.235146,39.788153,0
            -86.235157,39.788157,0
            -86.235167,39.788161,0
            -86.235178,39.788165,0
            -86.235188,39.788169,0
            -86.235198,39.788173,0
            -86.235207,39.788179,0
            -86.235216,39.788185,0
            -86.235225,39.78819,0
            -86.235234,39.788196,0
            -86.235243,39.788202,0
            -86.23525,39.788209,0
            -86.235257,39.788216,0
            -86.235265,39.788224,0
            -86.235272,39.788231,0
            -86.235279,39.788238,0
            -86.235284,39.788246,0
            -86.235289,39.788254,0
            -86.235293,39.788262,0
            -86.235298,39.788271,0
            -86.235302,39.788279,0
            -86.235307,39.788287,0
            -86.23531,39.788296,0
            -86.235312,39.788305,0
            -86.235315,39.788313,0
            -86.235318,39.788322,0
            -86.235321,39.788331,0
            -86.235323,39.78834,0
            -86.235325,39.788348,0
            -86.235326,39.788357,0
            -86.235328,39.788366,0
            -86.235329,39.788375,0
            -86.235331,39.788384,0
            -86.235332,39.788393,0
            -86.235333,39.788402,0
            -86.235333,39.788411,0
            -86.235334,39.78842,0
            -86.235334,39.788429,0
            -86.235335,39.788438,0
            -86.235335,39.788447,0
            -86.235335,39.788456,0
            -86.235335,39.788465,0
            -86.235335,39.788474,0
            -86.235334,39.788483,0
            -86.235334,39.788492,0
            -86.235334,39.788501,0
            -86.235333,39.78851,0
            -86.235333,39.788519,0
            -86.235332,39.788528,0
            -86.235331,39.788537,0
            -86.235331,39.788546,0
            -86.23533,39.788555,0
            -86.235329,39.788564,0
            -86.235329,39.788573,0
            -86.235328,39.788582,0
            -86.235327,39.78859,0
            -86.235326,39.788599,0
            -86.235325,39.788608,0
            -86.235324,39.788617,0
            -86.235323,39.788626,0
            -86.235322,39.788635,0
            -86.235321,39.788644,0
            -86.235321,39.788653,0
            -86.23532,39.788662,0
            -86.235319,39.788671,0
            -86.235318,39.78868,0
            -86.235317,39.788689,0
            -86.235316,39.788698,0
            -86.235315,39.788707,0
            -86.235314,39.788716,0
            -86.235314,39.788725,0
            -86.235313,39.788734,0
            -86.235311,39.788743,0
            -86.23531,39.788752,0
            -86.235309,39.788761,0
            -86.235308,39.78877,0
            -86.235307,39.788779,0
            -86.235306,39.788788,0
            -86.235305,39.788797,0
            -86.235304,39.788806,0
            -86.235303,39.788815,0
            -86.235302,39.788824,0
            -86.235302,39.788833,0
            -86.235301,39.788842,0
            -86.2353,39.788851,0
            -86.235299,39.78886,0
            -86.235298,39.788869,0
            -86.235298,39.788878,0
            -86.235297,39.788887,0
            -86.235296,39.788896,0
            -86.235295,39.788905,0
            -86.235294,39.788914,0
            -86.235293,39.788923,0
            -86.235293,39.788932,0
            -86.235292,39.788941,0
            -86.235291,39.78895,0
            -86.23529,39.788959,0
            -86.23529,39.788968,0
            -86.235289,39.788977,0
            -86.235288,39.788986,0
            -86.235287,39.788995,0
            -86.235287,39.789004,0
            -86.235286,39.789013,0
            -86.235285,39.789022,0
            -86.235285,39.789031,0
            -86.235284,39.78904,0
            -86.235284,39.789049,0
            -86.235283,39.789058,0
            -86.235282,39.789067,0
            -86.235282,39.789076,0
            -86.235281,39.789085,0
            -86.235281,39.789094,0
            -86.23528,39.789103,0
            -86.23528,39.789112,0
            -86.23528,39.78912,0
            -86.23528,39.789129,0
            -86.23528,39.789138,0
            -86.23528,39.789147,0
            -86.23528,39.789156,0
            -86.23528,39.789165,0
            -86.23528,39.789174,0
            -86.23528,39.789183,0
            -86.23528,39.789192,0
            -86.235281,39.789201,0
            -86.235282,39.78921,0
            -86.235283,39.789219,0
            -86.235284,39.789228,0
            -86.235285,39.789237,0
            -86.235286,39.789246,0
            -86.235287,39.789255,0
            -86.235289,39.789264,0
            -86.235291,39.789273,0
            -86.235293,39.789282,0
            -86.235296,39.789291,0
            -86.235298,39.789299,0
            -86.2353,39.789308,0
            -86.235303,39.789317,0
            -86.235305,39.789326,0
            -86.235308,39.789334,0
            -86.235311,39.789343,0
            -86.235315,39.789352,0
            -86.235319,39.78936,0
            -86.235323,39.789369,0
            -86.235326,39.789377,0
            -86.23533,39.789386,0
            -86.235334,39.789394,0
            -86.235338,39.789403,0
            -86.235343,39.789411,0
            -86.235349,39.789419,0
            -86.235354,39.789427,0
            -86.235359,39.789435,0
            -86.235365,39.789443,0
            -86.23537,39.789451,0
            -86.235375,39.789459,0
            -86.235381,39.789467,0
            -86.235388,39.789474,0
            -86.235395,39.789481,0
            -86.235403,39.789488,0
            -86.23541,39.789495,0
            -86.235417,39.789502,0
            -86.235424,39.789509,0
            -86.235432,39.789516,0
            -86.23544,39.789523,0
            -86.235449,39.789528,0
            -86.235458,39.789534,0
            -86.235467,39.78954,0
            -86.235476,39.789545,0
            -86.235485,39.789551,0
            -86.235494,39.789557,0
            -86.235504,39.789562,0
            -86.235514,39.789566,0
            -86.235525,39.78957,0
            -86.235535,39.789573,0
            -86.235546,39.789577,0
            -86.235557,39.789581,0
            -86.235567,39.789585,0
            -86.235578,39.789588,0
            -86.23559,39.78959,0
            -86.235601,39.789591,0
            -86.235613,39.789593,0
            -86.235624,39.789595,0
            -86.235635,39.789596,0
            -86.235647,39.789598,0
            -86.235659,39.789598,0
            -86.23567,39.789598,0
            -86.235682,39.789597,0
            -86.235694,39.789597,0
            -86.235705,39.789597,0
            -86.235717,39.789596,0
            -86.235729,39.789595,0
            -86.23574,39.789593,0
            -86.235751,39.789591,0
            -86.235763,39.789588,0
            -86.235774,39.789586,0
            -86.235785,39.789584,0
            -86.235797,39.789581,0
            -86.235808,39.789579,0
            -86.235819,39.789575,0
            -86.23583,39.789572,0
            -86.23584,39.789569,0
            -86.235851,39.789565,0
            -86.235862,39.789562,0
            -86.235873,39.789559,0
            -86.235884,39.789555,0
            -86.235895,39.789552,0
            -86.235905,39.789548,0
            -86.235916,39.789545,0
            -86.235927,39.789541,0
            -86.235938,39.789538,0
            -86.235948,39.789534,0
            -86.235959,39.789531,0
            -86.23597,39.789527,0
            -86.235981,39.789524,0
            -86.235992,39.78952,0
            -86.236002,39.789516,0
            -86.236013,39.789513,0
            -86.236024,39.789509,0
            -86.236035,39.789506,0
            -86.236045,39.789502,0
            -86.236056,39.789498,0
            -86.236067,39.789495,0
            -86.236078,39.789491,0
            -86.236088,39.789488,0
            -86.236099,39.789484,0
            -86.23611,39.789481,0
            -86.236121,39.789477,0
            -86.236131,39.789474,0
            -86.236142,39.78947,0
            -86.236153,39.789467,0
            -86.236164,39.789463,0
            -86.236174,39.78946,0
            -86.236185,39.789456,0
            -86.236196,39.789453,0
            -86.236207,39.789449,0
            -86.236217,39.789446,0
            -86.236228,39.789442,0
            -86.236239,39.789439,0
            -86.23625,39.789435,0
            -86.23626,39.789432,0
            -86.236271,39.789429,0
            -86.236282,39.789425,0
            -86.236293,39.789422,0
            -86.236303,39.789418,0
            -86.236314,39.789415,0
            -86.236325,39.789411,0
            -86.236336,39.789408,0
            -86.236346,39.789404,0
            -86.236357,39.789401,0
            -86.236368,39.789397,0
            -86.236379,39.789394,0
            -86.23639,39.78939,0
            -86.2364,39.789387,0
            -86.236411,39.789383,0
            -86.236422,39.78938,0
            -86.236433,39.789377,0
            -86.236443,39.789373,0
            -86.236454,39.78937,0
            -86.236465,39.789366,0
            -86.236476,39.789363,0
            -86.236487,39.78936,0
            -86.236498,39.789356,0
            -86.236508,39.789353,0
            -86.236519,39.78935,0
            -86.23653,39.789346,0
            -86.236541,39.789343,0
            -86.236552,39.78934,0
            -86.236563,39.789336,0
            -86.236574,39.789333,0
            -86.236585,39.78933,0
            -86.236596,39.789327,0
            -86.236607,39.789324,0
            -86.236618,39.789321,0
            -86.236629,39.789318,0
            -86.23664,39.789315,0
            -86.236651,39.789312,0
            -86.236662,39.789309,0
            -86.236673,39.789306,0
            -86.236684,39.789303,0
            -86.236696,39.7893,0
            -86.236707,39.789298,0
            -86.236718,39.789296,0
            -86.236729,39.789293,0
            -86.23674,39.789291,0
            -86.236752,39.789288,0
            -86.236763,39.789286,0
            -86.236774,39.789284,0
            -86.236785,39.789281,0
            -86.236797,39.789279,0
            -86.236808,39.789277,0
            -86.236819,39.789275,0
            -86.236831,39.789273,0
            -86.236842,39.789272,0
            -86.236854,39.78927,0
            -86.236865,39.789268,0
            -86.236877,39.789267,0
            -86.236888,39.789265,0
            -86.2369,39.789263,0
            -86.236911,39.789261,0
            -86.236923,39.78926,0
            -86.236934,39.789259,0
            -86.236946,39.789258,0
            -86.236957,39.789257,0
            -86.236969,39.789256,0
            -86.236981,39.789255,0
            -86.236992,39.789254,0
            -86.237004,39.789252,0
            -86.237015,39.789251,0
            -86.237027,39.78925,0
            -86.237039,39.789249,0
            -86.23705,39.789249,0
            -86.237062,39.789249,0
            -86.237074,39.789248,0
            -86.237085,39.789248,0
            -86.237097,39.789247,0
            -86.237109,39.789247,0
            -86.23712,39.789247,0
            -86.237132,39.789246,0
            -86.237144,39.789246,0
            -86.237156,39.789246,0
            -86.237167,39.789246,0
            -86.237179,39.789246,0
            -86.237191,39.789247,0
            -86.237202,39.789247,0
            -86.237214,39.789247,0
            -86.237226,39.789247,0
            -86.237237,39.789248,0
            -86.237249,39.789248,0
            -86.237261,39.789248,0
            -86.237272,39.789249,0
            -86.237284,39.78925,0
            -86.237295,39.789252,0
            -86.237307,39.789253,0
            -86.237319,39.789254,0
            -86.23733,39.789255,0
            -86.237342,39.789256,0
            -86.237353,39.789257,0
            -86.237365,39.789258,0
            -86.237377,39.789259,0
            -86.237388,39.789261,0
            -86.237399,39.789263,0
            -86.237411,39.789265,0
            -86.237422,39.789267,0
            -86.237434,39.789269,0
            -86.237445,39.789271,0
            -86.237457,39.789273,0
            -86.237468,39.789274,0
            -86.23748,39.789276,0
            -86.237491,39.789278,0
            -86.237502,39.789281,0
            -86.237513,39.789283,0
            -86.237525,39.789286,0
            -86.237536,39.789288,0
            -86.237547,39.789291,0
            -86.237558,39.789293,0
            -86.23757,39.789296,0
            -86.237581,39.789298,0
            -86.237592,39.789301,0
            -86.237603,39.789304,0
            -86.237614,39.789307,0
            -86.237625,39.78931,0
            -86.237636,39.789313,0
            -86.237647,39.789317,0
            -86.237658,39.78932,0
            -86.237669,39.789323,0
            -86.23768,39.789326,0
            -86.237691,39.789329,0
            -86.237701,39.789333,0
            -86.237712,39.789336,0
            -86.237723,39.78934,0
            -86.237733,39.789344,0
            -86.237744,39.789348,0
            -86.237755,39.789352,0
            -86.237765,39.789356,0
            -86.237776,39.789359,0
            -86.237786,39.789363,0
            -86.237797,39.789367,0
            -86.237807,39.789371,0
            -86.237817,39.789376,0
            -86.237828,39.78938,0
            -86.237838,39.789385,0
            -86.237848,39.789389,0
            -86.237858,39.789393,0
            -86.237868,39.789398,0
            -86.237878,39.789402,0
            -86.237889,39.789407,0
            -86.237898,39.789411,0
            -86.237908,39.789416,0
            -86.237918,39.789422,0
            -86.237927,39.789427,0
            -86.237937,39.789432,0
            -86.237946,39.789437,0
            -86.237956,39.789442,0
            -86.237966,39.789447,0
            -86.237975,39.789452,0
            -86.237985,39.789457,0
            -86.237994,39.789463,0
            -86.238003,39.789469,0
            -86.238012,39.789474,0
            -86.238021,39.78948,0
            -86.23803,39.789486,0
            -86.238039,39.789491,0
            -86.238048,39.789497,0
            -86.238057,39.789503,0
            -86.238066,39.789508,0
            -86.238075,39.789514,0
            -86.238083,39.789521,0
            -86.238092,39.789527,0
            -86.2381,39.789533,0
            -86.238108,39.78954,0
            -86.238116,39.789546,0
            -86.238125,39.789553,0
            -86.238133,39.789559,0
            -86.238141,39.789565,0
            -86.23815,39.789572,0
            -86.238158,39.789578,0
            -86.238165,39.789585,0
            -86.238173,39.789592,0
            -86.23818,39.789599,0
            -86.238188,39.789605,0
            -86.238196,39.789612,0
            -86.238203,39.789619,0
            -86.238211,39.789626,0
            -86.238219,39.789633,0
            -86.238226,39.789639,0
            -86.238233,39.789647,0
            -86.23824,39.789654,0
            -86.238247,39.789661,0
            -86.238254,39.789669,0
            -86.23826,39.789676,0
            -86.238267,39.789683,0
            -86.238274,39.789691,0
            -86.238281,39.789698,0
            -86.238287,39.789705,0
            -86.238294,39.789713,0
            -86.2383,39.78972,0
            -86.238306,39.789728,0
            -86.238312,39.789736,0
            -86.238318,39.789743,0
            -86.238325,39.789751,0
            -86.238331,39.789759,0
            -86.238337,39.789766,0
            -86.238343,39.789774,0
            -86.238349,39.789782,0
            -86.238355,39.789789,0
            -86.23836,39.789797,0
            -86.238366,39.789805,0
            -86.238372,39.789813,0
            -86.238377,39.789821,0
            -86.238383,39.789829,0
            -86.238388,39.789837,0
            -86.238394,39.789845,0
            -86.238399,39.789853,0
            -86.238405,39.78986,0
            -86.23841,39.789868,0
            -86.238415,39.789877,0
            -86.23842,39.789885,0
            -86.238425,39.789893,0
            -86.23843,39.789901,0
            -86.238435,39.789909,0
            -86.23844,39.789917,0
            -86.238445,39.789925,0
            -86.23845,39.789933,0
            -86.238455,39.789941,0
            -86.23846,39.789949,0
            -86.238465,39.789958,0
            -86.238469,39.789966,0
            -86.238474,39.789974,0
            -86.238478,39.789983,0
            -86.238483,39.789991,0
            -86.238488,39.789999,0
            -86.238492,39.790007,0
            -86.238497,39.790016,0
            -86.238501,39.790024,0
            -86.238506,39.790032,0
            -86.23851,39.790041,0
            -86.238514,39.790049,0
            -86.238518,39.790057,0
            -86.238523,39.790066,0
            -86.238527,39.790074,0
            -86.238531,39.790082,0
            -86.238535,39.790091,0
            -86.238539,39.790099,0
            -86.238543,39.790108,0
            -86.238547,39.790116,0
            -86.238551,39.790125,0
            -86.238554,39.790133,0
            -86.238558,39.790142,0
            -86.238562,39.79015,0
            -86.238566,39.790159,0
            -86.238569,39.790167,0
            -86.238573,39.790176,0
            -86.238577,39.790184,0
            -86.23858,39.790193,0
            -86.238583,39.790202,0
            -86.238586,39.79021,0
            -86.238589,39.790219,0
            -86.238593,39.790227,0
            -86.238596,39.790236,0
            -86.238599,39.790245,0
            -86.238602,39.790253,0
            -86.238605,39.790262,0
            -86.238608,39.790271,0
            -86.238611,39.79028,0
            -86.238613,39.790288,0
            -86.238616,39.790297,0
            -86.238618,39.790306,0
            -86.238621,39.790315,0
            -86.238623,39.790324,0
            -86.238626,39.790332,0
            -86.238628,39.790341,0
            -86.238631,39.79035,0
            -86.238633,39.790359,0
            -86.238634,39.790368,0
            -86.238636,39.790377,0
            -86.238638,39.790386,0
            -86.23864,39.790394,0
            -86.238642,39.790403,0
            -86.238643,39.790412,0
            -86.238645,39.790421,0
            -86.238647,39.79043,0
            -86.238648,39.790439,0
            -86.23865,39.790448,0
            -86.238651,39.790457,0
            -86.238652,39.790466,0
            -86.238653,39.790475,0
            -86.238654,39.790484,0
            -86.238655,39.790493,0
            -86.238657,39.790502,0
            -86.238658,39.790511,0
            -86.238659,39.79052,0
            -86.238659,39.790529,0
            -86.23866,39.790538,0
            -86.23866,39.790547,0
            -86.238661,39.790556,0
            -86.238661,39.790565,0
            -86.238662,39.790574,0
            -86.238662,39.790583,0
            -86.238663,39.790592,0
            -86.238663,39.790601,0
            -86.238664,39.79061,0
            -86.238664,39.790619,0
            -86.238665,39.790628,0
            -86.238665,39.790636,0
            -86.238665,39.790645,0
            -86.238666,39.790654,0
            -86.238666,39.790663,0
            -86.238666,39.790672,0
            -86.238666,39.790681,0
            -86.238667,39.79069,0
            -86.238667,39.790699,0
            -86.238667,39.790708,0
            -86.238667,39.790717,0
            -86.238668,39.790726,0
            -86.238668,39.790735,0
            -86.238668,39.790744,0
            -86.238668,39.790753,0
            -86.238668,39.790762,0
            -86.238669,39.790771,0
            -86.238669,39.79078,0
            -86.238669,39.790789,0
            -86.238669,39.790798,0
            -86.238669,39.790807,0
            -86.23867,39.790816,0
            -86.23867,39.790825,0
            -86.23867,39.790834,0
            -86.23867,39.790843,0
            -86.238671,39.790852,0
            -86.238671,39.790861,0
            -86.238671,39.79087,0
            -86.238671,39.790879,0
            -86.238671,39.790888,0
            -86.238672,39.790897,0
            -86.238672,39.790906,0
            -86.238672,39.790915,0
            -86.238672,39.790924,0
            -86.238672,39.790933,0
            -86.238673,39.790942,0
            -86.238673,39.790951,0
            -86.238673,39.79096,0
            -86.238673,39.790969,0
            -86.238673,39.790978,0
            -86.238673,39.790987,0
            -86.238673,39.790996,0
            -86.238673,39.791005,0
            -86.238674,39.791014,0
            -86.238674,39.791023,0
            -86.238674,39.791032,0
            -86.238674,39.791041,0
            -86.238674,39.79105,0
            -86.238674,39.791059,0
            -86.238675,39.791068,0
            -86.238675,39.791077,0
            -86.238675,39.791086,0
            -86.238675,39.791095,0
            -86.238675,39.791104,0
            -86.238676,39.791113,0
            -86.238676,39.791122,0
            -86.238676,39.791131,0
            -86.238677,39.79114,0
            -86.238677,39.791149,0
            -86.238677,39.791158,0
            -86.238678,39.791166,0
            -86.238678,39.791175,0
            -86.238678,39.791184,0
            -86.238678,39.791193,0
            -86.238679,39.791202,0
            -86.238679,39.791211,0
            -86.238679,39.79122,0
            -86.238679,39.791229,0
            -86.23868,39.791238,0
            -86.23868,39.791247,0
            -86.23868,39.791256,0
            -86.23868,39.791265,0
            -86.23868,39.791274,0
            -86.238681,39.791283,0
            -86.238681,39.791292,0
            -86.238681,39.791301,0
            -86.238681,39.79131,0
            -86.238681,39.791319,0
            -86.238681,39.791328,0
            -86.238681,39.791337,0
            -86.238681,39.791346,0
            -86.238682,39.791355,0
            -86.238682,39.791364,0
            -86.238682,39.791373,0
            -86.238682,39.791382,0
            -86.238682,39.791391,0
            -86.238683,39.7914,0
            -86.238683,39.791409,0
            -86.238683,39.791418,0
            -86.238683,39.791427,0
            -86.238684,39.791436,0
            -86.238684,39.791445,0
            -86.238684,39.791454,0
            -86.238684,39.791463,0
            -86.238684,39.791472,0
            -86.238685,39.791481,0
            -86.238685,39.79149,0
            -86.238685,39.791499,0
            -86.238685,39.791508,0
            -86.238686,39.791517,0
            -86.238686,39.791526,0
            -86.238686,39.791535,0
            -86.238686,39.791544,0
            -86.238686,39.791553,0
            -86.238686,39.791562,0
            -86.238686,39.791571,0
            -86.238686,39.79158,0
            -86.238686,39.791589,0
            -86.238686,39.791598,0
            -86.238686,39.791607,0
            -86.238686,39.791616,0
            -86.238686,39.791625,0
            -86.238686,39.791634,0
            -86.238687,39.791643,0
            -86.238687,39.791652,0
            -86.238687,39.791661,0
            -86.238687,39.79167,0
            -86.238687,39.791679,0
            -86.238687,39.791688,0
            -86.238687,39.791697,0
            -86.238688,39.791705,0
            -86.238688,39.791714,0
            -86.238688,39.791723,0
            -86.238688,39.791732,0
            -86.238688,39.791741,0
            -86.238688,39.79175,0
            -86.238689,39.791759,0
            -86.238689,39.791768,0
            -86.238689,39.791777,0
            -86.238689,39.791786,0
            -86.238689,39.791795,0
            -86.238689,39.791804,0
            -86.238689,39.791813,0
            -86.238689,39.791822,0
            -86.238689,39.791831,0
            -86.238689,39.79184,0
            -86.23869,39.791849,0
            -86.23869,39.791858,0
            -86.238691,39.791867,0
            -86.238691,39.791876,0
            -86.238691,39.791885,0
            -86.238691,39.791894,0
            -86.238691,39.791903,0
            -86.238692,39.791912,0
            -86.238692,39.791921,0
            -86.238692,39.79193,0
            -86.238692,39.791939,0
            -86.238692,39.791948,0
            -86.238692,39.791957,0
            -86.238693,39.791966,0
            -86.238693,39.791975,0
            -86.238693,39.791984,0
            -86.238693,39.791993,0
            -86.238693,39.792002,0
          </coordinates>
        </LineString>
      </Placemark>
    </Folder>
    <Folder>
      <name>Track Nodes</name>
      <Placemark>
        <name>Indianapolis Motor Speedway</name>
        <description></description>
        <styleUrl>#SEMPoint</styleUrl>
        <MultiGeometry>
          <Point><coordinates>-86.238692,39.791993</coordinates></Point>
          <Point><coordinates>-86.238693,39.792013</coordinates></Point>
          <Point><coordinates>-86.238694,39.792028</coordinates></Point>
          <Point><coordinates>-86.238694,39.792037</coordinates></Point>
          <Point><coordinates>-86.238694,39.792046</coordinates></Point>
          <Point><coordinates>-86.238694,39.792055</coordinates></Point>
          <Point><coordinates>-86.238694,39.792064</coordinates></Point>
          <Point><coordinates>-86.238694,39.792073</coordinates></Point>
          <Point><coordinates>-86.238694,39.792082</coordinates></Point>
          <Point><coordinates>-86.238694,39.792091</coordinates></Point>
          <Point><coordinates>-86.238694,39.7921</coordinates></Point>
          <Point><coordinates>-86.238694,39.792109</coordinates></Point>
          <Point><coordinates>-86.238694,39.792118</coordinates></Point>
          <Point><coordinates>-86.238694,39.792127</coordinates></Point>
          <Point><coordinates>-86.238694,39.792136</coordinates></Point>
          <Point><coordinates>-86.238694,39.792145</coordinates></Point>
          <Point><coordinates>-86.238694,39.792154</coordinates></Point>
          <Point><coordinates>-86.238694,39.792163</coordinates></Point>
          <Point><coordinates>-86.238694,39.792172</coordinates></Point>
          <Point><coordinates>-86.238694,39.792181</coordinates></Point>
          <Point><coordinates>-86.238695,39.79219</coordinates></Point>
          <Point><coordinates>-86.238695,39.792199</coordinates></Point>
          <Point><coordinates>-86.238695,39.792208</coordinates></Point>
          <Point><coordinates>-86.238695,39.792217</coordinates></Point>
          <Point><coordinates>-86.238695,39.792226</coordinates></Point>
          <Point><coordinates>-86.238695,39.792235</coordinates></Point>
          <Point><coordinates>-86.238695,39.792244</coordinates></Point>
          <Point><coordinates>-86.238696,39.792253</coordinates></Point>
          <Point><coordinates>-86.238696,39.792262</coordinates></Point>
          <Point><coordinates>-86.238696,39.792271</coordinates></Point>
          <Point><coordinates>-86.238696,39.79228</coordinates></Point>
          <Point><coordinates>-86.238696,39.792289</coordinates></Point>
          <Point><coordinates>-86.238696,39.792298</coordinates></Point>
          <Point><coordinates>-86.238696,39.792307</coordinates></Point>
          <Point><coordinates>-86.238697,39.792316</coordinates></Point>
          <Point><coordinates>-86.238697,39.792325</coordinates></Point>
          <Point><coordinates>-86.238697,39.792334</coordinates></Point>
          <Point><coordinates>-86.238697,39.792343</coordinates></Point>
          <Point><coordinates>-86.238697,39.792352</coordinates></Point>
          <Point><coordinates>-86.238697,39.792361</coordinates></Point>
          <Point><coordinates>-86.238698,39.79237</coordinates></Point>
          <Point><coordinates>-86.238698,39.792379</coordinates></Point>
          <Point><coordinates>-86.238698,39.792388</coordinates></Point>
          <Point><coordinates>-86.238698,39.792397</coordinates></Point>
          <Point><coordinates>-86.238699,39.792406</coordinates></Point>
          <Point><coordinates>-86.238699,39.792415</coordinates></Point>
          <Point><coordinates>-86.238699,39.792424</coordinates></Point>
          <Point><coordinates>-86.2387,39.792432</coordinates></Point>
          <Point><coordinates>-86.2387,39.792441</coordinates></Point>
          <Point><coordinates>-86.2387,39.79245</coordinates></Point>
          <Point><coordinates>-86.238701,39.792459</coordinates></Point>
          <Point><coordinates>-86.238701,39.792468</coordinates></Point>
          <Point><coordinates>-86.238702,39.792477</coordinates></Point>
          <Point><coordinates>-86.238702,39.792486</coordinates></Point>
          <Point><coordinates>-86.238702,39.792495</coordinates></Point>
          <Point><coordinates>-86.238702,39.792504</coordinates></Point>
          <Point><coordinates>-86.238703,39.792513</coordinates></Point>
          <Point><coordinates>-86.238703,39.792522</coordinates></Point>
          <Point><coordinates>-86.238703,39.792531</coordinates></Point>
          <Point><coordinates>-86.238703,39.79254</coordinates></Point>
          <Point><coordinates>-86.238703,39.792549</coordinates></Point>
          <Point><coordinates>-86.238704,39.792558</coordinates></Point>
          <Point><coordinates>-86.238704,39.792567</coordinates></Point>
          <Point><coordinates>-86.238704,39.792576</coordinates></Point>
          <Point><coordinates>-86.238704,39.792585</coordinates></Point>
          <Point><coordinates>-86.238704,39.792594</coordinates></Point>
          <Point><coordinates>-86.238705,39.792603</coordinates></Point>
          <Point><coordinates>-86.238705,39.792612</coordinates></Point>
          <Point><coordinates>-86.238705,39.792621</coordinates></Point>
          <Point><coordinates>-86.238705,39.79263</coordinates></Point>
          <Point><coordinates>-86.238706,39.792639</coordinates></Point>
          <Point><coordinates>-86.238706,39.792648</coordinates></Point>
          <Point><coordinates>-86.238706,39.792657</coordinates></Point>
          <Point><coordinates>-86.238706,39.792666</coordinates></Point>
          <Point><coordinates>-86.238706,39.792675</coordinates></Point>
          <Point><coordinates>-86.238706,39.792684</coordinates></Point>
          <Point><coordinates>-86.238706,39.792693</coordinates></Point>
          <Point><coordinates>-86.238706,39.792702</coordinates></Point>
          <Point><coordinates>-86.238706,39.792711</coordinates></Point>
          <Point><coordinates>-86.238707,39.79272</coordinates></Point>
          <Point><coordinates>-86.238707,39.792729</coordinates></Point>
          <Point><coordinates>-86.238707,39.792738</coordinates></Point>
          <Point><coordinates>-86.238707,39.792747</coordinates></Point>
          <Point><coordinates>-86.238707,39.792756</coordinates></Point>
          <Point><coordinates>-86.238707,39.792765</coordinates></Point>
          <Point><coordinates>-86.238707,39.792774</coordinates></Point>
          <Point><coordinates>-86.238707,39.792783</coordinates></Point>
          <Point><coordinates>-86.238707,39.792792</coordinates></Point>
          <Point><coordinates>-86.238707,39.792801</coordinates></Point>
          <Point><coordinates>-86.238708,39.79281</coordinates></Point>
          <Point><coordinates>-86.238708,39.792819</coordinates></Point>
          <Point><coordinates>-86.238708,39.792828</coordinates></Point>
          <Point><coordinates>-86.238708,39.792837</coordinates></Point>
          <Point><coordinates>-86.238708,39.792846</coordinates></Point>
          <Point><coordinates>-86.238708,39.792855</coordinates></Point>
          <Point><coordinates>-86.238708,39.792864</coordinates></Point>
          <Point><coordinates>-86.238708,39.792873</coordinates></Point>
          <Point><coordinates>-86.238709,39.792882</coordinates></Point>
          <Point><coordinates>-86.238709,39.792891</coordinates></Point>
          <Point><coordinates>-86.238709,39.7929</coordinates></Point>
          <Point><coordinates>-86.238709,39.792909</coordinates></Point>
          <Point><coordinates>-86.238709,39.792918</coordinates></Point>
          <Point><coordinates>-86.238709,39.792927</coordinates></Point>
          <Point><coordinates>-86.238709,39.792936</coordinates></Point>
          <Point><coordinates>-86.238709,39.792945</coordinates></Point>
          <Point><coordinates>-86.238709,39.792954</coordinates></Point>
          <Point><coordinates>-86.238709,39.792963</coordinates></Point>
          <Point><coordinates>-86.23871,39.792971</coordinates></Point>
          <Point><coordinates>-86.23871,39.79298</coordinates></Point>
          <Point><coordinates>-86.23871,39.792989</coordinates></Point>
          <Point><coordinates>-86.23871,39.792998</coordinates></Point>
          <Point><coordinates>-86.23871,39.793007</coordinates></Point>
          <Point><coordinates>-86.23871,39.793016</coordinates></Point>
          <Point><coordinates>-86.23871,39.793025</coordinates></Point>
          <Point><coordinates>-86.23871,39.793034</coordinates></Point>
          <Point><coordinates>-86.23871,39.793043</coordinates></Point>
          <Point><coordinates>-86.238711,39.793052</coordinates></Point>
          <Point><coordinates>-86.238711,39.793061</coordinates></Point>
          <Point><coordinates>-86.238711,39.79307</coordinates></Point>
          <Point><coordinates>-86.238711,39.793079</coordinates></Point>
          <Point><coordinates>-86.238711,39.793088</coordinates></Point>
          <Point><coordinates>-86.238712,39.793097</coordinates></Point>
          <Point><coordinates>-86.238712,39.793106</coordinates></Point>
          <Point><coordinates>-86.238712,39.793115</coordinates></Point>
          <Point><coordinates>-86.238712,39.793124</coordinates></Point>
          <Point><coordinates>-86.238713,39.793133</coordinates></Point>
          <Point><coordinates>-86.238713,39.793142</coordinates></Point>
          <Point><coordinates>-86.238713,39.793151</coordinates></Point>
          <Point><coordinates>-86.238713,39.79316</coordinates></Point>
          <Point><coordinates>-86.238713,39.793169</coordinates></Point>
          <Point><coordinates>-86.238713,39.793178</coordinates></Point>
          <Point><coordinates>-86.238713,39.793187</coordinates></Point>
          <Point><coordinates>-86.238713,39.793196</coordinates></Point>
          <Point><coordinates>-86.238713,39.793205</coordinates></Point>
          <Point><coordinates>-86.238714,39.793214</coordinates></Point>
          <Point><coordinates>-86.238714,39.793223</coordinates></Point>
          <Point><coordinates>-86.238714,39.793232</coordinates></Point>
          <Point><coordinates>-86.238714,39.793241</coordinates></Point>
          <Point><coordinates>-86.238714,39.79325</coordinates></Point>
          <Point><coordinates>-86.238714,39.793259</coordinates></Point>
          <Point><coordinates>-86.238714,39.793268</coordinates></Point>
          <Point><coordinates>-86.238714,39.793277</coordinates></Point>
          <Point><coordinates>-86.238714,39.793286</coordinates></Point>
          <Point><coordinates>-86.238715,39.793295</coordinates></Point>
          <Point><coordinates>-86.238715,39.793304</coordinates></Point>
          <Point><coordinates>-86.238715,39.793313</coordinates></Point>
          <Point><coordinates>-86.238715,39.793322</coordinates></Point>
          <Point><coordinates>-86.238715,39.793331</coordinates></Point>
          <Point><coordinates>-86.238716,39.79334</coordinates></Point>
          <Point><coordinates>-86.238716,39.793349</coordinates></Point>
          <Point><coordinates>-86.238716,39.793358</coordinates></Point>
          <Point><coordinates>-86.238716,39.793367</coordinates></Point>
          <Point><coordinates>-86.238717,39.793376</coordinates></Point>
          <Point><coordinates>-86.238717,39.793385</coordinates></Point>
          <Point><coordinates>-86.238717,39.793394</coordinates></Point>
          <Point><coordinates>-86.238717,39.793403</coordinates></Point>
          <Point><coordinates>-86.238717,39.793412</coordinates></Point>
          <Point><coordinates>-86.238717,39.793421</coordinates></Point>
          <Point><coordinates>-86.238717,39.79343</coordinates></Point>
          <Point><coordinates>-86.238717,39.793439</coordinates></Point>
          <Point><coordinates>-86.238717,39.793448</coordinates></Point>
          <Point><coordinates>-86.238718,39.793457</coordinates></Point>
          <Point><coordinates>-86.238718,39.793466</coordinates></Point>
          <Point><coordinates>-86.238718,39.793475</coordinates></Point>
          <Point><coordinates>-86.238718,39.793484</coordinates></Point>
          <Point><coordinates>-86.238718,39.793493</coordinates></Point>
          <Point><coordinates>-86.238718,39.793501</coordinates></Point>
          <Point><coordinates>-86.238718,39.79351</coordinates></Point>
          <Point><coordinates>-86.238718,39.793519</coordinates></Point>
          <Point><coordinates>-86.238718,39.793528</coordinates></Point>
          <Point><coordinates>-86.238718,39.793537</coordinates></Point>
          <Point><coordinates>-86.238719,39.793546</coordinates></Point>
          <Point><coordinates>-86.238719,39.793555</coordinates></Point>
          <Point><coordinates>-86.238719,39.793564</coordinates></Point>
          <Point><coordinates>-86.238719,39.793573</coordinates></Point>
          <Point><coordinates>-86.238719,39.793582</coordinates></Point>
          <Point><coordinates>-86.23872,39.793591</coordinates></Point>
          <Point><coordinates>-86.23872,39.7936</coordinates></Point>
          <Point><coordinates>-86.23872,39.793609</coordinates></Point>
          <Point><coordinates>-86.23872,39.793618</coordinates></Point>
          <Point><coordinates>-86.23872,39.793627</coordinates></Point>
          <Point><coordinates>-86.238721,39.793636</coordinates></Point>
          <Point><coordinates>-86.238721,39.793645</coordinates></Point>
          <Point><coordinates>-86.238721,39.793654</coordinates></Point>
          <Point><coordinates>-86.238721,39.793663</coordinates></Point>
          <Point><coordinates>-86.238721,39.793672</coordinates></Point>
          <Point><coordinates>-86.238722,39.793681</coordinates></Point>
          <Point><coordinates>-86.238722,39.79369</coordinates></Point>
          <Point><coordinates>-86.238722,39.793699</coordinates></Point>
          <Point><coordinates>-86.238722,39.793708</coordinates></Point>
          <Point><coordinates>-86.238722,39.793717</coordinates></Point>
          <Point><coordinates>-86.238723,39.793726</coordinates></Point>
          <Point><coordinates>-86.238723,39.793735</coordinates></Point>
          <Point><coordinates>-86.238723,39.793744</coordinates></Point>
          <Point><coordinates>-86.238723,39.793753</coordinates></Point>
          <Point><coordinates>-86.238724,39.793762</coordinates></Point>
          <Point><coordinates>-86.238724,39.793771</coordinates></Point>
          <Point><coordinates>-86.238724,39.79378</coordinates></Point>
          <Point><coordinates>-86.238724,39.793789</coordinates></Point>
          <Point><coordinates>-86.238724,39.793798</coordinates></Point>
          <Point><coordinates>-86.238724,39.793807</coordinates></Point>
          <Point><coordinates>-86.238725,39.793816</coordinates></Point>
          <Point><coordinates>-86.238725,39.793825</coordinates></Point>
          <Point><coordinates>-86.238725,39.793834</coordinates></Point>
          <Point><coordinates>-86.238725,39.793843</coordinates></Point>
          <Point><coordinates>-86.238726,39.793852</coordinates></Point>
          <Point><coordinates>-86.238726,39.793861</coordinates></Point>
          <Point><coordinates>-86.238726,39.79387</coordinates></Point>
          <Point><coordinates>-86.238727,39.793879</coordinates></Point>
          <Point><coordinates>-86.238727,39.793888</coordinates></Point>
          <Point><coordinates>-86.238727,39.793897</coordinates></Point>
          <Point><coordinates>-86.238727,39.793906</coordinates></Point>
          <Point><coordinates>-86.238728,39.793915</coordinates></Point>
          <Point><coordinates>-86.238728,39.793924</coordinates></Point>
          <Point><coordinates>-86.238728,39.793933</coordinates></Point>
          <Point><coordinates>-86.238729,39.793942</coordinates></Point>
          <Point><coordinates>-86.238729,39.793951</coordinates></Point>
          <Point><coordinates>-86.238729,39.79396</coordinates></Point>
          <Point><coordinates>-86.23873,39.793969</coordinates></Point>
          <Point><coordinates>-86.23873,39.793978</coordinates></Point>
          <Point><coordinates>-86.238731,39.793987</coordinates></Point>
          <Point><coordinates>-86.238731,39.793996</coordinates></Point>
          <Point><coordinates>-86.238731,39.794005</coordinates></Point>
          <Point><coordinates>-86.238732,39.794014</coordinates></Point>
          <Point><coordinates>-86.238732,39.794023</coordinates></Point>
          <Point><coordinates>-86.238732,39.794031</coordinates></Point>
          <Point><coordinates>-86.238732,39.79404</coordinates></Point>
          <Point><coordinates>-86.238733,39.794049</coordinates></Point>
          <Point><coordinates>-86.238733,39.794058</coordinates></Point>
          <Point><coordinates>-86.238733,39.794067</coordinates></Point>
          <Point><coordinates>-86.238733,39.794076</coordinates></Point>
          <Point><coordinates>-86.238734,39.794085</coordinates></Point>
          <Point><coordinates>-86.238734,39.794094</coordinates></Point>
          <Point><coordinates>-86.238734,39.794103</coordinates></Point>
          <Point><coordinates>-86.238735,39.794112</coordinates></Point>
          <Point><coordinates>-86.238735,39.794121</coordinates></Point>
          <Point><coordinates>-86.238735,39.79413</coordinates></Point>
          <Point><coordinates>-86.238735,39.794139</coordinates></Point>
          <Point><coordinates>-86.238735,39.794148</coordinates></Point>
          <Point><coordinates>-86.238735,39.794157</coordinates></Point>
          <Point><coordinates>-86.238735,39.794166</coordinates></Point>
          <Point><coordinates>-86.238735,39.794175</coordinates></Point>
          <Point><coordinates>-86.238735,39.794184</coordinates></Point>
          <Point><coordinates>-86.238735,39.794193</coordinates></Point>
          <Point><coordinates>-86.238735,39.794202</coordinates></Point>
          <Point><coordinates>-86.238735,39.794211</coordinates></Point>
          <Point><coordinates>-86.238735,39.79422</coordinates></Point>
          <Point><coordinates>-86.238735,39.794229</coordinates></Point>
          <Point><coordinates>-86.238735,39.794238</coordinates></Point>
          <Point><coordinates>-86.238735,39.794247</coordinates></Point>
          <Point><coordinates>-86.238735,39.794256</coordinates></Point>
          <Point><coordinates>-86.238735,39.794265</coordinates></Point>
          <Point><coordinates>-86.238735,39.794274</coordinates></Point>
          <Point><coordinates>-86.238735,39.794283</coordinates></Point>
          <Point><coordinates>-86.238735,39.794292</coordinates></Point>
          <Point><coordinates>-86.238735,39.794301</coordinates></Point>
          <Point><coordinates>-86.238735,39.79431</coordinates></Point>
          <Point><coordinates>-86.238735,39.794319</coordinates></Point>
          <Point><coordinates>-86.238735,39.794328</coordinates></Point>
          <Point><coordinates>-86.238735,39.794337</coordinates></Point>
          <Point><coordinates>-86.238735,39.794346</coordinates></Point>
          <Point><coordinates>-86.238735,39.794355</coordinates></Point>
          <Point><coordinates>-86.238735,39.794364</coordinates></Point>
          <Point><coordinates>-86.238735,39.794373</coordinates></Point>
          <Point><coordinates>-86.238735,39.794382</coordinates></Point>
          <Point><coordinates>-86.238735,39.794391</coordinates></Point>
          <Point><coordinates>-86.238736,39.7944</coordinates></Point>
          <Point><coordinates>-86.238736,39.794409</coordinates></Point>
          <Point><coordinates>-86.238736,39.794418</coordinates></Point>
          <Point><coordinates>-86.238736,39.794427</coordinates></Point>
          <Point><coordinates>-86.238736,39.794436</coordinates></Point>
          <Point><coordinates>-86.238736,39.794445</coordinates></Point>
          <Point><coordinates>-86.238737,39.794454</coordinates></Point>
          <Point><coordinates>-86.238737,39.794463</coordinates></Point>
          <Point><coordinates>-86.238737,39.794472</coordinates></Point>
          <Point><coordinates>-86.238737,39.794481</coordinates></Point>
          <Point><coordinates>-86.238737,39.79449</coordinates></Point>
          <Point><coordinates>-86.238737,39.794499</coordinates></Point>
          <Point><coordinates>-86.238738,39.794508</coordinates></Point>
          <Point><coordinates>-86.238738,39.794517</coordinates></Point>
          <Point><coordinates>-86.238738,39.794526</coordinates></Point>
          <Point><coordinates>-86.238738,39.794535</coordinates></Point>
          <Point><coordinates>-86.238738,39.794544</coordinates></Point>
          <Point><coordinates>-86.238738,39.794553</coordinates></Point>
          <Point><coordinates>-86.238739,39.794562</coordinates></Point>
          <Point><coordinates>-86.238739,39.79457</coordinates></Point>
          <Point><coordinates>-86.238739,39.794579</coordinates></Point>
          <Point><coordinates>-86.238739,39.794588</coordinates></Point>
          <Point><coordinates>-86.238739,39.794597</coordinates></Point>
          <Point><coordinates>-86.238739,39.794606</coordinates></Point>
          <Point><coordinates>-86.238739,39.794615</coordinates></Point>
          <Point><coordinates>-86.238739,39.794624</coordinates></Point>
          <Point><coordinates>-86.238739,39.794633</coordinates></Point>
          <Point><coordinates>-86.238739,39.794642</coordinates></Point>
          <Point><coordinates>-86.238739,39.794651</coordinates></Point>
          <Point><coordinates>-86.238739,39.79466</coordinates></Point>
          <Point><coordinates>-86.23874,39.794669</coordinates></Point>
          <Point><coordinates>-86.23874,39.794678</coordinates></Point>
          <Point><coordinates>-86.23874,39.794687</coordinates></Point>
          <Point><coordinates>-86.23874,39.794696</coordinates></Point>
          <Point><coordinates>-86.23874,39.794705</coordinates></Point>
          <Point><coordinates>-86.23874,39.794714</coordinates></Point>
          <Point><coordinates>-86.23874,39.794723</coordinates></Point>
          <Point><coordinates>-86.23874,39.794732</coordinates></Point>
          <Point><coordinates>-86.23874,39.794741</coordinates></Point>
          <Point><coordinates>-86.23874,39.79475</coordinates></Point>
          <Point><coordinates>-86.23874,39.794759</coordinates></Point>
          <Point><coordinates>-86.23874,39.794768</coordinates></Point>
          <Point><coordinates>-86.238741,39.794777</coordinates></Point>
          <Point><coordinates>-86.238741,39.794786</coordinates></Point>
          <Point><coordinates>-86.238741,39.794795</coordinates></Point>
          <Point><coordinates>-86.238741,39.794804</coordinates></Point>
          <Point><coordinates>-86.238741,39.794813</coordinates></Point>
          <Point><coordinates>-86.238741,39.794822</coordinates></Point>
          <Point><coordinates>-86.238741,39.794831</coordinates></Point>
          <Point><coordinates>-86.238741,39.79484</coordinates></Point>
          <Point><coordinates>-86.238741,39.794849</coordinates></Point>
          <Point><coordinates>-86.238741,39.794858</coordinates></Point>
          <Point><coordinates>-86.238742,39.794867</coordinates></Point>
          <Point><coordinates>-86.238742,39.794876</coordinates></Point>
          <Point><coordinates>-86.238742,39.794885</coordinates></Point>
          <Point><coordinates>-86.238742,39.794894</coordinates></Point>
          <Point><coordinates>-86.238742,39.794903</coordinates></Point>
          <Point><coordinates>-86.238742,39.794912</coordinates></Point>
          <Point><coordinates>-86.238742,39.794921</coordinates></Point>
          <Point><coordinates>-86.238742,39.79493</coordinates></Point>
          <Point><coordinates>-86.238742,39.794939</coordinates></Point>
          <Point><coordinates>-86.238742,39.794948</coordinates></Point>
          <Point><coordinates>-86.238742,39.794957</coordinates></Point>
          <Point><coordinates>-86.238742,39.794966</coordinates></Point>
          <Point><coordinates>-86.238742,39.794975</coordinates></Point>
          <Point><coordinates>-86.238742,39.794984</coordinates></Point>
          <Point><coordinates>-86.238742,39.794993</coordinates></Point>
          <Point><coordinates>-86.238743,39.795002</coordinates></Point>
          <Point><coordinates>-86.238743,39.795011</coordinates></Point>
          <Point><coordinates>-86.238743,39.79502</coordinates></Point>
          <Point><coordinates>-86.238743,39.795029</coordinates></Point>
          <Point><coordinates>-86.238743,39.795038</coordinates></Point>
          <Point><coordinates>-86.238743,39.795047</coordinates></Point>
          <Point><coordinates>-86.238743,39.795056</coordinates></Point>
          <Point><coordinates>-86.238744,39.795065</coordinates></Point>
          <Point><coordinates>-86.238744,39.795074</coordinates></Point>
          <Point><coordinates>-86.238744,39.795083</coordinates></Point>
          <Point><coordinates>-86.238744,39.795092</coordinates></Point>
          <Point><coordinates>-86.238744,39.7951</coordinates></Point>
          <Point><coordinates>-86.238744,39.795109</coordinates></Point>
          <Point><coordinates>-86.238745,39.795118</coordinates></Point>
          <Point><coordinates>-86.238745,39.795127</coordinates></Point>
          <Point><coordinates>-86.238745,39.795136</coordinates></Point>
          <Point><coordinates>-86.238745,39.795145</coordinates></Point>
          <Point><coordinates>-86.238745,39.795154</coordinates></Point>
          <Point><coordinates>-86.238745,39.795163</coordinates></Point>
          <Point><coordinates>-86.238745,39.795172</coordinates></Point>
          <Point><coordinates>-86.238745,39.795181</coordinates></Point>
          <Point><coordinates>-86.238746,39.79519</coordinates></Point>
          <Point><coordinates>-86.238746,39.795199</coordinates></Point>
          <Point><coordinates>-86.238746,39.795208</coordinates></Point>
          <Point><coordinates>-86.238746,39.795217</coordinates></Point>
          <Point><coordinates>-86.238746,39.795226</coordinates></Point>
          <Point><coordinates>-86.238746,39.795235</coordinates></Point>
          <Point><coordinates>-86.238747,39.795244</coordinates></Point>
          <Point><coordinates>-86.238747,39.795253</coordinates></Point>
          <Point><coordinates>-86.238747,39.795262</coordinates></Point>
          <Point><coordinates>-86.238747,39.795271</coordinates></Point>
          <Point><coordinates>-86.238748,39.79528</coordinates></Point>
          <Point><coordinates>-86.238748,39.795289</coordinates></Point>
          <Point><coordinates>-86.238748,39.795298</coordinates></Point>
          <Point><coordinates>-86.238748,39.795307</coordinates></Point>
          <Point><coordinates>-86.238749,39.795316</coordinates></Point>
          <Point><coordinates>-86.238749,39.795325</coordinates></Point>
          <Point><coordinates>-86.238749,39.795334</coordinates></Point>
          <Point><coordinates>-86.238749,39.795343</coordinates></Point>
          <Point><coordinates>-86.238749,39.795352</coordinates></Point>
          <Point><coordinates>-86.23875,39.795361</coordinates></Point>
          <Point><coordinates>-86.23875,39.79537</coordinates></Point>
          <Point><coordinates>-86.23875,39.795379</coordinates></Point>
          <Point><coordinates>-86.23875,39.795388</coordinates></Point>
          <Point><coordinates>-86.23875,39.795397</coordinates></Point>
          <Point><coordinates>-86.23875,39.795406</coordinates></Point>
          <Point><coordinates>-86.23875,39.795415</coordinates></Point>
          <Point><coordinates>-86.23875,39.795424</coordinates></Point>
          <Point><coordinates>-86.23875,39.795433</coordinates></Point>
          <Point><coordinates>-86.23875,39.795442</coordinates></Point>
          <Point><coordinates>-86.23875,39.795451</coordinates></Point>
          <Point><coordinates>-86.23875,39.79546</coordinates></Point>
          <Point><coordinates>-86.238751,39.795469</coordinates></Point>
          <Point><coordinates>-86.238751,39.795478</coordinates></Point>
          <Point><coordinates>-86.238751,39.795487</coordinates></Point>
          <Point><coordinates>-86.238751,39.795496</coordinates></Point>
          <Point><coordinates>-86.238751,39.795505</coordinates></Point>
          <Point><coordinates>-86.238751,39.795514</coordinates></Point>
          <Point><coordinates>-86.238751,39.795523</coordinates></Point>
          <Point><coordinates>-86.238751,39.795532</coordinates></Point>
          <Point><coordinates>-86.238752,39.795541</coordinates></Point>
          <Point><coordinates>-86.238752,39.79555</coordinates></Point>
          <Point><coordinates>-86.238752,39.795559</coordinates></Point>
          <Point><coordinates>-86.238752,39.795568</coordinates></Point>
          <Point><coordinates>-86.238752,39.795577</coordinates></Point>
          <Point><coordinates>-86.238753,39.795586</coordinates></Point>
          <Point><coordinates>-86.238753,39.795595</coordinates></Point>
          <Point><coordinates>-86.238753,39.795604</coordinates></Point>
          <Point><coordinates>-86.238753,39.795613</coordinates></Point>
          <Point><coordinates>-86.238753,39.795622</coordinates></Point>
          <Point><coordinates>-86.238753,39.79563</coordinates></Point>
          <Point><coordinates>-86.238753,39.795639</coordinates></Point>
          <Point><coordinates>-86.238753,39.795648</coordinates></Point>
          <Point><coordinates>-86.238753,39.795657</coordinates></Point>
          <Point><coordinates>-86.238753,39.795666</coordinates></Point>
          <Point><coordinates>-86.238753,39.795675</coordinates></Point>
          <Point><coordinates>-86.238753,39.795684</coordinates></Point>
          <Point><coordinates>-86.238753,39.795693</coordinates></Point>
          <Point><coordinates>-86.238754,39.795702</coordinates></Point>
          <Point><coordinates>-86.238754,39.795711</coordinates></Point>
          <Point><coordinates>-86.238754,39.79572</coordinates></Point>
          <Point><coordinates>-86.238754,39.795729</coordinates></Point>
          <Point><coordinates>-86.238754,39.795738</coordinates></Point>
          <Point><coordinates>-86.238754,39.795747</coordinates></Point>
          <Point><coordinates>-86.238754,39.795756</coordinates></Point>
          <Point><coordinates>-86.238754,39.795765</coordinates></Point>
          <Point><coordinates>-86.238755,39.795774</coordinates></Point>
          <Point><coordinates>-86.238755,39.795783</coordinates></Point>
          <Point><coordinates>-86.238755,39.795792</coordinates></Point>
          <Point><coordinates>-86.238755,39.795801</coordinates></Point>
          <Point><coordinates>-86.238755,39.79581</coordinates></Point>
          <Point><coordinates>-86.238755,39.795819</coordinates></Point>
          <Point><coordinates>-86.238756,39.795828</coordinates></Point>
          <Point><coordinates>-86.238756,39.795837</coordinates></Point>
          <Point><coordinates>-86.238756,39.795846</coordinates></Point>
          <Point><coordinates>-86.238756,39.795855</coordinates></Point>
          <Point><coordinates>-86.238756,39.795864</coordinates></Point>
          <Point><coordinates>-86.238756,39.795873</coordinates></Point>
          <Point><coordinates>-86.238756,39.795882</coordinates></Point>
          <Point><coordinates>-86.238756,39.795891</coordinates></Point>
          <Point><coordinates>-86.238756,39.7959</coordinates></Point>
          <Point><coordinates>-86.238756,39.795909</coordinates></Point>
          <Point><coordinates>-86.238756,39.795918</coordinates></Point>
          <Point><coordinates>-86.238756,39.795927</coordinates></Point>
          <Point><coordinates>-86.238757,39.795936</coordinates></Point>
          <Point><coordinates>-86.238757,39.795945</coordinates></Point>
          <Point><coordinates>-86.238757,39.795954</coordinates></Point>
          <Point><coordinates>-86.238757,39.795963</coordinates></Point>
          <Point><coordinates>-86.238757,39.795972</coordinates></Point>
          <Point><coordinates>-86.238757,39.795981</coordinates></Point>
          <Point><coordinates>-86.238757,39.79599</coordinates></Point>
          <Point><coordinates>-86.238758,39.795999</coordinates></Point>
          <Point><coordinates>-86.238758,39.796008</coordinates></Point>
          <Point><coordinates>-86.238758,39.796017</coordinates></Point>
          <Point><coordinates>-86.238758,39.796026</coordinates></Point>
          <Point><coordinates>-86.238758,39.796035</coordinates></Point>
          <Point><coordinates>-86.238758,39.796044</coordinates></Point>
          <Point><coordinates>-86.238759,39.796053</coordinates></Point>
          <Point><coordinates>-86.238759,39.796062</coordinates></Point>
          <Point><coordinates>-86.238759,39.796071</coordinates></Point>
          <Point><coordinates>-86.238759,39.79608</coordinates></Point>
          <Point><coordinates>-86.238759,39.796089</coordinates></Point>
          <Point><coordinates>-86.238759,39.796098</coordinates></Point>
          <Point><coordinates>-86.238759,39.796107</coordinates></Point>
          <Point><coordinates>-86.23876,39.796116</coordinates></Point>
          <Point><coordinates>-86.23876,39.796125</coordinates></Point>
          <Point><coordinates>-86.23876,39.796134</coordinates></Point>
          <Point><coordinates>-86.23876,39.796143</coordinates></Point>
          <Point><coordinates>-86.23876,39.796152</coordinates></Point>
          <Point><coordinates>-86.23876,39.796161</coordinates></Point>
          <Point><coordinates>-86.238761,39.796169</coordinates></Point>
          <Point><coordinates>-86.238761,39.796178</coordinates></Point>
          <Point><coordinates>-86.238761,39.796187</coordinates></Point>
          <Point><coordinates>-86.238761,39.796196</coordinates></Point>
          <Point><coordinates>-86.238761,39.796205</coordinates></Point>
          <Point><coordinates>-86.238761,39.796214</coordinates></Point>
          <Point><coordinates>-86.238761,39.796223</coordinates></Point>
          <Point><coordinates>-86.238761,39.796232</coordinates></Point>
          <Point><coordinates>-86.238761,39.796241</coordinates></Point>
          <Point><coordinates>-86.238761,39.79625</coordinates></Point>
          <Point><coordinates>-86.238761,39.796259</coordinates></Point>
          <Point><coordinates>-86.238761,39.796268</coordinates></Point>
          <Point><coordinates>-86.238762,39.796277</coordinates></Point>
          <Point><coordinates>-86.238762,39.796286</coordinates></Point>
          <Point><coordinates>-86.238762,39.796295</coordinates></Point>
          <Point><coordinates>-86.238762,39.796304</coordinates></Point>
          <Point><coordinates>-86.238762,39.796313</coordinates></Point>
          <Point><coordinates>-86.238762,39.796322</coordinates></Point>
          <Point><coordinates>-86.238762,39.796331</coordinates></Point>
          <Point><coordinates>-86.238762,39.79634</coordinates></Point>
          <Point><coordinates>-86.238762,39.796349</coordinates></Point>
          <Point><coordinates>-86.238763,39.796358</coordinates></Point>
          <Point><coordinates>-86.238763,39.796367</coordinates></Point>
          <Point><coordinates>-86.238763,39.796376</coordinates></Point>
          <Point><coordinates>-86.238763,39.796385</coordinates></Point>
          <Point><coordinates>-86.238763,39.796394</coordinates></Point>
          <Point><coordinates>-86.238764,39.796403</coordinates></Point>
          <Point><coordinates>-86.238764,39.796412</coordinates></Point>
          <Point><coordinates>-86.238764,39.796421</coordinates></Point>
          <Point><coordinates>-86.238764,39.79643</coordinates></Point>
          <Point><coordinates>-86.238764,39.796439</coordinates></Point>
          <Point><coordinates>-86.238764,39.796448</coordinates></Point>
          <Point><coordinates>-86.238764,39.796457</coordinates></Point>
          <Point><coordinates>-86.238765,39.796466</coordinates></Point>
          <Point><coordinates>-86.238765,39.796475</coordinates></Point>
          <Point><coordinates>-86.238765,39.796484</coordinates></Point>
          <Point><coordinates>-86.238765,39.796493</coordinates></Point>
          <Point><coordinates>-86.238765,39.796502</coordinates></Point>
          <Point><coordinates>-86.238765,39.796511</coordinates></Point>
          <Point><coordinates>-86.238766,39.79652</coordinates></Point>
          <Point><coordinates>-86.238766,39.796529</coordinates></Point>
          <Point><coordinates>-86.238766,39.796538</coordinates></Point>
          <Point><coordinates>-86.238766,39.796547</coordinates></Point>
          <Point><coordinates>-86.238766,39.796556</coordinates></Point>
          <Point><coordinates>-86.238766,39.796565</coordinates></Point>
          <Point><coordinates>-86.238766,39.796574</coordinates></Point>
          <Point><coordinates>-86.238766,39.796583</coordinates></Point>
          <Point><coordinates>-86.238766,39.796592</coordinates></Point>
          <Point><coordinates>-86.238766,39.796601</coordinates></Point>
          <Point><coordinates>-86.238766,39.79661</coordinates></Point>
          <Point><coordinates>-86.238767,39.796619</coordinates></Point>
          <Point><coordinates>-86.238767,39.796628</coordinates></Point>
          <Point><coordinates>-86.238767,39.796637</coordinates></Point>
          <Point><coordinates>-86.238767,39.796646</coordinates></Point>
          <Point><coordinates>-86.238767,39.796655</coordinates></Point>
          <Point><coordinates>-86.238767,39.796664</coordinates></Point>
          <Point><coordinates>-86.238768,39.796673</coordinates></Point>
          <Point><coordinates>-86.238768,39.796682</coordinates></Point>
          <Point><coordinates>-86.238768,39.796691</coordinates></Point>
          <Point><coordinates>-86.238768,39.796699</coordinates></Point>
          <Point><coordinates>-86.238769,39.796708</coordinates></Point>
          <Point><coordinates>-86.238769,39.796717</coordinates></Point>
          <Point><coordinates>-86.238769,39.796726</coordinates></Point>
          <Point><coordinates>-86.23877,39.796735</coordinates></Point>
          <Point><coordinates>-86.23877,39.796744</coordinates></Point>
          <Point><coordinates>-86.23877,39.796753</coordinates></Point>
          <Point><coordinates>-86.238771,39.796762</coordinates></Point>
          <Point><coordinates>-86.238771,39.796771</coordinates></Point>
          <Point><coordinates>-86.238771,39.79678</coordinates></Point>
          <Point><coordinates>-86.238772,39.796789</coordinates></Point>
          <Point><coordinates>-86.238772,39.796798</coordinates></Point>
          <Point><coordinates>-86.238772,39.796807</coordinates></Point>
          <Point><coordinates>-86.238773,39.796816</coordinates></Point>
          <Point><coordinates>-86.238773,39.796825</coordinates></Point>
          <Point><coordinates>-86.238773,39.796834</coordinates></Point>
          <Point><coordinates>-86.238774,39.796843</coordinates></Point>
          <Point><coordinates>-86.238774,39.796852</coordinates></Point>
          <Point><coordinates>-86.238775,39.796861</coordinates></Point>
          <Point><coordinates>-86.238775,39.79687</coordinates></Point>
          <Point><coordinates>-86.238776,39.796879</coordinates></Point>
          <Point><coordinates>-86.238777,39.796888</coordinates></Point>
          <Point><coordinates>-86.238777,39.796897</coordinates></Point>
          <Point><coordinates>-86.238778,39.796906</coordinates></Point>
          <Point><coordinates>-86.238778,39.796915</coordinates></Point>
          <Point><coordinates>-86.238779,39.796924</coordinates></Point>
          <Point><coordinates>-86.23878,39.796933</coordinates></Point>
          <Point><coordinates>-86.23878,39.796942</coordinates></Point>
          <Point><coordinates>-86.238781,39.796951</coordinates></Point>
          <Point><coordinates>-86.238782,39.79696</coordinates></Point>
          <Point><coordinates>-86.238782,39.796969</coordinates></Point>
          <Point><coordinates>-86.238783,39.796978</coordinates></Point>
          <Point><coordinates>-86.238783,39.796987</coordinates></Point>
          <Point><coordinates>-86.238784,39.796996</coordinates></Point>
          <Point><coordinates>-86.238784,39.797005</coordinates></Point>
          <Point><coordinates>-86.238785,39.797014</coordinates></Point>
          <Point><coordinates>-86.238786,39.797023</coordinates></Point>
          <Point><coordinates>-86.238786,39.797032</coordinates></Point>
          <Point><coordinates>-86.238787,39.797041</coordinates></Point>
          <Point><coordinates>-86.238787,39.79705</coordinates></Point>
          <Point><coordinates>-86.238788,39.797059</coordinates></Point>
          <Point><coordinates>-86.238788,39.797068</coordinates></Point>
          <Point><coordinates>-86.238789,39.797077</coordinates></Point>
          <Point><coordinates>-86.238789,39.797086</coordinates></Point>
          <Point><coordinates>-86.23879,39.797095</coordinates></Point>
          <Point><coordinates>-86.23879,39.797104</coordinates></Point>
          <Point><coordinates>-86.23879,39.797113</coordinates></Point>
          <Point><coordinates>-86.238791,39.797122</coordinates></Point>
          <Point><coordinates>-86.238791,39.797131</coordinates></Point>
          <Point><coordinates>-86.238792,39.79714</coordinates></Point>
          <Point><coordinates>-86.238792,39.797149</coordinates></Point>
          <Point><coordinates>-86.238793,39.797158</coordinates></Point>
          <Point><coordinates>-86.238793,39.797167</coordinates></Point>
          <Point><coordinates>-86.238793,39.797176</coordinates></Point>
          <Point><coordinates>-86.238793,39.797185</coordinates></Point>
          <Point><coordinates>-86.238793,39.797194</coordinates></Point>
          <Point><coordinates>-86.238794,39.797203</coordinates></Point>
          <Point><coordinates>-86.238794,39.797212</coordinates></Point>
          <Point><coordinates>-86.238794,39.797221</coordinates></Point>
          <Point><coordinates>-86.238794,39.797229</coordinates></Point>
          <Point><coordinates>-86.238795,39.797238</coordinates></Point>
          <Point><coordinates>-86.238795,39.797247</coordinates></Point>
          <Point><coordinates>-86.238795,39.797256</coordinates></Point>
          <Point><coordinates>-86.238796,39.797265</coordinates></Point>
          <Point><coordinates>-86.238796,39.797274</coordinates></Point>
          <Point><coordinates>-86.238796,39.797283</coordinates></Point>
          <Point><coordinates>-86.238796,39.797292</coordinates></Point>
          <Point><coordinates>-86.238796,39.797301</coordinates></Point>
          <Point><coordinates>-86.238796,39.79731</coordinates></Point>
          <Point><coordinates>-86.238796,39.797319</coordinates></Point>
          <Point><coordinates>-86.238797,39.797328</coordinates></Point>
          <Point><coordinates>-86.238797,39.797337</coordinates></Point>
          <Point><coordinates>-86.238797,39.797346</coordinates></Point>
          <Point><coordinates>-86.238797,39.797355</coordinates></Point>
          <Point><coordinates>-86.238797,39.797364</coordinates></Point>
          <Point><coordinates>-86.238798,39.797373</coordinates></Point>
          <Point><coordinates>-86.238798,39.797382</coordinates></Point>
          <Point><coordinates>-86.238798,39.797391</coordinates></Point>
          <Point><coordinates>-86.238798,39.7974</coordinates></Point>
          <Point><coordinates>-86.238798,39.797409</coordinates></Point>
          <Point><coordinates>-86.238798,39.797418</coordinates></Point>
          <Point><coordinates>-86.238798,39.797427</coordinates></Point>
          <Point><coordinates>-86.238798,39.797436</coordinates></Point>
          <Point><coordinates>-86.238798,39.797445</coordinates></Point>
          <Point><coordinates>-86.238798,39.797454</coordinates></Point>
          <Point><coordinates>-86.238798,39.797463</coordinates></Point>
          <Point><coordinates>-86.238798,39.797472</coordinates></Point>
          <Point><coordinates>-86.238798,39.797481</coordinates></Point>
          <Point><coordinates>-86.238798,39.79749</coordinates></Point>
          <Point><coordinates>-86.238798,39.797499</coordinates></Point>
          <Point><coordinates>-86.238798,39.797508</coordinates></Point>
          <Point><coordinates>-86.238798,39.797517</coordinates></Point>
          <Point><coordinates>-86.238798,39.797526</coordinates></Point>
          <Point><coordinates>-86.238798,39.797535</coordinates></Point>
          <Point><coordinates>-86.238798,39.797544</coordinates></Point>
          <Point><coordinates>-86.238798,39.797553</coordinates></Point>
          <Point><coordinates>-86.238798,39.797562</coordinates></Point>
          <Point><coordinates>-86.238798,39.797571</coordinates></Point>
          <Point><coordinates>-86.238798,39.79758</coordinates></Point>
          <Point><coordinates>-86.238798,39.797589</coordinates></Point>
          <Point><coordinates>-86.238797,39.797598</coordinates></Point>
          <Point><coordinates>-86.238797,39.797607</coordinates></Point>
          <Point><coordinates>-86.238797,39.797616</coordinates></Point>
          <Point><coordinates>-86.238797,39.797625</coordinates></Point>
          <Point><coordinates>-86.238797,39.797634</coordinates></Point>
          <Point><coordinates>-86.238797,39.797643</coordinates></Point>
          <Point><coordinates>-86.238796,39.797652</coordinates></Point>
          <Point><coordinates>-86.238796,39.797661</coordinates></Point>
          <Point><coordinates>-86.238796,39.79767</coordinates></Point>
          <Point><coordinates>-86.238796,39.797679</coordinates></Point>
          <Point><coordinates>-86.238796,39.797688</coordinates></Point>
          <Point><coordinates>-86.238796,39.797697</coordinates></Point>
          <Point><coordinates>-86.238795,39.797706</coordinates></Point>
          <Point><coordinates>-86.238795,39.797715</coordinates></Point>
          <Point><coordinates>-86.238795,39.797724</coordinates></Point>
          <Point><coordinates>-86.238795,39.797733</coordinates></Point>
          <Point><coordinates>-86.238795,39.797742</coordinates></Point>
          <Point><coordinates>-86.238795,39.797751</coordinates></Point>
          <Point><coordinates>-86.238795,39.79776</coordinates></Point>
          <Point><coordinates>-86.238795,39.797768</coordinates></Point>
          <Point><coordinates>-86.238795,39.797777</coordinates></Point>
          <Point><coordinates>-86.238795,39.797786</coordinates></Point>
          <Point><coordinates>-86.238794,39.797795</coordinates></Point>
          <Point><coordinates>-86.238794,39.797804</coordinates></Point>
          <Point><coordinates>-86.238794,39.797813</coordinates></Point>
          <Point><coordinates>-86.238794,39.797822</coordinates></Point>
          <Point><coordinates>-86.238794,39.797831</coordinates></Point>
          <Point><coordinates>-86.238794,39.79784</coordinates></Point>
          <Point><coordinates>-86.238794,39.797849</coordinates></Point>
          <Point><coordinates>-86.238794,39.797858</coordinates></Point>
          <Point><coordinates>-86.238794,39.797867</coordinates></Point>
          <Point><coordinates>-86.238794,39.797876</coordinates></Point>
          <Point><coordinates>-86.238794,39.797885</coordinates></Point>
          <Point><coordinates>-86.238794,39.797894</coordinates></Point>
          <Point><coordinates>-86.238794,39.797903</coordinates></Point>
          <Point><coordinates>-86.238794,39.797912</coordinates></Point>
          <Point><coordinates>-86.238794,39.797921</coordinates></Point>
          <Point><coordinates>-86.238794,39.79793</coordinates></Point>
          <Point><coordinates>-86.238794,39.797939</coordinates></Point>
          <Point><coordinates>-86.238794,39.797948</coordinates></Point>
          <Point><coordinates>-86.238794,39.797957</coordinates></Point>
          <Point><coordinates>-86.238794,39.797966</coordinates></Point>
          <Point><coordinates>-86.238794,39.797975</coordinates></Point>
          <Point><coordinates>-86.238794,39.797984</coordinates></Point>
          <Point><coordinates>-86.238794,39.797993</coordinates></Point>
          <Point><coordinates>-86.238794,39.798002</coordinates></Point>
          <Point><coordinates>-86.238794,39.798011</coordinates></Point>
          <Point><coordinates>-86.238794,39.79802</coordinates></Point>
          <Point><coordinates>-86.238794,39.798029</coordinates></Point>
          <Point><coordinates>-86.238794,39.798038</coordinates></Point>
          <Point><coordinates>-86.238794,39.798047</coordinates></Point>
          <Point><coordinates>-86.238794,39.798056</coordinates></Point>
          <Point><coordinates>-86.238794,39.798065</coordinates></Point>
          <Point><coordinates>-86.238794,39.798074</coordinates></Point>
          <Point><coordinates>-86.238794,39.798083</coordinates></Point>
          <Point><coordinates>-86.238794,39.798092</coordinates></Point>
          <Point><coordinates>-86.238794,39.798101</coordinates></Point>
          <Point><coordinates>-86.238794,39.79811</coordinates></Point>
          <Point><coordinates>-86.238794,39.798119</coordinates></Point>
          <Point><coordinates>-86.238794,39.798128</coordinates></Point>
          <Point><coordinates>-86.238794,39.798137</coordinates></Point>
          <Point><coordinates>-86.238794,39.798146</coordinates></Point>
          <Point><coordinates>-86.238794,39.798155</coordinates></Point>
          <Point><coordinates>-86.238794,39.798164</coordinates></Point>
          <Point><coordinates>-86.238794,39.798173</coordinates></Point>
          <Point><coordinates>-86.238794,39.798182</coordinates></Point>
          <Point><coordinates>-86.238794,39.798191</coordinates></Point>
          <Point><coordinates>-86.238794,39.7982</coordinates></Point>
          <Point><coordinates>-86.238794,39.798209</coordinates></Point>
          <Point><coordinates>-86.238794,39.798218</coordinates></Point>
          <Point><coordinates>-86.238794,39.798227</coordinates></Point>
          <Point><coordinates>-86.238794,39.798236</coordinates></Point>
          <Point><coordinates>-86.238794,39.798245</coordinates></Point>
          <Point><coordinates>-86.238794,39.798254</coordinates></Point>
          <Point><coordinates>-86.238794,39.798263</coordinates></Point>
          <Point><coordinates>-86.238794,39.798272</coordinates></Point>
          <Point><coordinates>-86.238794,39.798281</coordinates></Point>
          <Point><coordinates>-86.238794,39.79829</coordinates></Point>
          <Point><coordinates>-86.238794,39.798298</coordinates></Point>
          <Point><coordinates>-86.238794,39.798307</coordinates></Point>
          <Point><coordinates>-86.238793,39.798316</coordinates></Point>
          <Point><coordinates>-86.238793,39.798325</coordinates></Point>
          <Point><coordinates>-86.238793,39.798334</coordinates></Point>
          <Point><coordinates>-86.238793,39.798343</coordinates></Point>
          <Point><coordinates>-86.238793,39.798352</coordinates></Point>
          <Point><coordinates>-86.238793,39.798361</coordinates></Point>
          <Point><coordinates>-86.238793,39.79837</coordinates></Point>
          <Point><coordinates>-86.238793,39.798379</coordinates></Point>
          <Point><coordinates>-86.238793,39.798388</coordinates></Point>
          <Point><coordinates>-86.238793,39.798397</coordinates></Point>
          <Point><coordinates>-86.238792,39.798406</coordinates></Point>
          <Point><coordinates>-86.238792,39.798415</coordinates></Point>
          <Point><coordinates>-86.238792,39.798424</coordinates></Point>
          <Point><coordinates>-86.238792,39.798433</coordinates></Point>
          <Point><coordinates>-86.238792,39.798442</coordinates></Point>
          <Point><coordinates>-86.238792,39.798451</coordinates></Point>
          <Point><coordinates>-86.238792,39.79846</coordinates></Point>
          <Point><coordinates>-86.238792,39.798469</coordinates></Point>
          <Point><coordinates>-86.238792,39.798478</coordinates></Point>
          <Point><coordinates>-86.238792,39.798487</coordinates></Point>
          <Point><coordinates>-86.238791,39.798496</coordinates></Point>
          <Point><coordinates>-86.238791,39.798505</coordinates></Point>
          <Point><coordinates>-86.238791,39.798514</coordinates></Point>
          <Point><coordinates>-86.238791,39.798523</coordinates></Point>
          <Point><coordinates>-86.238791,39.798532</coordinates></Point>
          <Point><coordinates>-86.238791,39.798541</coordinates></Point>
          <Point><coordinates>-86.238791,39.79855</coordinates></Point>
          <Point><coordinates>-86.238791,39.798559</coordinates></Point>
          <Point><coordinates>-86.238791,39.798568</coordinates></Point>
          <Point><coordinates>-86.238791,39.798577</coordinates></Point>
          <Point><coordinates>-86.23879,39.798586</coordinates></Point>
          <Point><coordinates>-86.23879,39.798595</coordinates></Point>
          <Point><coordinates>-86.23879,39.798604</coordinates></Point>
          <Point><coordinates>-86.23879,39.798613</coordinates></Point>
          <Point><coordinates>-86.23879,39.798622</coordinates></Point>
          <Point><coordinates>-86.23879,39.798631</coordinates></Point>
          <Point><coordinates>-86.23879,39.79864</coordinates></Point>
          <Point><coordinates>-86.23879,39.798649</coordinates></Point>
          <Point><coordinates>-86.23879,39.798658</coordinates></Point>
          <Point><coordinates>-86.238789,39.798667</coordinates></Point>
          <Point><coordinates>-86.238789,39.798676</coordinates></Point>
          <Point><coordinates>-86.238789,39.798685</coordinates></Point>
          <Point><coordinates>-86.238788,39.798694</coordinates></Point>
          <Point><coordinates>-86.238788,39.798703</coordinates></Point>
          <Point><coordinates>-86.238788,39.798712</coordinates></Point>
          <Point><coordinates>-86.238787,39.798721</coordinates></Point>
          <Point><coordinates>-86.238787,39.79873</coordinates></Point>
          <Point><coordinates>-86.238787,39.798739</coordinates></Point>
          <Point><coordinates>-86.238786,39.798748</coordinates></Point>
          <Point><coordinates>-86.238786,39.798757</coordinates></Point>
          <Point><coordinates>-86.238785,39.798766</coordinates></Point>
          <Point><coordinates>-86.238784,39.798775</coordinates></Point>
          <Point><coordinates>-86.238783,39.798784</coordinates></Point>
          <Point><coordinates>-86.238782,39.798793</coordinates></Point>
          <Point><coordinates>-86.238782,39.798802</coordinates></Point>
          <Point><coordinates>-86.238781,39.798811</coordinates></Point>
          <Point><coordinates>-86.23878,39.798819</coordinates></Point>
          <Point><coordinates>-86.238778,39.798828</coordinates></Point>
          <Point><coordinates>-86.238776,39.798837</coordinates></Point>
          <Point><coordinates>-86.238774,39.798846</coordinates></Point>
          <Point><coordinates>-86.238773,39.798855</coordinates></Point>
          <Point><coordinates>-86.238771,39.798864</coordinates></Point>
          <Point><coordinates>-86.238769,39.798873</coordinates></Point>
          <Point><coordinates>-86.238767,39.798882</coordinates></Point>
          <Point><coordinates>-86.238764,39.79889</coordinates></Point>
          <Point><coordinates>-86.23876,39.798899</coordinates></Point>
          <Point><coordinates>-86.238756,39.798907</coordinates></Point>
          <Point><coordinates>-86.238753,39.798916</coordinates></Point>
          <Point><coordinates>-86.238749,39.798924</coordinates></Point>
          <Point><coordinates>-86.238746,39.798933</coordinates></Point>
          <Point><coordinates>-86.238742,39.798941</coordinates></Point>
          <Point><coordinates>-86.238736,39.798949</coordinates></Point>
          <Point><coordinates>-86.23873,39.798957</coordinates></Point>
          <Point><coordinates>-86.238724,39.798965</coordinates></Point>
          <Point><coordinates>-86.238718,39.798972</coordinates></Point>
          <Point><coordinates>-86.238713,39.79898</coordinates></Point>
          <Point><coordinates>-86.238707,39.798988</coordinates></Point>
          <Point><coordinates>-86.2387,39.798995</coordinates></Point>
          <Point><coordinates>-86.238692,39.799002</coordinates></Point>
          <Point><coordinates>-86.238684,39.799008</coordinates></Point>
          <Point><coordinates>-86.238676,39.799015</coordinates></Point>
          <Point><coordinates>-86.238668,39.799021</coordinates></Point>
          <Point><coordinates>-86.23866,39.799028</coordinates></Point>
          <Point><coordinates>-86.238652,39.799034</coordinates></Point>
          <Point><coordinates>-86.238643,39.79904</coordinates></Point>
          <Point><coordinates>-86.238634,39.799045</coordinates></Point>
          <Point><coordinates>-86.238624,39.79905</coordinates></Point>
          <Point><coordinates>-86.238614,39.799055</coordinates></Point>
          <Point><coordinates>-86.238604,39.79906</coordinates></Point>
          <Point><coordinates>-86.238595,39.799065</coordinates></Point>
          <Point><coordinates>-86.238585,39.79907</coordinates></Point>
          <Point><coordinates>-86.238575,39.799075</coordinates></Point>
          <Point><coordinates>-86.238564,39.799078</coordinates></Point>
          <Point><coordinates>-86.238553,39.799081</coordinates></Point>
          <Point><coordinates>-86.238543,39.799085</coordinates></Point>
          <Point><coordinates>-86.238532,39.799088</coordinates></Point>
          <Point><coordinates>-86.238521,39.799091</coordinates></Point>
          <Point><coordinates>-86.23851,39.799094</coordinates></Point>
          <Point><coordinates>-86.238499,39.799097</coordinates></Point>
          <Point><coordinates>-86.238488,39.7991</coordinates></Point>
          <Point><coordinates>-86.238476,39.799102</coordinates></Point>
          <Point><coordinates>-86.238465,39.799104</coordinates></Point>
          <Point><coordinates>-86.238454,39.799106</coordinates></Point>
          <Point><coordinates>-86.238442,39.799108</coordinates></Point>
          <Point><coordinates>-86.238431,39.79911</coordinates></Point>
          <Point><coordinates>-86.23842,39.799112</coordinates></Point>
          <Point><coordinates>-86.238408,39.799115</coordinates></Point>
          <Point><coordinates>-86.238397,39.799116</coordinates></Point>
          <Point><coordinates>-86.238385,39.799117</coordinates></Point>
          <Point><coordinates>-86.238374,39.799119</coordinates></Point>
          <Point><coordinates>-86.238362,39.79912</coordinates></Point>
          <Point><coordinates>-86.238351,39.799121</coordinates></Point>
          <Point><coordinates>-86.238339,39.799123</coordinates></Point>
          <Point><coordinates>-86.238327,39.799124</coordinates></Point>
          <Point><coordinates>-86.238316,39.799126</coordinates></Point>
          <Point><coordinates>-86.238304,39.799127</coordinates></Point>
          <Point><coordinates>-86.238293,39.799128</coordinates></Point>
          <Point><coordinates>-86.238281,39.799129</coordinates></Point>
          <Point><coordinates>-86.238269,39.79913</coordinates></Point>
          <Point><coordinates>-86.238258,39.799132</coordinates></Point>
          <Point><coordinates>-86.238246,39.799133</coordinates></Point>
          <Point><coordinates>-86.238235,39.799134</coordinates></Point>
          <Point><coordinates>-86.238223,39.799135</coordinates></Point>
          <Point><coordinates>-86.238212,39.799137</coordinates></Point>
          <Point><coordinates>-86.2382,39.799138</coordinates></Point>
          <Point><coordinates>-86.238189,39.79914</coordinates></Point>
          <Point><coordinates>-86.238177,39.799142</coordinates></Point>
          <Point><coordinates>-86.238166,39.799144</coordinates></Point>
          <Point><coordinates>-86.238154,39.799145</coordinates></Point>
          <Point><coordinates>-86.238143,39.799147</coordinates></Point>
          <Point><coordinates>-86.238131,39.799149</coordinates></Point>
          <Point><coordinates>-86.23812,39.799151</coordinates></Point>
          <Point><coordinates>-86.238109,39.799153</coordinates></Point>
          <Point><coordinates>-86.238098,39.799156</coordinates></Point>
          <Point><coordinates>-86.238087,39.799159</coordinates></Point>
          <Point><coordinates>-86.238076,39.799162</coordinates></Point>
          <Point><coordinates>-86.238064,39.799165</coordinates></Point>
          <Point><coordinates>-86.238053,39.799168</coordinates></Point>
          <Point><coordinates>-86.238042,39.799171</coordinates></Point>
          <Point><coordinates>-86.238031,39.799174</coordinates></Point>
          <Point><coordinates>-86.23802,39.799177</coordinates></Point>
          <Point><coordinates>-86.23801,39.799181</coordinates></Point>
          <Point><coordinates>-86.237999,39.799185</coordinates></Point>
          <Point><coordinates>-86.237989,39.799189</coordinates></Point>
          <Point><coordinates>-86.237979,39.799193</coordinates></Point>
          <Point><coordinates>-86.237968,39.799197</coordinates></Point>
          <Point><coordinates>-86.237958,39.799201</coordinates></Point>
          <Point><coordinates>-86.237947,39.799205</coordinates></Point>
          <Point><coordinates>-86.237937,39.799209</coordinates></Point>
          <Point><coordinates>-86.237927,39.799214</coordinates></Point>
          <Point><coordinates>-86.237918,39.799219</coordinates></Point>
          <Point><coordinates>-86.237908,39.799225</coordinates></Point>
          <Point><coordinates>-86.237899,39.79923</coordinates></Point>
          <Point><coordinates>-86.237889,39.799236</coordinates></Point>
          <Point><coordinates>-86.23788,39.799241</coordinates></Point>
          <Point><coordinates>-86.237871,39.799247</coordinates></Point>
          <Point><coordinates>-86.237861,39.799252</coordinates></Point>
          <Point><coordinates>-86.237852,39.799258</coordinates></Point>
          <Point><coordinates>-86.237843,39.799264</coordinates></Point>
          <Point><coordinates>-86.237836,39.79927</coordinates></Point>
          <Point><coordinates>-86.237828,39.799277</coordinates></Point>
          <Point><coordinates>-86.23782,39.799284</coordinates></Point>
          <Point><coordinates>-86.237813,39.799291</coordinates></Point>
          <Point><coordinates>-86.237805,39.799298</coordinates></Point>
          <Point><coordinates>-86.237797,39.799305</coordinates></Point>
          <Point><coordinates>-86.237789,39.799311</coordinates></Point>
          <Point><coordinates>-86.237782,39.799318</coordinates></Point>
          <Point><coordinates>-86.237775,39.799326</coordinates></Point>
          <Point><coordinates>-86.237769,39.799333</coordinates></Point>
          <Point><coordinates>-86.237763,39.799341</coordinates></Point>
          <Point><coordinates>-86.237758,39.799349</coordinates></Point>
          <Point><coordinates>-86.237752,39.799356</coordinates></Point>
          <Point><coordinates>-86.237746,39.799364</coordinates></Point>
          <Point><coordinates>-86.23774,39.799372</coordinates></Point>
          <Point><coordinates>-86.237734,39.79938</coordinates></Point>
          <Point><coordinates>-86.237728,39.799387</coordinates></Point>
          <Point><coordinates>-86.237724,39.799396</coordinates></Point>
          <Point><coordinates>-86.23772,39.799404</coordinates></Point>
          <Point><coordinates>-86.237716,39.799413</coordinates></Point>
          <Point><coordinates>-86.237713,39.799421</coordinates></Point>
          <Point><coordinates>-86.237709,39.79943</coordinates></Point>
          <Point><coordinates>-86.237706,39.799438</coordinates></Point>
          <Point><coordinates>-86.237702,39.799447</coordinates></Point>
          <Point><coordinates>-86.237699,39.799455</coordinates></Point>
          <Point><coordinates>-86.237695,39.799464</coordinates></Point>
          <Point><coordinates>-86.237693,39.799473</coordinates></Point>
          <Point><coordinates>-86.237692,39.799482</coordinates></Point>
          <Point><coordinates>-86.23769,39.79949</coordinates></Point>
          <Point><coordinates>-86.237689,39.799499</coordinates></Point>
          <Point><coordinates>-86.237688,39.799508</coordinates></Point>
          <Point><coordinates>-86.237686,39.799517</coordinates></Point>
          <Point><coordinates>-86.237685,39.799526</coordinates></Point>
          <Point><coordinates>-86.237684,39.799535</coordinates></Point>
          <Point><coordinates>-86.237683,39.799544</coordinates></Point>
          <Point><coordinates>-86.237682,39.799553</coordinates></Point>
          <Point><coordinates>-86.237682,39.799562</coordinates></Point>
          <Point><coordinates>-86.237682,39.799571</coordinates></Point>
          <Point><coordinates>-86.237681,39.79958</coordinates></Point>
          <Point><coordinates>-86.237681,39.799589</coordinates></Point>
          <Point><coordinates>-86.237681,39.799598</coordinates></Point>
          <Point><coordinates>-86.237681,39.799607</coordinates></Point>
          <Point><coordinates>-86.237681,39.799616</coordinates></Point>
          <Point><coordinates>-86.237681,39.799625</coordinates></Point>
          <Point><coordinates>-86.237681,39.799634</coordinates></Point>
          <Point><coordinates>-86.237681,39.799643</coordinates></Point>
          <Point><coordinates>-86.237682,39.799652</coordinates></Point>
          <Point><coordinates>-86.237683,39.799661</coordinates></Point>
          <Point><coordinates>-86.237683,39.79967</coordinates></Point>
          <Point><coordinates>-86.237684,39.799679</coordinates></Point>
          <Point><coordinates>-86.237685,39.799688</coordinates></Point>
          <Point><coordinates>-86.237685,39.799697</coordinates></Point>
          <Point><coordinates>-86.237686,39.799706</coordinates></Point>
          <Point><coordinates>-86.237686,39.799715</coordinates></Point>
          <Point><coordinates>-86.237687,39.799723</coordinates></Point>
          <Point><coordinates>-86.237688,39.799732</coordinates></Point>
          <Point><coordinates>-86.237689,39.799741</coordinates></Point>
          <Point><coordinates>-86.23769,39.79975</coordinates></Point>
          <Point><coordinates>-86.23769,39.799759</coordinates></Point>
          <Point><coordinates>-86.237691,39.799768</coordinates></Point>
          <Point><coordinates>-86.237692,39.799777</coordinates></Point>
          <Point><coordinates>-86.237693,39.799786</coordinates></Point>
          <Point><coordinates>-86.237694,39.799795</coordinates></Point>
          <Point><coordinates>-86.237694,39.799804</coordinates></Point>
          <Point><coordinates>-86.237695,39.799813</coordinates></Point>
          <Point><coordinates>-86.237696,39.799822</coordinates></Point>
          <Point><coordinates>-86.237697,39.799831</coordinates></Point>
          <Point><coordinates>-86.237697,39.79984</coordinates></Point>
          <Point><coordinates>-86.237698,39.799849</coordinates></Point>
          <Point><coordinates>-86.237699,39.799858</coordinates></Point>
          <Point><coordinates>-86.237699,39.799867</coordinates></Point>
          <Point><coordinates>-86.2377,39.799876</coordinates></Point>
          <Point><coordinates>-86.237701,39.799885</coordinates></Point>
          <Point><coordinates>-86.237702,39.799894</coordinates></Point>
          <Point><coordinates>-86.237702,39.799903</coordinates></Point>
          <Point><coordinates>-86.237702,39.799912</coordinates></Point>
          <Point><coordinates>-86.237703,39.799921</coordinates></Point>
          <Point><coordinates>-86.237703,39.79993</coordinates></Point>
          <Point><coordinates>-86.237703,39.799939</coordinates></Point>
          <Point><coordinates>-86.237704,39.799948</coordinates></Point>
          <Point><coordinates>-86.237704,39.799957</coordinates></Point>
          <Point><coordinates>-86.237704,39.799966</coordinates></Point>
          <Point><coordinates>-86.237704,39.799975</coordinates></Point>
          <Point><coordinates>-86.237705,39.799984</coordinates></Point>
          <Point><coordinates>-86.237704,39.799993</coordinates></Point>
          <Point><coordinates>-86.237704,39.800002</coordinates></Point>
          <Point><coordinates>-86.237703,39.800011</coordinates></Point>
          <Point><coordinates>-86.237703,39.80002</coordinates></Point>
          <Point><coordinates>-86.237702,39.800029</coordinates></Point>
          <Point><coordinates>-86.237701,39.800038</coordinates></Point>
          <Point><coordinates>-86.237701,39.800047</coordinates></Point>
          <Point><coordinates>-86.2377,39.800056</coordinates></Point>
          <Point><coordinates>-86.237699,39.800065</coordinates></Point>
          <Point><coordinates>-86.237699,39.800074</coordinates></Point>
          <Point><coordinates>-86.237697,39.800083</coordinates></Point>
          <Point><coordinates>-86.237696,39.800092</coordinates></Point>
          <Point><coordinates>-86.237695,39.800101</coordinates></Point>
          <Point><coordinates>-86.237694,39.800109</coordinates></Point>
          <Point><coordinates>-86.237692,39.800118</coordinates></Point>
          <Point><coordinates>-86.237691,39.800127</coordinates></Point>
          <Point><coordinates>-86.23769,39.800136</coordinates></Point>
          <Point><coordinates>-86.237688,39.800145</coordinates></Point>
          <Point><coordinates>-86.237687,39.800154</coordinates></Point>
          <Point><coordinates>-86.237685,39.800163</coordinates></Point>
          <Point><coordinates>-86.237683,39.800172</coordinates></Point>
          <Point><coordinates>-86.237681,39.80018</coordinates></Point>
          <Point><coordinates>-86.237679,39.800189</coordinates></Point>
          <Point><coordinates>-86.237676,39.800198</coordinates></Point>
          <Point><coordinates>-86.237674,39.800207</coordinates></Point>
          <Point><coordinates>-86.237672,39.800216</coordinates></Point>
          <Point><coordinates>-86.23767,39.800224</coordinates></Point>
          <Point><coordinates>-86.237668,39.800233</coordinates></Point>
          <Point><coordinates>-86.237665,39.800242</coordinates></Point>
          <Point><coordinates>-86.237663,39.800251</coordinates></Point>
          <Point><coordinates>-86.23766,39.800259</coordinates></Point>
          <Point><coordinates>-86.237657,39.800268</coordinates></Point>
          <Point><coordinates>-86.237654,39.800277</coordinates></Point>
          <Point><coordinates>-86.237651,39.800285</coordinates></Point>
          <Point><coordinates>-86.237647,39.800294</coordinates></Point>
          <Point><coordinates>-86.237644,39.800302</coordinates></Point>
          <Point><coordinates>-86.237641,39.800311</coordinates></Point>
          <Point><coordinates>-86.237638,39.80032</coordinates></Point>
          <Point><coordinates>-86.237635,39.800328</coordinates></Point>
          <Point><coordinates>-86.237632,39.800337</coordinates></Point>
          <Point><coordinates>-86.237628,39.800345</coordinates></Point>
          <Point><coordinates>-86.237624,39.800354</coordinates></Point>
          <Point><coordinates>-86.237619,39.800362</coordinates></Point>
          <Point><coordinates>-86.237615,39.800371</coordinates></Point>
          <Point><coordinates>-86.237611,39.800379</coordinates></Point>
          <Point><coordinates>-86.237607,39.800388</coordinates></Point>
          <Point><coordinates>-86.237603,39.800396</coordinates></Point>
          <Point><coordinates>-86.237599,39.800405</coordinates></Point>
          <Point><coordinates>-86.237595,39.800413</coordinates></Point>
          <Point><coordinates>-86.23759,39.800421</coordinates></Point>
          <Point><coordinates>-86.237585,39.800429</coordinates></Point>
          <Point><coordinates>-86.23758,39.800437</coordinates></Point>
          <Point><coordinates>-86.237575,39.800445</coordinates></Point>
          <Point><coordinates>-86.23757,39.800454</coordinates></Point>
          <Point><coordinates>-86.237565,39.800462</coordinates></Point>
          <Point><coordinates>-86.23756,39.80047</coordinates></Point>
          <Point><coordinates>-86.237555,39.800478</coordinates></Point>
          <Point><coordinates>-86.23755,39.800486</coordinates></Point>
          <Point><coordinates>-86.237545,39.800494</coordinates></Point>
          <Point><coordinates>-86.23754,39.800502</coordinates></Point>
          <Point><coordinates>-86.237535,39.80051</coordinates></Point>
          <Point><coordinates>-86.237529,39.800518</coordinates></Point>
          <Point><coordinates>-86.237523,39.800526</coordinates></Point>
          <Point><coordinates>-86.237517,39.800533</coordinates></Point>
          <Point><coordinates>-86.237511,39.800541</coordinates></Point>
          <Point><coordinates>-86.237505,39.800549</coordinates></Point>
          <Point><coordinates>-86.2375,39.800557</coordinates></Point>
          <Point><coordinates>-86.237494,39.800565</coordinates></Point>
          <Point><coordinates>-86.237488,39.800572</coordinates></Point>
          <Point><coordinates>-86.237482,39.80058</coordinates></Point>
          <Point><coordinates>-86.237476,39.800588</coordinates></Point>
          <Point><coordinates>-86.23747,39.800595</coordinates></Point>
          <Point><coordinates>-86.237463,39.800603</coordinates></Point>
          <Point><coordinates>-86.237456,39.80061</coordinates></Point>
          <Point><coordinates>-86.23745,39.800617</coordinates></Point>
          <Point><coordinates>-86.237443,39.800625</coordinates></Point>
          <Point><coordinates>-86.237436,39.800632</coordinates></Point>
          <Point><coordinates>-86.23743,39.80064</coordinates></Point>
          <Point><coordinates>-86.237423,39.800647</coordinates></Point>
          <Point><coordinates>-86.237416,39.800654</coordinates></Point>
          <Point><coordinates>-86.23741,39.800662</coordinates></Point>
          <Point><coordinates>-86.237403,39.800669</coordinates></Point>
          <Point><coordinates>-86.237396,39.800676</coordinates></Point>
          <Point><coordinates>-86.237388,39.800683</coordinates></Point>
          <Point><coordinates>-86.237381,39.80069</coordinates></Point>
          <Point><coordinates>-86.237373,39.800697</coordinates></Point>
          <Point><coordinates>-86.237366,39.800704</coordinates></Point>
          <Point><coordinates>-86.237358,39.800711</coordinates></Point>
          <Point><coordinates>-86.237351,39.800717</coordinates></Point>
          <Point><coordinates>-86.237343,39.800724</coordinates></Point>
          <Point><coordinates>-86.237336,39.800731</coordinates></Point>
          <Point><coordinates>-86.237328,39.800738</coordinates></Point>
          <Point><coordinates>-86.237321,39.800745</coordinates></Point>
          <Point><coordinates>-86.237312,39.800751</coordinates></Point>
          <Point><coordinates>-86.237304,39.800757</coordinates></Point>
          <Point><coordinates>-86.237295,39.800764</coordinates></Point>
          <Point><coordinates>-86.237287,39.80077</coordinates></Point>
          <Point><coordinates>-86.237279,39.800776</coordinates></Point>
          <Point><coordinates>-86.23727,39.800782</coordinates></Point>
          <Point><coordinates>-86.237262,39.800789</coordinates></Point>
          <Point><coordinates>-86.237253,39.800795</coordinates></Point>
          <Point><coordinates>-86.237245,39.800801</coordinates></Point>
          <Point><coordinates>-86.237237,39.800807</coordinates></Point>
          <Point><coordinates>-86.237228,39.800814</coordinates></Point>
          <Point><coordinates>-86.237219,39.800819</coordinates></Point>
          <Point><coordinates>-86.23721,39.800825</coordinates></Point>
          <Point><coordinates>-86.237201,39.800831</coordinates></Point>
          <Point><coordinates>-86.237192,39.800836</coordinates></Point>
          <Point><coordinates>-86.237183,39.800842</coordinates></Point>
          <Point><coordinates>-86.237174,39.800848</coordinates></Point>
          <Point><coordinates>-86.237165,39.800853</coordinates></Point>
          <Point><coordinates>-86.237155,39.800859</coordinates></Point>
          <Point><coordinates>-86.237146,39.800865</coordinates></Point>
          <Point><coordinates>-86.237137,39.80087</coordinates></Point>
          <Point><coordinates>-86.237128,39.800876</coordinates></Point>
          <Point><coordinates>-86.237119,39.800881</coordinates></Point>
          <Point><coordinates>-86.237109,39.800887</coordinates></Point>
          <Point><coordinates>-86.237099,39.800892</coordinates></Point>
          <Point><coordinates>-86.23709,39.800897</coordinates></Point>
          <Point><coordinates>-86.23708,39.800902</coordinates></Point>
          <Point><coordinates>-86.23707,39.800907</coordinates></Point>
          <Point><coordinates>-86.237061,39.800912</coordinates></Point>
          <Point><coordinates>-86.237051,39.800917</coordinates></Point>
          <Point><coordinates>-86.237041,39.800922</coordinates></Point>
          <Point><coordinates>-86.237032,39.800927</coordinates></Point>
          <Point><coordinates>-86.237022,39.800932</coordinates></Point>
          <Point><coordinates>-86.237012,39.800937</coordinates></Point>
          <Point><coordinates>-86.237002,39.800942</coordinates></Point>
          <Point><coordinates>-86.236992,39.800947</coordinates></Point>
          <Point><coordinates>-86.236982,39.800951</coordinates></Point>
          <Point><coordinates>-86.236972,39.800956</coordinates></Point>
          <Point><coordinates>-86.236962,39.800961</coordinates></Point>
          <Point><coordinates>-86.236952,39.800966</coordinates></Point>
          <Point><coordinates>-86.236942,39.80097</coordinates></Point>
          <Point><coordinates>-86.236932,39.800975</coordinates></Point>
          <Point><coordinates>-86.236922,39.80098</coordinates></Point>
          <Point><coordinates>-86.236912,39.800984</coordinates></Point>
          <Point><coordinates>-86.236902,39.800989</coordinates></Point>
          <Point><coordinates>-86.236892,39.800993</coordinates></Point>
          <Point><coordinates>-86.236881,39.800998</coordinates></Point>
          <Point><coordinates>-86.236871,39.801002</coordinates></Point>
          <Point><coordinates>-86.236861,39.801006</coordinates></Point>
          <Point><coordinates>-86.236851,39.801011</coordinates></Point>
          <Point><coordinates>-86.23684,39.801015</coordinates></Point>
          <Point><coordinates>-86.23683,39.801019</coordinates></Point>
          <Point><coordinates>-86.23682,39.801024</coordinates></Point>
          <Point><coordinates>-86.23681,39.801028</coordinates></Point>
          <Point><coordinates>-86.236799,39.801032</coordinates></Point>
          <Point><coordinates>-86.236789,39.801037</coordinates></Point>
          <Point><coordinates>-86.236779,39.801041</coordinates></Point>
          <Point><coordinates>-86.236768,39.801045</coordinates></Point>
          <Point><coordinates>-86.236758,39.801049</coordinates></Point>
          <Point><coordinates>-86.236748,39.801053</coordinates></Point>
          <Point><coordinates>-86.236737,39.801057</coordinates></Point>
          <Point><coordinates>-86.236727,39.801062</coordinates></Point>
          <Point><coordinates>-86.236716,39.801066</coordinates></Point>
          <Point><coordinates>-86.236706,39.80107</coordinates></Point>
          <Point><coordinates>-86.236696,39.801074</coordinates></Point>
          <Point><coordinates>-86.236685,39.801078</coordinates></Point>
          <Point><coordinates>-86.236675,39.801082</coordinates></Point>
          <Point><coordinates>-86.236664,39.801086</coordinates></Point>
          <Point><coordinates>-86.236654,39.80109</coordinates></Point>
          <Point><coordinates>-86.236643,39.801094</coordinates></Point>
          <Point><coordinates>-86.236633,39.801098</coordinates></Point>
          <Point><coordinates>-86.236622,39.801102</coordinates></Point>
          <Point><coordinates>-86.236612,39.801106</coordinates></Point>
          <Point><coordinates>-86.236601,39.80111</coordinates></Point>
          <Point><coordinates>-86.236591,39.801114</coordinates></Point>
          <Point><coordinates>-86.23658,39.801118</coordinates></Point>
          <Point><coordinates>-86.23657,39.801122</coordinates></Point>
          <Point><coordinates>-86.236559,39.801126</coordinates></Point>
          <Point><coordinates>-86.236548,39.801129</coordinates></Point>
          <Point><coordinates>-86.236538,39.801133</coordinates></Point>
          <Point><coordinates>-86.236527,39.801137</coordinates></Point>
          <Point><coordinates>-86.236516,39.80114</coordinates></Point>
          <Point><coordinates>-86.236505,39.801144</coordinates></Point>
          <Point><coordinates>-86.236495,39.801147</coordinates></Point>
          <Point><coordinates>-86.236484,39.801151</coordinates></Point>
          <Point><coordinates>-86.236473,39.801154</coordinates></Point>
          <Point><coordinates>-86.236462,39.801158</coordinates></Point>
          <Point><coordinates>-86.236451,39.801161</coordinates></Point>
          <Point><coordinates>-86.23644,39.801164</coordinates></Point>
          <Point><coordinates>-86.236429,39.801167</coordinates></Point>
          <Point><coordinates>-86.236418,39.80117</coordinates></Point>
          <Point><coordinates>-86.236407,39.801173</coordinates></Point>
          <Point><coordinates>-86.236396,39.801175</coordinates></Point>
          <Point><coordinates>-86.236385,39.801178</coordinates></Point>
          <Point><coordinates>-86.236374,39.801181</coordinates></Point>
          <Point><coordinates>-86.236363,39.801184</coordinates></Point>
          <Point><coordinates>-86.236352,39.801187</coordinates></Point>
          <Point><coordinates>-86.23634,39.801189</coordinates></Point>
          <Point><coordinates>-86.236329,39.801191</coordinates></Point>
          <Point><coordinates>-86.236317,39.801193</coordinates></Point>
          <Point><coordinates>-86.236306,39.801195</coordinates></Point>
          <Point><coordinates>-86.236294,39.801197</coordinates></Point>
          <Point><coordinates>-86.236283,39.801199</coordinates></Point>
          <Point><coordinates>-86.236272,39.8012</coordinates></Point>
          <Point><coordinates>-86.23626,39.801202</coordinates></Point>
          <Point><coordinates>-86.236249,39.801204</coordinates></Point>
          <Point><coordinates>-86.236237,39.801206</coordinates></Point>
          <Point><coordinates>-86.236226,39.801207</coordinates></Point>
          <Point><coordinates>-86.236214,39.801207</coordinates></Point>
          <Point><coordinates>-86.236202,39.801208</coordinates></Point>
          <Point><coordinates>-86.236191,39.801208</coordinates></Point>
          <Point><coordinates>-86.236179,39.801209</coordinates></Point>
          <Point><coordinates>-86.236167,39.80121</coordinates></Point>
          <Point><coordinates>-86.236155,39.80121</coordinates></Point>
          <Point><coordinates>-86.236144,39.801211</coordinates></Point>
          <Point><coordinates>-86.236132,39.801211</coordinates></Point>
          <Point><coordinates>-86.23612,39.801211</coordinates></Point>
          <Point><coordinates>-86.236109,39.80121</coordinates></Point>
          <Point><coordinates>-86.236097,39.801209</coordinates></Point>
          <Point><coordinates>-86.236086,39.801208</coordinates></Point>
          <Point><coordinates>-86.236074,39.801207</coordinates></Point>
          <Point><coordinates>-86.236062,39.801205</coordinates></Point>
          <Point><coordinates>-86.236051,39.801204</coordinates></Point>
          <Point><coordinates>-86.236039,39.801203</coordinates></Point>
          <Point><coordinates>-86.236028,39.801202</coordinates></Point>
          <Point><coordinates>-86.236016,39.801201</coordinates></Point>
          <Point><coordinates>-86.236005,39.801198</coordinates></Point>
          <Point><coordinates>-86.235994,39.801195</coordinates></Point>
          <Point><coordinates>-86.235983,39.801192</coordinates></Point>
          <Point><coordinates>-86.235972,39.801189</coordinates></Point>
          <Point><coordinates>-86.235961,39.801186</coordinates></Point>
          <Point><coordinates>-86.23595,39.801183</coordinates></Point>
          <Point><coordinates>-86.235939,39.80118</coordinates></Point>
          <Point><coordinates>-86.235928,39.801177</coordinates></Point>
          <Point><coordinates>-86.235917,39.801174</coordinates></Point>
          <Point><coordinates>-86.235906,39.80117</coordinates></Point>
          <Point><coordinates>-86.235896,39.801166</coordinates></Point>
          <Point><coordinates>-86.235886,39.801161</coordinates></Point>
          <Point><coordinates>-86.235876,39.801156</coordinates></Point>
          <Point><coordinates>-86.235866,39.801152</coordinates></Point>
          <Point><coordinates>-86.235856,39.801147</coordinates></Point>
          <Point><coordinates>-86.235846,39.801143</coordinates></Point>
          <Point><coordinates>-86.235836,39.801138</coordinates></Point>
          <Point><coordinates>-86.235826,39.801134</coordinates></Point>
          <Point><coordinates>-86.235816,39.801129</coordinates></Point>
          <Point><coordinates>-86.235807,39.801123</coordinates></Point>
          <Point><coordinates>-86.235798,39.801117</coordinates></Point>
          <Point><coordinates>-86.235789,39.801111</coordinates></Point>
          <Point><coordinates>-86.23578,39.801106</coordinates></Point>
          <Point><coordinates>-86.235771,39.8011</coordinates></Point>
          <Point><coordinates>-86.235763,39.801094</coordinates></Point>
          <Point><coordinates>-86.235754,39.801088</coordinates></Point>
          <Point><coordinates>-86.235745,39.801082</coordinates></Point>
          <Point><coordinates>-86.235736,39.801076</coordinates></Point>
          <Point><coordinates>-86.235727,39.80107</coordinates></Point>
          <Point><coordinates>-86.23572,39.801063</coordinates></Point>
          <Point><coordinates>-86.235712,39.801056</coordinates></Point>
          <Point><coordinates>-86.235704,39.801049</coordinates></Point>
          <Point><coordinates>-86.235696,39.801043</coordinates></Point>
          <Point><coordinates>-86.235689,39.801036</coordinates></Point>
          <Point><coordinates>-86.235681,39.801029</coordinates></Point>
          <Point><coordinates>-86.235673,39.801022</coordinates></Point>
          <Point><coordinates>-86.235666,39.801015</coordinates></Point>
          <Point><coordinates>-86.235658,39.801009</coordinates></Point>
          <Point><coordinates>-86.23565,39.801002</coordinates></Point>
          <Point><coordinates>-86.235644,39.800994</coordinates></Point>
          <Point><coordinates>-86.235638,39.800986</coordinates></Point>
          <Point><coordinates>-86.235632,39.800979</coordinates></Point>
          <Point><coordinates>-86.235625,39.800971</coordinates></Point>
          <Point><coordinates>-86.235619,39.800964</coordinates></Point>
          <Point><coordinates>-86.235613,39.800956</coordinates></Point>
          <Point><coordinates>-86.235607,39.800948</coordinates></Point>
          <Point><coordinates>-86.235601,39.800941</coordinates></Point>
          <Point><coordinates>-86.235594,39.800933</coordinates></Point>
          <Point><coordinates>-86.235588,39.800925</coordinates></Point>
          <Point><coordinates>-86.235583,39.800917</coordinates></Point>
          <Point><coordinates>-86.235578,39.800909</coordinates></Point>
          <Point><coordinates>-86.235574,39.800901</coordinates></Point>
          <Point><coordinates>-86.235569,39.800893</coordinates></Point>
          <Point><coordinates>-86.235565,39.800884</coordinates></Point>
          <Point><coordinates>-86.23556,39.800876</coordinates></Point>
          <Point><coordinates>-86.235556,39.800868</coordinates></Point>
          <Point><coordinates>-86.235551,39.80086</coordinates></Point>
          <Point><coordinates>-86.235547,39.800851</coordinates></Point>
          <Point><coordinates>-86.235542,39.800843</coordinates></Point>
          <Point><coordinates>-86.235538,39.800835</coordinates></Point>
          <Point><coordinates>-86.235535,39.800826</coordinates></Point>
          <Point><coordinates>-86.235532,39.800817</coordinates></Point>
          <Point><coordinates>-86.235529,39.800809</coordinates></Point>
          <Point><coordinates>-86.235526,39.8008</coordinates></Point>
          <Point><coordinates>-86.235523,39.800791</coordinates></Point>
          <Point><coordinates>-86.23552,39.800783</coordinates></Point>
          <Point><coordinates>-86.235517,39.800774</coordinates></Point>
          <Point><coordinates>-86.235514,39.800765</coordinates></Point>
          <Point><coordinates>-86.235511,39.800756</coordinates></Point>
          <Point><coordinates>-86.235508,39.800748</coordinates></Point>
          <Point><coordinates>-86.235505,39.800739</coordinates></Point>
          <Point><coordinates>-86.235503,39.80073</coordinates></Point>
          <Point><coordinates>-86.235501,39.800721</coordinates></Point>
          <Point><coordinates>-86.2355,39.800712</coordinates></Point>
          <Point><coordinates>-86.235498,39.800703</coordinates></Point>
          <Point><coordinates>-86.235496,39.800694</coordinates></Point>
          <Point><coordinates>-86.235494,39.800686</coordinates></Point>
          <Point><coordinates>-86.235493,39.800677</coordinates></Point>
          <Point><coordinates>-86.235491,39.800668</coordinates></Point>
          <Point><coordinates>-86.235489,39.800659</coordinates></Point>
          <Point><coordinates>-86.235488,39.80065</coordinates></Point>
          <Point><coordinates>-86.235486,39.800641</coordinates></Point>
          <Point><coordinates>-86.235485,39.800632</coordinates></Point>
          <Point><coordinates>-86.235484,39.800623</coordinates></Point>
          <Point><coordinates>-86.235483,39.800614</coordinates></Point>
          <Point><coordinates>-86.235482,39.800605</coordinates></Point>
          <Point><coordinates>-86.235481,39.800596</coordinates></Point>
          <Point><coordinates>-86.235481,39.800587</coordinates></Point>
          <Point><coordinates>-86.23548,39.800578</coordinates></Point>
          <Point><coordinates>-86.235479,39.800569</coordinates></Point>
          <Point><coordinates>-86.235478,39.80056</coordinates></Point>
          <Point><coordinates>-86.235477,39.800551</coordinates></Point>
          <Point><coordinates>-86.235476,39.800542</coordinates></Point>
          <Point><coordinates>-86.235475,39.800533</coordinates></Point>
          <Point><coordinates>-86.235475,39.800524</coordinates></Point>
          <Point><coordinates>-86.235474,39.800515</coordinates></Point>
          <Point><coordinates>-86.235474,39.800506</coordinates></Point>
          <Point><coordinates>-86.235474,39.800497</coordinates></Point>
          <Point><coordinates>-86.235473,39.800488</coordinates></Point>
          <Point><coordinates>-86.235473,39.80048</coordinates></Point>
          <Point><coordinates>-86.235472,39.800471</coordinates></Point>
          <Point><coordinates>-86.235472,39.800462</coordinates></Point>
          <Point><coordinates>-86.235472,39.800453</coordinates></Point>
          <Point><coordinates>-86.235471,39.800444</coordinates></Point>
          <Point><coordinates>-86.235471,39.800435</coordinates></Point>
          <Point><coordinates>-86.23547,39.800426</coordinates></Point>
          <Point><coordinates>-86.23547,39.800417</coordinates></Point>
          <Point><coordinates>-86.23547,39.800408</coordinates></Point>
          <Point><coordinates>-86.23547,39.800399</coordinates></Point>
          <Point><coordinates>-86.235469,39.80039</coordinates></Point>
          <Point><coordinates>-86.235469,39.800381</coordinates></Point>
          <Point><coordinates>-86.235469,39.800372</coordinates></Point>
          <Point><coordinates>-86.235469,39.800363</coordinates></Point>
          <Point><coordinates>-86.235468,39.800354</coordinates></Point>
          <Point><coordinates>-86.235468,39.800345</coordinates></Point>
          <Point><coordinates>-86.235468,39.800336</coordinates></Point>
          <Point><coordinates>-86.235468,39.800327</coordinates></Point>
          <Point><coordinates>-86.235467,39.800318</coordinates></Point>
          <Point><coordinates>-86.235467,39.800309</coordinates></Point>
          <Point><coordinates>-86.235467,39.8003</coordinates></Point>
          <Point><coordinates>-86.235467,39.800291</coordinates></Point>
          <Point><coordinates>-86.235467,39.800282</coordinates></Point>
          <Point><coordinates>-86.235467,39.800273</coordinates></Point>
          <Point><coordinates>-86.235467,39.800264</coordinates></Point>
          <Point><coordinates>-86.235467,39.800255</coordinates></Point>
          <Point><coordinates>-86.235467,39.800246</coordinates></Point>
          <Point><coordinates>-86.235467,39.800237</coordinates></Point>
          <Point><coordinates>-86.235467,39.800228</coordinates></Point>
          <Point><coordinates>-86.235467,39.800219</coordinates></Point>
          <Point><coordinates>-86.235468,39.80021</coordinates></Point>
          <Point><coordinates>-86.235468,39.800201</coordinates></Point>
          <Point><coordinates>-86.235468,39.800192</coordinates></Point>
          <Point><coordinates>-86.235468,39.800183</coordinates></Point>
          <Point><coordinates>-86.235468,39.800174</coordinates></Point>
          <Point><coordinates>-86.235468,39.800165</coordinates></Point>
          <Point><coordinates>-86.235468,39.800156</coordinates></Point>
          <Point><coordinates>-86.235468,39.800147</coordinates></Point>
          <Point><coordinates>-86.235468,39.800138</coordinates></Point>
          <Point><coordinates>-86.235468,39.800129</coordinates></Point>
          <Point><coordinates>-86.235468,39.80012</coordinates></Point>
          <Point><coordinates>-86.235469,39.800111</coordinates></Point>
          <Point><coordinates>-86.235469,39.800102</coordinates></Point>
          <Point><coordinates>-86.235469,39.800093</coordinates></Point>
          <Point><coordinates>-86.235469,39.800084</coordinates></Point>
          <Point><coordinates>-86.235469,39.800075</coordinates></Point>
          <Point><coordinates>-86.23547,39.800066</coordinates></Point>
          <Point><coordinates>-86.23547,39.800057</coordinates></Point>
          <Point><coordinates>-86.23547,39.800048</coordinates></Point>
          <Point><coordinates>-86.23547,39.800039</coordinates></Point>
          <Point><coordinates>-86.23547,39.80003</coordinates></Point>
          <Point><coordinates>-86.23547,39.800021</coordinates></Point>
          <Point><coordinates>-86.23547,39.800012</coordinates></Point>
          <Point><coordinates>-86.23547,39.800003</coordinates></Point>
          <Point><coordinates>-86.23547,39.799994</coordinates></Point>
          <Point><coordinates>-86.23547,39.799985</coordinates></Point>
          <Point><coordinates>-86.23547,39.799976</coordinates></Point>
          <Point><coordinates>-86.23547,39.799967</coordinates></Point>
          <Point><coordinates>-86.23547,39.799958</coordinates></Point>
          <Point><coordinates>-86.23547,39.79995</coordinates></Point>
          <Point><coordinates>-86.23547,39.799941</coordinates></Point>
          <Point><coordinates>-86.235469,39.799932</coordinates></Point>
          <Point><coordinates>-86.235469,39.799923</coordinates></Point>
          <Point><coordinates>-86.235469,39.799914</coordinates></Point>
          <Point><coordinates>-86.235468,39.799905</coordinates></Point>
          <Point><coordinates>-86.235468,39.799896</coordinates></Point>
          <Point><coordinates>-86.235468,39.799887</coordinates></Point>
          <Point><coordinates>-86.235467,39.799878</coordinates></Point>
          <Point><coordinates>-86.235467,39.799869</coordinates></Point>
          <Point><coordinates>-86.235467,39.79986</coordinates></Point>
          <Point><coordinates>-86.235466,39.799851</coordinates></Point>
          <Point><coordinates>-86.235466,39.799842</coordinates></Point>
          <Point><coordinates>-86.235465,39.799833</coordinates></Point>
          <Point><coordinates>-86.235464,39.799824</coordinates></Point>
          <Point><coordinates>-86.235463,39.799815</coordinates></Point>
          <Point><coordinates>-86.235462,39.799806</coordinates></Point>
          <Point><coordinates>-86.235461,39.799797</coordinates></Point>
          <Point><coordinates>-86.235459,39.799788</coordinates></Point>
          <Point><coordinates>-86.235458,39.799779</coordinates></Point>
          <Point><coordinates>-86.235457,39.79977</coordinates></Point>
          <Point><coordinates>-86.235456,39.799762</coordinates></Point>
          <Point><coordinates>-86.235455,39.799753</coordinates></Point>
          <Point><coordinates>-86.235453,39.799744</coordinates></Point>
          <Point><coordinates>-86.23545,39.799735</coordinates></Point>
          <Point><coordinates>-86.235447,39.799726</coordinates></Point>
          <Point><coordinates>-86.235445,39.799718</coordinates></Point>
          <Point><coordinates>-86.235442,39.799709</coordinates></Point>
          <Point><coordinates>-86.235439,39.7997</coordinates></Point>
          <Point><coordinates>-86.235436,39.799692</coordinates></Point>
          <Point><coordinates>-86.235433,39.799683</coordinates></Point>
          <Point><coordinates>-86.23543,39.799674</coordinates></Point>
          <Point><coordinates>-86.235427,39.799665</coordinates></Point>
          <Point><coordinates>-86.235423,39.799657</coordinates></Point>
          <Point><coordinates>-86.235418,39.799649</coordinates></Point>
          <Point><coordinates>-86.235413,39.79964</coordinates></Point>
          <Point><coordinates>-86.235409,39.799632</coordinates></Point>
          <Point><coordinates>-86.235404,39.799624</coordinates></Point>
          <Point><coordinates>-86.235399,39.799616</coordinates></Point>
          <Point><coordinates>-86.235394,39.799608</coordinates></Point>
          <Point><coordinates>-86.235389,39.7996</coordinates></Point>
          <Point><coordinates>-86.235385,39.799591</coordinates></Point>
          <Point><coordinates>-86.23538,39.799583</coordinates></Point>
          <Point><coordinates>-86.235373,39.799576</coordinates></Point>
          <Point><coordinates>-86.235367,39.799568</coordinates></Point>
          <Point><coordinates>-86.23536,39.799561</coordinates></Point>
          <Point><coordinates>-86.235353,39.799554</coordinates></Point>
          <Point><coordinates>-86.235347,39.799546</coordinates></Point>
          <Point><coordinates>-86.23534,39.799539</coordinates></Point>
          <Point><coordinates>-86.235333,39.799532</coordinates></Point>
          <Point><coordinates>-86.235326,39.799524</coordinates></Point>
          <Point><coordinates>-86.23532,39.799517</coordinates></Point>
          <Point><coordinates>-86.235312,39.79951</coordinates></Point>
          <Point><coordinates>-86.235304,39.799503</coordinates></Point>
          <Point><coordinates>-86.235296,39.799497</coordinates></Point>
          <Point><coordinates>-86.235288,39.79949</coordinates></Point>
          <Point><coordinates>-86.23528,39.799484</coordinates></Point>
          <Point><coordinates>-86.235272,39.799477</coordinates></Point>
          <Point><coordinates>-86.235264,39.799471</coordinates></Point>
          <Point><coordinates>-86.235256,39.799464</coordinates></Point>
          <Point><coordinates>-86.235248,39.799457</coordinates></Point>
          <Point><coordinates>-86.23524,39.799451</coordinates></Point>
          <Point><coordinates>-86.235233,39.799444</coordinates></Point>
          <Point><coordinates>-86.235225,39.799438</coordinates></Point>
          <Point><coordinates>-86.235217,39.799431</coordinates></Point>
          <Point><coordinates>-86.235209,39.799424</coordinates></Point>
          <Point><coordinates>-86.235201,39.799418</coordinates></Point>
          <Point><coordinates>-86.235193,39.799411</coordinates></Point>
          <Point><coordinates>-86.235186,39.799404</coordinates></Point>
          <Point><coordinates>-86.235178,39.799398</coordinates></Point>
          <Point><coordinates>-86.23517,39.799391</coordinates></Point>
          <Point><coordinates>-86.235163,39.799383</coordinates></Point>
          <Point><coordinates>-86.235157,39.799376</coordinates></Point>
          <Point><coordinates>-86.23515,39.799369</coordinates></Point>
          <Point><coordinates>-86.235143,39.799361</coordinates></Point>
          <Point><coordinates>-86.235137,39.799354</coordinates></Point>
          <Point><coordinates>-86.23513,39.799346</coordinates></Point>
          <Point><coordinates>-86.235124,39.799339</coordinates></Point>
          <Point><coordinates>-86.235117,39.799332</coordinates></Point>
          <Point><coordinates>-86.23511,39.799324</coordinates></Point>
          <Point><coordinates>-86.235105,39.799316</coordinates></Point>
          <Point><coordinates>-86.235101,39.799308</coordinates></Point>
          <Point><coordinates>-86.235096,39.7993</coordinates></Point>
          <Point><coordinates>-86.235091,39.799292</coordinates></Point>
          <Point><coordinates>-86.235086,39.799283</coordinates></Point>
          <Point><coordinates>-86.235081,39.799275</coordinates></Point>
          <Point><coordinates>-86.235077,39.799267</coordinates></Point>
          <Point><coordinates>-86.235072,39.799259</coordinates></Point>
          <Point><coordinates>-86.235067,39.799251</coordinates></Point>
          <Point><coordinates>-86.235063,39.799242</coordinates></Point>
          <Point><coordinates>-86.23506,39.799234</coordinates></Point>
          <Point><coordinates>-86.235057,39.799225</coordinates></Point>
          <Point><coordinates>-86.235054,39.799216</coordinates></Point>
          <Point><coordinates>-86.235051,39.799207</coordinates></Point>
          <Point><coordinates>-86.235048,39.799199</coordinates></Point>
          <Point><coordinates>-86.235046,39.79919</coordinates></Point>
          <Point><coordinates>-86.235043,39.799181</coordinates></Point>
          <Point><coordinates>-86.23504,39.799173</coordinates></Point>
          <Point><coordinates>-86.235037,39.799164</coordinates></Point>
          <Point><coordinates>-86.235035,39.799155</coordinates></Point>
          <Point><coordinates>-86.235034,39.799146</coordinates></Point>
          <Point><coordinates>-86.235033,39.799137</coordinates></Point>
          <Point><coordinates>-86.235031,39.799128</coordinates></Point>
          <Point><coordinates>-86.23503,39.799119</coordinates></Point>
          <Point><coordinates>-86.235029,39.799111</coordinates></Point>
          <Point><coordinates>-86.235028,39.799102</coordinates></Point>
          <Point><coordinates>-86.235026,39.799093</coordinates></Point>
          <Point><coordinates>-86.235025,39.799084</coordinates></Point>
          <Point><coordinates>-86.235024,39.799075</coordinates></Point>
          <Point><coordinates>-86.235023,39.799066</coordinates></Point>
          <Point><coordinates>-86.235022,39.799057</coordinates></Point>
          <Point><coordinates>-86.235022,39.799048</coordinates></Point>
          <Point><coordinates>-86.235021,39.799039</coordinates></Point>
          <Point><coordinates>-86.235021,39.79903</coordinates></Point>
          <Point><coordinates>-86.235021,39.799021</coordinates></Point>
          <Point><coordinates>-86.23502,39.799012</coordinates></Point>
          <Point><coordinates>-86.23502,39.799003</coordinates></Point>
          <Point><coordinates>-86.235019,39.798994</coordinates></Point>
          <Point><coordinates>-86.235019,39.798985</coordinates></Point>
          <Point><coordinates>-86.235018,39.798976</coordinates></Point>
          <Point><coordinates>-86.235018,39.798967</coordinates></Point>
          <Point><coordinates>-86.235018,39.798958</coordinates></Point>
          <Point><coordinates>-86.235018,39.798949</coordinates></Point>
          <Point><coordinates>-86.235017,39.79894</coordinates></Point>
          <Point><coordinates>-86.235017,39.798931</coordinates></Point>
          <Point><coordinates>-86.235017,39.798922</coordinates></Point>
          <Point><coordinates>-86.235017,39.798913</coordinates></Point>
          <Point><coordinates>-86.235017,39.798904</coordinates></Point>
          <Point><coordinates>-86.235017,39.798895</coordinates></Point>
          <Point><coordinates>-86.235016,39.798886</coordinates></Point>
          <Point><coordinates>-86.235016,39.798877</coordinates></Point>
          <Point><coordinates>-86.235016,39.798868</coordinates></Point>
          <Point><coordinates>-86.235016,39.798859</coordinates></Point>
          <Point><coordinates>-86.235016,39.79885</coordinates></Point>
          <Point><coordinates>-86.235016,39.798841</coordinates></Point>
          <Point><coordinates>-86.235015,39.798832</coordinates></Point>
          <Point><coordinates>-86.235015,39.798823</coordinates></Point>
          <Point><coordinates>-86.235015,39.798814</coordinates></Point>
          <Point><coordinates>-86.235015,39.798806</coordinates></Point>
          <Point><coordinates>-86.235015,39.798797</coordinates></Point>
          <Point><coordinates>-86.235015,39.798788</coordinates></Point>
          <Point><coordinates>-86.235014,39.798779</coordinates></Point>
          <Point><coordinates>-86.235014,39.79877</coordinates></Point>
          <Point><coordinates>-86.235014,39.798761</coordinates></Point>
          <Point><coordinates>-86.235014,39.798752</coordinates></Point>
          <Point><coordinates>-86.235014,39.798743</coordinates></Point>
          <Point><coordinates>-86.235014,39.798734</coordinates></Point>
          <Point><coordinates>-86.235014,39.798725</coordinates></Point>
          <Point><coordinates>-86.235013,39.798716</coordinates></Point>
          <Point><coordinates>-86.235013,39.798707</coordinates></Point>
          <Point><coordinates>-86.235013,39.798698</coordinates></Point>
          <Point><coordinates>-86.235013,39.798689</coordinates></Point>
          <Point><coordinates>-86.235013,39.79868</coordinates></Point>
          <Point><coordinates>-86.235012,39.798671</coordinates></Point>
          <Point><coordinates>-86.235012,39.798662</coordinates></Point>
          <Point><coordinates>-86.235012,39.798653</coordinates></Point>
          <Point><coordinates>-86.235012,39.798644</coordinates></Point>
          <Point><coordinates>-86.235012,39.798635</coordinates></Point>
          <Point><coordinates>-86.235012,39.798626</coordinates></Point>
          <Point><coordinates>-86.235012,39.798617</coordinates></Point>
          <Point><coordinates>-86.235011,39.798608</coordinates></Point>
          <Point><coordinates>-86.235011,39.798599</coordinates></Point>
          <Point><coordinates>-86.235011,39.79859</coordinates></Point>
          <Point><coordinates>-86.235011,39.798581</coordinates></Point>
          <Point><coordinates>-86.235011,39.798572</coordinates></Point>
          <Point><coordinates>-86.235011,39.798563</coordinates></Point>
          <Point><coordinates>-86.23501,39.798554</coordinates></Point>
          <Point><coordinates>-86.23501,39.798545</coordinates></Point>
          <Point><coordinates>-86.23501,39.798536</coordinates></Point>
          <Point><coordinates>-86.23501,39.798527</coordinates></Point>
          <Point><coordinates>-86.23501,39.798518</coordinates></Point>
          <Point><coordinates>-86.23501,39.798509</coordinates></Point>
          <Point><coordinates>-86.23501,39.7985</coordinates></Point>
          <Point><coordinates>-86.235009,39.798491</coordinates></Point>
          <Point><coordinates>-86.235009,39.798482</coordinates></Point>
          <Point><coordinates>-86.235009,39.798473</coordinates></Point>
          <Point><coordinates>-86.235009,39.798464</coordinates></Point>
          <Point><coordinates>-86.235009,39.798455</coordinates></Point>
          <Point><coordinates>-86.235008,39.798446</coordinates></Point>
          <Point><coordinates>-86.235008,39.798437</coordinates></Point>
          <Point><coordinates>-86.235008,39.798428</coordinates></Point>
          <Point><coordinates>-86.235008,39.798419</coordinates></Point>
          <Point><coordinates>-86.235008,39.79841</coordinates></Point>
          <Point><coordinates>-86.235008,39.798401</coordinates></Point>
          <Point><coordinates>-86.235008,39.798392</coordinates></Point>
          <Point><coordinates>-86.235007,39.798383</coordinates></Point>
          <Point><coordinates>-86.235007,39.798374</coordinates></Point>
          <Point><coordinates>-86.235007,39.798365</coordinates></Point>
          <Point><coordinates>-86.235007,39.798356</coordinates></Point>
          <Point><coordinates>-86.235007,39.798347</coordinates></Point>
          <Point><coordinates>-86.235007,39.798338</coordinates></Point>
          <Point><coordinates>-86.235007,39.798329</coordinates></Point>
          <Point><coordinates>-86.235006,39.79832</coordinates></Point>
          <Point><coordinates>-86.235006,39.798311</coordinates></Point>
          <Point><coordinates>-86.235006,39.798302</coordinates></Point>
          <Point><coordinates>-86.235006,39.798293</coordinates></Point>
          <Point><coordinates>-86.235006,39.798284</coordinates></Point>
          <Point><coordinates>-86.235006,39.798275</coordinates></Point>
          <Point><coordinates>-86.235005,39.798267</coordinates></Point>
          <Point><coordinates>-86.235005,39.798258</coordinates></Point>
          <Point><coordinates>-86.235005,39.798249</coordinates></Point>
          <Point><coordinates>-86.235005,39.79824</coordinates></Point>
          <Point><coordinates>-86.235005,39.798231</coordinates></Point>
          <Point><coordinates>-86.235005,39.798222</coordinates></Point>
          <Point><coordinates>-86.235005,39.798213</coordinates></Point>
          <Point><coordinates>-86.235004,39.798204</coordinates></Point>
          <Point><coordinates>-86.235004,39.798195</coordinates></Point>
          <Point><coordinates>-86.235004,39.798186</coordinates></Point>
          <Point><coordinates>-86.235004,39.798177</coordinates></Point>
          <Point><coordinates>-86.235003,39.798168</coordinates></Point>
          <Point><coordinates>-86.235003,39.798159</coordinates></Point>
          <Point><coordinates>-86.235003,39.79815</coordinates></Point>
          <Point><coordinates>-86.235003,39.798141</coordinates></Point>
          <Point><coordinates>-86.235003,39.798132</coordinates></Point>
          <Point><coordinates>-86.235002,39.798123</coordinates></Point>
          <Point><coordinates>-86.235002,39.798114</coordinates></Point>
          <Point><coordinates>-86.235002,39.798105</coordinates></Point>
          <Point><coordinates>-86.235002,39.798096</coordinates></Point>
          <Point><coordinates>-86.235001,39.798087</coordinates></Point>
          <Point><coordinates>-86.235001,39.798078</coordinates></Point>
          <Point><coordinates>-86.235001,39.798069</coordinates></Point>
          <Point><coordinates>-86.235001,39.79806</coordinates></Point>
          <Point><coordinates>-86.235001,39.798051</coordinates></Point>
          <Point><coordinates>-86.235,39.798042</coordinates></Point>
          <Point><coordinates>-86.235,39.798033</coordinates></Point>
          <Point><coordinates>-86.235,39.798024</coordinates></Point>
          <Point><coordinates>-86.235,39.798015</coordinates></Point>
          <Point><coordinates>-86.234999,39.798006</coordinates></Point>
          <Point><coordinates>-86.234999,39.797997</coordinates></Point>
          <Point><coordinates>-86.234999,39.797988</coordinates></Point>
          <Point><coordinates>-86.234999,39.797979</coordinates></Point>
          <Point><coordinates>-86.234998,39.79797</coordinates></Point>
          <Point><coordinates>-86.234998,39.797961</coordinates></Point>
          <Point><coordinates>-86.234998,39.797952</coordinates></Point>
          <Point><coordinates>-86.234998,39.797943</coordinates></Point>
          <Point><coordinates>-86.234997,39.797934</coordinates></Point>
          <Point><coordinates>-86.234997,39.797925</coordinates></Point>
          <Point><coordinates>-86.234997,39.797916</coordinates></Point>
          <Point><coordinates>-86.234997,39.797907</coordinates></Point>
          <Point><coordinates>-86.234996,39.797898</coordinates></Point>
          <Point><coordinates>-86.234996,39.797889</coordinates></Point>
          <Point><coordinates>-86.234996,39.79788</coordinates></Point>
          <Point><coordinates>-86.234996,39.797871</coordinates></Point>
          <Point><coordinates>-86.234996,39.797862</coordinates></Point>
          <Point><coordinates>-86.234995,39.797853</coordinates></Point>
          <Point><coordinates>-86.234995,39.797844</coordinates></Point>
          <Point><coordinates>-86.234995,39.797835</coordinates></Point>
          <Point><coordinates>-86.234995,39.797826</coordinates></Point>
          <Point><coordinates>-86.234995,39.797817</coordinates></Point>
          <Point><coordinates>-86.234995,39.797808</coordinates></Point>
          <Point><coordinates>-86.234994,39.797799</coordinates></Point>
          <Point><coordinates>-86.234994,39.79779</coordinates></Point>
          <Point><coordinates>-86.234994,39.797781</coordinates></Point>
          <Point><coordinates>-86.234994,39.797772</coordinates></Point>
          <Point><coordinates>-86.234994,39.797763</coordinates></Point>
          <Point><coordinates>-86.234994,39.797754</coordinates></Point>
          <Point><coordinates>-86.234994,39.797745</coordinates></Point>
          <Point><coordinates>-86.234994,39.797737</coordinates></Point>
          <Point><coordinates>-86.234994,39.797728</coordinates></Point>
          <Point><coordinates>-86.234994,39.797719</coordinates></Point>
          <Point><coordinates>-86.234994,39.79771</coordinates></Point>
          <Point><coordinates>-86.234994,39.797701</coordinates></Point>
          <Point><coordinates>-86.234994,39.797692</coordinates></Point>
          <Point><coordinates>-86.234993,39.797683</coordinates></Point>
          <Point><coordinates>-86.234993,39.797674</coordinates></Point>
          <Point><coordinates>-86.234993,39.797665</coordinates></Point>
          <Point><coordinates>-86.234993,39.797656</coordinates></Point>
          <Point><coordinates>-86.234993,39.797647</coordinates></Point>
          <Point><coordinates>-86.234993,39.797638</coordinates></Point>
          <Point><coordinates>-86.234992,39.797629</coordinates></Point>
          <Point><coordinates>-86.234992,39.79762</coordinates></Point>
          <Point><coordinates>-86.234992,39.797611</coordinates></Point>
          <Point><coordinates>-86.234992,39.797602</coordinates></Point>
          <Point><coordinates>-86.234992,39.797593</coordinates></Point>
          <Point><coordinates>-86.234992,39.797584</coordinates></Point>
          <Point><coordinates>-86.234992,39.797575</coordinates></Point>
          <Point><coordinates>-86.234991,39.797566</coordinates></Point>
          <Point><coordinates>-86.234991,39.797557</coordinates></Point>
          <Point><coordinates>-86.234991,39.797548</coordinates></Point>
          <Point><coordinates>-86.234991,39.797539</coordinates></Point>
          <Point><coordinates>-86.234991,39.79753</coordinates></Point>
          <Point><coordinates>-86.234991,39.797521</coordinates></Point>
          <Point><coordinates>-86.23499,39.797512</coordinates></Point>
          <Point><coordinates>-86.23499,39.797503</coordinates></Point>
          <Point><coordinates>-86.23499,39.797494</coordinates></Point>
          <Point><coordinates>-86.23499,39.797485</coordinates></Point>
          <Point><coordinates>-86.23499,39.797476</coordinates></Point>
          <Point><coordinates>-86.23499,39.797467</coordinates></Point>
          <Point><coordinates>-86.23499,39.797458</coordinates></Point>
          <Point><coordinates>-86.234989,39.797449</coordinates></Point>
          <Point><coordinates>-86.234989,39.79744</coordinates></Point>
          <Point><coordinates>-86.234989,39.797431</coordinates></Point>
          <Point><coordinates>-86.234989,39.797422</coordinates></Point>
          <Point><coordinates>-86.234989,39.797413</coordinates></Point>
          <Point><coordinates>-86.234989,39.797404</coordinates></Point>
          <Point><coordinates>-86.234989,39.797395</coordinates></Point>
          <Point><coordinates>-86.234989,39.797386</coordinates></Point>
          <Point><coordinates>-86.234989,39.797377</coordinates></Point>
          <Point><coordinates>-86.234989,39.797368</coordinates></Point>
          <Point><coordinates>-86.234988,39.797359</coordinates></Point>
          <Point><coordinates>-86.234988,39.79735</coordinates></Point>
          <Point><coordinates>-86.234988,39.797341</coordinates></Point>
          <Point><coordinates>-86.234988,39.797332</coordinates></Point>
          <Point><coordinates>-86.234988,39.797323</coordinates></Point>
          <Point><coordinates>-86.234987,39.797314</coordinates></Point>
          <Point><coordinates>-86.234987,39.797305</coordinates></Point>
          <Point><coordinates>-86.234987,39.797296</coordinates></Point>
          <Point><coordinates>-86.234987,39.797287</coordinates></Point>
          <Point><coordinates>-86.234986,39.797278</coordinates></Point>
          <Point><coordinates>-86.234986,39.797269</coordinates></Point>
          <Point><coordinates>-86.234986,39.79726</coordinates></Point>
          <Point><coordinates>-86.234986,39.797251</coordinates></Point>
          <Point><coordinates>-86.234986,39.797242</coordinates></Point>
          <Point><coordinates>-86.234986,39.797233</coordinates></Point>
          <Point><coordinates>-86.234985,39.797224</coordinates></Point>
          <Point><coordinates>-86.234985,39.797215</coordinates></Point>
          <Point><coordinates>-86.234985,39.797207</coordinates></Point>
          <Point><coordinates>-86.234985,39.797198</coordinates></Point>
          <Point><coordinates>-86.234985,39.797189</coordinates></Point>
          <Point><coordinates>-86.234985,39.79718</coordinates></Point>
          <Point><coordinates>-86.234985,39.797171</coordinates></Point>
          <Point><coordinates>-86.234985,39.797162</coordinates></Point>
          <Point><coordinates>-86.234985,39.797153</coordinates></Point>
          <Point><coordinates>-86.234985,39.797144</coordinates></Point>
          <Point><coordinates>-86.234985,39.797135</coordinates></Point>
          <Point><coordinates>-86.234985,39.797126</coordinates></Point>
          <Point><coordinates>-86.234984,39.797117</coordinates></Point>
          <Point><coordinates>-86.234984,39.797108</coordinates></Point>
          <Point><coordinates>-86.234984,39.797099</coordinates></Point>
          <Point><coordinates>-86.234984,39.79709</coordinates></Point>
          <Point><coordinates>-86.234984,39.797081</coordinates></Point>
          <Point><coordinates>-86.234984,39.797072</coordinates></Point>
          <Point><coordinates>-86.234983,39.797063</coordinates></Point>
          <Point><coordinates>-86.234983,39.797054</coordinates></Point>
          <Point><coordinates>-86.234983,39.797045</coordinates></Point>
          <Point><coordinates>-86.234983,39.797036</coordinates></Point>
          <Point><coordinates>-86.234983,39.797027</coordinates></Point>
          <Point><coordinates>-86.234983,39.797018</coordinates></Point>
          <Point><coordinates>-86.234983,39.797009</coordinates></Point>
          <Point><coordinates>-86.234982,39.797</coordinates></Point>
          <Point><coordinates>-86.234982,39.796991</coordinates></Point>
          <Point><coordinates>-86.234982,39.796982</coordinates></Point>
          <Point><coordinates>-86.234982,39.796973</coordinates></Point>
          <Point><coordinates>-86.234982,39.796964</coordinates></Point>
          <Point><coordinates>-86.234982,39.796955</coordinates></Point>
          <Point><coordinates>-86.234982,39.796946</coordinates></Point>
          <Point><coordinates>-86.234982,39.796937</coordinates></Point>
          <Point><coordinates>-86.234982,39.796928</coordinates></Point>
          <Point><coordinates>-86.234982,39.796919</coordinates></Point>
          <Point><coordinates>-86.234982,39.79691</coordinates></Point>
          <Point><coordinates>-86.234982,39.796901</coordinates></Point>
          <Point><coordinates>-86.234981,39.796892</coordinates></Point>
          <Point><coordinates>-86.234981,39.796883</coordinates></Point>
          <Point><coordinates>-86.234981,39.796874</coordinates></Point>
          <Point><coordinates>-86.234981,39.796865</coordinates></Point>
          <Point><coordinates>-86.234981,39.796856</coordinates></Point>
          <Point><coordinates>-86.234981,39.796847</coordinates></Point>
          <Point><coordinates>-86.234981,39.796838</coordinates></Point>
          <Point><coordinates>-86.234981,39.796829</coordinates></Point>
          <Point><coordinates>-86.234981,39.79682</coordinates></Point>
          <Point><coordinates>-86.234981,39.796811</coordinates></Point>
          <Point><coordinates>-86.234981,39.796802</coordinates></Point>
          <Point><coordinates>-86.234981,39.796793</coordinates></Point>
          <Point><coordinates>-86.234981,39.796784</coordinates></Point>
          <Point><coordinates>-86.23498,39.796775</coordinates></Point>
          <Point><coordinates>-86.23498,39.796766</coordinates></Point>
          <Point><coordinates>-86.23498,39.796757</coordinates></Point>
          <Point><coordinates>-86.23498,39.796748</coordinates></Point>
          <Point><coordinates>-86.23498,39.796739</coordinates></Point>
          <Point><coordinates>-86.234979,39.79673</coordinates></Point>
          <Point><coordinates>-86.234979,39.796721</coordinates></Point>
          <Point><coordinates>-86.234979,39.796712</coordinates></Point>
          <Point><coordinates>-86.234979,39.796703</coordinates></Point>
          <Point><coordinates>-86.234979,39.796694</coordinates></Point>
          <Point><coordinates>-86.234979,39.796685</coordinates></Point>
          <Point><coordinates>-86.234979,39.796676</coordinates></Point>
          <Point><coordinates>-86.234979,39.796668</coordinates></Point>
          <Point><coordinates>-86.234978,39.796659</coordinates></Point>
          <Point><coordinates>-86.234978,39.79665</coordinates></Point>
          <Point><coordinates>-86.234978,39.796641</coordinates></Point>
          <Point><coordinates>-86.234978,39.796632</coordinates></Point>
          <Point><coordinates>-86.234978,39.796623</coordinates></Point>
          <Point><coordinates>-86.234978,39.796614</coordinates></Point>
          <Point><coordinates>-86.234977,39.796605</coordinates></Point>
          <Point><coordinates>-86.234977,39.796596</coordinates></Point>
          <Point><coordinates>-86.234977,39.796587</coordinates></Point>
          <Point><coordinates>-86.234977,39.796578</coordinates></Point>
          <Point><coordinates>-86.234976,39.796569</coordinates></Point>
          <Point><coordinates>-86.234976,39.79656</coordinates></Point>
          <Point><coordinates>-86.234976,39.796551</coordinates></Point>
          <Point><coordinates>-86.234976,39.796542</coordinates></Point>
          <Point><coordinates>-86.234976,39.796533</coordinates></Point>
          <Point><coordinates>-86.234975,39.796524</coordinates></Point>
          <Point><coordinates>-86.234975,39.796515</coordinates></Point>
          <Point><coordinates>-86.234975,39.796506</coordinates></Point>
          <Point><coordinates>-86.234975,39.796497</coordinates></Point>
          <Point><coordinates>-86.234974,39.796488</coordinates></Point>
          <Point><coordinates>-86.234974,39.796479</coordinates></Point>
          <Point><coordinates>-86.234974,39.79647</coordinates></Point>
          <Point><coordinates>-86.234974,39.796461</coordinates></Point>
          <Point><coordinates>-86.234974,39.796452</coordinates></Point>
          <Point><coordinates>-86.234974,39.796443</coordinates></Point>
          <Point><coordinates>-86.234973,39.796434</coordinates></Point>
          <Point><coordinates>-86.234973,39.796425</coordinates></Point>
          <Point><coordinates>-86.234973,39.796416</coordinates></Point>
          <Point><coordinates>-86.234973,39.796407</coordinates></Point>
          <Point><coordinates>-86.234973,39.796398</coordinates></Point>
          <Point><coordinates>-86.234972,39.796389</coordinates></Point>
          <Point><coordinates>-86.234972,39.79638</coordinates></Point>
          <Point><coordinates>-86.234972,39.796371</coordinates></Point>
          <Point><coordinates>-86.234972,39.796362</coordinates></Point>
          <Point><coordinates>-86.234972,39.796353</coordinates></Point>
          <Point><coordinates>-86.234972,39.796344</coordinates></Point>
          <Point><coordinates>-86.234972,39.796335</coordinates></Point>
          <Point><coordinates>-86.234972,39.796326</coordinates></Point>
          <Point><coordinates>-86.234971,39.796317</coordinates></Point>
          <Point><coordinates>-86.234971,39.796308</coordinates></Point>
          <Point><coordinates>-86.234971,39.796299</coordinates></Point>
          <Point><coordinates>-86.234971,39.79629</coordinates></Point>
          <Point><coordinates>-86.234971,39.796281</coordinates></Point>
          <Point><coordinates>-86.23497,39.796272</coordinates></Point>
          <Point><coordinates>-86.23497,39.796263</coordinates></Point>
          <Point><coordinates>-86.23497,39.796254</coordinates></Point>
          <Point><coordinates>-86.23497,39.796245</coordinates></Point>
          <Point><coordinates>-86.23497,39.796236</coordinates></Point>
          <Point><coordinates>-86.23497,39.796227</coordinates></Point>
          <Point><coordinates>-86.23497,39.796218</coordinates></Point>
          <Point><coordinates>-86.234969,39.796209</coordinates></Point>
          <Point><coordinates>-86.234969,39.7962</coordinates></Point>
          <Point><coordinates>-86.234969,39.796191</coordinates></Point>
          <Point><coordinates>-86.234969,39.796182</coordinates></Point>
          <Point><coordinates>-86.234969,39.796173</coordinates></Point>
          <Point><coordinates>-86.234969,39.796164</coordinates></Point>
          <Point><coordinates>-86.234968,39.796155</coordinates></Point>
          <Point><coordinates>-86.234968,39.796146</coordinates></Point>
          <Point><coordinates>-86.234968,39.796138</coordinates></Point>
          <Point><coordinates>-86.234968,39.796129</coordinates></Point>
          <Point><coordinates>-86.234968,39.79612</coordinates></Point>
          <Point><coordinates>-86.234968,39.796111</coordinates></Point>
          <Point><coordinates>-86.234968,39.796102</coordinates></Point>
          <Point><coordinates>-86.234968,39.796093</coordinates></Point>
          <Point><coordinates>-86.234967,39.796084</coordinates></Point>
          <Point><coordinates>-86.234967,39.796075</coordinates></Point>
          <Point><coordinates>-86.234967,39.796066</coordinates></Point>
          <Point><coordinates>-86.234967,39.796057</coordinates></Point>
          <Point><coordinates>-86.234967,39.796048</coordinates></Point>
          <Point><coordinates>-86.234967,39.796039</coordinates></Point>
          <Point><coordinates>-86.234967,39.79603</coordinates></Point>
          <Point><coordinates>-86.234967,39.796021</coordinates></Point>
          <Point><coordinates>-86.234967,39.796012</coordinates></Point>
          <Point><coordinates>-86.234967,39.796003</coordinates></Point>
          <Point><coordinates>-86.234967,39.795994</coordinates></Point>
          <Point><coordinates>-86.234967,39.795985</coordinates></Point>
          <Point><coordinates>-86.234966,39.795976</coordinates></Point>
          <Point><coordinates>-86.234966,39.795967</coordinates></Point>
          <Point><coordinates>-86.234966,39.795958</coordinates></Point>
          <Point><coordinates>-86.234966,39.795949</coordinates></Point>
          <Point><coordinates>-86.234966,39.79594</coordinates></Point>
          <Point><coordinates>-86.234966,39.795931</coordinates></Point>
          <Point><coordinates>-86.234965,39.795922</coordinates></Point>
          <Point><coordinates>-86.234965,39.795913</coordinates></Point>
          <Point><coordinates>-86.234965,39.795904</coordinates></Point>
          <Point><coordinates>-86.234965,39.795895</coordinates></Point>
          <Point><coordinates>-86.234965,39.795886</coordinates></Point>
          <Point><coordinates>-86.234965,39.795877</coordinates></Point>
          <Point><coordinates>-86.234965,39.795868</coordinates></Point>
          <Point><coordinates>-86.234964,39.795859</coordinates></Point>
          <Point><coordinates>-86.234964,39.79585</coordinates></Point>
          <Point><coordinates>-86.234964,39.795841</coordinates></Point>
          <Point><coordinates>-86.234964,39.795832</coordinates></Point>
          <Point><coordinates>-86.234964,39.795823</coordinates></Point>
          <Point><coordinates>-86.234964,39.795814</coordinates></Point>
          <Point><coordinates>-86.234963,39.795805</coordinates></Point>
          <Point><coordinates>-86.234963,39.795796</coordinates></Point>
          <Point><coordinates>-86.234963,39.795787</coordinates></Point>
          <Point><coordinates>-86.234963,39.795778</coordinates></Point>
          <Point><coordinates>-86.234963,39.795769</coordinates></Point>
          <Point><coordinates>-86.234963,39.79576</coordinates></Point>
          <Point><coordinates>-86.234963,39.795751</coordinates></Point>
          <Point><coordinates>-86.234962,39.795742</coordinates></Point>
          <Point><coordinates>-86.234962,39.795733</coordinates></Point>
          <Point><coordinates>-86.234962,39.795724</coordinates></Point>
          <Point><coordinates>-86.234962,39.795715</coordinates></Point>
          <Point><coordinates>-86.234962,39.795706</coordinates></Point>
          <Point><coordinates>-86.234962,39.795697</coordinates></Point>
          <Point><coordinates>-86.234961,39.795688</coordinates></Point>
          <Point><coordinates>-86.234961,39.795679</coordinates></Point>
          <Point><coordinates>-86.234961,39.79567</coordinates></Point>
          <Point><coordinates>-86.234961,39.795661</coordinates></Point>
          <Point><coordinates>-86.234961,39.795652</coordinates></Point>
          <Point><coordinates>-86.234961,39.795643</coordinates></Point>
          <Point><coordinates>-86.234961,39.795634</coordinates></Point>
          <Point><coordinates>-86.23496,39.795625</coordinates></Point>
          <Point><coordinates>-86.23496,39.795616</coordinates></Point>
          <Point><coordinates>-86.23496,39.795607</coordinates></Point>
          <Point><coordinates>-86.23496,39.795599</coordinates></Point>
          <Point><coordinates>-86.23496,39.79559</coordinates></Point>
          <Point><coordinates>-86.23496,39.795581</coordinates></Point>
          <Point><coordinates>-86.234959,39.795572</coordinates></Point>
          <Point><coordinates>-86.234959,39.795563</coordinates></Point>
          <Point><coordinates>-86.234959,39.795554</coordinates></Point>
          <Point><coordinates>-86.234959,39.795545</coordinates></Point>
          <Point><coordinates>-86.234959,39.795536</coordinates></Point>
          <Point><coordinates>-86.234959,39.795527</coordinates></Point>
          <Point><coordinates>-86.234959,39.795518</coordinates></Point>
          <Point><coordinates>-86.234959,39.795509</coordinates></Point>
          <Point><coordinates>-86.234958,39.7955</coordinates></Point>
          <Point><coordinates>-86.234958,39.795491</coordinates></Point>
          <Point><coordinates>-86.234958,39.795482</coordinates></Point>
          <Point><coordinates>-86.234958,39.795473</coordinates></Point>
          <Point><coordinates>-86.234958,39.795464</coordinates></Point>
          <Point><coordinates>-86.234958,39.795455</coordinates></Point>
          <Point><coordinates>-86.234957,39.795446</coordinates></Point>
          <Point><coordinates>-86.234957,39.795437</coordinates></Point>
          <Point><coordinates>-86.234957,39.795428</coordinates></Point>
          <Point><coordinates>-86.234957,39.795419</coordinates></Point>
          <Point><coordinates>-86.234957,39.79541</coordinates></Point>
          <Point><coordinates>-86.234956,39.795401</coordinates></Point>
          <Point><coordinates>-86.234956,39.795392</coordinates></Point>
          <Point><coordinates>-86.234956,39.795383</coordinates></Point>
          <Point><coordinates>-86.234956,39.795374</coordinates></Point>
          <Point><coordinates>-86.234955,39.795365</coordinates></Point>
          <Point><coordinates>-86.234955,39.795356</coordinates></Point>
          <Point><coordinates>-86.234955,39.795347</coordinates></Point>
          <Point><coordinates>-86.234955,39.795338</coordinates></Point>
          <Point><coordinates>-86.234954,39.795329</coordinates></Point>
          <Point><coordinates>-86.234954,39.79532</coordinates></Point>
          <Point><coordinates>-86.234954,39.795311</coordinates></Point>
          <Point><coordinates>-86.234954,39.795302</coordinates></Point>
          <Point><coordinates>-86.234954,39.795293</coordinates></Point>
          <Point><coordinates>-86.234954,39.795284</coordinates></Point>
          <Point><coordinates>-86.234954,39.795275</coordinates></Point>
          <Point><coordinates>-86.234953,39.795266</coordinates></Point>
          <Point><coordinates>-86.234953,39.795257</coordinates></Point>
          <Point><coordinates>-86.234953,39.795248</coordinates></Point>
          <Point><coordinates>-86.234953,39.795239</coordinates></Point>
          <Point><coordinates>-86.234953,39.79523</coordinates></Point>
          <Point><coordinates>-86.234953,39.795221</coordinates></Point>
          <Point><coordinates>-86.234952,39.795212</coordinates></Point>
          <Point><coordinates>-86.234952,39.795203</coordinates></Point>
          <Point><coordinates>-86.234952,39.795194</coordinates></Point>
          <Point><coordinates>-86.234952,39.795185</coordinates></Point>
          <Point><coordinates>-86.234952,39.795176</coordinates></Point>
          <Point><coordinates>-86.234952,39.795167</coordinates></Point>
          <Point><coordinates>-86.234952,39.795158</coordinates></Point>
          <Point><coordinates>-86.234951,39.795149</coordinates></Point>
          <Point><coordinates>-86.234951,39.79514</coordinates></Point>
          <Point><coordinates>-86.234951,39.795131</coordinates></Point>
          <Point><coordinates>-86.234951,39.795122</coordinates></Point>
          <Point><coordinates>-86.234951,39.795113</coordinates></Point>
          <Point><coordinates>-86.234951,39.795104</coordinates></Point>
          <Point><coordinates>-86.23495,39.795095</coordinates></Point>
          <Point><coordinates>-86.23495,39.795086</coordinates></Point>
          <Point><coordinates>-86.23495,39.795077</coordinates></Point>
          <Point><coordinates>-86.23495,39.795069</coordinates></Point>
          <Point><coordinates>-86.23495,39.79506</coordinates></Point>
          <Point><coordinates>-86.23495,39.795051</coordinates></Point>
          <Point><coordinates>-86.23495,39.795042</coordinates></Point>
          <Point><coordinates>-86.234949,39.795033</coordinates></Point>
          <Point><coordinates>-86.234949,39.795024</coordinates></Point>
          <Point><coordinates>-86.234949,39.795015</coordinates></Point>
          <Point><coordinates>-86.234949,39.795006</coordinates></Point>
          <Point><coordinates>-86.234949,39.794997</coordinates></Point>
          <Point><coordinates>-86.234949,39.794988</coordinates></Point>
          <Point><coordinates>-86.234949,39.794979</coordinates></Point>
          <Point><coordinates>-86.234948,39.79497</coordinates></Point>
          <Point><coordinates>-86.234948,39.794961</coordinates></Point>
          <Point><coordinates>-86.234948,39.794952</coordinates></Point>
          <Point><coordinates>-86.234948,39.794943</coordinates></Point>
          <Point><coordinates>-86.234948,39.794934</coordinates></Point>
          <Point><coordinates>-86.234948,39.794925</coordinates></Point>
          <Point><coordinates>-86.234948,39.794916</coordinates></Point>
          <Point><coordinates>-86.234947,39.794907</coordinates></Point>
          <Point><coordinates>-86.234947,39.794898</coordinates></Point>
          <Point><coordinates>-86.234947,39.794889</coordinates></Point>
          <Point><coordinates>-86.234947,39.79488</coordinates></Point>
          <Point><coordinates>-86.234947,39.794871</coordinates></Point>
          <Point><coordinates>-86.234947,39.794862</coordinates></Point>
          <Point><coordinates>-86.234947,39.794853</coordinates></Point>
          <Point><coordinates>-86.234947,39.794844</coordinates></Point>
          <Point><coordinates>-86.234947,39.794835</coordinates></Point>
          <Point><coordinates>-86.234947,39.794826</coordinates></Point>
          <Point><coordinates>-86.234947,39.794817</coordinates></Point>
          <Point><coordinates>-86.234947,39.794808</coordinates></Point>
          <Point><coordinates>-86.234947,39.794799</coordinates></Point>
          <Point><coordinates>-86.234947,39.79479</coordinates></Point>
          <Point><coordinates>-86.234946,39.794781</coordinates></Point>
          <Point><coordinates>-86.234946,39.794772</coordinates></Point>
          <Point><coordinates>-86.234946,39.794763</coordinates></Point>
          <Point><coordinates>-86.234946,39.794754</coordinates></Point>
          <Point><coordinates>-86.234946,39.794745</coordinates></Point>
          <Point><coordinates>-86.234946,39.794736</coordinates></Point>
          <Point><coordinates>-86.234946,39.794727</coordinates></Point>
          <Point><coordinates>-86.234946,39.794718</coordinates></Point>
          <Point><coordinates>-86.234946,39.794709</coordinates></Point>
          <Point><coordinates>-86.234946,39.7947</coordinates></Point>
          <Point><coordinates>-86.234946,39.794691</coordinates></Point>
          <Point><coordinates>-86.234946,39.794682</coordinates></Point>
          <Point><coordinates>-86.234946,39.794673</coordinates></Point>
          <Point><coordinates>-86.234946,39.794664</coordinates></Point>
          <Point><coordinates>-86.234946,39.794655</coordinates></Point>
          <Point><coordinates>-86.234946,39.794646</coordinates></Point>
          <Point><coordinates>-86.234946,39.794637</coordinates></Point>
          <Point><coordinates>-86.234946,39.794628</coordinates></Point>
          <Point><coordinates>-86.234946,39.794619</coordinates></Point>
          <Point><coordinates>-86.234946,39.79461</coordinates></Point>
          <Point><coordinates>-86.234946,39.794601</coordinates></Point>
          <Point><coordinates>-86.234946,39.794592</coordinates></Point>
          <Point><coordinates>-86.234946,39.794583</coordinates></Point>
          <Point><coordinates>-86.234946,39.794574</coordinates></Point>
          <Point><coordinates>-86.234946,39.794565</coordinates></Point>
          <Point><coordinates>-86.234945,39.794556</coordinates></Point>
          <Point><coordinates>-86.234945,39.794547</coordinates></Point>
          <Point><coordinates>-86.234945,39.794539</coordinates></Point>
          <Point><coordinates>-86.234945,39.79453</coordinates></Point>
          <Point><coordinates>-86.234945,39.794521</coordinates></Point>
          <Point><coordinates>-86.234945,39.794512</coordinates></Point>
          <Point><coordinates>-86.234945,39.794503</coordinates></Point>
          <Point><coordinates>-86.234945,39.794494</coordinates></Point>
          <Point><coordinates>-86.234945,39.794485</coordinates></Point>
          <Point><coordinates>-86.234945,39.794476</coordinates></Point>
          <Point><coordinates>-86.234945,39.794467</coordinates></Point>
          <Point><coordinates>-86.234945,39.794458</coordinates></Point>
          <Point><coordinates>-86.234945,39.794449</coordinates></Point>
          <Point><coordinates>-86.234944,39.79444</coordinates></Point>
          <Point><coordinates>-86.234944,39.794431</coordinates></Point>
          <Point><coordinates>-86.234944,39.794422</coordinates></Point>
          <Point><coordinates>-86.234944,39.794413</coordinates></Point>
          <Point><coordinates>-86.234944,39.794404</coordinates></Point>
          <Point><coordinates>-86.234943,39.794395</coordinates></Point>
          <Point><coordinates>-86.234943,39.794386</coordinates></Point>
          <Point><coordinates>-86.234943,39.794377</coordinates></Point>
          <Point><coordinates>-86.234943,39.794368</coordinates></Point>
          <Point><coordinates>-86.234943,39.794359</coordinates></Point>
          <Point><coordinates>-86.234943,39.79435</coordinates></Point>
          <Point><coordinates>-86.234943,39.794341</coordinates></Point>
          <Point><coordinates>-86.234943,39.794332</coordinates></Point>
          <Point><coordinates>-86.234943,39.794323</coordinates></Point>
          <Point><coordinates>-86.234942,39.794314</coordinates></Point>
          <Point><coordinates>-86.234942,39.794305</coordinates></Point>
          <Point><coordinates>-86.234942,39.794296</coordinates></Point>
          <Point><coordinates>-86.234942,39.794287</coordinates></Point>
          <Point><coordinates>-86.234942,39.794278</coordinates></Point>
          <Point><coordinates>-86.234942,39.794269</coordinates></Point>
          <Point><coordinates>-86.234942,39.79426</coordinates></Point>
          <Point><coordinates>-86.234942,39.794251</coordinates></Point>
          <Point><coordinates>-86.234942,39.794242</coordinates></Point>
          <Point><coordinates>-86.234941,39.794233</coordinates></Point>
          <Point><coordinates>-86.234941,39.794224</coordinates></Point>
          <Point><coordinates>-86.234941,39.794215</coordinates></Point>
          <Point><coordinates>-86.234941,39.794206</coordinates></Point>
          <Point><coordinates>-86.234941,39.794197</coordinates></Point>
          <Point><coordinates>-86.23494,39.794188</coordinates></Point>
          <Point><coordinates>-86.23494,39.794179</coordinates></Point>
          <Point><coordinates>-86.23494,39.79417</coordinates></Point>
          <Point><coordinates>-86.23494,39.794161</coordinates></Point>
          <Point><coordinates>-86.234939,39.794152</coordinates></Point>
          <Point><coordinates>-86.234939,39.794143</coordinates></Point>
          <Point><coordinates>-86.234939,39.794134</coordinates></Point>
          <Point><coordinates>-86.234939,39.794125</coordinates></Point>
          <Point><coordinates>-86.234938,39.794116</coordinates></Point>
          <Point><coordinates>-86.234938,39.794107</coordinates></Point>
          <Point><coordinates>-86.234938,39.794098</coordinates></Point>
          <Point><coordinates>-86.234938,39.794089</coordinates></Point>
          <Point><coordinates>-86.234938,39.79408</coordinates></Point>
          <Point><coordinates>-86.234937,39.794071</coordinates></Point>
          <Point><coordinates>-86.234937,39.794062</coordinates></Point>
          <Point><coordinates>-86.234937,39.794053</coordinates></Point>
          <Point><coordinates>-86.234937,39.794044</coordinates></Point>
          <Point><coordinates>-86.234936,39.794035</coordinates></Point>
          <Point><coordinates>-86.234936,39.794026</coordinates></Point>
          <Point><coordinates>-86.234936,39.794017</coordinates></Point>
          <Point><coordinates>-86.234936,39.794008</coordinates></Point>
          <Point><coordinates>-86.234936,39.794</coordinates></Point>
          <Point><coordinates>-86.234936,39.793991</coordinates></Point>
          <Point><coordinates>-86.234935,39.793982</coordinates></Point>
          <Point><coordinates>-86.234935,39.793973</coordinates></Point>
          <Point><coordinates>-86.234935,39.793964</coordinates></Point>
          <Point><coordinates>-86.234935,39.793955</coordinates></Point>
          <Point><coordinates>-86.234935,39.793946</coordinates></Point>
          <Point><coordinates>-86.234935,39.793937</coordinates></Point>
          <Point><coordinates>-86.234934,39.793928</coordinates></Point>
          <Point><coordinates>-86.234934,39.793919</coordinates></Point>
          <Point><coordinates>-86.234934,39.79391</coordinates></Point>
          <Point><coordinates>-86.234934,39.793901</coordinates></Point>
          <Point><coordinates>-86.234934,39.793892</coordinates></Point>
          <Point><coordinates>-86.234934,39.793883</coordinates></Point>
          <Point><coordinates>-86.234934,39.793874</coordinates></Point>
          <Point><coordinates>-86.234933,39.793865</coordinates></Point>
          <Point><coordinates>-86.234933,39.793856</coordinates></Point>
          <Point><coordinates>-86.234933,39.793847</coordinates></Point>
          <Point><coordinates>-86.234933,39.793838</coordinates></Point>
          <Point><coordinates>-86.234933,39.793829</coordinates></Point>
          <Point><coordinates>-86.234932,39.79382</coordinates></Point>
          <Point><coordinates>-86.234932,39.793811</coordinates></Point>
          <Point><coordinates>-86.234932,39.793802</coordinates></Point>
          <Point><coordinates>-86.234932,39.793793</coordinates></Point>
          <Point><coordinates>-86.234932,39.793784</coordinates></Point>
          <Point><coordinates>-86.234932,39.793775</coordinates></Point>
          <Point><coordinates>-86.234932,39.793766</coordinates></Point>
          <Point><coordinates>-86.234932,39.793757</coordinates></Point>
          <Point><coordinates>-86.234932,39.793748</coordinates></Point>
          <Point><coordinates>-86.234931,39.793739</coordinates></Point>
          <Point><coordinates>-86.234931,39.79373</coordinates></Point>
          <Point><coordinates>-86.234931,39.793721</coordinates></Point>
          <Point><coordinates>-86.234931,39.793712</coordinates></Point>
          <Point><coordinates>-86.234931,39.793703</coordinates></Point>
          <Point><coordinates>-86.234931,39.793694</coordinates></Point>
          <Point><coordinates>-86.234931,39.793685</coordinates></Point>
          <Point><coordinates>-86.234931,39.793676</coordinates></Point>
          <Point><coordinates>-86.234931,39.793667</coordinates></Point>
          <Point><coordinates>-86.234931,39.793658</coordinates></Point>
          <Point><coordinates>-86.234931,39.793649</coordinates></Point>
          <Point><coordinates>-86.234931,39.79364</coordinates></Point>
          <Point><coordinates>-86.234931,39.793631</coordinates></Point>
          <Point><coordinates>-86.234931,39.793622</coordinates></Point>
          <Point><coordinates>-86.234931,39.793613</coordinates></Point>
          <Point><coordinates>-86.234931,39.793604</coordinates></Point>
          <Point><coordinates>-86.234931,39.793595</coordinates></Point>
          <Point><coordinates>-86.234931,39.793586</coordinates></Point>
          <Point><coordinates>-86.234931,39.793577</coordinates></Point>
          <Point><coordinates>-86.234931,39.793568</coordinates></Point>
          <Point><coordinates>-86.234931,39.793559</coordinates></Point>
          <Point><coordinates>-86.234931,39.79355</coordinates></Point>
          <Point><coordinates>-86.234931,39.793541</coordinates></Point>
          <Point><coordinates>-86.234931,39.793532</coordinates></Point>
          <Point><coordinates>-86.234931,39.793523</coordinates></Point>
          <Point><coordinates>-86.234931,39.793514</coordinates></Point>
          <Point><coordinates>-86.234931,39.793505</coordinates></Point>
          <Point><coordinates>-86.234931,39.793496</coordinates></Point>
          <Point><coordinates>-86.234931,39.793487</coordinates></Point>
          <Point><coordinates>-86.234931,39.793478</coordinates></Point>
          <Point><coordinates>-86.234931,39.79347</coordinates></Point>
          <Point><coordinates>-86.234931,39.793461</coordinates></Point>
          <Point><coordinates>-86.234931,39.793452</coordinates></Point>
          <Point><coordinates>-86.234931,39.793443</coordinates></Point>
          <Point><coordinates>-86.234931,39.793434</coordinates></Point>
          <Point><coordinates>-86.234931,39.793425</coordinates></Point>
          <Point><coordinates>-86.234931,39.793416</coordinates></Point>
          <Point><coordinates>-86.234931,39.793407</coordinates></Point>
          <Point><coordinates>-86.234931,39.793398</coordinates></Point>
          <Point><coordinates>-86.234931,39.793389</coordinates></Point>
          <Point><coordinates>-86.234931,39.79338</coordinates></Point>
          <Point><coordinates>-86.234931,39.793371</coordinates></Point>
          <Point><coordinates>-86.234931,39.793362</coordinates></Point>
          <Point><coordinates>-86.234931,39.793353</coordinates></Point>
          <Point><coordinates>-86.234931,39.793344</coordinates></Point>
          <Point><coordinates>-86.234931,39.793335</coordinates></Point>
          <Point><coordinates>-86.234931,39.793326</coordinates></Point>
          <Point><coordinates>-86.234931,39.793317</coordinates></Point>
          <Point><coordinates>-86.234931,39.793308</coordinates></Point>
          <Point><coordinates>-86.234931,39.793299</coordinates></Point>
          <Point><coordinates>-86.234931,39.79329</coordinates></Point>
          <Point><coordinates>-86.234931,39.793281</coordinates></Point>
          <Point><coordinates>-86.234931,39.793272</coordinates></Point>
          <Point><coordinates>-86.234931,39.793263</coordinates></Point>
          <Point><coordinates>-86.234931,39.793254</coordinates></Point>
          <Point><coordinates>-86.234931,39.793245</coordinates></Point>
          <Point><coordinates>-86.234931,39.793236</coordinates></Point>
          <Point><coordinates>-86.234931,39.793227</coordinates></Point>
          <Point><coordinates>-86.234931,39.793218</coordinates></Point>
          <Point><coordinates>-86.234931,39.793209</coordinates></Point>
          <Point><coordinates>-86.234931,39.7932</coordinates></Point>
          <Point><coordinates>-86.234931,39.793191</coordinates></Point>
          <Point><coordinates>-86.234931,39.793182</coordinates></Point>
          <Point><coordinates>-86.234931,39.793173</coordinates></Point>
          <Point><coordinates>-86.234931,39.793164</coordinates></Point>
          <Point><coordinates>-86.234931,39.793155</coordinates></Point>
          <Point><coordinates>-86.234931,39.793146</coordinates></Point>
          <Point><coordinates>-86.234931,39.793137</coordinates></Point>
          <Point><coordinates>-86.234931,39.793128</coordinates></Point>
          <Point><coordinates>-86.234931,39.793119</coordinates></Point>
          <Point><coordinates>-86.234931,39.79311</coordinates></Point>
          <Point><coordinates>-86.234931,39.793101</coordinates></Point>
          <Point><coordinates>-86.23493,39.793092</coordinates></Point>
          <Point><coordinates>-86.23493,39.793083</coordinates></Point>
          <Point><coordinates>-86.23493,39.793074</coordinates></Point>
          <Point><coordinates>-86.23493,39.793065</coordinates></Point>
          <Point><coordinates>-86.23493,39.793056</coordinates></Point>
          <Point><coordinates>-86.23493,39.793047</coordinates></Point>
          <Point><coordinates>-86.23493,39.793038</coordinates></Point>
          <Point><coordinates>-86.23493,39.793029</coordinates></Point>
          <Point><coordinates>-86.23493,39.79302</coordinates></Point>
          <Point><coordinates>-86.23493,39.793011</coordinates></Point>
          <Point><coordinates>-86.234929,39.793002</coordinates></Point>
          <Point><coordinates>-86.234929,39.792993</coordinates></Point>
          <Point><coordinates>-86.234929,39.792984</coordinates></Point>
          <Point><coordinates>-86.234928,39.792975</coordinates></Point>
          <Point><coordinates>-86.234928,39.792966</coordinates></Point>
          <Point><coordinates>-86.234928,39.792957</coordinates></Point>
          <Point><coordinates>-86.234928,39.792948</coordinates></Point>
          <Point><coordinates>-86.234927,39.79294</coordinates></Point>
          <Point><coordinates>-86.234927,39.792931</coordinates></Point>
          <Point><coordinates>-86.234926,39.792922</coordinates></Point>
          <Point><coordinates>-86.234925,39.792913</coordinates></Point>
          <Point><coordinates>-86.234925,39.792904</coordinates></Point>
          <Point><coordinates>-86.234924,39.792895</coordinates></Point>
          <Point><coordinates>-86.234924,39.792886</coordinates></Point>
          <Point><coordinates>-86.234923,39.792877</coordinates></Point>
          <Point><coordinates>-86.234922,39.792868</coordinates></Point>
          <Point><coordinates>-86.234922,39.792859</coordinates></Point>
          <Point><coordinates>-86.234921,39.79285</coordinates></Point>
          <Point><coordinates>-86.23492,39.792841</coordinates></Point>
          <Point><coordinates>-86.234919,39.792832</coordinates></Point>
          <Point><coordinates>-86.234917,39.792823</coordinates></Point>
          <Point><coordinates>-86.234916,39.792814</coordinates></Point>
          <Point><coordinates>-86.234914,39.792805</coordinates></Point>
          <Point><coordinates>-86.234912,39.792796</coordinates></Point>
          <Point><coordinates>-86.23491,39.792787</coordinates></Point>
          <Point><coordinates>-86.234908,39.792778</coordinates></Point>
          <Point><coordinates>-86.234907,39.79277</coordinates></Point>
          <Point><coordinates>-86.234905,39.792761</coordinates></Point>
          <Point><coordinates>-86.234903,39.792752</coordinates></Point>
          <Point><coordinates>-86.2349,39.792743</coordinates></Point>
          <Point><coordinates>-86.234897,39.792734</coordinates></Point>
          <Point><coordinates>-86.234894,39.792726</coordinates></Point>
          <Point><coordinates>-86.234891,39.792717</coordinates></Point>
          <Point><coordinates>-86.234888,39.792709</coordinates></Point>
          <Point><coordinates>-86.234885,39.7927</coordinates></Point>
          <Point><coordinates>-86.234882,39.792691</coordinates></Point>
          <Point><coordinates>-86.234878,39.792683</coordinates></Point>
          <Point><coordinates>-86.234875,39.792674</coordinates></Point>
          <Point><coordinates>-86.234872,39.792665</coordinates></Point>
          <Point><coordinates>-86.234868,39.792657</coordinates></Point>
          <Point><coordinates>-86.234863,39.792649</coordinates></Point>
          <Point><coordinates>-86.234858,39.792641</coordinates></Point>
          <Point><coordinates>-86.234853,39.792633</coordinates></Point>
          <Point><coordinates>-86.234848,39.792625</coordinates></Point>
          <Point><coordinates>-86.234843,39.792617</coordinates></Point>
          <Point><coordinates>-86.234838,39.792609</coordinates></Point>
          <Point><coordinates>-86.234833,39.792601</coordinates></Point>
          <Point><coordinates>-86.234827,39.792592</coordinates></Point>
          <Point><coordinates>-86.234822,39.792584</coordinates></Point>
          <Point><coordinates>-86.234816,39.792577</coordinates></Point>
          <Point><coordinates>-86.234809,39.792569</coordinates></Point>
          <Point><coordinates>-86.234803,39.792562</coordinates></Point>
          <Point><coordinates>-86.234796,39.792554</coordinates></Point>
          <Point><coordinates>-86.23479,39.792547</coordinates></Point>
          <Point><coordinates>-86.234783,39.79254</coordinates></Point>
          <Point><coordinates>-86.234777,39.792532</coordinates></Point>
          <Point><coordinates>-86.23477,39.792525</coordinates></Point>
          <Point><coordinates>-86.234764,39.792517</coordinates></Point>
          <Point><coordinates>-86.234757,39.79251</coordinates></Point>
          <Point><coordinates>-86.234749,39.792503</coordinates></Point>
          <Point><coordinates>-86.234742,39.792496</coordinates></Point>
          <Point><coordinates>-86.234734,39.79249</coordinates></Point>
          <Point><coordinates>-86.234726,39.792483</coordinates></Point>
          <Point><coordinates>-86.234718,39.792476</coordinates></Point>
          <Point><coordinates>-86.23471,39.79247</coordinates></Point>
          <Point><coordinates>-86.234702,39.792463</coordinates></Point>
          <Point><coordinates>-86.234694,39.792456</coordinates></Point>
          <Point><coordinates>-86.234686,39.79245</coordinates></Point>
          <Point><coordinates>-86.234678,39.792443</coordinates></Point>
          <Point><coordinates>-86.23467,39.792437</coordinates></Point>
          <Point><coordinates>-86.23466,39.792431</coordinates></Point>
          <Point><coordinates>-86.234651,39.792426</coordinates></Point>
          <Point><coordinates>-86.234642,39.79242</coordinates></Point>
          <Point><coordinates>-86.234633,39.792414</coordinates></Point>
          <Point><coordinates>-86.234624,39.792409</coordinates></Point>
          <Point><coordinates>-86.234615,39.792403</coordinates></Point>
          <Point><coordinates>-86.234606,39.792397</coordinates></Point>
          <Point><coordinates>-86.234597,39.792392</coordinates></Point>
          <Point><coordinates>-86.234588,39.792386</coordinates></Point>
          <Point><coordinates>-86.234578,39.792381</coordinates></Point>
          <Point><coordinates>-86.234568,39.792376</coordinates></Point>
          <Point><coordinates>-86.234558,39.792372</coordinates></Point>
          <Point><coordinates>-86.234548,39.792367</coordinates></Point>
          <Point><coordinates>-86.234538,39.792363</coordinates></Point>
          <Point><coordinates>-86.234528,39.792358</coordinates></Point>
          <Point><coordinates>-86.234518,39.792354</coordinates></Point>
          <Point><coordinates>-86.234508,39.792349</coordinates></Point>
          <Point><coordinates>-86.234498,39.792345</coordinates></Point>
          <Point><coordinates>-86.234488,39.79234</coordinates></Point>
          <Point><coordinates>-86.234478,39.792336</coordinates></Point>
          <Point><coordinates>-86.234467,39.792332</coordinates></Point>
          <Point><coordinates>-86.234456,39.792329</coordinates></Point>
          <Point><coordinates>-86.234445,39.792326</coordinates></Point>
          <Point><coordinates>-86.234434,39.792323</coordinates></Point>
          <Point><coordinates>-86.234423,39.792319</coordinates></Point>
          <Point><coordinates>-86.234412,39.792316</coordinates></Point>
          <Point><coordinates>-86.234401,39.792313</coordinates></Point>
          <Point><coordinates>-86.23439,39.79231</coordinates></Point>
          <Point><coordinates>-86.234379,39.792307</coordinates></Point>
          <Point><coordinates>-86.234368,39.792303</coordinates></Point>
          <Point><coordinates>-86.234357,39.792302</coordinates></Point>
          <Point><coordinates>-86.234346,39.7923</coordinates></Point>
          <Point><coordinates>-86.234334,39.792298</coordinates></Point>
          <Point><coordinates>-86.234323,39.792296</coordinates></Point>
          <Point><coordinates>-86.234311,39.792295</coordinates></Point>
          <Point><coordinates>-86.2343,39.792293</coordinates></Point>
          <Point><coordinates>-86.234288,39.792291</coordinates></Point>
          <Point><coordinates>-86.234277,39.79229</coordinates></Point>
          <Point><coordinates>-86.234265,39.792288</coordinates></Point>
          <Point><coordinates>-86.234254,39.792286</coordinates></Point>
          <Point><coordinates>-86.234242,39.792285</coordinates></Point>
          <Point><coordinates>-86.234231,39.792284</coordinates></Point>
          <Point><coordinates>-86.234219,39.792284</coordinates></Point>
          <Point><coordinates>-86.234207,39.792283</coordinates></Point>
          <Point><coordinates>-86.234196,39.792283</coordinates></Point>
          <Point><coordinates>-86.234184,39.792282</coordinates></Point>
          <Point><coordinates>-86.234172,39.792281</coordinates></Point>
          <Point><coordinates>-86.234161,39.792281</coordinates></Point>
          <Point><coordinates>-86.234149,39.79228</coordinates></Point>
          <Point><coordinates>-86.234137,39.79228</coordinates></Point>
          <Point><coordinates>-86.234125,39.792279</coordinates></Point>
          <Point><coordinates>-86.234114,39.792279</coordinates></Point>
          <Point><coordinates>-86.234102,39.792279</coordinates></Point>
          <Point><coordinates>-86.23409,39.792279</coordinates></Point>
          <Point><coordinates>-86.234079,39.792279</coordinates></Point>
          <Point><coordinates>-86.234067,39.792279</coordinates></Point>
          <Point><coordinates>-86.234055,39.79228</coordinates></Point>
          <Point><coordinates>-86.234044,39.79228</coordinates></Point>
          <Point><coordinates>-86.234032,39.79228</coordinates></Point>
          <Point><coordinates>-86.23402,39.79228</coordinates></Point>
          <Point><coordinates>-86.234009,39.79228</coordinates></Point>
          <Point><coordinates>-86.233997,39.79228</coordinates></Point>
          <Point><coordinates>-86.233985,39.79228</coordinates></Point>
          <Point><coordinates>-86.233973,39.79228</coordinates></Point>
          <Point><coordinates>-86.233962,39.792281</coordinates></Point>
          <Point><coordinates>-86.23395,39.792281</coordinates></Point>
          <Point><coordinates>-86.233938,39.792281</coordinates></Point>
          <Point><coordinates>-86.233927,39.792281</coordinates></Point>
          <Point><coordinates>-86.233915,39.792282</coordinates></Point>
          <Point><coordinates>-86.233903,39.792282</coordinates></Point>
          <Point><coordinates>-86.233892,39.792282</coordinates></Point>
          <Point><coordinates>-86.23388,39.792283</coordinates></Point>
          <Point><coordinates>-86.233868,39.792283</coordinates></Point>
          <Point><coordinates>-86.233857,39.792283</coordinates></Point>
          <Point><coordinates>-86.233845,39.792283</coordinates></Point>
          <Point><coordinates>-86.233833,39.792283</coordinates></Point>
          <Point><coordinates>-86.233821,39.792283</coordinates></Point>
          <Point><coordinates>-86.23381,39.792283</coordinates></Point>
          <Point><coordinates>-86.233798,39.792283</coordinates></Point>
          <Point><coordinates>-86.233786,39.792284</coordinates></Point>
          <Point><coordinates>-86.233775,39.792284</coordinates></Point>
          <Point><coordinates>-86.233763,39.792284</coordinates></Point>
          <Point><coordinates>-86.233751,39.792284</coordinates></Point>
          <Point><coordinates>-86.23374,39.792284</coordinates></Point>
          <Point><coordinates>-86.233728,39.792284</coordinates></Point>
          <Point><coordinates>-86.233716,39.792283</coordinates></Point>
          <Point><coordinates>-86.233705,39.792283</coordinates></Point>
          <Point><coordinates>-86.233693,39.792282</coordinates></Point>
          <Point><coordinates>-86.233681,39.792282</coordinates></Point>
          <Point><coordinates>-86.233669,39.792281</coordinates></Point>
          <Point><coordinates>-86.233658,39.792281</coordinates></Point>
          <Point><coordinates>-86.233646,39.79228</coordinates></Point>
          <Point><coordinates>-86.233634,39.79228</coordinates></Point>
          <Point><coordinates>-86.233623,39.79228</coordinates></Point>
          <Point><coordinates>-86.233611,39.792279</coordinates></Point>
          <Point><coordinates>-86.233599,39.792278</coordinates></Point>
          <Point><coordinates>-86.233588,39.792276</coordinates></Point>
          <Point><coordinates>-86.233576,39.792275</coordinates></Point>
          <Point><coordinates>-86.233565,39.792273</coordinates></Point>
          <Point><coordinates>-86.233553,39.792272</coordinates></Point>
          <Point><coordinates>-86.233542,39.792271</coordinates></Point>
          <Point><coordinates>-86.23353,39.792269</coordinates></Point>
          <Point><coordinates>-86.233518,39.792268</coordinates></Point>
          <Point><coordinates>-86.233507,39.792266</coordinates></Point>
          <Point><coordinates>-86.233495,39.792265</coordinates></Point>
          <Point><coordinates>-86.233484,39.792263</coordinates></Point>
          <Point><coordinates>-86.233473,39.792261</coordinates></Point>
          <Point><coordinates>-86.233461,39.792258</coordinates></Point>
          <Point><coordinates>-86.23345,39.792255</coordinates></Point>
          <Point><coordinates>-86.233439,39.792252</coordinates></Point>
          <Point><coordinates>-86.233428,39.792249</coordinates></Point>
          <Point><coordinates>-86.233417,39.792246</coordinates></Point>
          <Point><coordinates>-86.233406,39.792243</coordinates></Point>
          <Point><coordinates>-86.233395,39.79224</coordinates></Point>
          <Point><coordinates>-86.233384,39.792238</coordinates></Point>
          <Point><coordinates>-86.233373,39.792235</coordinates></Point>
          <Point><coordinates>-86.233361,39.792232</coordinates></Point>
          <Point><coordinates>-86.233351,39.792227</coordinates></Point>
          <Point><coordinates>-86.233341,39.792223</coordinates></Point>
          <Point><coordinates>-86.233331,39.792219</coordinates></Point>
          <Point><coordinates>-86.23332,39.792215</coordinates></Point>
          <Point><coordinates>-86.23331,39.79221</coordinates></Point>
          <Point><coordinates>-86.2333,39.792206</coordinates></Point>
          <Point><coordinates>-86.233289,39.792202</coordinates></Point>
          <Point><coordinates>-86.233279,39.792197</coordinates></Point>
          <Point><coordinates>-86.233269,39.792193</coordinates></Point>
          <Point><coordinates>-86.233259,39.792189</coordinates></Point>
          <Point><coordinates>-86.233249,39.792184</coordinates></Point>
          <Point><coordinates>-86.23324,39.792178</coordinates></Point>
          <Point><coordinates>-86.23323,39.792173</coordinates></Point>
          <Point><coordinates>-86.233221,39.792167</coordinates></Point>
          <Point><coordinates>-86.233212,39.792162</coordinates></Point>
          <Point><coordinates>-86.233203,39.792156</coordinates></Point>
          <Point><coordinates>-86.233193,39.792151</coordinates></Point>
          <Point><coordinates>-86.233184,39.792145</coordinates></Point>
          <Point><coordinates>-86.233175,39.79214</coordinates></Point>
          <Point><coordinates>-86.233166,39.792134</coordinates></Point>
          <Point><coordinates>-86.233157,39.792128</coordinates></Point>
          <Point><coordinates>-86.233149,39.792121</coordinates></Point>
          <Point><coordinates>-86.233142,39.792115</coordinates></Point>
          <Point><coordinates>-86.233134,39.792108</coordinates></Point>
          <Point><coordinates>-86.233126,39.792101</coordinates></Point>
          <Point><coordinates>-86.233118,39.792094</coordinates></Point>
          <Point><coordinates>-86.233111,39.792088</coordinates></Point>
          <Point><coordinates>-86.233103,39.792081</coordinates></Point>
          <Point><coordinates>-86.233095,39.792074</coordinates></Point>
          <Point><coordinates>-86.233087,39.792068</coordinates></Point>
          <Point><coordinates>-86.23308,39.792061</coordinates></Point>
          <Point><coordinates>-86.233074,39.792053</coordinates></Point>
          <Point><coordinates>-86.233068,39.792045</coordinates></Point>
          <Point><coordinates>-86.233062,39.792038</coordinates></Point>
          <Point><coordinates>-86.233056,39.79203</coordinates></Point>
          <Point><coordinates>-86.233049,39.792023</coordinates></Point>
          <Point><coordinates>-86.233043,39.792015</coordinates></Point>
          <Point><coordinates>-86.233037,39.792007</coordinates></Point>
          <Point><coordinates>-86.233031,39.791999</coordinates></Point>
          <Point><coordinates>-86.233025,39.791992</coordinates></Point>
          <Point><coordinates>-86.233019,39.791984</coordinates></Point>
          <Point><coordinates>-86.233014,39.791976</coordinates></Point>
          <Point><coordinates>-86.233009,39.791968</coordinates></Point>
          <Point><coordinates>-86.233003,39.79196</coordinates></Point>
          <Point><coordinates>-86.232998,39.791952</coordinates></Point>
          <Point><coordinates>-86.232993,39.791944</coordinates></Point>
          <Point><coordinates>-86.232988,39.791936</coordinates></Point>
          <Point><coordinates>-86.232982,39.791928</coordinates></Point>
          <Point><coordinates>-86.232977,39.79192</coordinates></Point>
          <Point><coordinates>-86.232972,39.791912</coordinates></Point>
          <Point><coordinates>-86.232966,39.791904</coordinates></Point>
          <Point><coordinates>-86.232961,39.791896</coordinates></Point>
          <Point><coordinates>-86.232956,39.791888</coordinates></Point>
          <Point><coordinates>-86.232951,39.79188</coordinates></Point>
          <Point><coordinates>-86.232945,39.791872</coordinates></Point>
          <Point><coordinates>-86.23294,39.791864</coordinates></Point>
          <Point><coordinates>-86.232935,39.791856</coordinates></Point>
          <Point><coordinates>-86.23293,39.791848</coordinates></Point>
          <Point><coordinates>-86.232924,39.79184</coordinates></Point>
          <Point><coordinates>-86.232919,39.791832</coordinates></Point>
          <Point><coordinates>-86.232913,39.791824</coordinates></Point>
          <Point><coordinates>-86.232907,39.791817</coordinates></Point>
          <Point><coordinates>-86.232901,39.791809</coordinates></Point>
          <Point><coordinates>-86.232894,39.791802</coordinates></Point>
          <Point><coordinates>-86.232888,39.791794</coordinates></Point>
          <Point><coordinates>-86.232882,39.791787</coordinates></Point>
          <Point><coordinates>-86.232875,39.791779</coordinates></Point>
          <Point><coordinates>-86.232869,39.791772</coordinates></Point>
          <Point><coordinates>-86.232863,39.791764</coordinates></Point>
          <Point><coordinates>-86.232856,39.791757</coordinates></Point>
          <Point><coordinates>-86.232848,39.79175</coordinates></Point>
          <Point><coordinates>-86.232841,39.791743</coordinates></Point>
          <Point><coordinates>-86.232833,39.791736</coordinates></Point>
          <Point><coordinates>-86.232825,39.79173</coordinates></Point>
          <Point><coordinates>-86.232817,39.791723</coordinates></Point>
          <Point><coordinates>-86.23281,39.791716</coordinates></Point>
          <Point><coordinates>-86.232802,39.791709</coordinates></Point>
          <Point><coordinates>-86.232794,39.791703</coordinates></Point>
          <Point><coordinates>-86.232787,39.791696</coordinates></Point>
          <Point><coordinates>-86.232778,39.79169</coordinates></Point>
          <Point><coordinates>-86.232769,39.791685</coordinates></Point>
          <Point><coordinates>-86.232759,39.791679</coordinates></Point>
          <Point><coordinates>-86.23275,39.791674</coordinates></Point>
          <Point><coordinates>-86.232741,39.791668</coordinates></Point>
          <Point><coordinates>-86.232732,39.791663</coordinates></Point>
          <Point><coordinates>-86.232722,39.791657</coordinates></Point>
          <Point><coordinates>-86.232713,39.791652</coordinates></Point>
          <Point><coordinates>-86.232704,39.791646</coordinates></Point>
          <Point><coordinates>-86.232694,39.791641</coordinates></Point>
          <Point><coordinates>-86.232683,39.791637</coordinates></Point>
          <Point><coordinates>-86.232673,39.791633</coordinates></Point>
          <Point><coordinates>-86.232663,39.791629</coordinates></Point>
          <Point><coordinates>-86.232652,39.791625</coordinates></Point>
          <Point><coordinates>-86.232642,39.791621</coordinates></Point>
          <Point><coordinates>-86.232631,39.791617</coordinates></Point>
          <Point><coordinates>-86.232621,39.791613</coordinates></Point>
          <Point><coordinates>-86.232611,39.791609</coordinates></Point>
          <Point><coordinates>-86.2326,39.791605</coordinates></Point>
          <Point><coordinates>-86.232589,39.791602</coordinates></Point>
          <Point><coordinates>-86.232578,39.791599</coordinates></Point>
          <Point><coordinates>-86.232567,39.791597</coordinates></Point>
          <Point><coordinates>-86.232556,39.791594</coordinates></Point>
          <Point><coordinates>-86.232545,39.791591</coordinates></Point>
          <Point><coordinates>-86.232533,39.791589</coordinates></Point>
          <Point><coordinates>-86.232522,39.791586</coordinates></Point>
          <Point><coordinates>-86.232511,39.791584</coordinates></Point>
          <Point><coordinates>-86.2325,39.791581</coordinates></Point>
          <Point><coordinates>-86.232488,39.791579</coordinates></Point>
          <Point><coordinates>-86.232477,39.791576</coordinates></Point>
          <Point><coordinates>-86.232466,39.791575</coordinates></Point>
          <Point><coordinates>-86.232454,39.791574</coordinates></Point>
          <Point><coordinates>-86.232442,39.791573</coordinates></Point>
          <Point><coordinates>-86.232431,39.791572</coordinates></Point>
          <Point><coordinates>-86.232419,39.791571</coordinates></Point>
          <Point><coordinates>-86.232408,39.79157</coordinates></Point>
          <Point><coordinates>-86.232396,39.791569</coordinates></Point>
          <Point><coordinates>-86.232385,39.791568</coordinates></Point>
          <Point><coordinates>-86.232373,39.791567</coordinates></Point>
          <Point><coordinates>-86.232361,39.791566</coordinates></Point>
          <Point><coordinates>-86.23235,39.791566</coordinates></Point>
          <Point><coordinates>-86.232338,39.791566</coordinates></Point>
          <Point><coordinates>-86.232326,39.791566</coordinates></Point>
          <Point><coordinates>-86.232315,39.791566</coordinates></Point>
          <Point><coordinates>-86.232303,39.791566</coordinates></Point>
          <Point><coordinates>-86.232291,39.791566</coordinates></Point>
          <Point><coordinates>-86.23228,39.791566</coordinates></Point>
          <Point><coordinates>-86.232268,39.791567</coordinates></Point>
          <Point><coordinates>-86.232256,39.791567</coordinates></Point>
          <Point><coordinates>-86.232244,39.791567</coordinates></Point>
          <Point><coordinates>-86.232233,39.791567</coordinates></Point>
          <Point><coordinates>-86.232221,39.791567</coordinates></Point>
          <Point><coordinates>-86.232209,39.791568</coordinates></Point>
          <Point><coordinates>-86.232198,39.791569</coordinates></Point>
          <Point><coordinates>-86.232186,39.791569</coordinates></Point>
          <Point><coordinates>-86.232174,39.79157</coordinates></Point>
          <Point><coordinates>-86.232163,39.791571</coordinates></Point>
          <Point><coordinates>-86.232151,39.791571</coordinates></Point>
          <Point><coordinates>-86.232139,39.791572</coordinates></Point>
          <Point><coordinates>-86.232128,39.791573</coordinates></Point>
          <Point><coordinates>-86.232116,39.791573</coordinates></Point>
          <Point><coordinates>-86.232104,39.791574</coordinates></Point>
          <Point><coordinates>-86.232092,39.791575</coordinates></Point>
          <Point><coordinates>-86.232081,39.791575</coordinates></Point>
          <Point><coordinates>-86.232069,39.791576</coordinates></Point>
          <Point><coordinates>-86.232057,39.791577</coordinates></Point>
          <Point><coordinates>-86.232046,39.791578</coordinates></Point>
          <Point><coordinates>-86.232034,39.791578</coordinates></Point>
          <Point><coordinates>-86.232022,39.791579</coordinates></Point>
          <Point><coordinates>-86.232011,39.79158</coordinates></Point>
          <Point><coordinates>-86.231999,39.791581</coordinates></Point>
          <Point><coordinates>-86.231987,39.791581</coordinates></Point>
          <Point><coordinates>-86.231975,39.791582</coordinates></Point>
          <Point><coordinates>-86.231964,39.791583</coordinates></Point>
          <Point><coordinates>-86.231952,39.791584</coordinates></Point>
          <Point><coordinates>-86.23194,39.791585</coordinates></Point>
          <Point><coordinates>-86.231929,39.791586</coordinates></Point>
          <Point><coordinates>-86.231917,39.791586</coordinates></Point>
          <Point><coordinates>-86.231905,39.791587</coordinates></Point>
          <Point><coordinates>-86.231894,39.791588</coordinates></Point>
          <Point><coordinates>-86.231882,39.791589</coordinates></Point>
          <Point><coordinates>-86.23187,39.79159</coordinates></Point>
          <Point><coordinates>-86.231859,39.791591</coordinates></Point>
          <Point><coordinates>-86.231847,39.791591</coordinates></Point>
          <Point><coordinates>-86.231835,39.791592</coordinates></Point>
          <Point><coordinates>-86.231823,39.791593</coordinates></Point>
          <Point><coordinates>-86.231812,39.791594</coordinates></Point>
          <Point><coordinates>-86.2318,39.791595</coordinates></Point>
          <Point><coordinates>-86.231788,39.791596</coordinates></Point>
          <Point><coordinates>-86.231777,39.791596</coordinates></Point>
          <Point><coordinates>-86.231765,39.791597</coordinates></Point>
          <Point><coordinates>-86.231753,39.791598</coordinates></Point>
          <Point><coordinates>-86.231742,39.791599</coordinates></Point>
          <Point><coordinates>-86.23173,39.791599</coordinates></Point>
          <Point><coordinates>-86.231718,39.7916</coordinates></Point>
          <Point><coordinates>-86.231707,39.7916</coordinates></Point>
          <Point><coordinates>-86.231695,39.791601</coordinates></Point>
          <Point><coordinates>-86.231683,39.791601</coordinates></Point>
          <Point><coordinates>-86.231671,39.791602</coordinates></Point>
          <Point><coordinates>-86.23166,39.791602</coordinates></Point>
          <Point><coordinates>-86.231648,39.791603</coordinates></Point>
          <Point><coordinates>-86.231636,39.791603</coordinates></Point>
          <Point><coordinates>-86.231625,39.791604</coordinates></Point>
          <Point><coordinates>-86.231613,39.791603</coordinates></Point>
          <Point><coordinates>-86.231601,39.791603</coordinates></Point>
          <Point><coordinates>-86.23159,39.791603</coordinates></Point>
          <Point><coordinates>-86.231578,39.791602</coordinates></Point>
          <Point><coordinates>-86.231566,39.791602</coordinates></Point>
          <Point><coordinates>-86.231555,39.791602</coordinates></Point>
          <Point><coordinates>-86.231543,39.791601</coordinates></Point>
          <Point><coordinates>-86.231531,39.791601</coordinates></Point>
          <Point><coordinates>-86.23152,39.7916</coordinates></Point>
          <Point><coordinates>-86.231508,39.791598</coordinates></Point>
          <Point><coordinates>-86.231497,39.791596</coordinates></Point>
          <Point><coordinates>-86.231485,39.791594</coordinates></Point>
          <Point><coordinates>-86.231474,39.791592</coordinates></Point>
          <Point><coordinates>-86.231462,39.79159</coordinates></Point>
          <Point><coordinates>-86.231451,39.791588</coordinates></Point>
          <Point><coordinates>-86.231439,39.791586</coordinates></Point>
          <Point><coordinates>-86.231428,39.791584</coordinates></Point>
          <Point><coordinates>-86.231417,39.791581</coordinates></Point>
          <Point><coordinates>-86.231406,39.791577</coordinates></Point>
          <Point><coordinates>-86.231396,39.791574</coordinates></Point>
          <Point><coordinates>-86.231385,39.79157</coordinates></Point>
          <Point><coordinates>-86.231374,39.791566</coordinates></Point>
          <Point><coordinates>-86.231363,39.791563</coordinates></Point>
          <Point><coordinates>-86.231353,39.791559</coordinates></Point>
          <Point><coordinates>-86.231342,39.791556</coordinates></Point>
          <Point><coordinates>-86.231331,39.791552</coordinates></Point>
          <Point><coordinates>-86.231322,39.791546</coordinates></Point>
          <Point><coordinates>-86.231313,39.79154</coordinates></Point>
          <Point><coordinates>-86.231304,39.791535</coordinates></Point>
          <Point><coordinates>-86.231295,39.791529</coordinates></Point>
          <Point><coordinates>-86.231286,39.791524</coordinates></Point>
          <Point><coordinates>-86.231277,39.791518</coordinates></Point>
          <Point><coordinates>-86.231268,39.791513</coordinates></Point>
          <Point><coordinates>-86.231258,39.791507</coordinates></Point>
          <Point><coordinates>-86.23125,39.791501</coordinates></Point>
          <Point><coordinates>-86.231242,39.791494</coordinates></Point>
          <Point><coordinates>-86.231235,39.791487</coordinates></Point>
          <Point><coordinates>-86.231227,39.791481</coordinates></Point>
          <Point><coordinates>-86.23122,39.791474</coordinates></Point>
          <Point><coordinates>-86.231212,39.791467</coordinates></Point>
          <Point><coordinates>-86.231205,39.79146</coordinates></Point>
          <Point><coordinates>-86.231197,39.791453</coordinates></Point>
          <Point><coordinates>-86.23119,39.791447</coordinates></Point>
          <Point><coordinates>-86.231182,39.79144</coordinates></Point>
          <Point><coordinates>-86.231176,39.791432</coordinates></Point>
          <Point><coordinates>-86.23117,39.791424</coordinates></Point>
          <Point><coordinates>-86.231164,39.791416</coordinates></Point>
          <Point><coordinates>-86.231158,39.791409</coordinates></Point>
          <Point><coordinates>-86.231152,39.791401</coordinates></Point>
          <Point><coordinates>-86.231146,39.791393</coordinates></Point>
          <Point><coordinates>-86.231141,39.791386</coordinates></Point>
          <Point><coordinates>-86.231135,39.791378</coordinates></Point>
          <Point><coordinates>-86.231129,39.79137</coordinates></Point>
          <Point><coordinates>-86.231123,39.791362</coordinates></Point>
          <Point><coordinates>-86.231119,39.791354</coordinates></Point>
          <Point><coordinates>-86.231114,39.791346</coordinates></Point>
          <Point><coordinates>-86.23111,39.791337</coordinates></Point>
          <Point><coordinates>-86.231105,39.791329</coordinates></Point>
          <Point><coordinates>-86.231101,39.791321</coordinates></Point>
          <Point><coordinates>-86.231096,39.791312</coordinates></Point>
          <Point><coordinates>-86.231092,39.791304</coordinates></Point>
          <Point><coordinates>-86.231088,39.791296</coordinates></Point>
          <Point><coordinates>-86.231083,39.791287</coordinates></Point>
          <Point><coordinates>-86.231079,39.791279</coordinates></Point>
          <Point><coordinates>-86.231075,39.791271</coordinates></Point>
          <Point><coordinates>-86.231072,39.791262</coordinates></Point>
          <Point><coordinates>-86.231069,39.791253</coordinates></Point>
          <Point><coordinates>-86.231065,39.791245</coordinates></Point>
          <Point><coordinates>-86.231062,39.791236</coordinates></Point>
          <Point><coordinates>-86.231059,39.791227</coordinates></Point>
          <Point><coordinates>-86.231056,39.791219</coordinates></Point>
          <Point><coordinates>-86.231053,39.79121</coordinates></Point>
          <Point><coordinates>-86.23105,39.791202</coordinates></Point>
          <Point><coordinates>-86.231047,39.791193</coordinates></Point>
          <Point><coordinates>-86.231044,39.791184</coordinates></Point>
          <Point><coordinates>-86.231041,39.791176</coordinates></Point>
          <Point><coordinates>-86.231039,39.791167</coordinates></Point>
          <Point><coordinates>-86.231037,39.791158</coordinates></Point>
          <Point><coordinates>-86.231035,39.791149</coordinates></Point>
          <Point><coordinates>-86.231032,39.79114</coordinates></Point>
          <Point><coordinates>-86.23103,39.791132</coordinates></Point>
          <Point><coordinates>-86.231028,39.791123</coordinates></Point>
          <Point><coordinates>-86.231026,39.791114</coordinates></Point>
          <Point><coordinates>-86.231024,39.791105</coordinates></Point>
          <Point><coordinates>-86.231022,39.791096</coordinates></Point>
          <Point><coordinates>-86.23102,39.791088</coordinates></Point>
          <Point><coordinates>-86.231018,39.791079</coordinates></Point>
          <Point><coordinates>-86.231016,39.79107</coordinates></Point>
          <Point><coordinates>-86.231015,39.791061</coordinates></Point>
          <Point><coordinates>-86.231014,39.791052</coordinates></Point>
          <Point><coordinates>-86.231012,39.791043</coordinates></Point>
          <Point><coordinates>-86.231011,39.791034</coordinates></Point>
          <Point><coordinates>-86.23101,39.791025</coordinates></Point>
          <Point><coordinates>-86.231008,39.791016</coordinates></Point>
          <Point><coordinates>-86.231007,39.791008</coordinates></Point>
          <Point><coordinates>-86.231006,39.790999</coordinates></Point>
          <Point><coordinates>-86.231005,39.79099</coordinates></Point>
          <Point><coordinates>-86.231003,39.790981</coordinates></Point>
          <Point><coordinates>-86.231002,39.790972</coordinates></Point>
          <Point><coordinates>-86.231001,39.790963</coordinates></Point>
          <Point><coordinates>-86.231,39.790954</coordinates></Point>
          <Point><coordinates>-86.231,39.790945</coordinates></Point>
          <Point><coordinates>-86.230999,39.790936</coordinates></Point>
          <Point><coordinates>-86.230999,39.790927</coordinates></Point>
          <Point><coordinates>-86.230998,39.790918</coordinates></Point>
          <Point><coordinates>-86.230998,39.790909</coordinates></Point>
          <Point><coordinates>-86.230997,39.7909</coordinates></Point>
          <Point><coordinates>-86.230997,39.790891</coordinates></Point>
          <Point><coordinates>-86.230996,39.790882</coordinates></Point>
          <Point><coordinates>-86.230996,39.790873</coordinates></Point>
          <Point><coordinates>-86.230995,39.790864</coordinates></Point>
          <Point><coordinates>-86.230995,39.790855</coordinates></Point>
          <Point><coordinates>-86.230995,39.790846</coordinates></Point>
          <Point><coordinates>-86.230995,39.790837</coordinates></Point>
          <Point><coordinates>-86.230996,39.790828</coordinates></Point>
          <Point><coordinates>-86.230996,39.790819</coordinates></Point>
          <Point><coordinates>-86.230996,39.79081</coordinates></Point>
          <Point><coordinates>-86.230997,39.790801</coordinates></Point>
          <Point><coordinates>-86.230997,39.790792</coordinates></Point>
          <Point><coordinates>-86.230997,39.790783</coordinates></Point>
          <Point><coordinates>-86.230998,39.790774</coordinates></Point>
          <Point><coordinates>-86.230998,39.790765</coordinates></Point>
          <Point><coordinates>-86.230998,39.790757</coordinates></Point>
          <Point><coordinates>-86.230998,39.790748</coordinates></Point>
          <Point><coordinates>-86.230999,39.790739</coordinates></Point>
          <Point><coordinates>-86.231,39.79073</coordinates></Point>
          <Point><coordinates>-86.231001,39.790721</coordinates></Point>
          <Point><coordinates>-86.231002,39.790712</coordinates></Point>
          <Point><coordinates>-86.231003,39.790703</coordinates></Point>
          <Point><coordinates>-86.231004,39.790694</coordinates></Point>
          <Point><coordinates>-86.231005,39.790685</coordinates></Point>
          <Point><coordinates>-86.231005,39.790676</coordinates></Point>
          <Point><coordinates>-86.231006,39.790667</coordinates></Point>
          <Point><coordinates>-86.231007,39.790658</coordinates></Point>
          <Point><coordinates>-86.231008,39.790649</coordinates></Point>
          <Point><coordinates>-86.231009,39.79064</coordinates></Point>
          <Point><coordinates>-86.23101,39.790631</coordinates></Point>
          <Point><coordinates>-86.231012,39.790622</coordinates></Point>
          <Point><coordinates>-86.231013,39.790613</coordinates></Point>
          <Point><coordinates>-86.231014,39.790604</coordinates></Point>
          <Point><coordinates>-86.231016,39.790595</coordinates></Point>
          <Point><coordinates>-86.231017,39.790586</coordinates></Point>
          <Point><coordinates>-86.231018,39.790577</coordinates></Point>
          <Point><coordinates>-86.23102,39.790568</coordinates></Point>
          <Point><coordinates>-86.231021,39.79056</coordinates></Point>
          <Point><coordinates>-86.231022,39.790551</coordinates></Point>
          <Point><coordinates>-86.231024,39.790542</coordinates></Point>
          <Point><coordinates>-86.231025,39.790533</coordinates></Point>
          <Point><coordinates>-86.231026,39.790524</coordinates></Point>
          <Point><coordinates>-86.231028,39.790515</coordinates></Point>
          <Point><coordinates>-86.231029,39.790506</coordinates></Point>
          <Point><coordinates>-86.231031,39.790497</coordinates></Point>
          <Point><coordinates>-86.231033,39.790488</coordinates></Point>
          <Point><coordinates>-86.231034,39.79048</coordinates></Point>
          <Point><coordinates>-86.231036,39.790471</coordinates></Point>
          <Point><coordinates>-86.231037,39.790462</coordinates></Point>
          <Point><coordinates>-86.231039,39.790453</coordinates></Point>
          <Point><coordinates>-86.231041,39.790444</coordinates></Point>
          <Point><coordinates>-86.231042,39.790435</coordinates></Point>
          <Point><coordinates>-86.231044,39.790426</coordinates></Point>
          <Point><coordinates>-86.231045,39.790417</coordinates></Point>
          <Point><coordinates>-86.231047,39.790408</coordinates></Point>
          <Point><coordinates>-86.231048,39.7904</coordinates></Point>
          <Point><coordinates>-86.23105,39.790391</coordinates></Point>
          <Point><coordinates>-86.231052,39.790382</coordinates></Point>
          <Point><coordinates>-86.231054,39.790373</coordinates></Point>
          <Point><coordinates>-86.231056,39.790364</coordinates></Point>
          <Point><coordinates>-86.231057,39.790355</coordinates></Point>
          <Point><coordinates>-86.231059,39.790346</coordinates></Point>
          <Point><coordinates>-86.231061,39.790337</coordinates></Point>
          <Point><coordinates>-86.231063,39.790328</coordinates></Point>
          <Point><coordinates>-86.231064,39.790319</coordinates></Point>
          <Point><coordinates>-86.231066,39.790311</coordinates></Point>
          <Point><coordinates>-86.231068,39.790302</coordinates></Point>
          <Point><coordinates>-86.231069,39.790293</coordinates></Point>
          <Point><coordinates>-86.231071,39.790284</coordinates></Point>
          <Point><coordinates>-86.231073,39.790275</coordinates></Point>
          <Point><coordinates>-86.231074,39.790266</coordinates></Point>
          <Point><coordinates>-86.231076,39.790257</coordinates></Point>
          <Point><coordinates>-86.231078,39.790248</coordinates></Point>
          <Point><coordinates>-86.23108,39.790239</coordinates></Point>
          <Point><coordinates>-86.231081,39.790231</coordinates></Point>
          <Point><coordinates>-86.231083,39.790222</coordinates></Point>
          <Point><coordinates>-86.231085,39.790213</coordinates></Point>
          <Point><coordinates>-86.231086,39.790204</coordinates></Point>
          <Point><coordinates>-86.231088,39.790195</coordinates></Point>
          <Point><coordinates>-86.23109,39.790186</coordinates></Point>
          <Point><coordinates>-86.231092,39.790177</coordinates></Point>
          <Point><coordinates>-86.231093,39.790168</coordinates></Point>
          <Point><coordinates>-86.231095,39.790159</coordinates></Point>
          <Point><coordinates>-86.231097,39.790151</coordinates></Point>
          <Point><coordinates>-86.231099,39.790142</coordinates></Point>
          <Point><coordinates>-86.2311,39.790133</coordinates></Point>
          <Point><coordinates>-86.231102,39.790124</coordinates></Point>
          <Point><coordinates>-86.231104,39.790115</coordinates></Point>
          <Point><coordinates>-86.231106,39.790106</coordinates></Point>
          <Point><coordinates>-86.231107,39.790097</coordinates></Point>
          <Point><coordinates>-86.231109,39.790088</coordinates></Point>
          <Point><coordinates>-86.231111,39.790079</coordinates></Point>
          <Point><coordinates>-86.231112,39.79007</coordinates></Point>
          <Point><coordinates>-86.231114,39.790062</coordinates></Point>
          <Point><coordinates>-86.231116,39.790053</coordinates></Point>
          <Point><coordinates>-86.231118,39.790044</coordinates></Point>
          <Point><coordinates>-86.23112,39.790035</coordinates></Point>
          <Point><coordinates>-86.231122,39.790026</coordinates></Point>
          <Point><coordinates>-86.231123,39.790017</coordinates></Point>
          <Point><coordinates>-86.231125,39.790008</coordinates></Point>
          <Point><coordinates>-86.231127,39.789999</coordinates></Point>
          <Point><coordinates>-86.231129,39.78999</coordinates></Point>
          <Point><coordinates>-86.231131,39.789982</coordinates></Point>
          <Point><coordinates>-86.231132,39.789973</coordinates></Point>
          <Point><coordinates>-86.231134,39.789964</coordinates></Point>
          <Point><coordinates>-86.231136,39.789955</coordinates></Point>
          <Point><coordinates>-86.231138,39.789946</coordinates></Point>
          <Point><coordinates>-86.23114,39.789937</coordinates></Point>
          <Point><coordinates>-86.231141,39.789928</coordinates></Point>
          <Point><coordinates>-86.231143,39.789919</coordinates></Point>
          <Point><coordinates>-86.231145,39.78991</coordinates></Point>
          <Point><coordinates>-86.231146,39.789901</coordinates></Point>
          <Point><coordinates>-86.231148,39.789893</coordinates></Point>
          <Point><coordinates>-86.23115,39.789884</coordinates></Point>
          <Point><coordinates>-86.231152,39.789875</coordinates></Point>
          <Point><coordinates>-86.231153,39.789866</coordinates></Point>
          <Point><coordinates>-86.231155,39.789857</coordinates></Point>
          <Point><coordinates>-86.231157,39.789848</coordinates></Point>
          <Point><coordinates>-86.231159,39.789839</coordinates></Point>
          <Point><coordinates>-86.23116,39.78983</coordinates></Point>
          <Point><coordinates>-86.231162,39.789821</coordinates></Point>
          <Point><coordinates>-86.231164,39.789813</coordinates></Point>
          <Point><coordinates>-86.231166,39.789804</coordinates></Point>
          <Point><coordinates>-86.231167,39.789795</coordinates></Point>
          <Point><coordinates>-86.231169,39.789786</coordinates></Point>
          <Point><coordinates>-86.231171,39.789777</coordinates></Point>
          <Point><coordinates>-86.231173,39.789768</coordinates></Point>
          <Point><coordinates>-86.231175,39.789759</coordinates></Point>
          <Point><coordinates>-86.231176,39.78975</coordinates></Point>
          <Point><coordinates>-86.231178,39.789741</coordinates></Point>
          <Point><coordinates>-86.23118,39.789733</coordinates></Point>
          <Point><coordinates>-86.231182,39.789724</coordinates></Point>
          <Point><coordinates>-86.231184,39.789715</coordinates></Point>
          <Point><coordinates>-86.231186,39.789706</coordinates></Point>
          <Point><coordinates>-86.231188,39.789697</coordinates></Point>
          <Point><coordinates>-86.23119,39.789688</coordinates></Point>
          <Point><coordinates>-86.231192,39.789679</coordinates></Point>
          <Point><coordinates>-86.231194,39.78967</coordinates></Point>
          <Point><coordinates>-86.231196,39.789661</coordinates></Point>
          <Point><coordinates>-86.231198,39.789652</coordinates></Point>
          <Point><coordinates>-86.2312,39.789644</coordinates></Point>
          <Point><coordinates>-86.231202,39.789635</coordinates></Point>
          <Point><coordinates>-86.231204,39.789626</coordinates></Point>
          <Point><coordinates>-86.231206,39.789617</coordinates></Point>
          <Point><coordinates>-86.231209,39.789608</coordinates></Point>
          <Point><coordinates>-86.231211,39.7896</coordinates></Point>
          <Point><coordinates>-86.231213,39.789591</coordinates></Point>
          <Point><coordinates>-86.231215,39.789582</coordinates></Point>
          <Point><coordinates>-86.231218,39.789573</coordinates></Point>
          <Point><coordinates>-86.23122,39.789564</coordinates></Point>
          <Point><coordinates>-86.231222,39.789556</coordinates></Point>
          <Point><coordinates>-86.231224,39.789547</coordinates></Point>
          <Point><coordinates>-86.231226,39.789538</coordinates></Point>
          <Point><coordinates>-86.231229,39.789529</coordinates></Point>
          <Point><coordinates>-86.231231,39.78952</coordinates></Point>
          <Point><coordinates>-86.231234,39.789512</coordinates></Point>
          <Point><coordinates>-86.231237,39.789503</coordinates></Point>
          <Point><coordinates>-86.23124,39.789494</coordinates></Point>
          <Point><coordinates>-86.231243,39.789486</coordinates></Point>
          <Point><coordinates>-86.231245,39.789477</coordinates></Point>
          <Point><coordinates>-86.231248,39.789468</coordinates></Point>
          <Point><coordinates>-86.231251,39.789459</coordinates></Point>
          <Point><coordinates>-86.231254,39.789451</coordinates></Point>
          <Point><coordinates>-86.231256,39.789442</coordinates></Point>
          <Point><coordinates>-86.231259,39.789433</coordinates></Point>
          <Point><coordinates>-86.231262,39.789425</coordinates></Point>
          <Point><coordinates>-86.231266,39.789416</coordinates></Point>
          <Point><coordinates>-86.231269,39.789408</coordinates></Point>
          <Point><coordinates>-86.231273,39.789399</coordinates></Point>
          <Point><coordinates>-86.231277,39.789391</coordinates></Point>
          <Point><coordinates>-86.23128,39.789382</coordinates></Point>
          <Point><coordinates>-86.231284,39.789373</coordinates></Point>
          <Point><coordinates>-86.231287,39.789365</coordinates></Point>
          <Point><coordinates>-86.231291,39.789356</coordinates></Point>
          <Point><coordinates>-86.231294,39.789348</coordinates></Point>
          <Point><coordinates>-86.231298,39.789339</coordinates></Point>
          <Point><coordinates>-86.231301,39.789331</coordinates></Point>
          <Point><coordinates>-86.231305,39.789322</coordinates></Point>
          <Point><coordinates>-86.23131,39.789314</coordinates></Point>
          <Point><coordinates>-86.231314,39.789306</coordinates></Point>
          <Point><coordinates>-86.231318,39.789297</coordinates></Point>
          <Point><coordinates>-86.231323,39.789289</coordinates></Point>
          <Point><coordinates>-86.231327,39.789281</coordinates></Point>
          <Point><coordinates>-86.231331,39.789272</coordinates></Point>
          <Point><coordinates>-86.231336,39.789264</coordinates></Point>
          <Point><coordinates>-86.23134,39.789256</coordinates></Point>
          <Point><coordinates>-86.231344,39.789247</coordinates></Point>
          <Point><coordinates>-86.231348,39.789239</coordinates></Point>
          <Point><coordinates>-86.231353,39.78923</coordinates></Point>
          <Point><coordinates>-86.231357,39.789222</coordinates></Point>
          <Point><coordinates>-86.231362,39.789214</coordinates></Point>
          <Point><coordinates>-86.231367,39.789206</coordinates></Point>
          <Point><coordinates>-86.231372,39.789198</coordinates></Point>
          <Point><coordinates>-86.231377,39.78919</coordinates></Point>
          <Point><coordinates>-86.231382,39.789182</coordinates></Point>
          <Point><coordinates>-86.231387,39.789174</coordinates></Point>
          <Point><coordinates>-86.231392,39.789166</coordinates></Point>
          <Point><coordinates>-86.231398,39.789158</coordinates></Point>
          <Point><coordinates>-86.231403,39.789149</coordinates></Point>
          <Point><coordinates>-86.231408,39.789141</coordinates></Point>
          <Point><coordinates>-86.231413,39.789133</coordinates></Point>
          <Point><coordinates>-86.231418,39.789125</coordinates></Point>
          <Point><coordinates>-86.231424,39.789117</coordinates></Point>
          <Point><coordinates>-86.23143,39.78911</coordinates></Point>
          <Point><coordinates>-86.231435,39.789102</coordinates></Point>
          <Point><coordinates>-86.231441,39.789094</coordinates></Point>
          <Point><coordinates>-86.231447,39.789086</coordinates></Point>
          <Point><coordinates>-86.231453,39.789078</coordinates></Point>
          <Point><coordinates>-86.231459,39.789071</coordinates></Point>
          <Point><coordinates>-86.231465,39.789063</coordinates></Point>
          <Point><coordinates>-86.23147,39.789055</coordinates></Point>
          <Point><coordinates>-86.231476,39.789047</coordinates></Point>
          <Point><coordinates>-86.231482,39.789039</coordinates></Point>
          <Point><coordinates>-86.231488,39.789032</coordinates></Point>
          <Point><coordinates>-86.231495,39.789024</coordinates></Point>
          <Point><coordinates>-86.231501,39.789017</coordinates></Point>
          <Point><coordinates>-86.231508,39.789009</coordinates></Point>
          <Point><coordinates>-86.231515,39.789002</coordinates></Point>
          <Point><coordinates>-86.231521,39.788995</coordinates></Point>
          <Point><coordinates>-86.231528,39.788987</coordinates></Point>
          <Point><coordinates>-86.231535,39.78898</coordinates></Point>
          <Point><coordinates>-86.231542,39.788973</coordinates></Point>
          <Point><coordinates>-86.231548,39.788965</coordinates></Point>
          <Point><coordinates>-86.231555,39.788958</coordinates></Point>
          <Point><coordinates>-86.231562,39.788951</coordinates></Point>
          <Point><coordinates>-86.231569,39.788943</coordinates></Point>
          <Point><coordinates>-86.231576,39.788936</coordinates></Point>
          <Point><coordinates>-86.231583,39.788929</coordinates></Point>
          <Point><coordinates>-86.231591,39.788922</coordinates></Point>
          <Point><coordinates>-86.231598,39.788915</coordinates></Point>
          <Point><coordinates>-86.231606,39.788908</coordinates></Point>
          <Point><coordinates>-86.231613,39.788902</coordinates></Point>
          <Point><coordinates>-86.23162,39.788895</coordinates></Point>
          <Point><coordinates>-86.231628,39.788888</coordinates></Point>
          <Point><coordinates>-86.231635,39.788881</coordinates></Point>
          <Point><coordinates>-86.231642,39.788874</coordinates></Point>
          <Point><coordinates>-86.23165,39.788867</coordinates></Point>
          <Point><coordinates>-86.231658,39.78886</coordinates></Point>
          <Point><coordinates>-86.231666,39.788854</coordinates></Point>
          <Point><coordinates>-86.231674,39.788847</coordinates></Point>
          <Point><coordinates>-86.231682,39.788841</coordinates></Point>
          <Point><coordinates>-86.23169,39.788834</coordinates></Point>
          <Point><coordinates>-86.231698,39.788827</coordinates></Point>
          <Point><coordinates>-86.231706,39.788821</coordinates></Point>
          <Point><coordinates>-86.231714,39.788814</coordinates></Point>
          <Point><coordinates>-86.231722,39.788808</coordinates></Point>
          <Point><coordinates>-86.23173,39.788801</coordinates></Point>
          <Point><coordinates>-86.231738,39.788795</coordinates></Point>
          <Point><coordinates>-86.231746,39.788788</coordinates></Point>
          <Point><coordinates>-86.231754,39.788782</coordinates></Point>
          <Point><coordinates>-86.231763,39.788776</coordinates></Point>
          <Point><coordinates>-86.231771,39.78877</coordinates></Point>
          <Point><coordinates>-86.23178,39.788763</coordinates></Point>
          <Point><coordinates>-86.231788,39.788757</coordinates></Point>
          <Point><coordinates>-86.231797,39.788751</coordinates></Point>
          <Point><coordinates>-86.231805,39.788745</coordinates></Point>
          <Point><coordinates>-86.231814,39.788739</coordinates></Point>
          <Point><coordinates>-86.231822,39.788732</coordinates></Point>
          <Point><coordinates>-86.231831,39.788726</coordinates></Point>
          <Point><coordinates>-86.231839,39.78872</coordinates></Point>
          <Point><coordinates>-86.231848,39.788714</coordinates></Point>
          <Point><coordinates>-86.231857,39.788708</coordinates></Point>
          <Point><coordinates>-86.231866,39.788702</coordinates></Point>
          <Point><coordinates>-86.231874,39.788697</coordinates></Point>
          <Point><coordinates>-86.231883,39.788691</coordinates></Point>
          <Point><coordinates>-86.231892,39.788685</coordinates></Point>
          <Point><coordinates>-86.231901,39.788679</coordinates></Point>
          <Point><coordinates>-86.23191,39.788673</coordinates></Point>
          <Point><coordinates>-86.231919,39.788667</coordinates></Point>
          <Point><coordinates>-86.231928,39.788661</coordinates></Point>
          <Point><coordinates>-86.231937,39.788655</coordinates></Point>
          <Point><coordinates>-86.231946,39.78865</coordinates></Point>
          <Point><coordinates>-86.231955,39.788644</coordinates></Point>
          <Point><coordinates>-86.231964,39.788639</coordinates></Point>
          <Point><coordinates>-86.231974,39.788633</coordinates></Point>
          <Point><coordinates>-86.231983,39.788628</coordinates></Point>
          <Point><coordinates>-86.231992,39.788623</coordinates></Point>
          <Point><coordinates>-86.232002,39.788617</coordinates></Point>
          <Point><coordinates>-86.232011,39.788612</coordinates></Point>
          <Point><coordinates>-86.23202,39.788607</coordinates></Point>
          <Point><coordinates>-86.23203,39.788601</coordinates></Point>
          <Point><coordinates>-86.232039,39.788596</coordinates></Point>
          <Point><coordinates>-86.232048,39.788591</coordinates></Point>
          <Point><coordinates>-86.232058,39.788586</coordinates></Point>
          <Point><coordinates>-86.232068,39.788581</coordinates></Point>
          <Point><coordinates>-86.232078,39.788576</coordinates></Point>
          <Point><coordinates>-86.232088,39.788571</coordinates></Point>
          <Point><coordinates>-86.232098,39.788567</coordinates></Point>
          <Point><coordinates>-86.232107,39.788562</coordinates></Point>
          <Point><coordinates>-86.232117,39.788557</coordinates></Point>
          <Point><coordinates>-86.232127,39.788552</coordinates></Point>
          <Point><coordinates>-86.232137,39.788547</coordinates></Point>
          <Point><coordinates>-86.232147,39.788542</coordinates></Point>
          <Point><coordinates>-86.232157,39.788537</coordinates></Point>
          <Point><coordinates>-86.232167,39.788533</coordinates></Point>
          <Point><coordinates>-86.232177,39.788528</coordinates></Point>
          <Point><coordinates>-86.232187,39.788524</coordinates></Point>
          <Point><coordinates>-86.232197,39.78852</coordinates></Point>
          <Point><coordinates>-86.232208,39.788515</coordinates></Point>
          <Point><coordinates>-86.232218,39.788511</coordinates></Point>
          <Point><coordinates>-86.232228,39.788507</coordinates></Point>
          <Point><coordinates>-86.232238,39.788502</coordinates></Point>
          <Point><coordinates>-86.232249,39.788498</coordinates></Point>
          <Point><coordinates>-86.232259,39.788494</coordinates></Point>
          <Point><coordinates>-86.232269,39.788489</coordinates></Point>
          <Point><coordinates>-86.23228,39.788485</coordinates></Point>
          <Point><coordinates>-86.23229,39.788481</coordinates></Point>
          <Point><coordinates>-86.232301,39.788478</coordinates></Point>
          <Point><coordinates>-86.232311,39.788474</coordinates></Point>
          <Point><coordinates>-86.232322,39.78847</coordinates></Point>
          <Point><coordinates>-86.232333,39.788466</coordinates></Point>
          <Point><coordinates>-86.232343,39.788462</coordinates></Point>
          <Point><coordinates>-86.232354,39.788459</coordinates></Point>
          <Point><coordinates>-86.232365,39.788455</coordinates></Point>
          <Point><coordinates>-86.232375,39.788451</coordinates></Point>
          <Point><coordinates>-86.232386,39.788447</coordinates></Point>
          <Point><coordinates>-86.232396,39.788443</coordinates></Point>
          <Point><coordinates>-86.232407,39.78844</coordinates></Point>
          <Point><coordinates>-86.232418,39.788436</coordinates></Point>
          <Point><coordinates>-86.232429,39.788433</coordinates></Point>
          <Point><coordinates>-86.232439,39.788429</coordinates></Point>
          <Point><coordinates>-86.23245,39.788425</coordinates></Point>
          <Point><coordinates>-86.232461,39.788422</coordinates></Point>
          <Point><coordinates>-86.232472,39.788418</coordinates></Point>
          <Point><coordinates>-86.232482,39.788415</coordinates></Point>
          <Point><coordinates>-86.232493,39.788411</coordinates></Point>
          <Point><coordinates>-86.232504,39.788407</coordinates></Point>
          <Point><coordinates>-86.232514,39.788404</coordinates></Point>
          <Point><coordinates>-86.232525,39.7884</coordinates></Point>
          <Point><coordinates>-86.232536,39.788397</coordinates></Point>
          <Point><coordinates>-86.232547,39.788394</coordinates></Point>
          <Point><coordinates>-86.232558,39.78839</coordinates></Point>
          <Point><coordinates>-86.232569,39.788387</coordinates></Point>
          <Point><coordinates>-86.23258,39.788384</coordinates></Point>
          <Point><coordinates>-86.232591,39.788381</coordinates></Point>
          <Point><coordinates>-86.232601,39.788377</coordinates></Point>
          <Point><coordinates>-86.232612,39.788374</coordinates></Point>
          <Point><coordinates>-86.232623,39.788371</coordinates></Point>
          <Point><coordinates>-86.232634,39.788368</coordinates></Point>
          <Point><coordinates>-86.232645,39.788364</coordinates></Point>
          <Point><coordinates>-86.232656,39.788361</coordinates></Point>
          <Point><coordinates>-86.232667,39.788358</coordinates></Point>
          <Point><coordinates>-86.232678,39.788355</coordinates></Point>
          <Point><coordinates>-86.232689,39.788352</coordinates></Point>
          <Point><coordinates>-86.2327,39.788349</coordinates></Point>
          <Point><coordinates>-86.232711,39.788346</coordinates></Point>
          <Point><coordinates>-86.232722,39.788343</coordinates></Point>
          <Point><coordinates>-86.232733,39.78834</coordinates></Point>
          <Point><coordinates>-86.232744,39.788336</coordinates></Point>
          <Point><coordinates>-86.232755,39.788333</coordinates></Point>
          <Point><coordinates>-86.232766,39.78833</coordinates></Point>
          <Point><coordinates>-86.232777,39.788327</coordinates></Point>
          <Point><coordinates>-86.232788,39.788325</coordinates></Point>
          <Point><coordinates>-86.232799,39.788322</coordinates></Point>
          <Point><coordinates>-86.23281,39.788319</coordinates></Point>
          <Point><coordinates>-86.232821,39.788316</coordinates></Point>
          <Point><coordinates>-86.232833,39.788314</coordinates></Point>
          <Point><coordinates>-86.232844,39.788311</coordinates></Point>
          <Point><coordinates>-86.232855,39.788308</coordinates></Point>
          <Point><coordinates>-86.232866,39.788305</coordinates></Point>
          <Point><coordinates>-86.232877,39.788303</coordinates></Point>
          <Point><coordinates>-86.232888,39.7883</coordinates></Point>
          <Point><coordinates>-86.232899,39.788297</coordinates></Point>
          <Point><coordinates>-86.232911,39.788295</coordinates></Point>
          <Point><coordinates>-86.232922,39.788292</coordinates></Point>
          <Point><coordinates>-86.232933,39.78829</coordinates></Point>
          <Point><coordinates>-86.232944,39.788287</coordinates></Point>
          <Point><coordinates>-86.232955,39.788285</coordinates></Point>
          <Point><coordinates>-86.232967,39.788282</coordinates></Point>
          <Point><coordinates>-86.232978,39.78828</coordinates></Point>
          <Point><coordinates>-86.232989,39.788277</coordinates></Point>
          <Point><coordinates>-86.233,39.788275</coordinates></Point>
          <Point><coordinates>-86.233012,39.788272</coordinates></Point>
          <Point><coordinates>-86.233023,39.78827</coordinates></Point>
          <Point><coordinates>-86.233034,39.788267</coordinates></Point>
          <Point><coordinates>-86.233045,39.788265</coordinates></Point>
          <Point><coordinates>-86.233056,39.788263</coordinates></Point>
          <Point><coordinates>-86.233068,39.78826</coordinates></Point>
          <Point><coordinates>-86.233079,39.788258</coordinates></Point>
          <Point><coordinates>-86.23309,39.788256</coordinates></Point>
          <Point><coordinates>-86.233101,39.788253</coordinates></Point>
          <Point><coordinates>-86.233113,39.788251</coordinates></Point>
          <Point><coordinates>-86.233124,39.788249</coordinates></Point>
          <Point><coordinates>-86.233135,39.788246</coordinates></Point>
          <Point><coordinates>-86.233147,39.788244</coordinates></Point>
          <Point><coordinates>-86.233158,39.788242</coordinates></Point>
          <Point><coordinates>-86.233169,39.78824</coordinates></Point>
          <Point><coordinates>-86.233181,39.788238</coordinates></Point>
          <Point><coordinates>-86.233192,39.788236</coordinates></Point>
          <Point><coordinates>-86.233203,39.788234</coordinates></Point>
          <Point><coordinates>-86.233215,39.788232</coordinates></Point>
          <Point><coordinates>-86.233226,39.78823</coordinates></Point>
          <Point><coordinates>-86.233237,39.788228</coordinates></Point>
          <Point><coordinates>-86.233249,39.788226</coordinates></Point>
          <Point><coordinates>-86.23326,39.788224</coordinates></Point>
          <Point><coordinates>-86.233272,39.788222</coordinates></Point>
          <Point><coordinates>-86.233283,39.78822</coordinates></Point>
          <Point><coordinates>-86.233294,39.788218</coordinates></Point>
          <Point><coordinates>-86.233306,39.788217</coordinates></Point>
          <Point><coordinates>-86.233317,39.788215</coordinates></Point>
          <Point><coordinates>-86.233329,39.788213</coordinates></Point>
          <Point><coordinates>-86.23334,39.788211</coordinates></Point>
          <Point><coordinates>-86.233352,39.78821</coordinates></Point>
          <Point><coordinates>-86.233363,39.788208</coordinates></Point>
          <Point><coordinates>-86.233375,39.788206</coordinates></Point>
          <Point><coordinates>-86.233386,39.788204</coordinates></Point>
          <Point><coordinates>-86.233398,39.788203</coordinates></Point>
          <Point><coordinates>-86.233409,39.788202</coordinates></Point>
          <Point><coordinates>-86.233421,39.788201</coordinates></Point>
          <Point><coordinates>-86.233432,39.788199</coordinates></Point>
          <Point><coordinates>-86.233444,39.788198</coordinates></Point>
          <Point><coordinates>-86.233456,39.788197</coordinates></Point>
          <Point><coordinates>-86.233467,39.788195</coordinates></Point>
          <Point><coordinates>-86.233479,39.788194</coordinates></Point>
          <Point><coordinates>-86.23349,39.788193</coordinates></Point>
          <Point><coordinates>-86.233502,39.788192</coordinates></Point>
          <Point><coordinates>-86.233513,39.78819</coordinates></Point>
          <Point><coordinates>-86.233525,39.788189</coordinates></Point>
          <Point><coordinates>-86.233537,39.788188</coordinates></Point>
          <Point><coordinates>-86.233548,39.788187</coordinates></Point>
          <Point><coordinates>-86.23356,39.788186</coordinates></Point>
          <Point><coordinates>-86.233571,39.788185</coordinates></Point>
          <Point><coordinates>-86.233583,39.788184</coordinates></Point>
          <Point><coordinates>-86.233594,39.788182</coordinates></Point>
          <Point><coordinates>-86.233606,39.788181</coordinates></Point>
          <Point><coordinates>-86.233618,39.78818</coordinates></Point>
          <Point><coordinates>-86.233629,39.788179</coordinates></Point>
          <Point><coordinates>-86.233641,39.788178</coordinates></Point>
          <Point><coordinates>-86.233652,39.788177</coordinates></Point>
          <Point><coordinates>-86.233664,39.788176</coordinates></Point>
          <Point><coordinates>-86.233676,39.788175</coordinates></Point>
          <Point><coordinates>-86.233688,39.788175</coordinates></Point>
          <Point><coordinates>-86.233699,39.788174</coordinates></Point>
          <Point><coordinates>-86.233711,39.788173</coordinates></Point>
          <Point><coordinates>-86.233723,39.788172</coordinates></Point>
          <Point><coordinates>-86.233734,39.788171</coordinates></Point>
          <Point><coordinates>-86.233746,39.78817</coordinates></Point>
          <Point><coordinates>-86.233758,39.78817</coordinates></Point>
          <Point><coordinates>-86.233769,39.788169</coordinates></Point>
          <Point><coordinates>-86.233781,39.788168</coordinates></Point>
          <Point><coordinates>-86.233793,39.788167</coordinates></Point>
          <Point><coordinates>-86.233804,39.788167</coordinates></Point>
          <Point><coordinates>-86.233816,39.788166</coordinates></Point>
          <Point><coordinates>-86.233828,39.788165</coordinates></Point>
          <Point><coordinates>-86.23384,39.788165</coordinates></Point>
          <Point><coordinates>-86.233851,39.788164</coordinates></Point>
          <Point><coordinates>-86.233863,39.788163</coordinates></Point>
          <Point><coordinates>-86.233875,39.788163</coordinates></Point>
          <Point><coordinates>-86.233886,39.788162</coordinates></Point>
          <Point><coordinates>-86.233898,39.788161</coordinates></Point>
          <Point><coordinates>-86.23391,39.788161</coordinates></Point>
          <Point><coordinates>-86.233921,39.78816</coordinates></Point>
          <Point><coordinates>-86.233933,39.788159</coordinates></Point>
          <Point><coordinates>-86.233945,39.788158</coordinates></Point>
          <Point><coordinates>-86.233956,39.788158</coordinates></Point>
          <Point><coordinates>-86.233968,39.788157</coordinates></Point>
          <Point><coordinates>-86.23398,39.788156</coordinates></Point>
          <Point><coordinates>-86.233992,39.788156</coordinates></Point>
          <Point><coordinates>-86.234003,39.788155</coordinates></Point>
          <Point><coordinates>-86.234015,39.788155</coordinates></Point>
          <Point><coordinates>-86.234027,39.788154</coordinates></Point>
          <Point><coordinates>-86.234038,39.788154</coordinates></Point>
          <Point><coordinates>-86.23405,39.788153</coordinates></Point>
          <Point><coordinates>-86.234062,39.788153</coordinates></Point>
          <Point><coordinates>-86.234073,39.788152</coordinates></Point>
          <Point><coordinates>-86.234085,39.788152</coordinates></Point>
          <Point><coordinates>-86.234097,39.788151</coordinates></Point>
          <Point><coordinates>-86.234108,39.788151</coordinates></Point>
          <Point><coordinates>-86.23412,39.78815</coordinates></Point>
          <Point><coordinates>-86.234132,39.78815</coordinates></Point>
          <Point><coordinates>-86.234144,39.788149</coordinates></Point>
          <Point><coordinates>-86.234155,39.788149</coordinates></Point>
          <Point><coordinates>-86.234167,39.788149</coordinates></Point>
          <Point><coordinates>-86.234179,39.788148</coordinates></Point>
          <Point><coordinates>-86.23419,39.788148</coordinates></Point>
          <Point><coordinates>-86.234202,39.788147</coordinates></Point>
          <Point><coordinates>-86.234214,39.788147</coordinates></Point>
          <Point><coordinates>-86.234225,39.788147</coordinates></Point>
          <Point><coordinates>-86.234237,39.788146</coordinates></Point>
          <Point><coordinates>-86.234249,39.788146</coordinates></Point>
          <Point><coordinates>-86.234261,39.788146</coordinates></Point>
          <Point><coordinates>-86.234272,39.788145</coordinates></Point>
          <Point><coordinates>-86.234284,39.788145</coordinates></Point>
          <Point><coordinates>-86.234296,39.788145</coordinates></Point>
          <Point><coordinates>-86.234307,39.788144</coordinates></Point>
          <Point><coordinates>-86.234319,39.788144</coordinates></Point>
          <Point><coordinates>-86.234331,39.788144</coordinates></Point>
          <Point><coordinates>-86.234342,39.788143</coordinates></Point>
          <Point><coordinates>-86.234354,39.788143</coordinates></Point>
          <Point><coordinates>-86.234366,39.788143</coordinates></Point>
          <Point><coordinates>-86.234377,39.788142</coordinates></Point>
          <Point><coordinates>-86.234389,39.788142</coordinates></Point>
          <Point><coordinates>-86.234401,39.788142</coordinates></Point>
          <Point><coordinates>-86.234413,39.788142</coordinates></Point>
          <Point><coordinates>-86.234424,39.788141</coordinates></Point>
          <Point><coordinates>-86.234436,39.788141</coordinates></Point>
          <Point><coordinates>-86.234448,39.788141</coordinates></Point>
          <Point><coordinates>-86.234459,39.78814</coordinates></Point>
          <Point><coordinates>-86.234471,39.78814</coordinates></Point>
          <Point><coordinates>-86.234483,39.78814</coordinates></Point>
          <Point><coordinates>-86.234494,39.788139</coordinates></Point>
          <Point><coordinates>-86.234506,39.788139</coordinates></Point>
          <Point><coordinates>-86.234518,39.788139</coordinates></Point>
          <Point><coordinates>-86.234529,39.788138</coordinates></Point>
          <Point><coordinates>-86.234541,39.788138</coordinates></Point>
          <Point><coordinates>-86.234553,39.788138</coordinates></Point>
          <Point><coordinates>-86.234565,39.788137</coordinates></Point>
          <Point><coordinates>-86.234576,39.788137</coordinates></Point>
          <Point><coordinates>-86.234588,39.788137</coordinates></Point>
          <Point><coordinates>-86.2346,39.788136</coordinates></Point>
          <Point><coordinates>-86.234611,39.788136</coordinates></Point>
          <Point><coordinates>-86.234623,39.788136</coordinates></Point>
          <Point><coordinates>-86.234635,39.788135</coordinates></Point>
          <Point><coordinates>-86.234646,39.788135</coordinates></Point>
          <Point><coordinates>-86.234658,39.788135</coordinates></Point>
          <Point><coordinates>-86.23467,39.788134</coordinates></Point>
          <Point><coordinates>-86.234681,39.788134</coordinates></Point>
          <Point><coordinates>-86.234693,39.788133</coordinates></Point>
          <Point><coordinates>-86.234705,39.788133</coordinates></Point>
          <Point><coordinates>-86.234717,39.788132</coordinates></Point>
          <Point><coordinates>-86.234728,39.788132</coordinates></Point>
          <Point><coordinates>-86.23474,39.788131</coordinates></Point>
          <Point><coordinates>-86.234752,39.788131</coordinates></Point>
          <Point><coordinates>-86.234763,39.788131</coordinates></Point>
          <Point><coordinates>-86.234775,39.78813</coordinates></Point>
          <Point><coordinates>-86.234787,39.78813</coordinates></Point>
          <Point><coordinates>-86.234798,39.78813</coordinates></Point>
          <Point><coordinates>-86.23481,39.78813</coordinates></Point>
          <Point><coordinates>-86.234822,39.788129</coordinates></Point>
          <Point><coordinates>-86.234833,39.788129</coordinates></Point>
          <Point><coordinates>-86.234845,39.788129</coordinates></Point>
          <Point><coordinates>-86.234857,39.788129</coordinates></Point>
          <Point><coordinates>-86.234869,39.788129</coordinates></Point>
          <Point><coordinates>-86.23488,39.788129</coordinates></Point>
          <Point><coordinates>-86.234892,39.788129</coordinates></Point>
          <Point><coordinates>-86.234904,39.788129</coordinates></Point>
          <Point><coordinates>-86.234915,39.788129</coordinates></Point>
          <Point><coordinates>-86.234927,39.788129</coordinates></Point>
          <Point><coordinates>-86.234939,39.788129</coordinates></Point>
          <Point><coordinates>-86.23495,39.788129</coordinates></Point>
          <Point><coordinates>-86.234962,39.78813</coordinates></Point>
          <Point><coordinates>-86.234974,39.78813</coordinates></Point>
          <Point><coordinates>-86.234985,39.788131</coordinates></Point>
          <Point><coordinates>-86.234997,39.788131</coordinates></Point>
          <Point><coordinates>-86.235009,39.788132</coordinates></Point>
          <Point><coordinates>-86.23502,39.788132</coordinates></Point>
          <Point><coordinates>-86.235032,39.788134</coordinates></Point>
          <Point><coordinates>-86.235044,39.788135</coordinates></Point>
          <Point><coordinates>-86.235055,39.788137</coordinates></Point>
          <Point><coordinates>-86.235066,39.788139</coordinates></Point>
          <Point><coordinates>-86.235078,39.78814</coordinates></Point>
          <Point><coordinates>-86.23509,39.788142</coordinates></Point>
          <Point><coordinates>-86.235101,39.788144</coordinates></Point>
          <Point><coordinates>-86.235112,39.788146</coordinates></Point>
          <Point><coordinates>-86.235123,39.788149</coordinates></Point>
          <Point><coordinates>-86.235135,39.788151</coordinates></Point>
          <Point><coordinates>-86.235146,39.788153</coordinates></Point>
          <Point><coordinates>-86.235157,39.788157</coordinates></Point>
          <Point><coordinates>-86.235167,39.788161</coordinates></Point>
          <Point><coordinates>-86.235178,39.788165</coordinates></Point>
          <Point><coordinates>-86.235188,39.788169</coordinates></Point>
          <Point><coordinates>-86.235198,39.788173</coordinates></Point>
          <Point><coordinates>-86.235207,39.788179</coordinates></Point>
          <Point><coordinates>-86.235216,39.788185</coordinates></Point>
          <Point><coordinates>-86.235225,39.78819</coordinates></Point>
          <Point><coordinates>-86.235234,39.788196</coordinates></Point>
          <Point><coordinates>-86.235243,39.788202</coordinates></Point>
          <Point><coordinates>-86.23525,39.788209</coordinates></Point>
          <Point><coordinates>-86.235257,39.788216</coordinates></Point>
          <Point><coordinates>-86.235265,39.788224</coordinates></Point>
          <Point><coordinates>-86.235272,39.788231</coordinates></Point>
          <Point><coordinates>-86.235279,39.788238</coordinates></Point>
          <Point><coordinates>-86.235284,39.788246</coordinates></Point>
          <Point><coordinates>-86.235289,39.788254</coordinates></Point>
          <Point><coordinates>-86.235293,39.788262</coordinates></Point>
          <Point><coordinates>-86.235298,39.788271</coordinates></Point>
          <Point><coordinates>-86.235302,39.788279</coordinates></Point>
          <Point><coordinates>-86.235307,39.788287</coordinates></Point>
          <Point><coordinates>-86.23531,39.788296</coordinates></Point>
          <Point><coordinates>-86.235312,39.788305</coordinates></Point>
          <Point><coordinates>-86.235315,39.788313</coordinates></Point>
          <Point><coordinates>-86.235318,39.788322</coordinates></Point>
          <Point><coordinates>-86.235321,39.788331</coordinates></Point>
          <Point><coordinates>-86.235323,39.78834</coordinates></Point>
          <Point><coordinates>-86.235325,39.788348</coordinates></Point>
          <Point><coordinates>-86.235326,39.788357</coordinates></Point>
          <Point><coordinates>-86.235328,39.788366</coordinates></Point>
          <Point><coordinates>-86.235329,39.788375</coordinates></Point>
          <Point><coordinates>-86.235331,39.788384</coordinates></Point>
          <Point><coordinates>-86.235332,39.788393</coordinates></Point>
          <Point><coordinates>-86.235333,39.788402</coordinates></Point>
          <Point><coordinates>-86.235333,39.788411</coordinates></Point>
          <Point><coordinates>-86.235334,39.78842</coordinates></Point>
          <Point><coordinates>-86.235334,39.788429</coordinates></Point>
          <Point><coordinates>-86.235335,39.788438</coordinates></Point>
          <Point><coordinates>-86.235335,39.788447</coordinates></Point>
          <Point><coordinates>-86.235335,39.788456</coordinates></Point>
          <Point><coordinates>-86.235335,39.788465</coordinates></Point>
          <Point><coordinates>-86.235335,39.788474</coordinates></Point>
          <Point><coordinates>-86.235334,39.788483</coordinates></Point>
          <Point><coordinates>-86.235334,39.788492</coordinates></Point>
          <Point><coordinates>-86.235334,39.788501</coordinates></Point>
          <Point><coordinates>-86.235333,39.78851</coordinates></Point>
          <Point><coordinates>-86.235333,39.788519</coordinates></Point>
          <Point><coordinates>-86.235332,39.788528</coordinates></Point>
          <Point><coordinates>-86.235331,39.788537</coordinates></Point>
          <Point><coordinates>-86.235331,39.788546</coordinates></Point>
          <Point><coordinates>-86.23533,39.788555</coordinates></Point>
          <Point><coordinates>-86.235329,39.788564</coordinates></Point>
          <Point><coordinates>-86.235329,39.788573</coordinates></Point>
          <Point><coordinates>-86.235328,39.788582</coordinates></Point>
          <Point><coordinates>-86.235327,39.78859</coordinates></Point>
          <Point><coordinates>-86.235326,39.788599</coordinates></Point>
          <Point><coordinates>-86.235325,39.788608</coordinates></Point>
          <Point><coordinates>-86.235324,39.788617</coordinates></Point>
          <Point><coordinates>-86.235323,39.788626</coordinates></Point>
          <Point><coordinates>-86.235322,39.788635</coordinates></Point>
          <Point><coordinates>-86.235321,39.788644</coordinates></Point>
          <Point><coordinates>-86.235321,39.788653</coordinates></Point>
          <Point><coordinates>-86.23532,39.788662</coordinates></Point>
          <Point><coordinates>-86.235319,39.788671</coordinates></Point>
          <Point><coordinates>-86.235318,39.78868</coordinates></Point>
          <Point><coordinates>-86.235317,39.788689</coordinates></Point>
          <Point><coordinates>-86.235316,39.788698</coordinates></Point>
          <Point><coordinates>-86.235315,39.788707</coordinates></Point>
          <Point><coordinates>-86.235314,39.788716</coordinates></Point>
          <Point><coordinates>-86.235314,39.788725</coordinates></Point>
          <Point><coordinates>-86.235313,39.788734</coordinates></Point>
          <Point><coordinates>-86.235311,39.788743</coordinates></Point>
          <Point><coordinates>-86.23531,39.788752</coordinates></Point>
          <Point><coordinates>-86.235309,39.788761</coordinates></Point>
          <Point><coordinates>-86.235308,39.78877</coordinates></Point>
          <Point><coordinates>-86.235307,39.788779</coordinates></Point>
          <Point><coordinates>-86.235306,39.788788</coordinates></Point>
          <Point><coordinates>-86.235305,39.788797</coordinates></Point>
          <Point><coordinates>-86.235304,39.788806</coordinates></Point>
          <Point><coordinates>-86.235303,39.788815</coordinates></Point>
          <Point><coordinates>-86.235302,39.788824</coordinates></Point>
          <Point><coordinates>-86.235302,39.788833</coordinates></Point>
          <Point><coordinates>-86.235301,39.788842</coordinates></Point>
          <Point><coordinates>-86.2353,39.788851</coordinates></Point>
          <Point><coordinates>-86.235299,39.78886</coordinates></Point>
          <Point><coordinates>-86.235298,39.788869</coordinates></Point>
          <Point><coordinates>-86.235298,39.788878</coordinates></Point>
          <Point><coordinates>-86.235297,39.788887</coordinates></Point>
          <Point><coordinates>-86.235296,39.788896</coordinates></Point>
          <Point><coordinates>-86.235295,39.788905</coordinates></Point>
          <Point><coordinates>-86.235294,39.788914</coordinates></Point>
          <Point><coordinates>-86.235293,39.788923</coordinates></Point>
          <Point><coordinates>-86.235293,39.788932</coordinates></Point>
          <Point><coordinates>-86.235292,39.788941</coordinates></Point>
          <Point><coordinates>-86.235291,39.78895</coordinates></Point>
          <Point><coordinates>-86.23529,39.788959</coordinates></Point>
          <Point><coordinates>-86.23529,39.788968</coordinates></Point>
          <Point><coordinates>-86.235289,39.788977</coordinates></Point>
          <Point><coordinates>-86.235288,39.788986</coordinates></Point>
          <Point><coordinates>-86.235287,39.788995</coordinates></Point>
          <Point><coordinates>-86.235287,39.789004</coordinates></Point>
          <Point><coordinates>-86.235286,39.789013</coordinates></Point>
          <Point><coordinates>-86.235285,39.789022</coordinates></Point>
          <Point><coordinates>-86.235285,39.789031</coordinates></Point>
          <Point><coordinates>-86.235284,39.78904</coordinates></Point>
          <Point><coordinates>-86.235284,39.789049</coordinates></Point>
          <Point><coordinates>-86.235283,39.789058</coordinates></Point>
          <Point><coordinates>-86.235282,39.789067</coordinates></Point>
          <Point><coordinates>-86.235282,39.789076</coordinates></Point>
          <Point><coordinates>-86.235281,39.789085</coordinates></Point>
          <Point><coordinates>-86.235281,39.789094</coordinates></Point>
          <Point><coordinates>-86.23528,39.789103</coordinates></Point>
          <Point><coordinates>-86.23528,39.789112</coordinates></Point>
          <Point><coordinates>-86.23528,39.78912</coordinates></Point>
          <Point><coordinates>-86.23528,39.789129</coordinates></Point>
          <Point><coordinates>-86.23528,39.789138</coordinates></Point>
          <Point><coordinates>-86.23528,39.789147</coordinates></Point>
          <Point><coordinates>-86.23528,39.789156</coordinates></Point>
          <Point><coordinates>-86.23528,39.789165</coordinates></Point>
          <Point><coordinates>-86.23528,39.789174</coordinates></Point>
          <Point><coordinates>-86.23528,39.789183</coordinates></Point>
          <Point><coordinates>-86.23528,39.789192</coordinates></Point>
          <Point><coordinates>-86.235281,39.789201</coordinates></Point>
          <Point><coordinates>-86.235282,39.78921</coordinates></Point>
          <Point><coordinates>-86.235283,39.789219</coordinates></Point>
          <Point><coordinates>-86.235284,39.789228</coordinates></Point>
          <Point><coordinates>-86.235285,39.789237</coordinates></Point>
          <Point><coordinates>-86.235286,39.789246</coordinates></Point>
          <Point><coordinates>-86.235287,39.789255</coordinates></Point>
          <Point><coordinates>-86.235289,39.789264</coordinates></Point>
          <Point><coordinates>-86.235291,39.789273</coordinates></Point>
          <Point><coordinates>-86.235293,39.789282</coordinates></Point>
          <Point><coordinates>-86.235296,39.789291</coordinates></Point>
          <Point><coordinates>-86.235298,39.789299</coordinates></Point>
          <Point><coordinates>-86.2353,39.789308</coordinates></Point>
          <Point><coordinates>-86.235303,39.789317</coordinates></Point>
          <Point><coordinates>-86.235305,39.789326</coordinates></Point>
          <Point><coordinates>-86.235308,39.789334</coordinates></Point>
          <Point><coordinates>-86.235311,39.789343</coordinates></Point>
          <Point><coordinates>-86.235315,39.789352</coordinates></Point>
          <Point><coordinates>-86.235319,39.78936</coordinates></Point>
          <Point><coordinates>-86.235323,39.789369</coordinates></Point>
          <Point><coordinates>-86.235326,39.789377</coordinates></Point>
          <Point><coordinates>-86.23533,39.789386</coordinates></Point>
          <Point><coordinates>-86.235334,39.789394</coordinates></Point>
          <Point><coordinates>-86.235338,39.789403</coordinates></Point>
          <Point><coordinates>-86.235343,39.789411</coordinates></Point>
          <Point><coordinates>-86.235349,39.789419</coordinates></Point>
          <Point><coordinates>-86.235354,39.789427</coordinates></Point>
          <Point><coordinates>-86.235359,39.789435</coordinates></Point>
          <Point><coordinates>-86.235365,39.789443</coordinates></Point>
          <Point><coordinates>-86.23537,39.789451</coordinates></Point>
          <Point><coordinates>-86.235375,39.789459</coordinates></Point>
          <Point><coordinates>-86.235381,39.789467</coordinates></Point>
          <Point><coordinates>-86.235388,39.789474</coordinates></Point>
          <Point><coordinates>-86.235395,39.789481</coordinates></Point>
          <Point><coordinates>-86.235403,39.789488</coordinates></Point>
          <Point><coordinates>-86.23541,39.789495</coordinates></Point>
          <Point><coordinates>-86.235417,39.789502</coordinates></Point>
          <Point><coordinates>-86.235424,39.789509</coordinates></Point>
          <Point><coordinates>-86.235432,39.789516</coordinates></Point>
          <Point><coordinates>-86.23544,39.789523</coordinates></Point>
          <Point><coordinates>-86.235449,39.789528</coordinates></Point>
          <Point><coordinates>-86.235458,39.789534</coordinates></Point>
          <Point><coordinates>-86.235467,39.78954</coordinates></Point>
          <Point><coordinates>-86.235476,39.789545</coordinates></Point>
          <Point><coordinates>-86.235485,39.789551</coordinates></Point>
          <Point><coordinates>-86.235494,39.789557</coordinates></Point>
          <Point><coordinates>-86.235504,39.789562</coordinates></Point>
          <Point><coordinates>-86.235514,39.789566</coordinates></Point>
          <Point><coordinates>-86.235525,39.78957</coordinates></Point>
          <Point><coordinates>-86.235535,39.789573</coordinates></Point>
          <Point><coordinates>-86.235546,39.789577</coordinates></Point>
          <Point><coordinates>-86.235557,39.789581</coordinates></Point>
          <Point><coordinates>-86.235567,39.789585</coordinates></Point>
          <Point><coordinates>-86.235578,39.789588</coordinates></Point>
          <Point><coordinates>-86.23559,39.78959</coordinates></Point>
          <Point><coordinates>-86.235601,39.789591</coordinates></Point>
          <Point><coordinates>-86.235613,39.789593</coordinates></Point>
          <Point><coordinates>-86.235624,39.789595</coordinates></Point>
          <Point><coordinates>-86.235635,39.789596</coordinates></Point>
          <Point><coordinates>-86.235647,39.789598</coordinates></Point>
          <Point><coordinates>-86.235659,39.789598</coordinates></Point>
          <Point><coordinates>-86.23567,39.789598</coordinates></Point>
          <Point><coordinates>-86.235682,39.789597</coordinates></Point>
          <Point><coordinates>-86.235694,39.789597</coordinates></Point>
          <Point><coordinates>-86.235705,39.789597</coordinates></Point>
          <Point><coordinates>-86.235717,39.789596</coordinates></Point>
          <Point><coordinates>-86.235729,39.789595</coordinates></Point>
          <Point><coordinates>-86.23574,39.789593</coordinates></Point>
          <Point><coordinates>-86.235751,39.789591</coordinates></Point>
          <Point><coordinates>-86.235763,39.789588</coordinates></Point>
          <Point><coordinates>-86.235774,39.789586</coordinates></Point>
          <Point><coordinates>-86.235785,39.789584</coordinates></Point>
          <Point><coordinates>-86.235797,39.789581</coordinates></Point>
          <Point><coordinates>-86.235808,39.789579</coordinates></Point>
          <Point><coordinates>-86.235819,39.789575</coordinates></Point>
          <Point><coordinates>-86.23583,39.789572</coordinates></Point>
          <Point><coordinates>-86.23584,39.789569</coordinates></Point>
          <Point><coordinates>-86.235851,39.789565</coordinates></Point>
          <Point><coordinates>-86.235862,39.789562</coordinates></Point>
          <Point><coordinates>-86.235873,39.789559</coordinates></Point>
          <Point><coordinates>-86.235884,39.789555</coordinates></Point>
          <Point><coordinates>-86.235895,39.789552</coordinates></Point>
          <Point><coordinates>-86.235905,39.789548</coordinates></Point>
          <Point><coordinates>-86.235916,39.789545</coordinates></Point>
          <Point><coordinates>-86.235927,39.789541</coordinates></Point>
          <Point><coordinates>-86.235938,39.789538</coordinates></Point>
          <Point><coordinates>-86.235948,39.789534</coordinates></Point>
          <Point><coordinates>-86.235959,39.789531</coordinates></Point>
          <Point><coordinates>-86.23597,39.789527</coordinates></Point>
          <Point><coordinates>-86.235981,39.789524</coordinates></Point>
          <Point><coordinates>-86.235992,39.78952</coordinates></Point>
          <Point><coordinates>-86.236002,39.789516</coordinates></Point>
          <Point><coordinates>-86.236013,39.789513</coordinates></Point>
          <Point><coordinates>-86.236024,39.789509</coordinates></Point>
          <Point><coordinates>-86.236035,39.789506</coordinates></Point>
          <Point><coordinates>-86.236045,39.789502</coordinates></Point>
          <Point><coordinates>-86.236056,39.789498</coordinates></Point>
          <Point><coordinates>-86.236067,39.789495</coordinates></Point>
          <Point><coordinates>-86.236078,39.789491</coordinates></Point>
          <Point><coordinates>-86.236088,39.789488</coordinates></Point>
          <Point><coordinates>-86.236099,39.789484</coordinates></Point>
          <Point><coordinates>-86.23611,39.789481</coordinates></Point>
          <Point><coordinates>-86.236121,39.789477</coordinates></Point>
          <Point><coordinates>-86.236131,39.789474</coordinates></Point>
          <Point><coordinates>-86.236142,39.78947</coordinates></Point>
          <Point><coordinates>-86.236153,39.789467</coordinates></Point>
          <Point><coordinates>-86.236164,39.789463</coordinates></Point>
          <Point><coordinates>-86.236174,39.78946</coordinates></Point>
          <Point><coordinates>-86.236185,39.789456</coordinates></Point>
          <Point><coordinates>-86.236196,39.789453</coordinates></Point>
          <Point><coordinates>-86.236207,39.789449</coordinates></Point>
          <Point><coordinates>-86.236217,39.789446</coordinates></Point>
          <Point><coordinates>-86.236228,39.789442</coordinates></Point>
          <Point><coordinates>-86.236239,39.789439</coordinates></Point>
          <Point><coordinates>-86.23625,39.789435</coordinates></Point>
          <Point><coordinates>-86.23626,39.789432</coordinates></Point>
          <Point><coordinates>-86.236271,39.789429</coordinates></Point>
          <Point><coordinates>-86.236282,39.789425</coordinates></Point>
          <Point><coordinates>-86.236293,39.789422</coordinates></Point>
          <Point><coordinates>-86.236303,39.789418</coordinates></Point>
          <Point><coordinates>-86.236314,39.789415</coordinates></Point>
          <Point><coordinates>-86.236325,39.789411</coordinates></Point>
          <Point><coordinates>-86.236336,39.789408</coordinates></Point>
          <Point><coordinates>-86.236346,39.789404</coordinates></Point>
          <Point><coordinates>-86.236357,39.789401</coordinates></Point>
          <Point><coordinates>-86.236368,39.789397</coordinates></Point>
          <Point><coordinates>-86.236379,39.789394</coordinates></Point>
          <Point><coordinates>-86.23639,39.78939</coordinates></Point>
          <Point><coordinates>-86.2364,39.789387</coordinates></Point>
          <Point><coordinates>-86.236411,39.789383</coordinates></Point>
          <Point><coordinates>-86.236422,39.78938</coordinates></Point>
          <Point><coordinates>-86.236433,39.789377</coordinates></Point>
          <Point><coordinates>-86.236443,39.789373</coordinates></Point>
          <Point><coordinates>-86.236454,39.78937</coordinates></Point>
          <Point><coordinates>-86.236465,39.789366</coordinates></Point>
          <Point><coordinates>-86.236476,39.789363</coordinates></Point>
          <Point><coordinates>-86.236487,39.78936</coordinates></Point>
          <Point><coordinates>-86.236498,39.789356</coordinates></Point>
          <Point><coordinates>-86.236508,39.789353</coordinates></Point>
          <Point><coordinates>-86.236519,39.78935</coordinates></Point>
          <Point><coordinates>-86.23653,39.789346</coordinates></Point>
          <Point><coordinates>-86.236541,39.789343</coordinates></Point>
          <Point><coordinates>-86.236552,39.78934</coordinates></Point>
          <Point><coordinates>-86.236563,39.789336</coordinates></Point>
          <Point><coordinates>-86.236574,39.789333</coordinates></Point>
          <Point><coordinates>-86.236585,39.78933</coordinates></Point>
          <Point><coordinates>-86.236596,39.789327</coordinates></Point>
          <Point><coordinates>-86.236607,39.789324</coordinates></Point>
          <Point><coordinates>-86.236618,39.789321</coordinates></Point>
          <Point><coordinates>-86.236629,39.789318</coordinates></Point>
          <Point><coordinates>-86.23664,39.789315</coordinates></Point>
          <Point><coordinates>-86.236651,39.789312</coordinates></Point>
          <Point><coordinates>-86.236662,39.789309</coordinates></Point>
          <Point><coordinates>-86.236673,39.789306</coordinates></Point>
          <Point><coordinates>-86.236684,39.789303</coordinates></Point>
          <Point><coordinates>-86.236696,39.7893</coordinates></Point>
          <Point><coordinates>-86.236707,39.789298</coordinates></Point>
          <Point><coordinates>-86.236718,39.789296</coordinates></Point>
          <Point><coordinates>-86.236729,39.789293</coordinates></Point>
          <Point><coordinates>-86.23674,39.789291</coordinates></Point>
          <Point><coordinates>-86.236752,39.789288</coordinates></Point>
          <Point><coordinates>-86.236763,39.789286</coordinates></Point>
          <Point><coordinates>-86.236774,39.789284</coordinates></Point>
          <Point><coordinates>-86.236785,39.789281</coordinates></Point>
          <Point><coordinates>-86.236797,39.789279</coordinates></Point>
          <Point><coordinates>-86.236808,39.789277</coordinates></Point>
          <Point><coordinates>-86.236819,39.789275</coordinates></Point>
          <Point><coordinates>-86.236831,39.789273</coordinates></Point>
          <Point><coordinates>-86.236842,39.789272</coordinates></Point>
          <Point><coordinates>-86.236854,39.78927</coordinates></Point>
          <Point><coordinates>-86.236865,39.789268</coordinates></Point>
          <Point><coordinates>-86.236877,39.789267</coordinates></Point>
          <Point><coordinates>-86.236888,39.789265</coordinates></Point>
          <Point><coordinates>-86.2369,39.789263</coordinates></Point>
          <Point><coordinates>-86.236911,39.789261</coordinates></Point>
          <Point><coordinates>-86.236923,39.78926</coordinates></Point>
          <Point><coordinates>-86.236934,39.789259</coordinates></Point>
          <Point><coordinates>-86.236946,39.789258</coordinates></Point>
          <Point><coordinates>-86.236957,39.789257</coordinates></Point>
          <Point><coordinates>-86.236969,39.789256</coordinates></Point>
          <Point><coordinates>-86.236981,39.789255</coordinates></Point>
          <Point><coordinates>-86.236992,39.789254</coordinates></Point>
          <Point><coordinates>-86.237004,39.789252</coordinates></Point>
          <Point><coordinates>-86.237015,39.789251</coordinates></Point>
          <Point><coordinates>-86.237027,39.78925</coordinates></Point>
          <Point><coordinates>-86.237039,39.789249</coordinates></Point>
          <Point><coordinates>-86.23705,39.789249</coordinates></Point>
          <Point><coordinates>-86.237062,39.789249</coordinates></Point>
          <Point><coordinates>-86.237074,39.789248</coordinates></Point>
          <Point><coordinates>-86.237085,39.789248</coordinates></Point>
          <Point><coordinates>-86.237097,39.789247</coordinates></Point>
          <Point><coordinates>-86.237109,39.789247</coordinates></Point>
          <Point><coordinates>-86.23712,39.789247</coordinates></Point>
          <Point><coordinates>-86.237132,39.789246</coordinates></Point>
          <Point><coordinates>-86.237144,39.789246</coordinates></Point>
          <Point><coordinates>-86.237156,39.789246</coordinates></Point>
          <Point><coordinates>-86.237167,39.789246</coordinates></Point>
          <Point><coordinates>-86.237179,39.789246</coordinates></Point>
          <Point><coordinates>-86.237191,39.789247</coordinates></Point>
          <Point><coordinates>-86.237202,39.789247</coordinates></Point>
          <Point><coordinates>-86.237214,39.789247</coordinates></Point>
          <Point><coordinates>-86.237226,39.789247</coordinates></Point>
          <Point><coordinates>-86.237237,39.789248</coordinates></Point>
          <Point><coordinates>-86.237249,39.789248</coordinates></Point>
          <Point><coordinates>-86.237261,39.789248</coordinates></Point>
          <Point><coordinates>-86.237272,39.789249</coordinates></Point>
          <Point><coordinates>-86.237284,39.78925</coordinates></Point>
          <Point><coordinates>-86.237295,39.789252</coordinates></Point>
          <Point><coordinates>-86.237307,39.789253</coordinates></Point>
          <Point><coordinates>-86.237319,39.789254</coordinates></Point>
          <Point><coordinates>-86.23733,39.789255</coordinates></Point>
          <Point><coordinates>-86.237342,39.789256</coordinates></Point>
          <Point><coordinates>-86.237353,39.789257</coordinates></Point>
          <Point><coordinates>-86.237365,39.789258</coordinates></Point>
          <Point><coordinates>-86.237377,39.789259</coordinates></Point>
          <Point><coordinates>-86.237388,39.789261</coordinates></Point>
          <Point><coordinates>-86.237399,39.789263</coordinates></Point>
          <Point><coordinates>-86.237411,39.789265</coordinates></Point>
          <Point><coordinates>-86.237422,39.789267</coordinates></Point>
          <Point><coordinates>-86.237434,39.789269</coordinates></Point>
          <Point><coordinates>-86.237445,39.789271</coordinates></Point>
          <Point><coordinates>-86.237457,39.789273</coordinates></Point>
          <Point><coordinates>-86.237468,39.789274</coordinates></Point>
          <Point><coordinates>-86.23748,39.789276</coordinates></Point>
          <Point><coordinates>-86.237491,39.789278</coordinates></Point>
          <Point><coordinates>-86.237502,39.789281</coordinates></Point>
          <Point><coordinates>-86.237513,39.789283</coordinates></Point>
          <Point><coordinates>-86.237525,39.789286</coordinates></Point>
          <Point><coordinates>-86.237536,39.789288</coordinates></Point>
          <Point><coordinates>-86.237547,39.789291</coordinates></Point>
          <Point><coordinates>-86.237558,39.789293</coordinates></Point>
          <Point><coordinates>-86.23757,39.789296</coordinates></Point>
          <Point><coordinates>-86.237581,39.789298</coordinates></Point>
          <Point><coordinates>-86.237592,39.789301</coordinates></Point>
          <Point><coordinates>-86.237603,39.789304</coordinates></Point>
          <Point><coordinates>-86.237614,39.789307</coordinates></Point>
          <Point><coordinates>-86.237625,39.78931</coordinates></Point>
          <Point><coordinates>-86.237636,39.789313</coordinates></Point>
          <Point><coordinates>-86.237647,39.789317</coordinates></Point>
          <Point><coordinates>-86.237658,39.78932</coordinates></Point>
          <Point><coordinates>-86.237669,39.789323</coordinates></Point>
          <Point><coordinates>-86.23768,39.789326</coordinates></Point>
          <Point><coordinates>-86.237691,39.789329</coordinates></Point>
          <Point><coordinates>-86.237701,39.789333</coordinates></Point>
          <Point><coordinates>-86.237712,39.789336</coordinates></Point>
          <Point><coordinates>-86.237723,39.78934</coordinates></Point>
          <Point><coordinates>-86.237733,39.789344</coordinates></Point>
          <Point><coordinates>-86.237744,39.789348</coordinates></Point>
          <Point><coordinates>-86.237755,39.789352</coordinates></Point>
          <Point><coordinates>-86.237765,39.789356</coordinates></Point>
          <Point><coordinates>-86.237776,39.789359</coordinates></Point>
          <Point><coordinates>-86.237786,39.789363</coordinates></Point>
          <Point><coordinates>-86.237797,39.789367</coordinates></Point>
          <Point><coordinates>-86.237807,39.789371</coordinates></Point>
          <Point><coordinates>-86.237817,39.789376</coordinates></Point>
          <Point><coordinates>-86.237828,39.78938</coordinates></Point>
          <Point><coordinates>-86.237838,39.789385</coordinates></Point>
          <Point><coordinates>-86.237848,39.789389</coordinates></Point>
          <Point><coordinates>-86.237858,39.789393</coordinates></Point>
          <Point><coordinates>-86.237868,39.789398</coordinates></Point>
          <Point><coordinates>-86.237878,39.789402</coordinates></Point>
          <Point><coordinates>-86.237889,39.789407</coordinates></Point>
          <Point><coordinates>-86.237898,39.789411</coordinates></Point>
          <Point><coordinates>-86.237908,39.789416</coordinates></Point>
          <Point><coordinates>-86.237918,39.789422</coordinates></Point>
          <Point><coordinates>-86.237927,39.789427</coordinates></Point>
          <Point><coordinates>-86.237937,39.789432</coordinates></Point>
          <Point><coordinates>-86.237946,39.789437</coordinates></Point>
          <Point><coordinates>-86.237956,39.789442</coordinates></Point>
          <Point><coordinates>-86.237966,39.789447</coordinates></Point>
          <Point><coordinates>-86.237975,39.789452</coordinates></Point>
          <Point><coordinates>-86.237985,39.789457</coordinates></Point>
          <Point><coordinates>-86.237994,39.789463</coordinates></Point>
          <Point><coordinates>-86.238003,39.789469</coordinates></Point>
          <Point><coordinates>-86.238012,39.789474</coordinates></Point>
          <Point><coordinates>-86.238021,39.78948</coordinates></Point>
          <Point><coordinates>-86.23803,39.789486</coordinates></Point>
          <Point><coordinates>-86.238039,39.789491</coordinates></Point>
          <Point><coordinates>-86.238048,39.789497</coordinates></Point>
          <Point><coordinates>-86.238057,39.789503</coordinates></Point>
          <Point><coordinates>-86.238066,39.789508</coordinates></Point>
          <Point><coordinates>-86.238075,39.789514</coordinates></Point>
          <Point><coordinates>-86.238083,39.789521</coordinates></Point>
          <Point><coordinates>-86.238092,39.789527</coordinates></Point>
          <Point><coordinates>-86.2381,39.789533</coordinates></Point>
          <Point><coordinates>-86.238108,39.78954</coordinates></Point>
          <Point><coordinates>-86.238116,39.789546</coordinates></Point>
          <Point><coordinates>-86.238125,39.789553</coordinates></Point>
          <Point><coordinates>-86.238133,39.789559</coordinates></Point>
          <Point><coordinates>-86.238141,39.789565</coordinates></Point>
          <Point><coordinates>-86.23815,39.789572</coordinates></Point>
          <Point><coordinates>-86.238158,39.789578</coordinates></Point>
          <Point><coordinates>-86.238165,39.789585</coordinates></Point>
          <Point><coordinates>-86.238173,39.789592</coordinates></Point>
          <Point><coordinates>-86.23818,39.789599</coordinates></Point>
          <Point><coordinates>-86.238188,39.789605</coordinates></Point>
          <Point><coordinates>-86.238196,39.789612</coordinates></Point>
          <Point><coordinates>-86.238203,39.789619</coordinates></Point>
          <Point><coordinates>-86.238211,39.789626</coordinates></Point>
          <Point><coordinates>-86.238219,39.789633</coordinates></Point>
          <Point><coordinates>-86.238226,39.789639</coordinates></Point>
          <Point><coordinates>-86.238233,39.789647</coordinates></Point>
          <Point><coordinates>-86.23824,39.789654</coordinates></Point>
          <Point><coordinates>-86.238247,39.789661</coordinates></Point>
          <Point><coordinates>-86.238254,39.789669</coordinates></Point>
          <Point><coordinates>-86.23826,39.789676</coordinates></Point>
          <Point><coordinates>-86.238267,39.789683</coordinates></Point>
          <Point><coordinates>-86.238274,39.789691</coordinates></Point>
          <Point><coordinates>-86.238281,39.789698</coordinates></Point>
          <Point><coordinates>-86.238287,39.789705</coordinates></Point>
          <Point><coordinates>-86.238294,39.789713</coordinates></Point>
          <Point><coordinates>-86.2383,39.78972</coordinates></Point>
          <Point><coordinates>-86.238306,39.789728</coordinates></Point>
          <Point><coordinates>-86.238312,39.789736</coordinates></Point>
          <Point><coordinates>-86.238318,39.789743</coordinates></Point>
          <Point><coordinates>-86.238325,39.789751</coordinates></Point>
          <Point><coordinates>-86.238331,39.789759</coordinates></Point>
          <Point><coordinates>-86.238337,39.789766</coordinates></Point>
          <Point><coordinates>-86.238343,39.789774</coordinates></Point>
          <Point><coordinates>-86.238349,39.789782</coordinates></Point>
          <Point><coordinates>-86.238355,39.789789</coordinates></Point>
          <Point><coordinates>-86.23836,39.789797</coordinates></Point>
          <Point><coordinates>-86.238366,39.789805</coordinates></Point>
          <Point><coordinates>-86.238372,39.789813</coordinates></Point>
          <Point><coordinates>-86.238377,39.789821</coordinates></Point>
          <Point><coordinates>-86.238383,39.789829</coordinates></Point>
          <Point><coordinates>-86.238388,39.789837</coordinates></Point>
          <Point><coordinates>-86.238394,39.789845</coordinates></Point>
          <Point><coordinates>-86.238399,39.789853</coordinates></Point>
          <Point><coordinates>-86.238405,39.78986</coordinates></Point>
          <Point><coordinates>-86.23841,39.789868</coordinates></Point>
          <Point><coordinates>-86.238415,39.789877</coordinates></Point>
          <Point><coordinates>-86.23842,39.789885</coordinates></Point>
          <Point><coordinates>-86.238425,39.789893</coordinates></Point>
          <Point><coordinates>-86.23843,39.789901</coordinates></Point>
          <Point><coordinates>-86.238435,39.789909</coordinates></Point>
          <Point><coordinates>-86.23844,39.789917</coordinates></Point>
          <Point><coordinates>-86.238445,39.789925</coordinates></Point>
          <Point><coordinates>-86.23845,39.789933</coordinates></Point>
          <Point><coordinates>-86.238455,39.789941</coordinates></Point>
          <Point><coordinates>-86.23846,39.789949</coordinates></Point>
          <Point><coordinates>-86.238465,39.789958</coordinates></Point>
          <Point><coordinates>-86.238469,39.789966</coordinates></Point>
          <Point><coordinates>-86.238474,39.789974</coordinates></Point>
          <Point><coordinates>-86.238478,39.789983</coordinates></Point>
          <Point><coordinates>-86.238483,39.789991</coordinates></Point>
          <Point><coordinates>-86.238488,39.789999</coordinates></Point>
          <Point><coordinates>-86.238492,39.790007</coordinates></Point>
          <Point><coordinates>-86.238497,39.790016</coordinates></Point>
          <Point><coordinates>-86.238501,39.790024</coordinates></Point>
          <Point><coordinates>-86.238506,39.790032</coordinates></Point>
          <Point><coordinates>-86.23851,39.790041</coordinates></Point>
          <Point><coordinates>-86.238514,39.790049</coordinates></Point>
          <Point><coordinates>-86.238518,39.790057</coordinates></Point>
          <Point><coordinates>-86.238523,39.790066</coordinates></Point>
          <Point><coordinates>-86.238527,39.790074</coordinates></Point>
          <Point><coordinates>-86.238531,39.790082</coordinates></Point>
          <Point><coordinates>-86.238535,39.790091</coordinates></Point>
          <Point><coordinates>-86.238539,39.790099</coordinates></Point>
          <Point><coordinates>-86.238543,39.790108</coordinates></Point>
          <Point><coordinates>-86.238547,39.790116</coordinates></Point>
          <Point><coordinates>-86.238551,39.790125</coordinates></Point>
          <Point><coordinates>-86.238554,39.790133</coordinates></Point>
          <Point><coordinates>-86.238558,39.790142</coordinates></Point>
          <Point><coordinates>-86.238562,39.79015</coordinates></Point>
          <Point><coordinates>-86.238566,39.790159</coordinates></Point>
          <Point><coordinates>-86.238569,39.790167</coordinates></Point>
          <Point><coordinates>-86.238573,39.790176</coordinates></Point>
          <Point><coordinates>-86.238577,39.790184</coordinates></Point>
          <Point><coordinates>-86.23858,39.790193</coordinates></Point>
          <Point><coordinates>-86.238583,39.790202</coordinates></Point>
          <Point><coordinates>-86.238586,39.79021</coordinates></Point>
          <Point><coordinates>-86.238589,39.790219</coordinates></Point>
          <Point><coordinates>-86.238593,39.790227</coordinates></Point>
          <Point><coordinates>-86.238596,39.790236</coordinates></Point>
          <Point><coordinates>-86.238599,39.790245</coordinates></Point>
          <Point><coordinates>-86.238602,39.790253</coordinates></Point>
          <Point><coordinates>-86.238605,39.790262</coordinates></Point>
          <Point><coordinates>-86.238608,39.790271</coordinates></Point>
          <Point><coordinates>-86.238611,39.79028</coordinates></Point>
          <Point><coordinates>-86.238613,39.790288</coordinates></Point>
          <Point><coordinates>-86.238616,39.790297</coordinates></Point>
          <Point><coordinates>-86.238618,39.790306</coordinates></Point>
          <Point><coordinates>-86.238621,39.790315</coordinates></Point>
          <Point><coordinates>-86.238623,39.790324</coordinates></Point>
          <Point><coordinates>-86.238626,39.790332</coordinates></Point>
          <Point><coordinates>-86.238628,39.790341</coordinates></Point>
          <Point><coordinates>-86.238631,39.79035</coordinates></Point>
          <Point><coordinates>-86.238633,39.790359</coordinates></Point>
          <Point><coordinates>-86.238634,39.790368</coordinates></Point>
          <Point><coordinates>-86.238636,39.790377</coordinates></Point>
          <Point><coordinates>-86.238638,39.790386</coordinates></Point>
          <Point><coordinates>-86.23864,39.790394</coordinates></Point>
          <Point><coordinates>-86.238642,39.790403</coordinates></Point>
          <Point><coordinates>-86.238643,39.790412</coordinates></Point>
          <Point><coordinates>-86.238645,39.790421</coordinates></Point>
          <Point><coordinates>-86.238647,39.79043</coordinates></Point>
          <Point><coordinates>-86.238648,39.790439</coordinates></Point>
          <Point><coordinates>-86.23865,39.790448</coordinates></Point>
          <Point><coordinates>-86.238651,39.790457</coordinates></Point>
          <Point><coordinates>-86.238652,39.790466</coordinates></Point>
          <Point><coordinates>-86.238653,39.790475</coordinates></Point>
          <Point><coordinates>-86.238654,39.790484</coordinates></Point>
          <Point><coordinates>-86.238655,39.790493</coordinates></Point>
          <Point><coordinates>-86.238657,39.790502</coordinates></Point>
          <Point><coordinates>-86.238658,39.790511</coordinates></Point>
          <Point><coordinates>-86.238659,39.79052</coordinates></Point>
          <Point><coordinates>-86.238659,39.790529</coordinates></Point>
          <Point><coordinates>-86.23866,39.790538</coordinates></Point>
          <Point><coordinates>-86.23866,39.790547</coordinates></Point>
          <Point><coordinates>-86.238661,39.790556</coordinates></Point>
          <Point><coordinates>-86.238661,39.790565</coordinates></Point>
          <Point><coordinates>-86.238662,39.790574</coordinates></Point>
          <Point><coordinates>-86.238662,39.790583</coordinates></Point>
          <Point><coordinates>-86.238663,39.790592</coordinates></Point>
          <Point><coordinates>-86.238663,39.790601</coordinates></Point>
          <Point><coordinates>-86.238664,39.79061</coordinates></Point>
          <Point><coordinates>-86.238664,39.790619</coordinates></Point>
          <Point><coordinates>-86.238665,39.790628</coordinates></Point>
          <Point><coordinates>-86.238665,39.790636</coordinates></Point>
          <Point><coordinates>-86.238665,39.790645</coordinates></Point>
          <Point><coordinates>-86.238666,39.790654</coordinates></Point>
          <Point><coordinates>-86.238666,39.790663</coordinates></Point>
          <Point><coordinates>-86.238666,39.790672</coordinates></Point>
          <Point><coordinates>-86.238666,39.790681</coordinates></Point>
          <Point><coordinates>-86.238667,39.79069</coordinates></Point>
          <Point><coordinates>-86.238667,39.790699</coordinates></Point>
          <Point><coordinates>-86.238667,39.790708</coordinates></Point>
          <Point><coordinates>-86.238667,39.790717</coordinates></Point>
          <Point><coordinates>-86.238668,39.790726</coordinates></Point>
          <Point><coordinates>-86.238668,39.790735</coordinates></Point>
          <Point><coordinates>-86.238668,39.790744</coordinates></Point>
          <Point><coordinates>-86.238668,39.790753</coordinates></Point>
          <Point><coordinates>-86.238668,39.790762</coordinates></Point>
          <Point><coordinates>-86.238669,39.790771</coordinates></Point>
          <Point><coordinates>-86.238669,39.79078</coordinates></Point>
          <Point><coordinates>-86.238669,39.790789</coordinates></Point>
          <Point><coordinates>-86.238669,39.790798</coordinates></Point>
          <Point><coordinates>-86.238669,39.790807</coordinates></Point>
          <Point><coordinates>-86.23867,39.790816</coordinates></Point>
          <Point><coordinates>-86.23867,39.790825</coordinates></Point>
          <Point><coordinates>-86.23867,39.790834</coordinates></Point>
          <Point><coordinates>-86.23867,39.790843</coordinates></Point>
          <Point><coordinates>-86.238671,39.790852</coordinates></Point>
          <Point><coordinates>-86.238671,39.790861</coordinates></Point>
          <Point><coordinates>-86.238671,39.79087</coordinates></Point>
          <Point><coordinates>-86.238671,39.790879</coordinates></Point>
          <Point><coordinates>-86.238671,39.790888</coordinates></Point>
          <Point><coordinates>-86.238672,39.790897</coordinates></Point>
          <Point><coordinates>-86.238672,39.790906</coordinates></Point>
          <Point><coordinates>-86.238672,39.790915</coordinates></Point>
          <Point><coordinates>-86.238672,39.790924</coordinates></Point>
          <Point><coordinates>-86.238672,39.790933</coordinates></Point>
          <Point><coordinates>-86.238673,39.790942</coordinates></Point>
          <Point><coordinates>-86.238673,39.790951</coordinates></Point>
          <Point><coordinates>-86.238673,39.79096</coordinates></Point>
          <Point><coordinates>-86.238673,39.790969</coordinates></Point>
          <Point><coordinates>-86.238673,39.790978</coordinates></Point>
          <Point><coordinates>-86.238673,39.790987</coordinates></Point>
          <Point><coordinates>-86.238673,39.790996</coordinates></Point>
          <Point><coordinates>-86.238673,39.791005</coordinates></Point>
          <Point><coordinates>-86.238674,39.791014</coordinates></Point>
          <Point><coordinates>-86.238674,39.791023</coordinates></Point>
          <Point><coordinates>-86.238674,39.791032</coordinates></Point>
          <Point><coordinates>-86.238674,39.791041</coordinates></Point>
          <Point><coordinates>-86.238674,39.79105</coordinates></Point>
          <Point><coordinates>-86.238674,39.791059</coordinates></Point>
          <Point><coordinates>-86.238675,39.791068</coordinates></Point>
          <Point><coordinates>-86.238675,39.791077</coordinates></Point>
          <Point><coordinates>-86.238675,39.791086</coordinates></Point>
          <Point><coordinates>-86.238675,39.791095</coordinates></Point>
          <Point><coordinates>-86.238675,39.791104</coordinates></Point>
          <Point><coordinates>-86.238676,39.791113</coordinates></Point>
          <Point><coordinates>-86.238676,39.791122</coordinates></Point>
          <Point><coordinates>-86.238676,39.791131</coordinates></Point>
          <Point><coordinates>-86.238677,39.79114</coordinates></Point>
          <Point><coordinates>-86.238677,39.791149</coordinates></Point>
          <Point><coordinates>-86.238677,39.791158</coordinates></Point>
          <Point><coordinates>-86.238678,39.791166</coordinates></Point>
          <Point><coordinates>-86.238678,39.791175</coordinates></Point>
          <Point><coordinates>-86.238678,39.791184</coordinates></Point>
          <Point><coordinates>-86.238678,39.791193</coordinates></Point>
          <Point><coordinates>-86.238679,39.791202</coordinates></Point>
          <Point><coordinates>-86.238679,39.791211</coordinates></Point>
          <Point><coordinates>-86.238679,39.79122</coordinates></Point>
          <Point><coordinates>-86.238679,39.791229</coordinates></Point>
          <Point><coordinates>-86.23868,39.791238</coordinates></Point>
          <Point><coordinates>-86.23868,39.791247</coordinates></Point>
          <Point><coordinates>-86.23868,39.791256</coordinates></Point>
          <Point><coordinates>-86.23868,39.791265</coordinates></Point>
          <Point><coordinates>-86.23868,39.791274</coordinates></Point>
          <Point><coordinates>-86.238681,39.791283</coordinates></Point>
          <Point><coordinates>-86.238681,39.791292</coordinates></Point>
          <Point><coordinates>-86.238681,39.791301</coordinates></Point>
          <Point><coordinates>-86.238681,39.79131</coordinates></Point>
          <Point><coordinates>-86.238681,39.791319</coordinates></Point>
          <Point><coordinates>-86.238681,39.791328</coordinates></Point>
          <Point><coordinates>-86.238681,39.791337</coordinates></Point>
          <Point><coordinates>-86.238681,39.791346</coordinates></Point>
          <Point><coordinates>-86.238682,39.791355</coordinates></Point>
          <Point><coordinates>-86.238682,39.791364</coordinates></Point>
          <Point><coordinates>-86.238682,39.791373</coordinates></Point>
          <Point><coordinates>-86.238682,39.791382</coordinates></Point>
          <Point><coordinates>-86.238682,39.791391</coordinates></Point>
          <Point><coordinates>-86.238683,39.7914</coordinates></Point>
          <Point><coordinates>-86.238683,39.791409</coordinates></Point>
          <Point><coordinates>-86.238683,39.791418</coordinates></Point>
          <Point><coordinates>-86.238683,39.791427</coordinates></Point>
          <Point><coordinates>-86.238684,39.791436</coordinates></Point>
          <Point><coordinates>-86.238684,39.791445</coordinates></Point>
          <Point><coordinates>-86.238684,39.791454</coordinates></Point>
          <Point><coordinates>-86.238684,39.791463</coordinates></Point>
          <Point><coordinates>-86.238684,39.791472</coordinates></Point>
          <Point><coordinates>-86.238685,39.791481</coordinates></Point>
          <Point><coordinates>-86.238685,39.79149</coordinates></Point>
          <Point><coordinates>-86.238685,39.791499</coordinates></Point>
          <Point><coordinates>-86.238685,39.791508</coordinates></Point>
          <Point><coordinates>-86.238686,39.791517</coordinates></Point>
          <Point><coordinates>-86.238686,39.791526</coordinates></Point>
          <Point><coordinates>-86.238686,39.791535</coordinates></Point>
          <Point><coordinates>-86.238686,39.791544</coordinates></Point>
          <Point><coordinates>-86.238686,39.791553</coordinates></Point>
          <Point><coordinates>-86.238686,39.791562</coordinates></Point>
          <Point><coordinates>-86.238686,39.791571</coordinates></Point>
          <Point><coordinates>-86.238686,39.79158</coordinates></Point>
          <Point><coordinates>-86.238686,39.791589</coordinates></Point>
          <Point><coordinates>-86.238686,39.791598</coordinates></Point>
          <Point><coordinates>-86.238686,39.791607</coordinates></Point>
          <Point><coordinates>-86.238686,39.791616</coordinates></Point>
          <Point><coordinates>-86.238686,39.791625</coordinates></Point>
          <Point><coordinates>-86.238686,39.791634</coordinates></Point>
          <Point><coordinates>-86.238687,39.791643</coordinates></Point>
          <Point><coordinates>-86.238687,39.791652</coordinates></Point>
          <Point><coordinates>-86.238687,39.791661</coordinates></Point>
          <Point><coordinates>-86.238687,39.79167</coordinates></Point>
          <Point><coordinates>-86.238687,39.791679</coordinates></Point>
          <Point><coordinates>-86.238687,39.791688</coordinates></Point>
          <Point><coordinates>-86.238687,39.791697</coordinates></Point>
          <Point><coordinates>-86.238688,39.791705</coordinates></Point>
          <Point><coordinates>-86.238688,39.791714</coordinates></Point>
          <Point><coordinates>-86.238688,39.791723</coordinates></Point>
          <Point><coordinates>-86.238688,39.791732</coordinates></Point>
          <Point><coordinates>-86.238688,39.791741</coordinates></Point>
          <Point><coordinates>-86.238688,39.79175</coordinates></Point>
          <Point><coordinates>-86.238689,39.791759</coordinates></Point>
          <Point><coordinates>-86.238689,39.791768</coordinates></Point>
          <Point><coordinates>-86.238689,39.791777</coordinates></Point>
          <Point><coordinates>-86.238689,39.791786</coordinates></Point>
          <Point><coordinates>-86.238689,39.791795</coordinates></Point>
          <Point><coordinates>-86.238689,39.791804</coordinates></Point>
          <Point><coordinates>-86.238689,39.791813</coordinates></Point>
          <Point><coordinates>-86.238689,39.791822</coordinates></Point>
          <Point><coordinates>-86.238689,39.791831</coordinates></Point>
          <Point><coordinates>-86.238689,39.79184</coordinates></Point>
          <Point><coordinates>-86.23869,39.791849</coordinates></Point>
          <Point><coordinates>-86.23869,39.791858</coordinates></Point>
          <Point><coordinates>-86.238691,39.791867</coordinates></Point>
          <Point><coordinates>-86.238691,39.791876</coordinates></Point>
          <Point><coordinates>-86.238691,39.791885</coordinates></Point>
          <Point><coordinates>-86.238691,39.791894</coordinates></Point>
          <Point><coordinates>-86.238691,39.791903</coordinates></Point>
          <Point><coordinates>-86.238692,39.791912</coordinates></Point>
          <Point><coordinates>-86.238692,39.791921</coordinates></Point>
          <Point><coordinates>-86.238692,39.79193</coordinates></Point>
          <Point><coordinates>-86.238692,39.791939</coordinates></Point>
          <Point><coordinates>-86.238692,39.791948</coordinates></Point>
          <Point><coordinates>-86.238692,39.791957</coordinates></Point>
          <Point><coordinates>-86.238693,39.791966</coordinates></Point>
          <Point><coordinates>-86.238693,39.791975</coordinates></Point>
          <Point><coordinates>-86.238693,39.791984</coordinates></Point>
          <Point><coordinates>-86.238693,39.791993</coordinates></Point>
          <Point><coordinates>-86.238693,39.792002</coordinates></Point>
        </MultiGeometry>
      </Placemark>
    </Folder>
  </Document>
</kml>
