Tick,Throttle,Speed,Current,Voltage
10847,62, 0, 453, 52796
11153,62, 0, 434, 52797
11203,62, 0, 434, 52797
11253,61, 0, 434, 52797
11303,61, 0, 434, 52797
11353,61, 0, 434, 52796
11403,61, 0, 434, 52796
11453,61, 0, 434, 52796
11503,61, 0, 434, 52796
11553,61, 0, 438, 52796
11603,61, 0, 438, 52796
11653,61, 0, 438, 52796
11703,61, 0, 438, 52796
11753,61, 0, 438, 52795
11803,61, 0, 438, 52795
11853,61, 0, 438, 52795
11903,61, 0, 438, 52795
11953,61, 0, 430, 52795
12003,61, 0, 430, 52795
12053,61, 0, 430, 52795
12145,61, 0, 430, 52794
12322,61, 0, 430, 52794
12372,61, 0, 430, 52794
12422,61, 0, 430, 52794
12472,61, 0, 430, 52794
12522,61, 0, 430, 52794
12572,61, 0, 430, 52794
12622,61, 0, 430, 52794
12672,61, 0, 430, 52794
12722,61, 0, 429, 52794
12772,61, 0, 429, 52794
12822,61, 0, 429, 52794
12872,60, 0, 429, 52794
12922,60, 0, 429, 52794
12972,60, 0, 429, 52794
13022,60, 0, 429, 52794
13072,60, 0, 429, 52794
13122,60, 0, 438, 52794
13172,60, 0, 438, 52794
13222,60, 0, 438, 52794
13272,60, 0, 438, 52794
13408,60, 0, 438, 52793
13500,60, 0, 438, 52793
13550,60, 0, 437, 52793
13600,60, 0, 437, 52793
13650,61, 0, 437, 52793
13700,61, 0, 437, 52793
13750,61, 0, 437, 52782
13800,61, 0, 437, 52782
13850,61, 0, 437, 52782
13900,61, 0, 437, 52782
13950,61, 0, 437, 52782
14000,61, 0, 437, 52782
14050,61, 0, 437, 52782
14100,61, 0, 437, 52782
14150,61, 0, 437, 52793
14200,61, 0, 437, 52793
14250,61, 0, 437, 52793
14300,61, 0, 437, 52793
14350,61, 0, 435, 52793
14400,61, 0, 435, 52793
14536,62, 0, 435, 52793
14586,62, 0, 435, 52793
14678,62, 0, 435, 52793
14728,62, 0, 436, 52793
14778,62, 0, 436, 52793
14828,62, 0, 436, 52793
14878,62, 0, 436, 52793
14928,62, 0, 436, 52792
14978,62, 0, 436, 52792
15028,62, 0, 436, 52792
15078,62, 0, 436, 52792
15128,62, 0, 437, 52792
15178,62, 0, 437, 52792
15228,61, 0, 437, 52792
15278,61, 0, 437, 52792
15328,61, 0, 437, 52792
15378,61, 0, 437, 52665
15428,61, 0, 437, 52665
15478,61, 0, 437, 52665
15528,61, 0, 437, 52665
15663,61, 0, 1505, 52665
15713,61, 0, 1505, 52665
15763,61, 0, 1505, 52565
15855,61, 0, 1505, 52565
15905,61, 0, 1505, 52565
15955,61, 0, 1613, 52565
16005,61, 0, 1613, 52565
16055,61, 0, 1613, 52565
16105,61, 0, 1613, 52565
16155,61, 0, 1613, 52569
16205,61, 0, 1613, 52569
16255,61, 0, 1613, 52569
16305,61, 0, 1613, 52569
16355,61, 0, 1574, 52569
16405,61, 0, 1574, 52569
16455,61, 0, 1574, 52569
16505,61, 0, 1574, 52569
16555,61, 0, 1574, 52572
16605,61, 0, 1574, 52572
16655,61, 0, 1574, 52572
16790,61, 0, 1502, 52572
16840,61, 0, 1502, 52572
16890,61, 0, 1502, 52572
16940,61, 0, 1502, 52579
17032,61, 0, 1502, 52579
17082,61, 0, 1502, 52579
17132,61, 0, 1502, 52579
17182,61, 0, 1465, 52579
17232,61, 123, 1465, 52579
17282,61, 123, 1465, 52579
17332,61, 123, 1465, 52579
17382,61, 123, 1465, 52586
17432,61, 123, 1465, 52586
17482,61, 123, 1465, 52586
17532,61, 123, 1465, 52586
17582,61, 123, 1411, 52586
17632,61, 123, 1411, 52586
17682,61, 123, 1411, 52586
17732,61, 123, 1411, 52586
17782,61, 123, 1411, 52589
17918,61, 123, 1411, 52589
17968,61, 123, 1374, 52589
18018,61, 123, 1374, 52589
18111,61, 123, 1374, 52589
18161,61, 123, 1374, 52610
18211,61, 123, 1374, 52610
18261,61, 123, 1374, 52610
18311,61, 123, 1374, 52610
18361,62, 123, 1275, 52610
18411,62, 123, 1275, 52610
18461,62, 0, 1275, 52610
18511,62, 0, 1275, 52610
18561,62, 0, 1275, 52614
18611,62, 0, 1275, 52614
18661,62, 0, 1275, 52614
18711,62, 0, 1275, 52614
18761,62, 0, 1216, 52614
18811,62, 0, 1216, 52614
18861,62, 0, 1216, 52614
18911,62, 0, 1216, 52614
19047,62, 0, 1216, 52616
19097,62, 0, 1216, 52616
19147,62, 0, 1216, 52616
19240,62, 1899, 1209, 52616
19290,62, 1899, 1209, 52616
19340,62, 1899, 1209, 52616
19390,62, 1899, 1209, 52619
19440,62, 1899, 1209, 52619
19490,62, 1899, 1209, 52619
19540,62, 1899, 1209, 52619
19590,62, 1899, 1177, 52619
19640,62, 1899, 1177, 52619
19690,62, 1899, 1177, 52619
19740,62, 1899, 1177, 52619
19790,62, 1899, 1177, 52630
19840,62, 1899, 1177, 52630
19890,62, 1899, 1177, 52630
19940,0, 1899, 1177, 52630
19990,0, 1899, 1122, 52630
20040,0, 1899, 1122, 52630
20177,0, 1899, 1122, 52765
20269,0, 1899, 1122, 52765
20319,0, 1899, 1122, 52765
20369,0, 1899, 444, 52765
20419,0, 1899, 444, 52765
20469,0, 0, 444, 52765
20519,0, 0, 444, 52765
20569,0, 0, 444, 52768
20619,0, 0, 444, 52768
20669,0, 2269, 444, 52768
20719,0, 2269, 444, 52768
20769,0, 2269, 446, 52768
20819,0, 2269, 446, 52768
20869,0, 2269, 446, 52768
20919,0, 2269, 446, 52768
20969,0, 2269, 446, 52768
21019,0, 2269, 446, 52768
21069,0, 2269, 446, 52768
21119,0, 2269, 446, 52768
21169,0, 2269, 442, 52768
21304,0, 2269, 442, 52768
21396,0, 2269, 442, 52769
21446,0, 2269, 442, 52769
21496,0, 2269, 442, 52769
21546,0, 2269, 442, 52769
21596,0, 2269, 439, 52769
21646,0, 2269, 439, 52769
21696,0, 2269, 439, 52769
21746,0, 2269, 439, 52769
21796,0, 2269, 439, 52768
21846,0, 0, 439, 52768
21896,0, 0, 439, 52768
21946,0, 0, 439, 52768
21996,0, 0, 438, 52768
22046,0, 1775, 438, 52768
22096,0, 1775, 438, 52768
22146,0, 1775, 438, 52768
22196,0, 1775, 438, 52767
22246,0, 1775, 438, 52767
22296,0, 1775, 438, 52767
22432,0, 1775, 438, 52767
22482,0, 1775, 438, 52767
22574,0, 1775, 438, 52766
22624,0, 1775, 438, 52766
22674,0, 1775, 438, 52766
22724,0, 1775, 438, 52766
22774,0, 1775, 435, 52766
22824,0, 1775, 435, 52766
22874,0, 1775, 435, 52766
22924,0, 1775, 435, 52766
22974,0, 1775, 435, 52770
23024,0, 1775, 435, 52770
23074,0, 1775, 435, 52770
23124,0, 1775, 435, 52770
23174,0, 1775, 425, 52770
23224,0, 0, 425, 52770
23274,0, 0, 425, 52770
23324,0, 0, 425, 52770
23374,0, 0, 425, 52772
23424,0, 0, 425, 52772
23560,0, 0, 425, 52772
23610,0, 0, 426, 52772
23702,0, 0, 426, 52772
23752,0, 0, 426, 52772
23802,0, 0, 426, 52772
23852,0, 0, 426, 52772
23902,0, 0, 426, 52772
23952,1000, 0, 426, 52772
24002,1000, 0, 431, 52772
24052,1000, 0, 431, 52772
24102,1000, 0, 431, 52772
24152,1000, 0, 431, 52772
24202,1000, 0, 431, 52319
24252,1000, 1343, 431, 52319
24302,1000, 1343, 431, 52319
24352,1000, 1343, 431, 52319
24402,1000, 1343, 2745, 52319
24452,1000, 1343, 2745, 52319
24502,1000, 1343, 2745, 52319
24552,1000, 1343, 2745, 52319
24688,1000, 1343, 2745, 52278
24780,0, 1343, 2932, 52278
24830,0, 1343, 2932, 52278
24880,0, 1343, 2932, 52278
24930,0, 1343, 2932, 52278
24980,0, 1343, 2932, 52750
25030,0, 1343, 2932, 52750
25080,0, 1343, 2932, 52750
25130,0, 1343, 2932, 52750
25180,0, 1343, 469, 52750
25230,0, 1343, 469, 52750
25280,0, 1343, 469, 52750
25330,0, 1343, 469, 52750
25380,0, 1343, 469, 52759
25430,0, 0, 469, 52759
25480,0, 0, 469, 52759
25616,257, 0, 433, 52759
25666,257, 0, 433, 52759
25716,257, 0, 433, 52759
25766,257, 0, 433, 52759
25816,257, 0, 433, 52270
25908,257, 0, 433, 52270
25958,257, 0, 433, 52270
26008,257, 0, 2823, 52270
26058,257, 1667, 2823, 52270
26108,257, 1667, 2823, 52270
26158,257, 1667, 2823, 52270
26208,257, 1667, 2823, 52245
26258,257, 1667, 2823, 52245
26308,257, 1667, 2823, 52245
26358,279, 1667, 2823, 52245
26408,279, 1667, 3092, 52245
26458,279, 1667, 3092, 52245
26508,279, 1667, 3092, 52245
26558,279, 1667, 3092, 52245
26608,279, 1667, 3092, 52203
26744,279, 1667, 3092, 52203
26794,279, 1667, 3282, 52203
26844,279, 1667, 3282, 52203
26936,279, 1667, 3282, 52203
26986,279, 1667, 3282, 52203
27036,279, 1667, 3282, 52167
27086,279, 1667, 3282, 52167
27136,288, 1667, 3282, 52167
27186,288, 1667, 3282, 52167
27236,288, 0, 3450, 52167
27286,288, 0, 3450, 52167
27336,288, 0, 3450, 52167
27386,288, 0, 3450, 52167
27436,288, 2871, 3450, 52135
27486,288, 2871, 3450, 52135
27536,288, 2871, 3450, 52135
27586,288, 2871, 3450, 52135
27636,288, 2871, 3572, 52135
27686,288, 2871, 3572, 52135
27736,288, 2871, 3572, 52135
27872,288, 2871, 3572, 52103
27964,296, 2871, 3572, 52103
28014,296, 2871, 3724, 52103
28064,296, 2871, 3724, 52103
28114,296, 2871, 3724, 52103
28164,296, 2871, 3724, 52103
28214,296, 2871, 3724, 52063
28264,296, 3659, 3724, 52063
28314,296, 3659, 3724, 52063
28364,296, 3659, 3724, 52063
28414,296, 3659, 3883, 52063
28464,296, 3659, 3883, 52063
28514,296, 3659, 3883, 52063
28564,296, 3659, 3883, 52063
28614,296, 3659, 3883, 52023
28664,296, 3659, 3883, 52023
28714,296, 3659, 3883, 52023
28764,295, 3659, 3883, 52023
28814,295, 3659, 4056, 52023
28906,295, 3659, 4056, 52023
29041,295, 4416, 4056, 51992
29091,295, 4416, 4056, 51992
29141,295, 4416, 4056, 51992
29191,295, 4416, 4056, 51992
29241,295, 4416, 4198, 51992
29291,295, 4416, 4198, 51992
29341,295, 4416, 4198, 51992
29391,295, 4416, 4198, 51992
29441,295, 4416, 4198, 51951
29491,295, 4416, 4198, 51951
29541,294, 4416, 4198, 51951
29591,294, 4416, 4198, 51951
29641,294, 5002, 4368, 51951
29691,294, 5002, 4368, 51951
29741,294, 5002, 4368, 51951
29791,294, 5002, 4368, 51951
29841,294, 5002, 4368, 51913
29933,294, 5002, 4368, 51913
29983,294, 5002, 4368, 51913
30033,294, 5002, 4549, 51913
30168,294, 5002, 4549, 51913
30218,294, 5002, 4549, 51871
30268,294, 5697, 4549, 51871
30318,294, 5697, 4549, 51871
30368,373, 5697, 4549, 51871
30418,373, 5697, 4740, 51871
30468,373, 5697, 4740, 51871
30518,373, 5697, 4740, 51871
30568,373, 5697, 4740, 51871
30618,373, 5697, 4740, 51820
30668,373, 6099, 4740, 51820
30718,373, 6099, 4740, 51820
30768,373, 6099, 4740, 51820
30818,373, 6099, 4950, 51820
30910,373, 6099, 4950, 51820
30960,373, 6099, 4950, 51820
31010,373, 6099, 4950, 51771
31060,373, 6670, 4950, 51771
31110,373, 6670, 4950, 51771
31160,501, 6670, 4950, 51771
31296,501, 6670, 5161, 51771
31346,501, 6670, 5161, 51771
31396,501, 6670, 5161, 51771
31446,501, 6670, 5161, 51724
31496,501, 6670, 5161, 51724
31546,501, 6670, 5161, 51724
31596,501, 6670, 5161, 51724
31646,501, 7179, 5408, 51724
31696,501, 7179, 5408, 51724
31746,501, 7179, 5408, 51724
31796,501, 7179, 5408, 51724
31846,501, 7179, 5408, 51671
31938,568, 7179, 5408, 51671
31988,568, 7179, 5408, 51671
32038,568, 7720, 5636, 51671
32088,568, 7720, 5636, 51671
32138,568, 7720, 5636, 51671
32188,568, 7720, 5636, 51671
32238,568, 8121, 5636, 51618
32288,568, 8121, 5636, 51618
32423,568, 8121, 5890, 51618
32473,568, 8121, 5890, 51618
32523,568, 8121, 5890, 51618
32573,568, 8121, 5890, 51618
32623,568, 8121, 5890, 51564
32673,568, 8816, 5890, 51564
32723,574, 8816, 5890, 51564
32773,574, 8816, 5890, 51564
32823,574, 8816, 6096, 51564
32873,574, 8816, 6096, 51564
32965,574, 8816, 6096, 51564
33015,574, 8816, 6096, 51564
33065,574, 9357, 6096, 51516
33115,574, 9357, 6096, 51516
33165,574, 9357, 6096, 51516
33215,574, 9357, 6096, 51516
33265,574, 9897, 6286, 51516
33315,574, 9897, 6286, 51516
33365,574, 9897, 6286, 51516
33415,574, 9897, 6286, 51516
33551,583, 9897, 6286, 51477
33601,583, 9897, 6286, 51477
33651,583, 10283, 6467, 51477
33701,583, 10283, 6467, 51477
33751,583, 10283, 6467, 51477
33801,583, 10283, 6467, 51477
33851,583, 11101, 6467, 51434
33943,583, 11101, 6467, 51434
33993,583, 11101, 6467, 51434
34043,583, 11101, 6638, 51434
34093,583, 11101, 6638, 51434
34143,583, 11101, 6638, 51434
34193,583, 11101, 6638, 51434
34243,583, 11256, 6638, 51380
34293,583, 11256, 6638, 51380
34343,584, 11256, 6638, 51380
34393,584, 11256, 6638, 51380
34443,584, 11873, 6868, 51380
34493,584, 11873, 6868, 51380
34543,584, 11873, 6868, 51380
34679,584, 11781, 6868, 51299
34729,584, 11781, 6868, 51299
34779,584, 11781, 6868, 51299
34829,584, 11781, 7293, 51299
34922,584, 11781, 7293, 51299
34972,584, 11781, 7293, 51299
35022,584, 11781, 7293, 51299
35072,584, 12151, 7293, 51077
35122,584, 12151, 7293, 51077
35172,583, 12151, 7293, 51077
35222,583, 12151, 7293, 51077
35272,583, 12244, 8390, 51077
35322,583, 12244, 8390, 51077
35372,583, 12244, 8390, 51077
35422,583, 12244, 8390, 51077
35472,583, 12553, 8390, 51208
35522,583, 12553, 8390, 51208
35572,583, 12553, 8390, 51208
35622,583, 12553, 8390, 51208
35672,583, 12645, 7682, 51208
35808,583, 12645, 7682, 51208
35901,583, 12753, 7682, 51149
35951,583, 12753, 7682, 51149
36001,583, 12753, 7682, 51149
36051,583, 12753, 7845, 51149
36101,583, 12753, 7845, 51149
36151,583, 12753, 7845, 51149
36201,583, 12753, 7845, 51149
36251,583, 12645, 7845, 51118
36301,583, 12645, 7845, 51118
36351,583, 12645, 7845, 51118
36401,583, 12645, 7845, 51118
36451,583, 13078, 7984, 51118
36501,583, 13078, 7984, 51118
36551,583, 13078, 7984, 51118
36601,583, 13078, 7984, 51118
36651,583, 13309, 7984, 51074
36701,583, 13309, 7984, 51074
36793,583, 13309, 7984, 51074
36843,583, 13649, 8190, 51074
36978,583, 13649, 8190, 51074
37028,583, 13649, 8190, 51074
37078,583, 13649, 8190, 51036
37128,583, 13649, 8190, 51036
37178,583, 13649, 8190, 51036
37228,583, 14035, 8190, 51036
37278,583, 14035, 8305, 51036
37328,583, 14035, 8305, 51036
37378,583, 14035, 8305, 51036
37428,583, 14035, 8305, 51036
37478,583, 14035, 8305, 51006
37528,584, 14035, 8305, 51006
37578,584, 14035, 8305, 51006
37628,584, 14421, 8305, 51006
37678,584, 14421, 8435, 51006
37770,584, 14421, 8435, 51006
37820,584, 14421, 8435, 51006
37870,584, 14421, 8435, 50964
37920,584, 14421, 8435, 50964
37970,584, 14421, 8435, 50964
38107,584, 14560, 8518, 50964
38157,584, 14560, 8518, 50964
38207,584, 14560, 8518, 50964
38257,584, 15131, 8518, 50954
38307,584, 15131, 8518, 50954
38357,584, 15131, 8518, 50954
38407,584, 15131, 8518, 50954
38457,584, 15286, 8527, 50954
38507,584, 15286, 8527, 50954
38557,584, 15286, 8527, 50954
38607,584, 15286, 8527, 50954
38657,584, 15440, 8527, 50935
38749,584, 15440, 8527, 50935
38799,584, 15440, 8527, 50935
38849,584, 15903, 8578, 50935
38899,584, 15903, 8578, 50935
38949,584, 15903, 8578, 50935
38999,584, 15903, 8578, 50935
39049,584, 15749, 8578, 50932
39099,584, 15749, 8578, 50932
39235,584, 16243, 8578, 50932
39285,584, 16243, 8593, 50932
39335,584, 16243, 8593, 50932
39385,584, 16243, 8593, 50932
39435,584, 16073, 8593, 50932
39485,584, 16073, 8593, 50917
39535,584, 16073, 8593, 50917
39585,584, 16073, 8593, 50917
39635,584, 16413, 8593, 50917
39727,584, 16413, 8632, 50917
39777,584, 16413, 8632, 50917
39827,584, 16413, 8632, 50917
39877,584, 16413, 8632, 50903
39927,584, 16413, 8632, 50903
39977,584, 16413, 8632, 50903
40027,584, 16768, 8632, 50903
40162,584, 16768, 8726, 50903
40212,584, 16768, 8726, 50903
40262,584, 16768, 8726, 50879
40312,584, 16768, 8726, 50879
40362,584, 16768, 8726, 50879
40412,584, 16768, 8726, 50879
40462,584, 17154, 8715, 50879
40512,584, 17154, 8715, 50879
40562,584, 17154, 8715, 50879
40612,584, 17154, 8715, 50879
40704,584, 16953, 8715, 50864
40754,584, 16953, 8715, 50864
40804,584, 16953, 8715, 50864
40854,584, 17339, 8715, 50864
40904,584, 17339, 8784, 50864
40954,584, 17339, 8784, 50864
41004,584, 17339, 8784, 50864
41054,584, 17741, 8784, 50864
41104,584, 17741, 8784, 50841
41154,584, 17741, 8784, 50841
41290,584, 17741, 8867, 50841
41340,584, 17741, 8867, 50841
41390,584, 17741, 8867, 50841
41440,584, 17941, 8867, 50841
41490,584, 17941, 8867, 50811
41540,584, 17941, 8867, 50811
41590,584, 17941, 8867, 50811
41640,584, 17741, 8867, 50811
41732,584, 17741, 8953, 50811
41782,584, 17741, 8953, 50811
41832,584, 18158, 8953, 50811
41882,584, 18158, 8953, 50815
41932,584, 18158, 8953, 50815
41982,584, 18158, 8953, 50815
42032,584, 18158, 8953, 50815
42082,584, 18158, 9006, 50815
42132,584, 18158, 9006, 50815
42182,584, 18158, 9006, 50815
42232,584, 18158, 9006, 50815
42282,584, 18158, 9006, 50772
42418,584, 18158, 9006, 50772
42468,584, 18374, 9096, 50772
42518,584, 18374, 9096, 50772
42568,584, 18374, 9096, 50772
42618,584, 18374, 9096, 50772
42710,584, 18374, 9096, 50739
42760,584, 18374, 9096, 50739
42810,584, 18374, 9096, 50739
42860,584, 18374, 9096, 50739
42910,584, 18374, 9366, 50739
42960,584, 18374, 9366, 50739
43010,584, 18374, 9366, 50739
43060,584, 18374, 9366, 50739
43110,584, 18374, 9366, 50667
43160,584, 18374, 9366, 50667
43210,584, 18374, 9366, 50667
43260,584, 18158, 9366, 50667
43310,584, 18158, 9635, 50667
43360,584, 18158, 9635, 50667
43410,584, 18158, 9635, 50667
43546,584, 18822, 9635, 50628
43596,584, 18822, 9635, 50628
43688,584, 18590, 9820, 50628
43738,584, 18590, 9820, 50628
43788,584, 18590, 9820, 50628
43838,584, 18822, 9820, 50628
43888,584, 18822, 9820, 50575
43938,1000, 18822, 9820, 50575
43988,1000, 18822, 9820, 50575
44038,1000, 18822, 9820, 50575
44088,1000, 18822, 10029, 50575
44138,1000, 18822, 10029, 50575
44188,1000, 18822, 10029, 50575
44238,1000, 19053, 10029, 50575
44288,1000, 19053, 10029, 50523
44338,1000, 19053, 10029, 50523
44388,1000, 19053, 10029, 50523
44438,1000, 19300, 10029, 50523
44572,1000, 19300, 10261, 50523
44622,1000, 19300, 10261, 50523
44927,1000, 19300, 10448, 50483
44977,1000, 19300, 10448, 50483
45027,1000, 19532, 10448, 50483
45077,1000, 19532, 10448, 50483
45127,1000, 19532, 10448, 50431
45177,1000, 19532, 10448, 50431
45227,1000, 19300, 10448, 50431
45277,1000, 19300, 10448, 50431
45327,1000, 19300, 10650, 50431
45377,1000, 19300, 10650, 50431
45427,1000, 19794, 10650, 50431
45477,1000, 19794, 10650, 50431
45527,1000, 19794, 10650, 50420
45577,1000, 19794, 10650, 50420
45669,1000, 19794, 10650, 50420
45719,1000, 19794, 10693, 50420
45769,1000, 19794, 10693, 50420
45819,1000, 19794, 10693, 50420
45869,1000, 19794, 10693, 50420
45919,1000, 19794, 10693, 50389
46096,1000, 20041, 10820, 50389
46146,1000, 20041, 10820, 50389
46196,1000, 20041, 10820, 50389
46246,1000, 20304, 10820, 50389
46296,1000, 20304, 10820, 50377
46346,1000, 20304, 10820, 50377
46396,1000, 20304, 10820, 50377
46446,1000, 20041, 10820, 50377
46496,1000, 20041, 10865, 50377
46546,1000, 20041, 10865, 50377
46638,1000, 20304, 10865, 50377
46688,1000, 20304, 10865, 50334
46738,1000, 20304, 10865, 50334
46788,1000, 20304, 10865, 50334
46838,1000, 20304, 10865, 50334
46888,1000, 20304, 11014, 50334
46938,1000, 20304, 11014, 50334
46988,1000, 20304, 11014, 50334
47038,1000, 20304, 11014, 50334
47088,1000, 20304, 11014, 50298
47224,1000, 20582, 11014, 50298
47274,1000, 20582, 11014, 50298
47324,1000, 20582, 11167, 50298
47374,1000, 20582, 11167, 50298
47424,1000, 21138, 11167, 50298
47474,1000, 21138, 11167, 50298
47566,1000, 21138, 11167, 50258
47616,1000, 21138, 11167, 50258
47666,1000, 20860, 11167, 50258
47716,1000, 20860, 11284, 50258
47766,1000, 20860, 11284, 50258
47816,1000, 20860, 11284, 50258
47866,1000, 21138, 11284, 50258
47916,1000, 21138, 11284, 50228
47966,1000, 21138, 11284, 50228
48016,1000, 21138, 11284, 50228
48066,1000, 21138, 11284, 50228
48116,1000, 21138, 11423, 50228
48166,1000, 21138, 11423, 50228
48216,1000, 21138, 11423, 50228
48352,1000, 21138, 11423, 50186
48402,1000, 21138, 11423, 50186
48494,1000, 21431, 11423, 50186
48544,1000, 21431, 11564, 50186
48594,1000, 21431, 11564, 50186
48644,1000, 21740, 11564, 50186
48694,1000, 21740, 11564, 50186
48744,665, 21740, 11564, 50154
48794,665, 21740, 11564, 50154
48844,665, 21740, 11564, 50154
48894,665, 21740, 11564, 50154
48944,665, 21740, 11746, 50154
48994,665, 21740, 11746, 50154
49044,665, 22049, 11746, 50154
49094,665, 22049, 11746, 50154
49144,665, 22049, 11746, 50096
49194,665, 22049, 11746, 50096
49244,665, 22373, 11746, 50096
49336,665, 22373, 11840, 50096
49386,665, 22373, 11840, 50096
49521,665, 22697, 11840, 50061
49571,528, 22697, 11840, 50061
49621,528, 22697, 11840, 50061
49671,528, 22373, 11840, 50061
49721,528, 22373, 12095, 50061
49771,528, 22373, 12095, 50061
49821,528, 22373, 12095, 50061
49871,528, 22697, 12095, 50061
49921,528, 22697, 12095, 50021
49971,528, 22697, 12095, 50021
50021,528, 22697, 12095, 50021
50071,528, 23392, 12095, 50021
50121,528, 23392, 12282, 50021
50171,528, 23392, 12282, 50021
50221,528, 23392, 12282, 50021
50314,528, 23392, 12282, 49980
50364,393, 23392, 12282, 49980
50414,393, 23392, 12282, 49980
50464,393, 23037, 12282, 49980
50514,393, 23037, 8630, 49980
50649,393, 23392, 8630, 49980
50699,393, 23392, 8630, 49980
50749,393, 23392, 8630, 51993
50799,393, 23392, 8630, 51993
50849,393, 23392, 8630, 51993
50899,393, 23392, 8630, 51993
50949,393, 23392, 1704, 51993
50999,393, 23392, 1704, 51993
51049,393, 23392, 1704, 51993
51099,393, 23392, 1704, 51993
51149,347, 23392, 1704, 52044
51199,347, 23392, 1704, 52044
51291,347, 23392, 1704, 52044
51341,347, 23392, 1438, 52044
51391,347, 23392, 1438, 52044
51441,347, 23037, 1438, 52044
51491,347, 23037, 1438, 52044
51541,347, 23037, 1438, 52106
51591,347, 23037, 1438, 52106
51641,347, 23747, 1438, 52106
51776,347, 23747, 1375, 52106
51826,347, 23392, 1375, 52106
51876,347, 23392, 1375, 52106
51926,601, 23392, 1375, 52134
51976,601, 23392, 1375, 52134
52026,601, 23037, 1375, 52134
52076,601, 23037, 1375, 52134
52126,601, 23037, 1329, 52134
52176,601, 23037, 1329, 52134
52268,601, 23037, 1329, 52134
52318,601, 23037, 1329, 50072
52368,601, 23037, 1329, 50072
52418,601, 23037, 1329, 50072
52468,601, 23037, 1329, 50072
52518,601, 23037, 12289, 50072
52568,601, 23037, 12289, 50072
52618,601, 23037, 12289, 50072
52668,601, 23747, 12289, 50072
52718,601, 23747, 12289, 50046
52768,627, 23747, 12289, 50046
52903,627, 23747, 12289, 50046
52953,627, 23747, 12338, 50046
53003,627, 23747, 12338, 50046
53053,627, 23747, 12338, 50046
53103,627, 23747, 12338, 50046
53153,627, 23747, 12338, 50052
53245,627, 24504, 12338, 50052
53295,627, 24504, 12338, 50052
53345,627, 24504, 12237, 50052
53395,627, 24504, 12237, 50052
53445,627, 24504, 12237, 50052
53495,627, 24504, 12237, 50052
53545,627, 24504, 12237, 50035
53595,627, 24504, 12237, 50035
53645,627, 24504, 12237, 50035
53695,627, 24504, 12237, 50035
53745,627, 24504, 12200, 50035
53795,627, 24504, 12200, 50035
53845,627, 24504, 12200, 50035
53895,627, 24504, 12200, 50035
54031,627, 24504, 12200, 50050
54081,627, 24504, 12200, 50050
54173,627, 24504, 12179, 50050
54223,627, 24504, 12179, 50050
54273,627, 24504, 12179, 50050
54323,627, 24504, 12179, 50050
54373,627, 24504, 12179, 50068
54423,627, 24504, 12179, 50068
54473,627, 0, 12179, 50068
54523,627, 0, 12179, 50068
54573,627, 0, 11814, 50068
54623,627, 0, 11814, 50068
54673,627, 24118, 11814, 50068
54723,627, 24118, 11814, 50068
54773,627, 24118, 11814, 50082
54823,627, 24118, 11814, 50082
54960,627, 23747, 11636, 50082
55010,627, 23747, 11636, 50082
55060,627, 23392, 11636, 50082
55152,627, 23392, 11636, 50148
55202,627, 23392, 11636, 50148
55252,627, 23392, 11636, 50148
55302,627, 23392, 11636, 50148
55352,627, 23392, 11251, 50148
55402,627, 23392, 11251, 50148
55452,627, 23747, 11251, 50148
55502,627, 23747, 11251, 50148
55552,627, 23747, 11251, 50178
55602,627, 23747, 11251, 50178
55652,627, 23037, 11251, 50178
55702,627, 23037, 11251, 50178
55752,627, 23037, 11136, 50178
55802,627, 23037, 11136, 50178
55852,627, 23037, 11136, 50178
55902,627, 23037, 11136, 50178
55952,628, 23037, 11136, 50172
56130,628, 23037, 11136, 50172
56180,628, 23037, 11227, 50172
56230,628, 23392, 11227, 50172
56280,628, 23392, 11227, 50172
56330,628, 23392, 11227, 50172
56380,628, 23392, 11227, 50188
56430,628, 23392, 11227, 50188
56480,628, 23392, 11227, 50188
56530,628, 23392, 11227, 50188
56580,628, 23392, 11179, 50188
56630,628, 23037, 11179, 50188
56680,628, 23037, 11179, 50188
56730,627, 23037, 11179, 50188
56780,627, 23037, 11179, 50166
56830,627, 22697, 11179, 50166
56880,627, 22697, 11179, 50166
56972,627, 22697, 11335, 50166
57022,627, 22697, 11335, 50166
57072,627, 23747, 11335, 50166
57122,627, 23747, 11335, 50166
57258,627, 23037, 11335, 50118
57308,627, 23037, 11335, 50118
57358,627, 23037, 11451, 50118
57408,627, 23037, 11451, 50118
57458,627, 22697, 11451, 50118
57508,627, 22697, 11451, 50118
57558,629, 22697, 11451, 50076
57608,629, 22697, 11451, 50076
57658,629, 23037, 11451, 50076
57708,629, 23037, 11451, 50076
57758,629, 23037, 11715, 50076
57808,629, 23037, 11715, 50076
57858,629, 23037, 11715, 50076
57951,629, 23037, 11715, 50010
58001,629, 23037, 11715, 50010
58051,629, 23392, 11715, 50010
58101,629, 23392, 11715, 50010
58151,629, 23392, 12035, 50010
58201,629, 23392, 12035, 50010
58251,629, 23037, 12035, 50010
58387,851, 23037, 12035, 49954
58437,851, 23037, 12035, 49954
58487,851, 23037, 12035, 49954
58537,851, 23037, 12035, 49954
58587,851, 23037, 12218, 49954
58637,851, 23392, 12218, 49954
58687,851, 23392, 12218, 49954
58737,851, 23392, 12218, 49954
58787,851, 23392, 12218, 49911
58879,851, 23392, 12218, 49911
58929,851, 23392, 12218, 49911
58979,851, 23392, 12399, 49911
59029,851, 23392, 12399, 49911
59079,851, 23392, 12399, 49911
59129,851, 23392, 12399, 49911
59179,851, 23392, 12399, 49870
59229,851, 23747, 12399, 49870
59279,851, 23747, 12399, 49870
59329,851, 23747, 12399, 49870
59379,851, 23747, 12554, 49870
59514,851, 23747, 12554, 49870
59564,851, 23747, 12554, 49848
59614,851, 23747, 12554, 49848
59664,851, 23392, 12554, 49848
59714,851, 23392, 12554, 49848
59764,851, 23392, 12691, 49848
59856,851, 23747, 12691, 49848
59906,851, 23747, 12691, 49848
59956,851, 23747, 12691, 49788
60006,851, 23747, 12691, 49788
60056,851, 24118, 12691, 49788
60106,851, 24118, 12691, 49788
60156,851, 24118, 12903, 49788
60206,851, 24118, 12903, 49788
60256,851, 23747, 12903, 49788
60306,851, 23747, 12903, 49788
60356,851, 23747, 12903, 49774
60406,851, 23747, 12903, 49774
60456,851, 24504, 12903, 49774
60506,851, 24504, 12903, 49774
60641,851, 24504, 12992, 49774
60691,851, 24504, 12992, 49774
60783,848, 24504, 12992, 49736
60833,848, 24504, 12992, 49736
60883,848, 24504, 12992, 49736
60933,848, 24504, 12992, 49736
60983,848, 24504, 13108, 49736
61033,848, 24890, 13108, 49736
61083,848, 24890, 13108, 49736
61133,848, 24890, 13108, 49736
61183,848, 24890, 13108, 49705
61233,848, 24890, 13108, 49705
61283,848, 24890, 13108, 49705
61333,848, 24890, 13108, 49705
61383,848, 24890, 13203, 49705
61433,848, 25307, 13203, 49705
61483,848, 25307, 13203, 49705
61533,854, 25307, 13203, 49705
61583,854, 25307, 13203, 49683
61675,854, 25724, 13203, 49683
61811,854, 25724, 13302, 49683
61861,854, 25307, 13302, 49683
61911,854, 25307, 13302, 49683
61961,854, 25307, 13302, 49683
62011,854, 25307, 13302, 49652
62061,854, 24890, 13302, 49652
62111,854, 24890, 13302, 49652
62161,854, 24890, 13302, 49652
62211,854, 24890, 13398, 49652
62261,854, 26156, 13398, 49652
62311,854, 26156, 13398, 49652
62361,850, 26156, 13398, 49652
62411,850, 26156, 13398, 49626
62461,850, 26156, 13398, 49626
62511,850, 26156, 13398, 49626
62603,850, 26156, 13597, 49626
62653,850, 26156, 13597, 49626
62703,850, 26156, 13597, 49626
62753,850, 26156, 13597, 49626
62803,850, 26156, 13597, 49576
62938,850, 26619, 13597, 49576
62988,850, 26619, 13748, 49576
63038,850, 26619, 13748, 49576
63088,850, 26619, 13748, 49576
63138,851, 26619, 13748, 49576
63188,851, 26619, 13748, 49527
63238,851, 26619, 13748, 49527
63288,851, 26619, 13748, 49527
63338,851, 26619, 13748, 49527
63388,851, 26619, 13955, 49527
63438,851, 26619, 13955, 49527
63488,851, 26619, 13955, 49527
63580,851, 26619, 13955, 49501
63630,851, 27082, 13955, 49501
63680,851, 27082, 13955, 49501
63730,851, 27082, 13955, 49501
63780,851, 27082, 14121, 49501
63830,851, 27082, 14121, 49501
63880,851, 27082, 14121, 49501
63930,873, 27082, 14121, 49501
64066,873, 27561, 14121, 49458
64116,873, 27561, 14121, 49458
64166,873, 27561, 14121, 49458
64216,873, 27561, 14248, 49458
64266,873, 27082, 14248, 49458
64316,873, 27082, 14248, 49458
64366,873, 27082, 14248, 49458
64416,873, 27082, 14248, 49475
64508,873, 27082, 14248, 49475
64558,873, 27082, 14248, 49475
64608,873, 27082, 14159, 49475
64658,873, 27082, 14159, 49475
64708,873, 27082, 14159, 49475
64758,850, 27082, 14159, 49475
64808,850, 27082, 14159, 49479
64858,850, 26156, 14159, 49479
64908,850, 26156, 14159, 49479
64958,850, 26156, 14159, 49479
65008,850, 26156, 14036, 49479
65058,850, 26619, 14036, 49479
65194,850, 26619, 14036, 49489
65244,850, 26619, 14036, 49489
65294,850, 26619, 14036, 49489
65344,850, 26619, 14036, 49489
65394,850, 26619, 13793, 49489
65487,850, 26619, 13793, 49489
65537,850, 26619, 13793, 49489
65587,850, 26619, 13793, 49598
65637,850, 26156, 13793, 49598
65687,850, 26156, 13793, 49598
65737,850, 26156, 13793, 49598
65787,850, 26156, 13243, 49598
65837,850, 26156, 13243, 49598
65887,850, 26156, 13243, 49598
65937,850, 26156, 13243, 49598
65987,850, 26156, 13243, 49664
66037,850, 25724, 13243, 49664
66087,850, 25724, 13243, 49664
66137,850, 25724, 13243, 49664
66187,850, 25724, 12951, 49664
66323,850, 25307, 12951, 49664
66415,850, 25307, 12951, 49693
66465,850, 24890, 12951, 49693
66515,850, 24890, 12951, 49693
66565,850, 24890, 12951, 49693
66615,850, 24890, 12439, 49693
66665,850, 24504, 12439, 49693
66715,850, 24504, 12439, 49693
66765,850, 24504, 12439, 49693
66815,850, 24504, 12439, 49804
66865,850, 24890, 12439, 49804
66915,850, 24890, 12439, 49804
66965,850, 24890, 12439, 49804
67015,850, 24890, 12055, 49804
67065,850, 24504, 12055, 49804
67115,850, 24504, 12055, 49804
67165,850, 24504, 12055, 49804
67215,850, 24504, 12055, 49863
67307,850, 24504, 12055, 49863
67357,850, 24504, 12055, 49863
67492,850, 24118, 11797, 49863
67542,850, 24118, 11797, 49863
67592,850, 24118, 11797, 49891
67642,850, 24118, 11797, 49891
67692,850, 24118, 11797, 49891
67742,850, 24118, 11797, 49891
67792,850, 24118, 11627, 49891
67842,850, 24118, 11627, 49891
67892,850, 24118, 11627, 49891
67942,850, 24118, 11627, 49891
67992,850, 24118, 11627, 49690
68042,850, 24504, 11627, 49690
68092,850, 24504, 11627, 49690
68142,850, 24504, 11627, 49690
68234,850, 23392, 11587, 49690
68284,850, 23392, 11587, 49690
68334,850, 23392, 11587, 49690
68384,850, 23392, 11587, 49690
68434,850, 24118, 11587, 49916
68484,850, 24118, 11587, 49916
68620,850, 24118, 11458, 49916
68670,850, 23392, 11458, 49916
68720,850, 23392, 11458, 49916
68770,850, 23392, 11458, 49916
68820,850, 23392, 11458, 49931
68870,850, 23747, 11458, 49931
68920,850, 23747, 11458, 49931
68970,850, 23747, 11458, 49931
69020,850, 23747, 11529, 49931
69070,850, 23747, 11529, 49931
69120,850, 23747, 11529, 49931
69212,850, 23747, 11529, 49856
69262,850, 23392, 11529, 49856
69312,850, 23392, 11529, 49856
69362,850, 23392, 11529, 49856
69412,850, 23392, 11820, 49856
69547,850, 23747, 11820, 49856
69597,850, 23747, 11820, 49856
69647,850, 23747, 11820, 49848
69697,850, 23747, 11820, 49848
69747,850, 23747, 11820, 49848
69797,850, 23747, 11820, 49848
69847,850, 23747, 12028, 49848
69897,850, 23747, 12028, 49848
69947,850, 23747, 12028, 49848
69997,850, 23747, 12028, 49848
70047,850, 23747, 12028, 49792
70139,850, 23747, 12028, 49792
70189,850, 23747, 12028, 49792
70239,850, 23392, 12164, 49792
70289,850, 23392, 12164, 49792
70339,938, 23392, 12164, 49792
70389,938, 23392, 12164, 49792
70439,938, 23747, 12164, 49741
70489,938, 23747, 12164, 49741
70539,938, 23747, 12164, 49741
70675,938, 24118, 12431, 49741
70725,938, 24118, 12431, 49741
70775,938, 24118, 12431, 49741
70825,938, 24118, 12431, 49700
70875,938, 24118, 12431, 49700
70925,938, 24118, 12431, 49700
70975,938, 24118, 12431, 49700
71025,938, 24118, 12633, 49700
71117,938, 24118, 12633, 49700
71167,962, 24118, 12633, 49700
71217,962, 24118, 12633, 49663
71267,962, 24118, 12633, 49663
71317,962, 24118, 12633, 49663
71367,962, 24118, 12633, 49663
71417,962, 24118, 12834, 49663
71467,962, 24118, 12834, 49663
71517,962, 24118, 12834, 49663
71567,962, 24118, 12834, 49663
71617,962, 24118, 12834, 49653
71667,962, 24504, 12834, 49653
71803,962, 24504, 12834, 49653
71853,962, 24504, 12946, 49653
71903,962, 24504, 12946, 49653
71953,965, 24504, 12946, 49653
72003,965, 24504, 12946, 49653
72097,965, 24504, 12946, 49609
72147,965, 24504, 12946, 49609
72197,965, 24504, 12946, 49609
72247,965, 24890, 12990, 49609
72297,965, 24890, 12990, 49609
72347,965, 24890, 12990, 49609
72397,965, 24890, 12990, 49609
72447,965, 24504, 12990, 49607
72497,965, 24504, 12990, 49607
72547,965, 24504, 12990, 49607
72597,965, 24504, 12990, 49607
72647,965, 24890, 13121, 49607
72697,965, 24890, 13121, 49607
72747,966, 24890, 13121, 49607
72797,966, 24890, 13121, 49607
72932,966, 25307, 13121, 49559
73025,966, 24890, 13304, 49559
73075,966, 24890, 13304, 49559
73125,966, 24890, 13304, 49559
73175,966, 24890, 13304, 49559
73225,966, 24890, 13304, 49541
73275,966, 24890, 13304, 49541
73325,966, 24890, 13304, 49541
73375,966, 24890, 13304, 49541
73425,966, 25307, 13407, 49541
73475,966, 25307, 13407, 49541
73525,967, 25307, 13407, 49541
73575,967, 25307, 13407, 49541
73625,967, 25724, 13407, 49505
73675,967, 25724, 13407, 49505
73725,967, 25724, 13407, 49505
73775,967, 25724, 13407, 49505
73825,967, 25724, 13555, 49505
73917,967, 25724, 13555, 49505
73967,967, 25724, 13555, 49505
74102,967, 26156, 13555, 49463
74152,967, 26156, 13555, 49463
74202,967, 26156, 13555, 49463
74252,967, 25724, 13681, 49463
74302,967, 25724, 13681, 49463
74352,967, 25724, 13681, 49463
74402,967, 25724, 13681, 49463
74452,967, 26156, 13681, 49418
74502,967, 26156, 13681, 49418
74552,967, 26156, 13681, 49418
74602,967, 26156, 13681, 49418
74652,967, 26156, 14022, 49418
74702,967, 26156, 14022, 49418
74752,967, 26156, 14022, 49418
74886,967, 27082, 14022, 49375
74936,967, 27082, 14022, 49375
74986,967, 27082, 14022, 49375
75036,967, 26619, 14173, 49375
75086,967, 26619, 14173, 49375
75136,967, 26619, 14173, 49375
75442,967, 27561, 14351, 49332
75492,967, 27561, 14351, 49332
75542,967, 27561, 14351, 49332
75592,967, 27561, 14351, 49332
75642,967, 27082, 14351, 49295
75692,967, 27082, 14351, 49295
75742,967, 27082, 14351, 49295
75792,967, 27082, 14351, 49295
75842,967, 27082, 14532, 49295
75892,967, 27082, 14532, 49295
75942,967, 27082, 14532, 49295
76034,967, 28071, 14532, 49255
76084,967, 28071, 14532, 49255
76134,967, 28071, 14532, 49255
76184,967, 28071, 14532, 49255
76234,967, 27561, 14660, 49255
76284,967, 27561, 14660, 49255
76334,967, 27561, 14660, 49255
76384,967, 27561, 14660, 49255
76434,967, 27561, 14660, 49255
76611,967, 27561, 14660, 49233
76661,967, 28071, 14828, 49233
76711,967, 28071, 14828, 49233
76761,967, 28071, 14828, 49233
76811,967, 28071, 14828, 49233
76861,967, 29120, 14828, 49161
76911,967, 29120, 14828, 49161
77003,967, 29120, 14828, 49161
77053,967, 28580, 14917, 49161
77103,967, 28580, 14917, 49161
77153,967, 28580, 14917, 49161
77203,967, 28580, 14917, 49161
77253,967, 28580, 14917, 49232
77303,967, 28580, 14917, 49232
77353,967, 28580, 14917, 49232
77403,967, 28580, 14917, 49232
77453,967, 29692, 14635, 49232
77503,967, 29692, 14635, 49232
77553,967, 29692, 14635, 49232
77603,967, 29692, 14635, 49232
77738,967, 29692, 14635, 49284
77788,967, 29692, 14635, 49284
77838,967, 28580, 14635, 49284
77888,967, 28580, 14339, 49284
77980,967, 28580, 14339, 49284
78030,967, 28580, 14339, 49284
78080,967, 28580, 14339, 49314
78130,967, 28580, 14339, 49314
78180,967, 28580, 14339, 49314
78230,967, 28071, 14339, 49314
78280,967, 28071, 13988, 49314
78330,967, 28071, 13988, 49314
78380,967, 28071, 13988, 49314
78430,967, 28071, 13988, 49314
78480,967, 28071, 13988, 49349
78530,967, 28071, 13988, 49349
78580,967, 28071, 13988, 49349
78630,967, 27561, 13988, 49349
78680,967, 27561, 13908, 49349
78730,967, 27561, 13908, 49349
78908,967, 27561, 13908, 49382
78958,967, 27561, 13908, 49382
79008,967, 27561, 13908, 49382
79058,967, 27561, 13456, 49382
79108,967, 27561, 13456, 49382
79158,813, 27561, 13456, 49382
79208,813, 27561, 13456, 49382
79258,813, 27082, 13456, 49409
79308,813, 27082, 13456, 49409
79358,813, 27082, 13456, 49409
79408,813, 27082, 13456, 49409
79458,813, 27561, 13344, 49409
79508,813, 27561, 13344, 49409
79558,813, 27561, 13344, 49409
79608,813, 27561, 13344, 49409
79658,813, 26619, 13344, 49486
79708,813, 26619, 13344, 49486
79800,813, 26619, 13344, 49486
79850,813, 27082, 13344, 49486
79900,813, 27082, 13134, 49486
80036,813, 27082, 13134, 49486
80086,813, 27082, 13134, 49514
80136,813, 27082, 13134, 49514
80186,813, 27082, 13134, 49514
80236,813, 26619, 13134, 49514
80286,813, 26619, 12679, 49514
80336,813, 26619, 12679, 49514
80386,813, 26619, 12679, 49514
80436,813, 26619, 12679, 49514
80486,813, 26619, 12679, 49575
80536,813, 26619, 12679, 49575
80586,813, 26619, 12679, 49575
80636,813, 26156, 12679, 49575
80729,813, 26156, 12443, 49575
80779,813, 26156, 12443, 49575
80829,813, 25724, 12443, 49575
80879,813, 25724, 12443, 49475
80929,813, 25724, 12443, 49475
80979,813, 25724, 12443, 49475
81029,813, 25724, 12443, 49475
81164,813, 25724, 12474, 49475
81214,813, 25724, 12474, 49475
81264,813, 25724, 12474, 49569
81314,813, 25724, 12474, 49569
81364,813, 25724, 12474, 49569
81414,813, 25724, 12474, 49569
81464,813, 25724, 12655, 49569
81514,813, 25724, 12655, 49569
81564,813, 25724, 12655, 49569
81614,813, 25724, 12655, 49569
81706,813, 25307, 12655, 49554
81756,813, 25307, 12655, 49554
81806,813, 25307, 12655, 49554
81856,813, 25307, 12655, 49554
81906,813, 25307, 12823, 49554
81956,813, 25307, 12823, 49554
82006,813, 25307, 12823, 49554
82056,813, 25307, 12823, 49554
82106,813, 25307, 12823, 49238
82156,813, 25307, 12823, 49238
82291,813, 26156, 13252, 49238
82341,819, 26156, 13252, 49238
82391,819, 26156, 13252, 49238
82441,819, 25307, 13252, 49238
82491,819, 25307, 13252, 49452
82541,819, 25307, 13252, 49452
82633,819, 25724, 13252, 49452
82683,819, 25724, 13348, 49452
82733,819, 25724, 13348, 49452
82783,819, 25724, 13348, 49452
82833,819, 25307, 13348, 49452
82883,819, 25307, 13348, 49403
82933,819, 25307, 13348, 49403
82983,819, 25307, 13348, 49403
83033,819, 25724, 13348, 49403
83083,819, 25724, 13585, 49403
83133,855, 25724, 13585, 49403
83183,855, 25724, 13585, 49403
83233,855, 25724, 13585, 49403
83283,855, 25724, 13585, 49372
83418,855, 25724, 13585, 49372
83468,855, 26156, 13585, 49372
83518,855, 26156, 14000, 49372
83610,855, 26156, 14000, 49372
83660,855, 26156, 14000, 49372
83710,855, 26156, 14000, 49321
83760,855, 26156, 14000, 49321
83810,855, 26156, 14000, 49321
83860,855, 26156, 14000, 49321
83910,855, 26156, 13875, 49321
83960,855, 26156, 13875, 49321
84010,855, 26156, 13875, 49321
84060,855, 26156, 13875, 49321
84110,855, 26156, 13875, 49282
84160,855, 26156, 13875, 49282
84210,855, 26156, 13875, 49282
84346,855, 26619, 14020, 49282
84396,855, 26619, 14020, 49282
84446,855, 26619, 14020, 49282
84538,855, 26619, 14020, 49291
84588,855, 26619, 14020, 49291
84638,855, 26619, 14020, 49291
84688,855, 26619, 14674, 49291
84738,855, 26619, 14674, 49291
84788,855, 26619, 14674, 49291
84838,855, 27082, 14674, 49291
84888,855, 27082, 14674, 49260
84938,855, 27082, 14674, 49260
84988,855, 27082, 14674, 49260
85038,855, 27082, 14674, 49260
85088,855, 27082, 14198, 49260
85138,855, 27082, 14198, 49260
85188,855, 27082, 14198, 49260
85238,855, 27082, 14198, 49260
85288,855, 27082, 14198, 49163
85338,855, 27082, 14198, 49163
85516,855, 27082, 14332, 49163
85566,856, 27082, 14332, 49163
85616,856, 27082, 14332, 49163
85666,856, 27082, 14332, 49163
85716,856, 27082, 14332, 49228
85766,856, 27082, 14332, 49228
85816,856, 27082, 14332, 49228
85866,856, 27082, 14332, 49228
85916,856, 27082, 14920, 49228
85966,856, 27082, 14920, 49228
86016,856, 27082, 14920, 49228
86066,856, 0, 14920, 49228
86116,856, 0, 14920, 49162
86166,856, 0, 14920, 49162
86216,856, 0, 14920, 49162
86266,856, 27561, 14920, 49162
86316,856, 27561, 14578, 49162
86408,855, 27561, 14578, 49162
86458,855, 27561, 14578, 49162
86508,855, 27561, 14578, 49064
86644,855, 28071, 14578, 49064
86694,855, 28071, 14751, 49064
86744,855, 28071, 14751, 49064
86794,855, 28071, 14751, 49064
86844,855, 28580, 14751, 49064
86894,855, 28580, 14751, 49119
86944,855, 28580, 14751, 49119
86994,855, 28580, 14751, 49119
87044,855, 28580, 14751, 49119
87094,855, 28580, 15421, 49119
87144,855, 28580, 15421, 49119
87194,855, 28580, 15421, 49119
87244,855, 28071, 15421, 49119
87336,855, 28071, 15421, 49095
87386,855, 28071, 15421, 49095
87436,855, 28580, 15421, 49095
87486,855, 28580, 15421, 49095
87536,855, 28580, 14885, 49095
87586,855, 28580, 14885, 49095
87636,855, 29120, 14885, 49095
87772,855, 29120, 14885, 49048
87822,855, 29120, 14885, 49048
87872,855, 29692, 14885, 49048
87922,855, 29692, 15093, 49048
87972,856, 29692, 15093, 49048
88022,856, 29692, 15093, 49048
88072,856, 28580, 15093, 49048
88122,856, 28580, 15093, 49066
88172,856, 28580, 15093, 49066
88222,856, 28580, 15093, 49066
88315,856, 28580, 15484, 49066
88365,856, 28580, 15484, 49066
88415,856, 28580, 15484, 49066
88465,856, 28580, 15484, 49066
88515,856, 28580, 15484, 49047
88565,856, 28580, 15484, 49047
88615,856, 28580, 15484, 49047
88665,856, 29692, 15484, 49047
88715,856, 29692, 15099, 49047
88765,855, 29692, 15099, 49047
88902,855, 29120, 15099, 49074
88952,855, 29120, 15099, 49074
89002,855, 29120, 15099, 49074
89052,855, 29692, 15099, 49074
89102,855, 29692, 15653, 49074
89152,855, 29692, 15653, 49074
89244,855, 29692, 15653, 49074
89294,855, 29692, 15653, 49074
89344,855, 29692, 15653, 49040
89394,855, 29692, 15653, 49040
89444,855, 29692, 15653, 49040
89494,855, 29692, 15653, 49040
89544,855, 29692, 14950, 49040
89594,855, 29692, 14950, 49040
89644,855, 29692, 14950, 49040
89694,855, 29692, 14950, 49040
89744,855, 29692, 14950, 49034
89794,855, 29692, 14950, 49034
89844,855, 29120, 14950, 49034
89894,855, 29120, 14950, 49034
90029,855, 29692, 14849, 49034
90079,855, 29692, 14849, 49034
90129,855, 29692, 14849, 49327
90221,855, 29692, 14849, 49327
90271,855, 28580, 14849, 49327
90321,855, 28580, 14358, 49327
90371,855, 28580, 14358, 49327
90421,855, 28580, 14358, 49327
90471,855, 28071, 14358, 49327
90521,855, 28071, 14358, 49509
90571,855, 28071, 14358, 49509
90621,855, 28071, 14358, 49509
90671,855, 28580, 14358, 49509
90721,855, 28580, 13872, 49509
90771,855, 28580, 13872, 49509
90821,855, 28580, 13872, 49509
90871,855, 28071, 13872, 49509
90921,855, 28071, 13872, 49274
90971,855, 28071, 13872, 49274
91063,855, 28071, 13872, 49274
91199,855, 28071, 13016, 49274
91249,855, 27561, 13016, 49274
91299,855, 27561, 13016, 49274
91349,855, 27561, 13016, 51653
91399,855, 27561, 13016, 51653
91449,855, 27082, 13016, 51653
91499,855, 27082, 13016, 51653
91549,855, 27082, 477, 51653
91599,855, 27082, 477, 51653
91649,855, 25724, 477, 51653
91699,855, 25724, 477, 51653
91749,855, 25724, 477, 51712
91799,855, 25724, 477, 51712
91849,855, 25307, 477, 51712
91899,855, 25307, 477, 51712
91949,856, 25307, 362, 51712
92041,856, 24504, 362, 51712
92091,856, 24504, 362, 51712
92141,856, 24504, 362, 51752
92191,856, 24504, 362, 51752
92327,856, 25307, 355, 51752
92377,856, 25307, 355, 51752
92427,856, 25307, 355, 51752
92477,856, 25307, 355, 51752
92527,856, 25307, 355, 51783
92577,856, 25307, 355, 51783
92627,856, 24504, 355, 51783
92677,856, 24504, 355, 51783
92727,855, 24504, 353, 51783
92777,855, 24504, 353, 51783
92827,855, 24118, 353, 51783
92877,855, 24118, 353, 51783
92927,855, 24118, 353, 51814
92977,855, 24118, 353, 51814
93069,855, 23747, 353, 51814
93119,855, 23747, 351, 51814
93169,855, 23747, 351, 51814
93219,855, 23747, 351, 51814
93269,855, 24118, 351, 51814
93319,855, 24118, 351, 51840
93455,855, 23747, 351, 51840
93505,855, 23747, 351, 51840
93555,855, 23747, 350, 51840
93605,855, 23747, 350, 51840
93655,855, 23747, 350, 51840
93705,855, 23747, 350, 51840
93755,855, 23747, 350, 51862
93805,855, 23747, 350, 51862
93855,855, 23392, 350, 51862
93905,855, 23392, 350, 51862
93955,855, 23392, 350, 51862
94005,855, 23392, 350, 51862
94097,855, 23037, 350, 51862
94147,855, 23037, 350, 51882
94197,855, 23037, 350, 51882
94247,855, 23037, 350, 51882
94297,855, 23037, 350, 51882
94347,852, 23037, 350, 51882
94397,852, 23037, 350, 51882
94447,852, 23037, 350, 51882
94583,852, 23037, 350, 51902
94633,852, 22373, 350, 51902
94683,852, 22373, 350, 51902
94733,852, 22373, 349, 51902
94783,852, 22373, 349, 51902
94833,852, 22697, 349, 51902
94883,852, 22697, 349, 51902
94933,852, 22697, 349, 51919
94983,852, 22697, 349, 51919
95075,852, 22049, 349, 51919
95125,850, 22049, 349, 51919
95175,850, 22049, 349, 51919
95225,850, 22049, 349, 51919
95275,850, 22049, 349, 51919
95325,850, 22049, 349, 51919
95375,850, 22049, 349, 51938
95425,850, 21740, 349, 51938
95475,850, 21740, 349, 51938
95525,850, 21740, 349, 51938
95575,850, 21740, 347, 51938
95711,850, 21740, 347, 51938
95761,850, 21740, 347, 51952
95811,850, 21740, 347, 51952
95861,850, 21431, 347, 51952
95911,850, 21431, 347, 51952
95961,923, 21431, 349, 51952
96011,923, 21431, 349, 51952
96104,923, 21138, 349, 51952
96154,923, 21138, 349, 51966
96204,923, 21138, 349, 51966
96254,923, 21431, 349, 51966
96304,923, 21431, 349, 51966
96354,923, 21431, 350, 51966
96404,923, 21431, 350, 51966
96454,923, 21138, 350, 51966
96504,923, 21138, 350, 51966
96554,923, 21138, 350, 51981
96604,923, 21138, 350, 51981
96654,923, 20860, 350, 51981
96704,923, 20860, 350, 51981
96840,925, 20860, 346, 51981
96890,925, 20860, 346, 51981
96940,925, 20860, 346, 51996
96990,925, 20860, 346, 51996
97040,925, 21138, 346, 51996
97132,925, 21138, 346, 51996
97182,925, 21138, 344, 51996
97232,925, 20582, 344, 51996
97282,925, 20582, 344, 51996
97332,925, 20582, 344, 51996
97382,925, 20582, 344, 52009
97432,925, 21138, 344, 52009
97482,925, 21138, 344, 52009
97532,926, 21138, 344, 52009
97582,926, 21138, 345, 52009
97632,926, 20582, 345, 52009
97682,926, 20582, 345, 52009
97732,926, 20582, 345, 52009
97782,926, 20582, 345, 52021
97832,926, 20304, 345, 52021
97967,926, 20304, 346, 52021
98017,926, 20304, 346, 52021
98109,926, 20860, 346, 52021
98159,926, 20860, 346, 52032
98209,926, 20860, 346, 52032
98259,926, 20582, 346, 52032
98309,926, 20582, 346, 52032
98359,964, 20582, 346, 52032
98409,964, 20582, 346, 52032
98459,964, 20041, 346, 52032
98509,964, 20041, 346, 52032
98559,964, 20041, 346, 52044
98609,964, 20041, 346, 52044
98659,964, 20860, 346, 52044
98709,964, 20860, 346, 52044
98759,964, 20860, 349, 52044
98894,964, 20582, 349, 52044
98944,964, 20582, 349, 52044
98994,964, 20582, 349, 52054
99044,964, 20304, 349, 52054
99136,1000, 20304, 349, 52054
99186,1000, 20304, 347, 52054
99236,1000, 20582, 347, 52054
99286,1000, 20582, 347, 52054
99336,1000, 20582, 347, 52054
99386,1000, 20582, 347, 52065
99436,1000, 20582, 347, 52065
99486,1000, 20582, 347, 52065
99536,1000, 20582, 347, 52065
99586,1000, 20582, 347, 52065
99636,1000, 20304, 347, 52065
99686,1000, 20304, 347, 52065
99736,1000, 20304, 347, 52065
99786,1000, 20304, 347, 52076
99836,1000, 20582, 347, 52076
99886,1000, 20582, 347, 52076
100022,1000, 20582, 349, 52076
100115,1000, 20582, 349, 52076
100165,1000, 20582, 349, 52084
100215,1000, 20582, 349, 52084
100265,1000, 20304, 349, 52084
100315,1000, 20304, 349, 52084
100365,1000, 20304, 349, 52084
100415,1000, 20304, 349, 52084
100465,1000, 20304, 349, 52084
100515,1000, 20304, 349, 52084
100565,1000, 20304, 349, 52095
100615,1000, 20304, 349, 52095
100665,1000, 20582, 349, 52095
100715,1000, 20582, 349, 52095
100765,1000, 20582, 349, 52095
100815,1000, 20582, 349, 52095
100865,1000, 20041, 349, 52095
100915,1000, 20041, 349, 52095
101007,1000, 20041, 349, 52103
101057,1000, 20304, 349, 52103
101192,1000, 20304, 347, 52103
101242,1000, 20582, 347, 52103
101292,1000, 20582, 347, 52103
101342,1000, 20582, 347, 52103
101392,1000, 20582, 347, 52112
101442,1000, 19794, 347, 52112
101492,1000, 19794, 347, 52112
101542,1000, 19794, 347, 52112
101592,1000, 19794, 347, 52112
101642,1000, 20304, 347, 52112
101692,1000, 20304, 347, 52112
101742,1000, 20304, 347, 52112
101792,1000, 20304, 347, 52121
101842,1000, 20304, 347, 52121
101934,1000, 20304, 347, 52121
101984,1000, 20304, 346, 52121
102034,1000, 19794, 346, 52121
102084,1000, 19794, 346, 52121
102134,1000, 19794, 346, 52121
102184,1000, 19794, 346, 52129
102320,1000, 20041, 346, 52129
102370,1000, 20041, 346, 52129
102420,1000, 20041, 346, 52129
102470,1000, 20041, 346, 52129
102520,1000, 20041, 346, 52129
102570,1000, 20041, 346, 52137
102620,1000, 20041, 346, 52137
102670,1000, 19794, 346, 52137
102720,1000, 19794, 346, 52137
102770,1000, 19794, 348, 52137
102820,1000, 19794, 348, 52137
102912,1000, 20304, 348, 52137
102962,1000, 20304, 348, 52137
103012,1000, 20304, 348, 52144
103062,1000, 20041, 348, 52144
103112,1000, 20041, 348, 52144
103162,1000, 20041, 348, 52144
103212,1000, 20041, 344, 52144
103262,1000, 19794, 344, 52144
103312,1000, 19794, 344, 52144
103448,1000, 20041, 344, 52152
103498,1000, 20041, 344, 52152
103548,1000, 20041, 344, 52152
103598,1000, 20041, 346, 52152
103648,1000, 20041, 346, 52152
103698,1000, 20041, 346, 52152
103748,1000, 20041, 346, 52152
103841,1000, 19532, 346, 52158
103891,1000, 19532, 346, 52158
103941,1000, 19532, 346, 52158
103991,1000, 19532, 347, 52158
104041,1000, 19794, 347, 52158
104091,1000, 19794, 347, 52158
104141,1000, 19794, 347, 52158
104191,1000, 19794, 347, 52167
104241,1000, 19532, 347, 52167
104291,1000, 19532, 347, 52167
104341,1000, 19532, 347, 52167
104391,1000, 19532, 349, 52167
104441,1000, 19300, 349, 52167
104576,1000, 19300, 349, 52174
104626,1000, 19300, 349, 52174
104676,1000, 19300, 349, 52174
104726,1000, 19300, 349, 52174
104819,1000, 19300, 344, 52174
104869,1000, 19053, 344, 52174
104919,1000, 19053, 344, 52174
104969,1000, 19053, 344, 52174
105019,1000, 19053, 344, 52181
105069,1000, 18822, 344, 52181
105119,1000, 18822, 344, 52181
105169,1000, 18822, 344, 52181
105219,1000, 18822, 343, 52181
105269,1000, 18590, 343, 52181
105319,1000, 18590, 343, 52181
105369,1000, 18590, 343, 52181
105419,1000, 18590, 343, 52189
105469,1000, 18374, 343, 52189
105519,1000, 18374, 343, 52189
105569,1000, 18374, 343, 52189
105960,1000, 18590, 343, 52194
106010,1000, 18590, 345, 52194
106060,1000, 18590, 345, 52194
106110,1000, 18590, 345, 52194
106160,1000, 18590, 345, 52194
106210,1000, 18590, 345, 52200
106260,1000, 18374, 345, 52200
106310,1000, 18374, 345, 52200
106360,1000, 18374, 345, 52200
106410,1000, 18374, 346, 52200
106460,1000, 17941, 346, 52200
106510,1000, 17941, 346, 52200
106560,1000, 17941, 346, 52200
106610,1000, 17941, 346, 52206
106660,1000, 18374, 346, 52206
106710,1000, 18374, 346, 52206
106760,1000, 18374, 346, 52206
106852,1000, 17741, 346, 52206
106902,1000, 17741, 346, 52206
106952,1000, 17741, 346, 52206
107129,1000, 17941, 346, 52214
107179,1000, 17941, 346, 52214
107229,1000, 17540, 343, 52214
107279,1000, 17540, 343, 52214
107329,1000, 17540, 343, 52214
107379,1000, 17540, 343, 52214
107429,1000, 17154, 343, 52221
107479,1000, 17154, 343, 52221
107529,1000, 17154, 343, 52221
107579,1000, 17154, 343, 52221
107629,1000, 17339, 337, 52221
107679,1000, 17339, 337, 52221
107729,1000, 17339, 337, 52221
107821,1000, 17339, 337, 52227
107871,1000, 17154, 337, 52227
107921,1000, 17154, 337, 52227
107971,1000, 17154, 337, 52227
108021,1000, 17154, 339, 52227
108071,1000, 17339, 339, 52227
108121,1000, 17339, 339, 52227
108256,1000, 17154, 339, 52231
108306,1000, 17154, 339, 52231
108356,1000, 17154, 339, 52231
108406,1000, 17154, 340, 52231
108456,1000, 17154, 340, 52231
108506,1000, 17154, 340, 52231
108556,1000, 17154, 340, 52231
108606,1000, 17154, 340, 52237
108656,1000, 16953, 340, 52237
108706,1000, 16953, 340, 52237
108798,1000, 16953, 336, 52237
108848,1000, 16953, 336, 52237
108898,1000, 16953, 336, 52237
108948,1000, 16953, 336, 52237
108998,1000, 16953, 336, 52242
109048,1000, 16598, 336, 52242
109098,1000, 16598, 336, 52242
109148,1000, 16598, 336, 52242
109198,1000, 16598, 340, 52242
109248,1000, 16768, 340, 52242
109384,1000, 16768, 340, 52242
109434,1000, 16953, 340, 52274
109484,1000, 16953, 340, 52274
109534,1000, 16953, 340, 52274
109584,1000, 16953, 340, 52274
109634,1000, 16768, 188, 52274
109726,1000, 16768, 188, 52274
109776,1000, 16768, 188, 52274
109826,1000, 16598, 188, 52279
109876,1000, 16598, 188, 52279
109926,1000, 16598, 188, 52279
109976,1000, 16598, 188, 52279
110026,1000, 16598, 196, 52279
110076,1000, 16598, 196, 52279
110126,1000, 16598, 196, 52279
110176,1000, 16598, 196, 52279
110226,1000, 16598, 196, 52284
110276,1000, 16598, 196, 52284
110326,1000, 16598, 196, 52284
110376,1000, 16598, 196, 52284
110511,1000, 16413, 197, 52284
110561,1000, 16413, 197, 52284
110611,1000, 16413, 197, 52289
110703,1000, 16413, 197, 52289
110753,1000, 16413, 197, 52289
110803,1000, 16413, 197, 52289
110853,1000, 16073, 199, 52289
110903,1000, 16073, 199, 52289
110953,1000, 16073, 199, 52289
111003,1000, 16073, 199, 52289
111053,1000, 16243, 199, 52295
111103,1000, 16243, 199, 52295
111153,1000, 16243, 199, 52295
111203,1000, 16243, 199, 52295
111253,1000, 16073, 196, 52295
111303,1000, 16073, 196, 52295
111353,1000, 16073, 196, 52295
111403,1000, 16073, 196, 52295
111453,1000, 16073, 196, 52301
111546,1000, 16073, 196, 52301
111682,1000, 15749, 195, 52301
111732,1000, 15749, 195, 52301
111782,1000, 15749, 195, 52301
111832,1000, 15903, 195, 52305
111882,1000, 15903, 195, 52305
111932,21, 15903, 195, 52305
111982,21, 15903, 195, 52305
112032,21, 15749, 195, 52305
112082,21, 15749, 195, 52305
112132,21, 15749, 195, 52305
112182,21, 15749, 195, 52305
112232,21, 15749, 195, 52310
112282,21, 15749, 195, 52310
112332,21, 15749, 195, 52310
112382,21, 15749, 195, 52310
112432,21, 15749, 196, 52310
112482,21, 15749, 196, 52310
112574,21, 15749, 196, 52310
112624,21, 15595, 196, 52316
112674,21, 15595, 196, 52316
112809,0, 15595, 196, 52316
112859,0, 15595, 195, 52316
112909,0, 15595, 195, 52316
112959,0, 15595, 195, 52316
113009,0, 15595, 195, 52316
113059,0, 15595, 195, 52320
113109,0, 15595, 195, 52320
113159,0, 15595, 195, 52320
113209,0, 15595, 195, 52320
113259,0, 15440, 442, 52320
113309,0, 15440, 442, 52320
113359,0, 15440, 442, 52320
113409,0, 15440, 442, 52320
113459,0, 15440, 442, 52312
113509,0, 15440, 442, 52312
113601,0, 15440, 442, 52312
113736,0, 15286, 272, 52312
113786,0, 15286, 272, 52312
113836,0, 15440, 272, 52316
113886,0, 15440, 272, 52316
113936,0, 15440, 272, 52316
113986,0, 15440, 272, 52316
114036,0, 14977, 270, 52316
114086,0, 14977, 270, 52316
114136,0, 14977, 270, 52316
114186,0, 14977, 270, 52316
114236,0, 15286, 270, 52321
114286,0, 15286, 270, 52321
114336,218, 15286, 270, 52321
114386,218, 15286, 270, 52321
114436,218, 14977, 355, 52321
114486,218, 14977, 355, 52321
114536,218, 14977, 355, 52321
114628,218, 14977, 355, 52304
114678,218, 14977, 355, 52304
114728,218, 14977, 355, 52304
114864,218, 14838, 448, 52304
114914,218, 14838, 448, 52304
114964,218, 14838, 448, 52304
115014,218, 14838, 448, 52304
115064,218, 14838, 448, 52296
115114,218, 14838, 448, 52296
115164,275, 14838, 448, 52296
115214,275, 14838, 448, 52296
115264,275, 14699, 450, 52296
115314,275, 14699, 450, 52296
115364,275, 14699, 450, 52296
115414,275, 14699, 450, 52296
115464,275, 14699, 450, 52303
115514,275, 14699, 450, 52303
115606,275, 14699, 450, 52303
115656,275, 14560, 437, 52303
115706,275, 14560, 437, 52303
115756,275, 14560, 437, 52303
115806,275, 14560, 437, 52303
115856,275, 14560, 437, 52305
115992,275, 14560, 437, 52305
116042,275, 14421, 439, 52305
116092,275, 14421, 439, 52305
116142,275, 14421, 439, 52305
116192,275, 14421, 439, 52305
116242,275, 14421, 439, 52309
116292,275, 14421, 439, 52309
116342,275, 14421, 439, 52309
116392,275, 14421, 439, 52309
116442,275, 14421, 447, 52309
116492,275, 14421, 447, 52309
116584,275, 14421, 447, 52309
116634,275, 14699, 447, 52309
116684,275, 14699, 447, 52311
116734,276, 14699, 447, 52311
116784,276, 14699, 447, 52311
116834,276, 14560, 447, 52311
116884,276, 14560, 924, 52311
116934,276, 14560, 924, 52311
116984,276, 14560, 924, 52311
117120,276, 14699, 924, 52230
117170,276, 14699, 924, 52230
117220,276, 14699, 924, 52230
117270,276, 14699, 919, 52230
117320,276, 14699, 919, 52230
117370,276, 14699, 919, 52230
117420,276, 14699, 919, 52230
117470,276, 14838, 919, 52236
117562,282, 14838, 919, 52236
117612,282, 14838, 919, 52236
117662,282, 14560, 914, 52236
117712,282, 14560, 914, 52236
117762,282, 14560, 914, 52236
117812,282, 14560, 914, 52236
117862,282, 14838, 914, 52239
117912,282, 14838, 914, 52239
117962,282, 14838, 914, 52239
118012,282, 14838, 914, 52239
118062,282, 14560, 915, 52239
118112,282, 14560, 915, 52239
118247,282, 14699, 915, 52236
118297,282, 14699, 915, 52236
118347,372, 14699, 915, 52236
118397,372, 14699, 915, 52236
118447,372, 14560, 1555, 52236
118539,372, 14560, 1555, 52236
118589,372, 14560, 1555, 52236
118639,372, 14560, 1555, 52236
118689,372, 14560, 1555, 51652
118739,372, 14560, 1555, 51652
118789,372, 14560, 1555, 51652
118839,372, 14838, 1555, 51652
118889,372, 14838, 4211, 51652
118939,372, 14838, 4211, 51652
118989,372, 14838, 4211, 51652
119039,372, 14699, 4211, 51652
119089,372, 14699, 4211, 51658
119139,568, 14699, 4211, 51658
119189,568, 14699, 4211, 51658
119239,568, 14977, 4211, 51658
119375,568, 14977, 6150, 51658
119468,568, 14838, 6150, 50956
119518,568, 14838, 6150, 50956
119568,568, 14838, 6150, 50956
119618,568, 14838, 6150, 50956
119668,568, 15131, 8093, 50956
119718,568, 15131, 8093, 50956
119768,568, 15131, 8093, 50956
119818,568, 15131, 8093, 50956
119868,568, 15131, 8093, 50907
119918,568, 15131, 8093, 50907
119968,619, 15131, 8093, 50907
120018,619, 15131, 8093, 50907
120068,619, 15595, 8259, 50907
120118,619, 15595, 8259, 50907
120168,619, 15595, 8259, 50907
120218,619, 15595, 8259, 50907
120268,619, 15595, 8259, 50866
120360,619, 15595, 8259, 50866
120410,619, 15595, 8259, 50866
120545,619, 15903, 8422, 50866
120595,619, 15903, 8422, 50866
120645,619, 15903, 8422, 50866
120695,619, 15903, 8422, 50814
120745,620, 15903, 8422, 50814
120795,620, 15903, 8422, 50814
120845,620, 16243, 8422, 50814
120895,620, 16243, 8562, 50814
120945,620, 16243, 8562, 50814
120995,620, 16243, 8562, 50814
121045,620, 16598, 8562, 50814
121095,620, 16598, 8562, 50787
121145,620, 16598, 8562, 50787
121195,620, 16598, 8562, 50787
121287,620, 16768, 8707, 50787
121337,620, 16768, 8707, 50787
121387,620, 16768, 8707, 50787
121437,620, 16953, 8707, 50787
121487,620, 16953, 8707, 50742
121537,621, 16953, 8707, 50742
121672,621, 17154, 9115, 50742
121722,621, 17154, 9115, 50742
121772,621, 17154, 9115, 50742
121822,621, 17154, 9115, 50742
121872,621, 17154, 9115, 50701
121922,621, 17154, 9115, 50701
121972,621, 17154, 9115, 50701
122022,621, 17154, 9115, 50701
122072,621, 17540, 8878, 50701
122122,621, 17540, 8878, 50701
122172,621, 17540, 8878, 50701
122264,621, 17741, 8878, 50712
122314,621, 17741, 8878, 50712
122364,620, 17741, 8878, 50712
122414,620, 17741, 8878, 50712
122464,620, 17941, 8878, 50712
122514,620, 17941, 8661, 50712
122564,620, 17941, 8661, 50712
122614,620, 17941, 8661, 50712
122664,620, 18158, 8661, 50712
122800,620, 18158, 8661, 50709
122850,620, 18590, 8661, 50709
122900,620, 18590, 8765, 50709
122950,620, 18590, 8765, 50709
123000,620, 18590, 8765, 50709
123050,620, 18374, 8765, 50709
123100,620, 18374, 8765, 50706
123192,621, 18374, 8765, 50706
123242,621, 18822, 8765, 50706
123292,621, 18822, 8784, 50706
123342,621, 18822, 8784, 50706
123392,621, 18822, 8784, 50706
123442,621, 19053, 8784, 50706
123492,621, 19053, 8784, 50517
123542,621, 19053, 8784, 50517
123592,621, 19053, 8784, 50517
123642,621, 19053, 8784, 50517
123692,621, 19053, 8797, 50517
123742,621, 19053, 8797, 50517
123792,621, 19053, 8797, 50517
123929,621, 19053, 8797, 50683
123979,621, 19053, 8797, 50683
124029,621, 18590, 8797, 50683
124079,621, 18590, 8780, 50683
124171,621, 18590, 8780, 50683
124221,621, 18590, 8780, 50683
124271,621, 18822, 8780, 50683
124321,621, 18822, 8780, 50683
124371,621, 18822, 8780, 50683
124421,621, 18822, 8780, 50683
124471,621, 19300, 8780, 50683
124521,621, 19300, 9165, 50683
124571,621, 19300, 9165, 50683
124621,621, 19300, 9165, 50683
124671,621, 19053, 9165, 50683
124721,621, 19053, 9165, 50650
124771,621, 19053, 9165, 50650
124821,621, 19053, 9165, 50650
124871,621, 19532, 9165, 50650
124921,621, 19532, 8816, 50650
125057,621, 19532, 8816, 50650
125107,621, 19532, 8816, 50623
125157,621, 19532, 8816, 50623
125207,621, 19532, 8816, 50623
125257,621, 19300, 8816, 50623
125307,621, 19300, 8957, 50623
125357,621, 19300, 8957, 50623
125407,621, 19300, 8957, 50623
125457,621, 19794, 8957, 50623
125507,621, 19794, 8957, 50342
125557,791, 19794, 8957, 50342
125607,791, 19794, 8957, 50342
125657,791, 19300, 8957, 50342
125707,791, 19300, 8984, 50342
125757,791, 19300, 8984, 50342
125807,791, 19300, 8984, 50342
125857,791, 19300, 8984, 50342
125949,791, 19300, 8984, 50602
125999,791, 19300, 8984, 50602
126049,791, 19794, 8984, 50602
126185,791, 19794, 8994, 50602
126235,791, 19794, 8994, 50602
126285,791, 19794, 8994, 50572
126335,869, 19794, 8994, 50572
126385,869, 19794, 8994, 50572
126435,869, 19532, 8994, 50572
126485,869, 19532, 9680, 50572
126535,869, 19532, 9680, 50572
126585,869, 19532, 9680, 50572
126635,869, 20041, 9680, 50572
126685,869, 20041, 9680, 50572
126735,869, 20041, 9680, 50523
126785,869, 20041, 9680, 50523
126835,869, 19794, 9680, 50523
126928,869, 19794, 9433, 50523
126978,869, 19794, 9433, 50523
127028,869, 19794, 9433, 50523
127078,869, 19794, 9433, 50523
127128,870, 19794, 9433, 50473
127178,870, 19794, 9433, 50473
127314,870, 19794, 9397, 50473
127364,870, 19794, 9397, 50473
127414,870, 19794, 9397, 50473
127464,870, 20041, 9397, 50473
127514,870, 20041, 9397, 50416
127564,870, 20041, 9397, 50416
127614,870, 20041, 9397, 50416
127664,870, 20304, 9397, 50416
127714,870, 20304, 9849, 50416
127764,870, 20304, 9849, 50416
127856,870, 20304, 9849, 50416
127906,870, 20304, 9849, 50383
127956,870, 20304, 9849, 50383
128006,870, 20304, 9849, 50383
128056,870, 20582, 9849, 50383
128106,870, 20582, 10148, 50383
128241,870, 20582, 10148, 50383
128291,870, 20582, 10148, 50383
128341,870, 20582, 10148, 50357
128391,870, 20582, 10148, 50357
128441,870, 20860, 10148, 50357
128491,870, 20860, 10148, 50357
128541,870, 20860, 10215, 50357
128591,870, 20860, 10215, 50357
128641,870, 20860, 10215, 50357
128691,870, 20860, 10215, 50357
128783,870, 20860, 10215, 50306
128833,870, 20860, 10215, 50306
128883,870, 20860, 10215, 50306
128933,870, 20860, 10281, 50306
128983,870, 20860, 10281, 50306
129033,870, 21138, 10281, 50306
129083,870, 21138, 10281, 50306
129133,870, 21138, 10281, 50301
129183,870, 21138, 10281, 50301
129233,870, 21138, 10281, 50301
129368,870, 21138, 10437, 50301
129418,870, 21138, 10437, 50301
129468,870, 21138, 10437, 50301
129518,870, 21138, 10437, 50272
129568,869, 21138, 10437, 50272
129618,869, 21138, 10437, 50272
129710,869, 21138, 10507, 50272
129760,869, 21138, 10507, 50272
129810,869, 21138, 10507, 50272
129860,869, 20860, 10507, 50272
129910,869, 20860, 10507, 50255
129960,869, 20860, 10507, 50255
130010,869, 20860, 10507, 50255
130060,869, 21138, 10507, 50255
130110,869, 21138, 10525, 50255
130160,869, 21138, 10525, 50255
130210,869, 21138, 10525, 50255
130260,869, 21740, 10525, 50255
130310,869, 21740, 10525, 50247
130360,869, 21740, 10525, 50247
130496,869, 21431, 10525, 50247
130546,869, 21431, 10587, 50247
130638,869, 21740, 10587, 50247
130688,869, 21740, 10587, 50247
130738,869, 21740, 10587, 50208
130788,869, 21740, 10587, 50208
130838,869, 22049, 10587, 50208
130888,869, 22049, 10587, 50208
130938,869, 22049, 10665, 50208
130988,869, 22049, 10665, 50208
131038,869, 22049, 10665, 50208
131088,869, 22049, 10665, 50208
131138,866, 22049, 10665, 50166
131188,866, 22049, 10665, 50166
131238,866, 21740, 10665, 50166
131288,866, 21740, 10665, 50166
131338,866, 21740, 10840, 50166
131388,866, 21740, 10840, 50166
131480,866, 22049, 10840, 50166
131530,866, 22049, 10840, 50151
131666,866, 22049, 10840, 50151
131716,866, 22049, 10946, 50151
131766,866, 22049, 10946, 50151
131816,866, 22049, 10946, 50151
131866,866, 22373, 10946, 50151
131916,866, 22373, 10946, 50120
131966,853, 22373, 10946, 50120
132016,853, 22373, 10946, 50120
132066,853, 22049, 10946, 50120
132116,853, 22049, 10791, 50120
132166,853, 22049, 10791, 50120
132216,853, 22049, 10791, 50120
132266,853, 22373, 10791, 50120
132316,853, 22373, 10791, 50093
132408,853, 22373, 10791, 50093
132458,853, 23037, 10791, 50093
132508,853, 23037, 10791, 50093
132558,853, 23037, 11210, 50093
132608,853, 23037, 11210, 50093
132658,853, 23037, 11210, 50093
132794,854, 23037, 11210, 50036
132844,854, 22697, 11210, 50036
132894,854, 22697, 11210, 50036
132944,854, 22697, 11820, 50036
132994,854, 22697, 11820, 50036
133044,854, 23392, 11820, 50036
133094,854, 23392, 11820, 50036
133144,854, 23392, 11820, 50019
133194,854, 23392, 11820, 50019
133244,854, 23392, 11820, 50019
133336,854, 23392, 11406, 50019
133386,854, 23392, 11406, 50019
133436,854, 23747, 11406, 50019
133486,854, 23747, 11406, 50019
133536,854, 23747, 11406, 50173
133586,854, 23747, 11406, 50173
133636,854, 23392, 11406, 50173
133686,854, 23392, 11406, 50173
133736,854, 23392, 11732, 50173
133786,854, 23392, 11732, 50173
133922,854, 23747, 11732, 49950
133972,854, 23747, 11732, 49950
134022,854, 23747, 11732, 49950
134072,854, 24118, 11732, 49950
134122,854, 24118, 11732, 49950
134172,854, 24118, 11713, 49950
134265,854, 24118, 11713, 49950
134315,854, 24118, 11713, 49950
134365,796, 24118, 11713, 49824
134415,796, 24118, 11713, 49824
134465,796, 24118, 11713, 49824
134515,796, 24118, 11713, 49824
134565,796, 24118, 11913, 49824
134615,796, 24118, 11913, 49824
134665,796, 24118, 11913, 49824
134715,796, 24118, 11913, 49824
134765,796, 24118, 11913, 49904
134815,796, 24118, 11913, 49904
134865,796, 24504, 11913, 49904
134915,796, 24504, 11913, 49904
135051,796, 24890, 11590, 49904
135101,796, 24890, 11590, 49904
135193,433, 24890, 11590, 49885
135243,433, 25307, 11590, 49885
135293,433, 25307, 11590, 49885
135343,433, 25307, 4563, 49885
135393,433, 25307, 4563, 49885
135443,433, 24504, 4563, 49885
135493,433, 24504, 4563, 49885
135543,433, 24504, 4563, 51710
135593,433, 24504, 4563, 51710
135643,433, 24504, 4563, 51710
135693,433, 24504, 4563, 51710
135743,433, 24504, 1637, 51710
135793,433, 24504, 1637, 51710
135843,433, 24504, 1637, 51710
135893,433, 24504, 1637, 51710
135943,433, 24504, 1637, 51739
135993,433, 24504, 1637, 51739
136127,433, 24504, 1637, 51739
136433,433, 24890, 1579, 51772
136483,433, 24890, 1579, 51772
136533,433, 24890, 1579, 51772
136583,433, 24890, 1552, 51772
136633,433, 24890, 1552, 51772
136683,433, 24890, 1552, 51772
136733,433, 24890, 1552, 51772
136783,433, 24890, 1552, 51782
136833,433, 24890, 1552, 51782
136883,433, 24890, 1552, 51782
136933,433, 24890, 1552, 51782
136983,433, 24890, 1530, 51782
137033,433, 24890, 1530, 51782
137083,433, 24890, 1530, 51782
137133,433, 24890, 1530, 51782
137225,433, 24890, 1530, 51814
137275,433, 24890, 1530, 51814
137325,433, 24890, 1530, 51814
137375,433, 24890, 1540, 51814
137425,433, 24890, 1540, 51814
137602,432, 24890, 1540, 51823
137652,432, 24118, 1540, 51823
137702,432, 24118, 1540, 51823
137752,432, 24118, 1598, 51823
137802,432, 24118, 1598, 51823
137852,432, 24118, 1598, 51823
137902,432, 24118, 1598, 51823
137952,432, 24118, 1598, 51784
138002,432, 24118, 1598, 51784
138052,432, 23747, 1598, 51784
138102,432, 23747, 1598, 51784
138152,432, 23747, 2061, 51784
138244,432, 23747, 2061, 51784
138294,432, 23747, 2061, 51784
138344,432, 23747, 2061, 51604
138394,432, 23747, 2061, 51604
138444,432, 23037, 2061, 51604
138494,432, 23037, 2061, 51604
138544,432, 23037, 2061, 51604
138594,432, 23037, 3325, 51604
138730,432, 23037, 3325, 51604
138780,432, 23037, 3325, 51436
138830,432, 23037, 3325, 51436
138880,432, 23037, 3325, 51436
138930,432, 23037, 3325, 51436
138980,432, 23037, 3835, 51436
139030,432, 23037, 3835, 51436
139080,432, 23037, 3835, 51436
139172,437, 23037, 3835, 51473
139222,437, 23037, 3835, 51473
139272,437, 22697, 3835, 51473
139322,437, 22697, 3835, 51473
139372,437, 22697, 4041, 51473
139422,437, 22697, 4041, 51473
139472,437, 22373, 4041, 51473
139522,437, 22373, 4041, 51473
139572,437, 22373, 4041, 51385
139622,437, 22373, 4041, 51385
139672,437, 22697, 4041, 51385
139722,437, 22697, 4041, 51385
139857,437, 22373, 4591, 51385
139907,437, 22373, 4591, 51385
139957,488, 22373, 4591, 51300
140007,488, 22373, 4591, 51300
140057,488, 22049, 4591, 51300
140149,488, 22049, 4591, 51300
140199,488, 22049, 7702, 51300
140249,488, 22049, 7702, 51300
140299,488, 22049, 7702, 51300
140349,488, 22049, 7702, 51300
140399,488, 22049, 7702, 50370
140449,488, 22373, 7702, 50370
140499,488, 22373, 7702, 50370
140549,488, 22373, 7702, 50370
140599,488, 22373, 10053, 50370
140649,488, 22373, 10053, 50370
140699,488, 22373, 10053, 50370
140749,548, 22373, 10053, 50370
140799,548, 22373, 10053, 50481
140849,548, 22049, 10053, 50481
140986,548, 22049, 10243, 50481
141078,548, 22373, 10243, 50481
141128,548, 22373, 10243, 50481
141178,548, 22373, 10243, 50226
141228,548, 22373, 10243, 50226
141278,548, 22373, 10243, 50226
141328,548, 22373, 10243, 50226
141378,548, 22373, 9557, 50226
141428,548, 22373, 9557, 50226
141478,548, 22373, 9557, 50226
141528,548, 22373, 9557, 50226
141578,548, 22373, 9557, 50194
141628,548, 22373, 9557, 50194
141678,548, 22373, 9557, 50194
141728,548, 22373, 9557, 50194
141778,548, 22373, 10801, 50194
141828,548, 22373, 10801, 50194
141921,548, 22373, 10801, 50194
141971,548, 22373, 10801, 50127
142021,548, 22373, 10801, 50127
142157,548, 23037, 10801, 50127
142207,548, 23037, 10523, 50127
142257,548, 22697, 10523, 50127
142307,548, 22697, 10523, 50127
142357,548, 22697, 10523, 50127
142407,548, 22697, 10523, 50109
142457,548, 22697, 10523, 50109
142507,548, 22697, 10523, 50109
142557,548, 22697, 10523, 50109
142607,548, 22697, 11137, 50109
142657,548, 23037, 11137, 50109
142707,548, 23037, 11137, 50109
142757,548, 23037, 11137, 50109
142849,548, 23037, 11137, 50085
142899,548, 23037, 11137, 50085
142949,548, 23037, 11137, 50085
143084,548, 23037, 11054, 50085
143134,548, 23037, 11054, 50085
143184,548, 23037, 11054, 50061
143234,548, 23392, 11054, 50061
143284,548, 23392, 11054, 50061
143334,548, 23392, 11054, 50061
143384,548, 23392, 11468, 50061
143434,548, 23392, 11468, 50061
143484,548, 23392, 11468, 50061
143534,548, 23392, 11468, 50061
143584,548, 23392, 11468, 50407
143634,548, 23747, 11468, 50407
143684,548, 23747, 11468, 50407
143776,548, 23747, 11361, 50407
143826,548, 23037, 11361, 50407
143876,548, 23037, 11361, 50407
143926,548, 23037, 11361, 50407
143976,548, 23037, 11361, 49999
144026,548, 23392, 11361, 49999
144076,548, 23392, 11361, 49999
144211,548, 23392, 11586, 49999
144261,548, 23392, 11586, 49999
144311,548, 23392, 11586, 49999
144361,548, 23392, 11586, 49999
144411,548, 23392, 11586, 49945
144461,548, 23747, 11586, 49945
144511,548, 23747, 11586, 49945
144561,548, 23747, 11586, 49945
144611,548, 23747, 11616, 49945
144703,548, 23747, 11616, 49945
144753,548, 23747, 11616, 49945
144803,548, 23747, 11616, 50012
144853,548, 23747, 11616, 50012
144903,548, 23747, 11616, 50012
144953,548, 23747, 11616, 50012
145003,548, 23747, 9374, 50012
145053,548, 24118, 9374, 50012
145103,548, 24118, 9374, 50012
145153,548, 24118, 9374, 50012
145203,548, 24118, 9374, 50008
145339,548, 24118, 9374, 50008
145389,548, 24118, 11181, 50008
145439,548, 24504, 11181, 50008
145489,548, 24504, 11181, 50008
145539,548, 24504, 11181, 50008
145631,548, 24118, 11181, 50184
145681,548, 24118, 11181, 50184
145731,548, 24118, 11181, 50184
145781,548, 24118, 10409, 50184
145831,548, 24504, 10409, 50184
145881,548, 24504, 10409, 50184
145931,548, 24504, 10409, 50184
145981,548, 24504, 10409, 50184
146031,548, 24504, 10409, 50251
146081,548, 24504, 10409, 50251
146131,548, 24504, 10409, 50251
146181,548, 24504, 10409, 50251
146231,548, 24890, 9271, 50251
146281,548, 24890, 9271, 50251
146331,548, 24890, 9271, 50251
146467,548, 24890, 9271, 50412
146517,548, 24890, 9271, 50412
146609,548, 24890, 11721, 50412
146659,548, 24890, 11721, 50412
146709,548, 24890, 11721, 50412
146759,548, 24890, 11721, 50412
146809,548, 24890, 11721, 49824
146859,548, 24890, 11721, 49824
146909,548, 24890, 11721, 49824
146959,548, 24890, 11721, 49824
147009,548, 24890, 12309, 49824
147059,548, 25307, 12309, 49824
147109,548, 25307, 12309, 49824
147159,548, 25307, 12309, 49824
147209,548, 25307, 12309, 50373
147259,548, 25724, 12309, 50373
147309,548, 25724, 12309, 50373
147359,548, 25724, 12309, 50373
147451,548, 26156, 2032, 50373
147501,548, 26156, 2032, 50373
147637,548, 25724, 2032, 51774
147687,548, 25724, 2032, 51774
147737,548, 25724, 2032, 51774
147787,548, 25724, 2032, 51774
147837,548, 25307, 1056, 51774
147887,548, 25307, 1056, 51774
147937,548, 25307, 1056, 51774
147987,548, 25307, 1056, 51774
148037,548, 25307, 1056, 51802
148087,548, 25307, 1056, 51802
148137,548, 25307, 1056, 51802
148187,548, 25307, 1056, 51802
148237,548, 25307, 1039, 51802
148287,548, 25307, 1039, 51802
148379,548, 25307, 1039, 51802
148429,548, 25724, 1039, 51829
148479,548, 25724, 1039, 51829
148529,548, 25724, 1039, 51829
148579,548, 25724, 1039, 51829
148629,548, 25724, 1030, 51829
148765,548, 25724, 1030, 51829
148815,548, 25724, 1030, 51845
148865,548, 26156, 1030, 51845
148915,548, 26156, 1030, 51845
148965,548, 26156, 1030, 51845
149015,548, 26156, 1015, 51845
149065,548, 25307, 1015, 51845
149115,548, 25307, 1015, 51845
149165,548, 25307, 1015, 51845
149215,548, 25307, 1015, 51868
149265,548, 25724, 1015, 51868
149358,548, 25724, 1015, 51868
149408,548, 25724, 1009, 51868
149458,548, 25724, 1009, 51868
149508,548, 25724, 1009, 51868
149558,548, 25724, 1009, 51868
149608,548, 25724, 1009, 51883
149658,548, 25724, 1009, 51883
149708,548, 25724, 1009, 51883
149758,548, 25724, 1009, 51883
149894,548, 25724, 995, 51883
149944,548, 25724, 995, 51883
149994,548, 25724, 995, 51883
150044,548, 25307, 995, 51900
150094,548, 25307, 995, 51900
150144,548, 25307, 995, 51900
150194,548, 25307, 995, 51900
150286,548, 24890, 992, 51900
150336,548, 24890, 992, 51900
150386,548, 24890, 992, 51900
150436,548, 24890, 992, 51911
150486,548, 24890, 992, 51911
150536,548, 24890, 992, 51911
150586,548, 24890, 992, 51911
150636,548, 24504, 988, 51911
150686,548, 24504, 988, 51911
150736,548, 24504, 988, 51911
150786,548, 24504, 988, 51911
150836,548, 24504, 988, 51924
150886,548, 24504, 988, 51924
151021,548, 24504, 995, 51924
151071,548, 24118, 995, 51924
151121,548, 24118, 995, 51924
151171,548, 24118, 995, 51924
151263,548, 24118, 995, 51935
151313,548, 24118, 995, 51935
151363,548, 24118, 995, 51935
151413,548, 24118, 1001, 51935
151463,548, 23747, 1001, 51935
151513,548, 23747, 1001, 51935
151563,548, 23747, 1001, 51935
151613,548, 23747, 1001, 51946
151663,548, 23747, 1001, 51946
151713,548, 23747, 1001, 51946
151763,548, 23747, 1001, 51946
151813,548, 23747, 995, 51946
151863,548, 23747, 995, 51946
151913,548, 23747, 995, 51946
151963,548, 23747, 995, 51946
152013,548, 23747, 995, 51956
152148,548, 23747, 995, 51956
152240,548, 23392, 985, 51956
152290,548, 23392, 985, 51956
152340,548, 23392, 985, 51956
152390,548, 23392, 985, 51956
152440,548, 23037, 985, 51971
152490,548, 23037, 985, 51971
152540,548, 23037, 985, 51971
152590,548, 23037, 985, 51971
152640,548, 22697, 979, 51971
152690,548, 22697, 979, 51971
152740,548, 22697, 979, 51971
152790,548, 22697, 979, 51971
152840,548, 23037, 979, 51556
152890,548, 23037, 979, 51556
152940,548, 23037, 979, 51556
152990,548, 23037, 979, 51556
153040,548, 23037, 9099, 51556
153132,548, 23037, 9099, 51556
153182,548, 23037, 9099, 51556
153318,548, 22697, 9099, 50374
153368,548, 22697, 9099, 50374
153418,548, 22697, 9099, 50374
153468,548, 22697, 9949, 50374
153518,548, 22697, 9949, 50374
153568,548, 22697, 9949, 50374
153618,548, 22697, 9949, 50374
153668,548, 22697, 9949, 50278
153718,548, 22697, 9949, 50278
153768,548, 22697, 9949, 50278
153818,548, 22697, 9949, 50278
153868,548, 22373, 10567, 50278
153918,548, 22373, 10567, 50278
153968,548, 22373, 10567, 50278
154018,548, 22373, 10567, 50278
154110,548, 22697, 10567, 50221
154160,548, 22697, 10567, 50221
154210,548, 22697, 10567, 50221
154260,548, 22697, 10743, 50221
154310,548, 22697, 10743, 50221
154446,548, 22373, 10743, 50188
154496,548, 22373, 10743, 50188
154546,548, 22373, 10743, 50188
154596,548, 22373, 10743, 50188
154646,548, 22697, 11102, 50188
154696,548, 22697, 11102, 50188
154746,548, 22697, 11102, 50188
154796,548, 22697, 11102, 50188
154846,548, 22697, 11102, 50153
154896,548, 22697, 11102, 50153
154946,548, 22697, 11102, 50153
155038,548, 22697, 11003, 50153
155088,548, 22697, 11003, 50153
155138,548, 22697, 11003, 50153
155188,548, 22697, 11003, 50153
155238,548, 22373, 11003, 50271
155288,548, 22373, 11003, 50271
155338,548, 22373, 11003, 50271
155388,548, 22373, 11003, 50271
155438,548, 23037, 11126, 50271
155574,548, 23037, 11126, 50271
155624,548, 23037, 11126, 50271
155674,548, 23037, 11126, 50121
155724,548, 23037, 11126, 50121
155774,548, 23037, 11126, 50121
155824,548, 22697, 11126, 50121
155874,548, 22697, 11121, 50121
155966,548, 22697, 11121, 50121
156016,548, 22697, 11121, 50121
156066,548, 23037, 11121, 50057
156116,548, 23037, 11121, 50057
156166,548, 23037, 11121, 50057
156216,548, 23037, 11121, 50057
156266,548, 22697, 11227, 50057
156316,548, 22697, 11227, 50057
156366,548, 22697, 11227, 50057
156416,548, 22697, 11227, 50057
156466,548, 23037, 11227, 50051
156516,548, 23037, 11227, 50051
156566,548, 23037, 11227, 50051
156702,548, 22697, 11057, 50051
156752,548, 22697, 11057, 50051
156802,548, 22697, 11057, 50051
156895,548, 22697, 11057, 49989
156945,548, 22697, 11057, 49989
156995,548, 22697, 11057, 49989
157045,548, 23392, 11466, 49989
157095,548, 23392, 11466, 49989
157145,548, 23392, 11466, 49989
157195,548, 23392, 11466, 49989
157245,548, 23392, 11466, 49986
157295,548, 23392, 11466, 49986
157345,548, 23392, 11466, 49986
157395,548, 23392, 11466, 49986
157445,548, 23392, 12129, 49986
157495,548, 23392, 12129, 49986
157631,548, 23747, 12129, 49986
157681,548, 23747, 12129, 49946
157731,548, 23747, 12129, 49946
157825,548, 23747, 12129, 49946
157875,548, 23747, 11632, 49946
157925,548, 23747, 11632, 49946
157975,548, 23747, 11632, 49946
158025,548, 23747, 11632, 49946
158075,548, 23747, 11632, 49942
158125,548, 23747, 11632, 49942
158175,548, 23747, 11632, 49942
158225,548, 24118, 11632, 49942
158275,548, 24118, 11938, 49942
158325,548, 24118, 11938, 49942
158375,548, 24118, 11938, 49942
158425,548, 24118, 11938, 49942
158475,548, 24118, 11938, 49936
158525,548, 24118, 11938, 49936
158575,548, 24118, 11938, 49936
158667,548, 24118, 11976, 49936
158802,548, 24118, 11976, 49936
158852,548, 24504, 11976, 49820
158902,548, 24504, 11976, 49820
158952,548, 24504, 11976, 49820
159002,548, 24504, 11976, 49820
159052,548, 24890, 11997, 49820
159102,548, 24890, 11997, 49820
159152,548, 24890, 11997, 49820
159202,548, 24890, 11997, 49820
159252,548, 24890, 11997, 49832
159302,548, 24890, 11997, 49832
159352,548, 24890, 11997, 49832
159402,548, 24890, 11997, 49832
159452,548, 24890, 12115, 49832
159502,548, 24890, 12115, 49832
159594,548, 24890, 12115, 49832
159644,548, 24890, 12115, 49832
159694,548, 24890, 12115, 49797
159744,548, 24890, 12115, 49797
159794,548, 24890, 12115, 49797
159930,548, 24504, 12256, 49797
159980,548, 24504, 12256, 49797
160030,548, 25724, 12256, 49797
160080,548, 25724, 12256, 49837
160130,548, 25724, 12256, 49837
160180,548, 25724, 12256, 49837
160230,548, 25724, 12256, 49837
160280,548, 25724, 8506, 49837
160330,548, 25724, 8506, 49837
160380,548, 25724, 8506, 49837
160430,548, 25724, 8506, 49837
160522,548, 25724, 8506, 50239
160572,548, 25724, 8506, 50239
160622,548, 25724, 8506, 50239
160672,548, 26156, 9177, 50239
160722,548, 26156, 9177, 50239
160772,548, 26156, 9177, 50239
160822,548, 26156, 9177, 50239
160872,548, 25307, 9177, 51150
160922,548, 25307, 9177, 51150
161058,548, 25307, 2454, 51150
161108,548, 25307, 2454, 51150
161158,548, 25307, 2454, 51150
161208,548, 25307, 2454, 51150
161258,548, 25307, 2454, 51150
161308,548, 25307, 2454, 51599
161358,548, 25307, 2454, 51599
161450,548, 25307, 2454, 51599
161500,548, 25307, 1864, 51599
161550,548, 25307, 1864, 51599
161600,548, 25307, 1864, 51599
161650,548, 26156, 1864, 51599
161700,548, 26156, 1864, 51587
161750,548, 26156, 1864, 51587
161800,548, 26156, 1864, 51587
161850,548, 25307, 1864, 51587
161900,548, 25307, 2369, 51587
161950,548, 25307, 2369, 51587
162000,548, 25307, 2369, 51587
162050,548, 25307, 2369, 51587
162186,548, 25307, 2369, 51446
162236,548, 25307, 2369, 51446
162286,548, 25307, 3676, 51446
162336,548, 25307, 3676, 51446
162428,548, 25307, 3676, 51446
162478,548, 25307, 3676, 51145
162528,548, 25307, 3676, 51145
162578,548, 25307, 3676, 51145
162628,548, 25307, 3676, 51145
162678,548, 25307, 5279, 51145
162728,548, 25307, 5279, 51145
162778,548, 25307, 5279, 51145
162828,548, 25724, 5279, 51145
162878,548, 25724, 5279, 50894
162928,548, 25724, 5279, 50894
162978,548, 25724, 5279, 50894
163028,548, 25307, 5279, 50894
163078,548, 25307, 6416, 50894
163128,548, 25307, 6416, 50894
163178,548, 25307, 6416, 50894
163356,548, 25307, 6416, 50755
163406,548, 25307, 6416, 50755
163456,548, 25307, 6416, 50755
163506,548, 25307, 7519, 50755
163556,548, 25307, 7519, 50755
163606,548, 25307, 7519, 50755
163656,548, 24890, 7519, 50755
163706,548, 24890, 7519, 50513
163756,548, 24890, 7519, 50513
163806,548, 24890, 7519, 50513
163856,548, 24890, 7519, 50513
163906,548, 24890, 8709, 50513
163956,548, 24890, 8709, 50513
164006,548, 24890, 8709, 50513
164056,548, 24504, 8709, 50513
164106,548, 24504, 8709, 50369
164156,548, 24504, 8709, 50369
164249,548, 24504, 8709, 50369
164299,548, 24504, 9322, 50369
164349,548, 24504, 9322, 50369
164485,548, 24504, 9322, 50400
164535,548, 24504, 9322, 50400
164585,548, 24504, 9322, 50400
164635,548, 24504, 9322, 50400
164685,548, 24504, 9707, 50400
164735,548, 24504, 9707, 50400
164785,548, 24504, 9707, 50400
164835,548, 24890, 9707, 50400
164885,548, 24890, 9707, 50182
164935,548, 24890, 9707, 50182
164985,548, 24890, 9707, 50182
165035,548, 24890, 9707, 50182
165085,548, 24890, 9988, 50182
165177,548, 24890, 9988, 50182
165227,548, 24118, 9988, 50182
165277,548, 24118, 9988, 50182
165327,548, 24118, 9988, 50095
165377,548, 24118, 9988, 50095
165427,548, 24118, 9988, 50095
165477,548, 24118, 9988, 50095
165612,548, 24118, 10165, 50095
165662,548, 24118, 10165, 50095
165712,548, 24118, 10165, 50095
165762,548, 24118, 10165, 50095
165812,548, 24118, 10165, 50095
165862,548, 24504, 10165, 50095
165912,548, 24504, 9799, 50095
165962,548, 24504, 9799, 50095
166012,548, 24504, 9799, 50095
166062,548, 24118, 9799, 50095
166196,548, 24118, 9799, 50464
166246,548, 24118, 9799, 50464
166296,548, 24118, 8012, 50464
166346,548, 24118, 8012, 50464
166396,548, 24118, 8012, 50464
166446,548, 23747, 8012, 50464
166496,548, 23747, 8012, 50679
166546,548, 23747, 8012, 50679
166596,548, 23747, 8012, 50679
166646,548, 24504, 8012, 50679
166951,548, 24504, 6458, 50934
167001,548, 24504, 6458, 50934
167051,548, 24118, 6458, 50934
167101,548, 24118, 5708, 50934
167151,548, 24118, 5708, 50934
167201,548, 24118, 5708, 50934
167293,548, 23747, 5708, 49898
167343,548, 23747, 5708, 49898
167393,548, 23747, 5708, 49898
167443,548, 23747, 5708, 49898
167493,548, 23747, 11501, 49898
167543,548, 23747, 11501, 49898
167593,548, 23747, 11501, 49898
167643,548, 24118, 11501, 49898
167693,548, 24118, 11501, 49894
167743,548, 24118, 11501, 49894
167793,548, 24118, 11501, 49894
167843,548, 24118, 11501, 49894
167893,548, 24118, 11726, 49894
167943,548, 24118, 11726, 49894
168120,548, 24118, 11726, 49565
168170,548, 24118, 11726, 49565
168262,548, 24118, 11726, 49565
168312,548, 24118, 11895, 49565
168362,548, 24118, 11895, 49565
168412,548, 24118, 11895, 49565
168462,548, 24118, 11895, 49565
168512,548, 24118, 11895, 49828
168562,548, 24118, 11895, 49828
168612,548, 24118, 11895, 49828
168662,548, 24504, 11895, 49828
168712,548, 24504, 11952, 49828
168762,548, 24504, 11952, 49828
168812,548, 24504, 11952, 49828
168862,548, 24890, 11952, 49828
168912,548, 24890, 11952, 49798
168962,548, 24890, 11952, 49798
169012,548, 24890, 11952, 49798
169104,548, 24504, 12094, 49798
169154,548, 24504, 12094, 49798
169290,548, 24504, 12094, 49798
169340,548, 24504, 12094, 49775
169390,548, 24504, 12094, 49775
169440,548, 25307, 12094, 49775
169490,548, 25307, 12094, 49775
169540,548, 25307, 12809, 49775
169590,548, 25307, 12809, 49775
169640,548, 24890, 12809, 49775
169690,548, 24890, 12809, 49775
169740,548, 24890, 12809, 49734
169790,548, 24890, 12809, 49734
169840,548, 25307, 12809, 49734
169890,548, 25307, 12809, 49734
169940,548, 25307, 12287, 49734
170032,548, 25307, 12287, 49734
170082,548, 25307, 12287, 49734
170132,548, 25307, 12287, 49420
170182,548, 25307, 12287, 49420
170232,548, 25307, 12287, 49420
170282,548, 25307, 12287, 49420
170418,548, 25307, 12434, 49420
170468,548, 25724, 12434, 49420
170518,548, 25724, 12434, 49705
170568,548, 25724, 12434, 49705
170618,548, 25724, 12434, 49705
170668,548, 25307, 12434, 49705
170718,548, 25307, 12383, 49705
170768,548, 25307, 12383, 49705
170818,548, 25307, 12383, 49705
170868,548, 26156, 12383, 49705
170960,548, 26156, 12383, 49665
171010,548, 26156, 12383, 49665
171060,548, 25724, 12383, 49665
171110,548, 25724, 12647, 49665
171160,548, 25724, 12647, 49665
171210,548, 25724, 12647, 49665
171260,548, 26156, 12647, 49665
171310,548, 26156, 12647, 49633
171360,548, 26156, 12647, 49633
171410,548, 26156, 12647, 49633
171546,548, 26156, 13153, 49633
171596,548, 26156, 13153, 49633
171646,548, 27082, 13153, 49633
171696,548, 27082, 13153, 49633
171746,548, 27082, 13153, 49603
171796,548, 27082, 13153, 49603
171889,548, 26619, 13153, 49603
171939,548, 26619, 12906, 49603
171989,548, 26619, 12906, 49603
172039,548, 27082, 12906, 49603
172089,548, 27082, 12906, 49603
172139,548, 27082, 12906, 49438
172189,548, 27082, 12906, 49438
172239,548, 27082, 12906, 49438
172289,548, 27082, 12906, 49438
172339,548, 27082, 13192, 49438
172475,548, 27561, 13192, 49438
172525,548, 27561, 13192, 49495
172575,548, 27561, 13192, 49495
172625,548, 27561, 13192, 49495
172675,548, 27561, 13192, 49495
172725,548, 27561, 13846, 49495
172817,548, 27561, 13846, 49495
172867,548, 27561, 13846, 49495
172917,548, 27561, 13846, 51207
172967,548, 27561, 13846, 51207
173017,548, 27561, 13846, 51207
173067,548, 27082, 13846, 51207
173117,548, 27082, 13846, 51207
173167,548, 27082, 2970, 51207
173217,548, 27082, 2970, 51207
173267,548, 27561, 2970, 51207
173317,548, 27561, 2970, 51207
173367,548, 27561, 2970, 51304
173417,548, 27561, 2970, 51304
173467,548, 27561, 2970, 51304
173602,548, 27561, 3061, 51304
173652,548, 28071, 3061, 51304
173702,548, 28071, 3061, 51304
173794,548, 28071, 3061, 51288
173844,548, 28071, 3061, 51288
173894,548, 28071, 3061, 51288
173944,548, 28071, 3339, 51288
173994,548, 28071, 3339, 51288
174044,548, 28071, 3339, 51288
174094,548, 28071, 3339, 51288
174144,548, 28071, 3339, 51203
174194,548, 28071, 3339, 51203
174244,548, 28071, 3339, 51203
174294,548, 28071, 3339, 51203
174344,548, 28071, 4104, 51203
174394,548, 28071, 4104, 51203
174444,548, 28071, 4104, 51203
174494,548, 28071, 4104, 51203
174544,548, 28071, 4104, 50952
174636,548, 28580, 4104, 50952
174773,548, 28580, 5762, 50952
174823,548, 28580, 5762, 50952
174873,548, 28071, 5762, 50952
174923,548, 28071, 5762, 50952
174973,548, 28071, 5762, 50743
175023,548, 28071, 5762, 50743
175073,548, 27561, 5762, 50743
175123,548, 27561, 5762, 50743
175173,548, 27561, 6893, 50743
175223,548, 27561, 6893, 50743
175273,548, 27561, 6893, 50743
175323,548, 27561, 6893, 50743
175373,548, 27561, 6893, 50480
175423,548, 27561, 6893, 50480
175473,548, 27082, 6893, 50480
175523,548, 27082, 6893, 50480
175615,548, 27082, 8382, 50480
175665,548, 27082, 8382, 50480
175715,548, 27082, 8382, 50480
175765,548, 27082, 8382, 50212
175901,548, 26619, 8382, 50212
175951,548, 26619, 10127, 50212
176001,548, 26619, 10127, 50212
176051,548, 26619, 10127, 50212
176101,548, 26619, 10127, 50212
176151,548, 26619, 10127, 49953
176201,548, 26619, 10127, 49953
176251,548, 27082, 10127, 49953
176301,548, 27082, 10127, 49953
176351,548, 27082, 11477, 49953
176401,548, 27082, 11477, 49953
176451,548, 26156, 11477, 49953
176543,548, 26156, 11477, 49837
176593,548, 26156, 11477, 49837
176643,548, 26156, 11477, 49837
176693,548, 26156, 11477, 49837
176743,548, 26156, 11071, 49837
176793,548, 26156, 11071, 49837
176843,548, 25724, 11071, 49837
176893,548, 25724, 11071, 49837
177029,548, 25307, 11071, 49872
177079,548, 25307, 11071, 49872
177129,548, 25307, 11071, 49872
177179,548, 25307, 11430, 49872
177229,548, 25724, 11430, 49872
177279,548, 25724, 11430, 49872
177329,548, 25724, 11430, 49872
177379,548, 25724, 11430, 50301
177471,548, 26156, 11430, 50301
177521,548, 26156, 11430, 50301
177571,548, 26156, 11313, 50301
177621,548, 26156, 11313, 50301
177671,548, 25724, 11313, 50301
177721,548, 25724, 11313, 50301
177771,548, 25724, 11313, 49871
177821,548, 25724, 11313, 49871
177871,548, 25724, 11313, 49871
177921,548, 25724, 11313, 49871
177971,548, 25724, 11458, 49871
178021,548, 25724, 11458, 49871
178157,548, 24890, 11458, 49806
178207,548, 24890, 11458, 49806
178257,548, 25307, 11458, 49806
178307,548, 25307, 11458, 49806
178399,548, 25307, 11671, 49806
178449,548, 24890, 11671, 49806
178499,548, 24890, 11671, 49806
178549,548, 24890, 11671, 49785
178599,548, 24890, 11671, 49785
178649,548, 25307, 11671, 49785
178699,548, 25307, 11671, 49785
178749,548, 25307, 8922, 49785
178799,548, 25307, 8922, 49785
178849,548, 24890, 8922, 49785
178899,548, 24890, 8922, 49785
178949,548, 24890, 8922, 49943
178999,548, 24890, 8922, 49943
179049,548, 24890, 8922, 49943
179099,548, 24890, 8922, 49943
179149,548, 24890, 10636, 49943
179327,548, 24504, 10636, 49943
179377,548, 24504, 10636, 50025
179427,548, 24890, 10636, 50025
179477,548, 24890, 10636, 50025
179527,548, 24890, 10636, 50025
179577,548, 24890, 10463, 50025
179627,548, 24890, 10463, 50025
179677,548, 24890, 10463, 50025
179727,548, 24890, 10463, 50025
179777,548, 24890, 10463, 50095
179827,548, 24890, 10463, 50095
179877,548, 24890, 10463, 50095
179927,548, 24890, 10463, 50095
179977,548, 24890, 9685, 50095
180027,548, 24890, 9685, 50095
180077,548, 24890, 9685, 50095
180169,548, 24890, 9685, 50157
180219,548, 24890, 9685, 50157
180269,548, 24890, 9685, 50157
180319,548, 24890, 9685, 50157
180454,548, 24118, 9240, 50157
180504,548, 24118, 9240, 50157
180554,548, 24118, 9240, 50157
180604,548, 24118, 9240, 50215
180654,548, 24890, 9240, 50215
180704,548, 24890, 9240, 50215
180754,548, 24890, 9240, 50215
180804,548, 24890, 9207, 50215
180854,548, 24890, 9207, 50215
180904,548, 24890, 9207, 50215
180954,548, 24890, 9207, 50215
181004,548, 24890, 9207, 50242
181054,548, 25307, 9207, 50242
181146,548, 25307, 9207, 50242
181196,548, 25307, 8893, 50242
181246,548, 24890, 8893, 50242
181296,548, 24890, 8893, 50242
181346,548, 24890, 8893, 50242
181396,548, 24890, 8893, 50270
181446,548, 24890, 8893, 50270
181581,548, 24890, 8731, 50270
181631,548, 24890, 8731, 50270
181681,548, 24890, 8731, 50270
181731,548, 24890, 8731, 50270
181781,548, 24890, 8731, 50298
181831,548, 24890, 8731, 50298
181881,548, 24890, 8731, 50298
181931,548, 24890, 8731, 50298
181981,548, 24890, 8465, 50298
182073,548, 25724, 8465, 50298
182123,548, 25724, 8465, 50298
182173,548, 25724, 8465, 50353
182223,548, 25724, 8465, 50353
182273,548, 24890, 8465, 50353
182323,548, 24890, 8465, 50353
182373,548, 24890, 5966, 50353
182423,548, 24890, 5966, 50353
182473,548, 24890, 5966, 50353
182523,548, 24890, 5966, 50353
182573,548, 24890, 5966, 51475
182709,548, 25307, 5966, 51475
182759,548, 25307, 5966, 51475
182809,548, 25307, 1795, 51475
182859,548, 24890, 1795, 51475
182909,548, 24890, 1795, 51475
182959,548, 24890, 1795, 51475
183051,548, 24890, 1795, 51527
183101,548, 24890, 1795, 51527
183151,548, 24890, 1795, 51527
183201,548, 24890, 1705, 51527
183251,548, 24890, 1705, 51527
183301,548, 24890, 1705, 51527
183351,548, 24890, 1705, 51527
183401,548, 24890, 1705, 51552
183451,548, 24504, 1705, 51552
183501,548, 24504, 1705, 51552
183551,548, 24504, 1705, 51552
183601,548, 24504, 1713, 51552
183651,548, 24890, 1713, 51552
183701,548, 24890, 1713, 51552
183837,548, 24890, 1713, 51582
183887,548, 24890, 1713, 51582
183979,548, 24890, 1681, 51582
184029,548, 24890, 1681, 51582
184079,548, 24890, 1681, 51582
184129,548, 24890, 1681, 51582
184179,548, 24890, 1681, 51590
184229,548, 24890, 1681, 51590
184279,548, 24890, 1681, 51590
184329,548, 24890, 1681, 51590
184379,548, 24890, 1666, 51590
184429,548, 24504, 1666, 51590
184479,548, 24504, 1666, 51590
184529,548, 24504, 1666, 51590
184579,548, 24504, 1666, 51583
184629,548, 24504, 1666, 51583
184679,548, 24504, 1666, 51583
184729,548, 24504, 1666, 51583
184779,548, 24504, 1783, 51583
184871,548, 24504, 1783, 51583
185006,548, 24504, 1783, 51612
185056,548, 24504, 1783, 51612
185106,548, 24504, 1783, 51612
185156,548, 24504, 1783, 51612
185206,548, 24504, 1657, 51612
185256,548, 24504, 1657, 51612
185306,548, 24504, 1657, 51612
185356,548, 24504, 1657, 51612
185406,548, 24504, 1657, 51625
185456,548, 24504, 1657, 51625
185506,548, 24504, 1657, 51625
185556,548, 24504, 1657, 51625
185606,548, 24504, 1763, 51625
185656,548, 23747, 1763, 51625
185706,548, 23747, 1763, 51625
185799,548, 23747, 1763, 51628
185849,548, 24890, 1763, 51628
185899,548, 24890, 1763, 51628
185949,548, 24890, 1763, 51628
185999,548, 24890, 1700, 51628
186135,548, 24504, 1700, 51628
186185,548, 24504, 1700, 51640
186235,548, 24118, 1700, 51640
186285,548, 24118, 1700, 51640
186335,548, 24118, 1700, 51640
186385,548, 24118, 2018, 51640
186435,548, 24118, 2018, 51640
186485,548, 24118, 2018, 51640
186535,548, 24118, 2018, 51640
186585,548, 24118, 2018, 51412
186635,548, 24118, 2018, 51412
186685,548, 24118, 2018, 51412
186778,548, 24118, 2018, 51412
186828,548, 24118, 3561, 51412
186878,548, 24118, 3561, 51412
186928,548, 24118, 3561, 51412
187064,548, 24118, 3561, 51227
187114,548, 24118, 3561, 51227
187164,548, 24118, 3561, 51227
187214,548, 24118, 4527, 51227
187264,548, 23747, 4527, 51227
187314,548, 23747, 4527, 51227
187364,548, 23747, 4527, 51227
187414,548, 23747, 4527, 51045
187464,548, 23392, 4527, 51045
187514,548, 23392, 4527, 51045
187564,548, 23392, 4527, 51045
187614,548, 23392, 5439, 51045
187706,548, 23392, 5439, 51045
187756,548, 23392, 5439, 51045
187806,548, 23392, 5439, 50899
187856,548, 23392, 5439, 50899
187906,548, 23392, 5439, 50899
187956,548, 23392, 5439, 50899
188006,548, 23392, 6185, 50899
188056,548, 23392, 6185, 50899
188191,548, 23392, 6185, 50899
188241,548, 23037, 6185, 50870
188291,548, 23037, 6185, 50870
188341,548, 23037, 6185, 50870
188391,548, 23037, 6185, 50870
188441,548, 23037, 7364, 50870
188491,548, 23037, 7364, 50870
188541,548, 23037, 7364, 50870
188591,548, 23037, 7364, 50870
188683,548, 23392, 7364, 50602
188733,548, 23392, 7364, 50602
188783,548, 23392, 7364, 50602
188833,548, 23747, 7497, 50602
188883,548, 23747, 7497, 50602
188933,548, 23747, 7497, 50602
188983,548, 23747, 7497, 50602
189033,548, 23392, 7497, 50522
189083,548, 23392, 7497, 50522
189133,548, 23392, 7497, 50522
189183,548, 23392, 7497, 50522
189318,548, 22697, 8383, 50522
189368,548, 22697, 8383, 50522
189418,548, 22697, 8383, 50493
189468,548, 23392, 8383, 50493
189518,548, 23392, 8383, 50493
189610,548, 23392, 8628, 50493
189660,548, 23392, 8628, 50493
189710,548, 23392, 8628, 50493
189760,548, 23392, 8628, 50493
189810,548, 23392, 8628, 50501
189860,548, 22697, 8628, 50501
189910,548, 22697, 8628, 50501
189960,548, 22697, 8628, 50501
190010,548, 22697, 7709, 50501
190060,548, 23037, 7709, 50501
190110,548, 23037, 7709, 50501
190160,548, 23037, 7709, 50501
190210,548, 23037, 7709, 50526
190260,548, 23037, 7709, 50526
190310,548, 23037, 7709, 50526
190446,548, 23037, 7712, 50526
190496,548, 23037, 7712, 50526
190588,548, 23037, 7712, 50526
190638,548, 22697, 7712, 50665
190688,548, 22697, 7712, 50665
190738,548, 22697, 7712, 50665
190788,548, 22697, 7712, 50665
190838,548, 22697, 6779, 50665
190888,548, 22697, 6779, 50665
190938,548, 22697, 6779, 50665
190988,548, 22697, 6779, 50665
191038,548, 22697, 6779, 50897
191088,548, 22697, 6779, 50897
191138,548, 22697, 6779, 50897
191188,548, 22697, 6779, 50897
191238,548, 22373, 5061, 50897
191288,548, 22373, 5061, 50897
191338,548, 22373, 5061, 50897
191430,548, 22049, 5061, 51187
191480,548, 22049, 5061, 51187
191616,548, 22049, 4132, 51187
191666,548, 22697, 4132, 51187
191716,548, 22697, 4132, 51187
191766,548, 22697, 4132, 51187
191816,548, 22697, 4132, 51223
191866,548, 22373, 4132, 51223
191916,548, 22373, 4132, 51223
191966,548, 22373, 4132, 51223
192016,548, 22373, 3739, 51223
192066,548, 22049, 3739, 51223
192116,548, 22049, 3739, 51223
192166,548, 22049, 3739, 51223
192216,548, 22049, 3739, 51298
192266,548, 22049, 3739, 51298
192316,548, 22049, 3739, 51298
192410,548, 22049, 3739, 51298
192460,548, 22373, 3635, 51298
192510,548, 22373, 3635, 51298
192560,548, 22373, 3635, 51298
192610,548, 22373, 3635, 51298
192746,548, 22049, 3635, 51354
192796,548, 22049, 3635, 51354
192846,548, 21740, 3281, 51354
192896,548, 21740, 3281, 51354
192946,548, 21740, 3281, 51354
192996,548, 21740, 3281, 51354
193046,548, 21740, 3281, 51377
193096,548, 21740, 3281, 51377
193146,548, 21740, 3281, 51377
193196,548, 21740, 3281, 51377
193246,548, 22049, 3319, 51377
193338,548, 22049, 3319, 51377
193388,548, 22049, 3319, 51377
193438,548, 21740, 3319, 51391
193488,548, 21740, 3319, 51391
193538,548, 21740, 3319, 51391
193588,548, 21740, 3319, 51391
193638,548, 21431, 3397, 51391
193688,548, 21431, 3397, 51391
193738,548, 21431, 3397, 51391
193874,548, 22049, 3397, 51354
193924,548, 22049, 3397, 51354
193974,548, 22049, 3397, 51354
194024,548, 22049, 3434, 51354
194074,548, 22049, 3434, 51354
194124,548, 22049, 3434, 51354
194174,548, 22049, 3434, 51354
194224,548, 21740, 3434, 51418
194317,548, 21740, 3434, 51418
194367,548, 21740, 3434, 51418
194417,548, 21740, 3434, 51418
194467,548, 22049, 3406, 51418
194517,548, 22049, 3406, 51418
194567,548, 22049, 3406, 51418
194617,548, 22049, 3406, 51418
194667,548, 22049, 3406, 51380
194717,548, 22049, 3406, 51380
194767,548, 22049, 3406, 51380
194817,548, 22049, 3406, 51380
194867,548, 21740, 3353, 51380
195003,548, 21740, 3353, 51380
195053,548, 21740, 3353, 51394
195103,548, 21740, 3353, 51394
195153,548, 21740, 3353, 51394
195245,548, 22373, 3600, 51394
195295,548, 22373, 3600, 51394
195345,548, 22373, 3600, 51394
195395,548, 22373, 3600, 51394
195445,548, 22049, 3600, 51356
195495,548, 22049, 3600, 51356
195545,548, 22049, 3600, 51356
195595,548, 22049, 3600, 51356
195645,548, 21431, 3386, 51356
195695,548, 21431, 3386, 51356
195745,548, 21431, 3386, 51356
195795,548, 21431, 3386, 51356
195845,548, 22049, 3386, 51400
195895,548, 22049, 3386, 51400
195945,548, 22049, 3386, 51400
195995,548, 22049, 3386, 51400
196130,548, 22049, 3277, 51400
196264,548, 22049, 3277, 51462
196314,548, 22049, 3277, 51462
196364,548, 22049, 3277, 51462
196414,548, 22049, 3277, 51462
196464,548, 21740, 2972, 51462
196514,548, 21740, 2972, 51462
196564,548, 21740, 2972, 51462
196614,548, 21740, 2972, 51462
196664,548, 22373, 2972, 51529
196714,548, 22373, 2972, 51529
196764,548, 22373, 2972, 51529
196814,548, 22373, 2972, 51529
196864,548, 22373, 8728, 51529
196914,548, 22373, 8728, 51529
196964,548, 22373, 8728, 51529
197014,548, 22373, 8728, 51529
197106,548, 22049, 8728, 50075
197156,548, 22049, 8728, 50075
197206,548, 22049, 8728, 50075
197512,548, 22697, 11101, 50036
197562,548, 22697, 11101, 50036
197612,548, 22697, 11101, 50036
197662,548, 23037, 11303, 50036
197712,548, 23037, 11303, 50036
197762,548, 23037, 11303, 50036
197812,548, 23037, 11303, 50036
197862,548, 22697, 11303, 49972
197912,548, 22697, 11303, 49972
197962,548, 22697, 11303, 49972
198012,548, 22697, 11303, 49972
198062,548, 23392, 11415, 49972
198112,548, 23392, 11415, 49972
198162,548, 23392, 11415, 49972
198254,548, 23392, 11415, 49759
198304,548, 23392, 11415, 49759
198354,548, 23392, 11415, 49759
198404,548, 23392, 11415, 49759
198454,548, 23747, 11583, 49759
198504,548, 23747, 11583, 49759
198681,548, 23747, 11583, 49916
198731,548, 23747, 11583, 49916
198781,548, 23747, 11583, 49916
198831,548, 23747, 11583, 49916
198881,548, 23747, 11608, 49916
198931,548, 23747, 11608, 49916
198981,548, 23747, 11608, 49916
199031,548, 24118, 11608, 49916
199081,548, 24118, 11608, 49919
199131,548, 24118, 11608, 49919
199223,548, 24118, 11608, 49919
199273,548, 24890, 11627, 49919
199323,548, 24890, 11627, 49919
199373,548, 24890, 11627, 49919
199423,548, 24890, 11627, 49919
199473,548, 24890, 11627, 49871
199523,548, 24890, 11627, 49871
199573,548, 24890, 11627, 49871
199623,548, 24890, 11627, 49871
199673,548, 24890, 10095, 49871
199809,548, 24890, 10095, 49871
199859,548, 24890, 10095, 49874
199909,548, 24890, 10095, 49874
199959,548, 24890, 10095, 49874
200009,548, 24890, 10095, 49874
200059,548, 24890, 11463, 49874
200151,548, 24890, 11463, 49874
200201,548, 24890, 11463, 49874
200251,548, 25307, 11463, 49874
200301,548, 25307, 11463, 49888
200351,548, 25307, 11463, 49888
200401,548, 25307, 11463, 49888
200451,548, 25307, 11463, 49888
200501,548, 25307, 11190, 49888
200551,548, 25307, 11190, 49888
200601,548, 25307, 11190, 49888
200651,548, 25307, 11190, 49888
200701,548, 25307, 11190, 49899
200751,548, 25307, 11190, 49899
200801,548, 25307, 11190, 49899
200937,548, 24890, 11326, 49899
200987,548, 24890, 11326, 49899
201079,548, 25307, 11326, 50120
201129,548, 25307, 11326, 50120
201179,548, 25307, 11326, 50120
201229,548, 25307, 11326, 50120
201279,548, 25307, 11227, 50120
201329,548, 25307, 11227, 50120
201379,548, 25307, 11227, 50120
201429,548, 25307, 11227, 50120
201479,548, 25307, 11227, 49891
201529,548, 25307, 11227, 49891
201579,548, 25307, 11227, 49891
201629,548, 24890, 11227, 49891
201679,548, 24890, 11180, 49891
201729,548, 24890, 11180, 49891
201865,548, 24890, 11180, 49890
201915,548, 24890, 11180, 49890
202008,548, 24890, 11180, 49890
202058,548, 24890, 11180, 49890
202108,548, 24890, 11120, 49890
202158,548, 24890, 11120, 49890
202208,548, 24890, 11120, 49890
202258,548, 24890, 11120, 49890
202308,548, 24890, 11120, 49981
202358,548, 24890, 11120, 49981
202408,548, 24890, 11120, 49981
202458,548, 24890, 11120, 49981
202508,548, 24890, 11018, 49981
202558,548, 24890, 11018, 49981
202608,548, 24890, 11018, 49981
202658,548, 25307, 11018, 49981
202708,548, 25307, 11018, 49943
202758,548, 25307, 11018, 49943
202850,548, 24504, 11018, 49943
202900,548, 24504, 10934, 49943
203035,548, 24504, 10934, 49943
203085,548, 24504, 10934, 49905
203135,548, 24504, 10934, 49905
203185,548, 24504, 10934, 49905
203235,548, 24504, 10934, 49905
203285,548, 24504, 10885, 49905
203335,548, 24504, 10885, 49905
203385,548, 24504, 10885, 49905
203435,548, 24504, 10885, 49905
203485,548, 24504, 10885, 49892
203535,548, 24504, 10885, 49892
203585,548, 24504, 10885, 49892
203635,548, 24504, 10885, 49892
203685,548, 24504, 11091, 49892
203777,548, 24504, 11091, 49892
203827,548, 24118, 11091, 49892
203877,548, 24118, 11091, 49863
203927,548, 24118, 11091, 49863
203977,548, 24118, 11091, 49863
204027,548, 23747, 11091, 49863
204162,548, 23747, 10078, 49863
204212,548, 23747, 10078, 49863
204262,548, 24118, 10078, 49863
204312,548, 24118, 10078, 49816
204362,548, 24118, 10078, 49816
204412,548, 24118, 10078, 49816
204462,548, 24118, 10078, 49816
204512,548, 24118, 11552, 49816
204562,548, 24118, 11552, 49816
204612,548, 24118, 11552, 49816
204704,548, 24118, 11552, 49792
204754,548, 24118, 11552, 49792
204804,548, 24118, 11552, 49792
204854,548, 24118, 11552, 49792
204904,548, 24118, 10827, 49792
204954,548, 24118, 10827, 49792
205004,548, 24118, 10827, 49792
205054,548, 24118, 10827, 49792
205104,548, 24118, 10827, 49768
205154,548, 24118, 10827, 49768
205290,548, 24504, 11715, 49768
205340,548, 24504, 11715, 49768
205390,548, 24504, 11715, 49768
205440,548, 24118, 11715, 49768
205490,548, 24118, 11715, 50340
205540,548, 24118, 11715, 50340
205632,548, 24118, 11715, 50340
205682,548, 24118, 11613, 50340
205732,548, 24118, 11613, 50340
205782,548, 24118, 11613, 50340
205832,548, 24118, 11613, 50340
205882,548, 24118, 11613, 49733
205932,548, 24118, 11613, 49733
205982,548, 24118, 11613, 49733
206032,548, 23747, 11613, 49733
206082,548, 23747, 11613, 49733
206132,548, 23747, 11861, 49733
206182,548, 23747, 11861, 49733
206232,548, 24118, 11861, 49733
206282,548, 24118, 11861, 49733
206418,548, 24118, 11861, 49688
206468,548, 24118, 11861, 49688
206560,548, 24118, 11813, 49688
206610,548, 24118, 11813, 49688
206660,548, 23747, 11813, 49688
206710,548, 23747, 11813, 49765
206760,548, 23747, 11813, 49765
206810,548, 23747, 11813, 49765
206860,548, 24118, 11813, 49765
206910,548, 24118, 11535, 49765
206960,548, 24118, 11535, 49765
207010,548, 24118, 11535, 49765
207060,548, 24118, 11535, 49765
207110,548, 24118, 11535, 49838
207160,548, 24118, 11535, 49838
207210,548, 24118, 11535, 49838
207260,548, 24118, 11535, 49838
207310,548, 24118, 11531, 49838
207402,548, 24118, 11531, 49838
207452,548, 24890, 11531, 49838
207588,548, 24890, 11531, 49814
207638,548, 24504, 11531, 49814
207688,548, 24504, 11531, 49814
207738,548, 24504, 11385, 49814
207788,548, 24504, 11385, 49814
207838,548, 24890, 11385, 49814
207888,548, 24890, 11385, 49814
207938,548, 24890, 11385, 49879
207988,548, 24890, 11385, 49879
208038,548, 24890, 11385, 49879
208088,548, 24890, 11385, 49879
208138,548, 24890, 9867, 49879
208188,548, 24890, 9867, 49879
208238,548, 25307, 9867, 49879
208330,548, 25307, 9867, 50139
208380,548, 25307, 9867, 50139
208430,548, 24890, 9867, 50139
208480,548, 24890, 9867, 50139
208530,548, 24890, 8384, 50139
208580,548, 24890, 8384, 50139
208717,548, 24504, 8384, 50268
208767,548, 24504, 8384, 50268
208817,548, 24504, 8384, 50268
208867,548, 24890, 8384, 50268
208917,548, 24890, 8551, 50268
208967,548, 24890, 8551, 50268
209017,548, 24890, 8551, 50268
209067,548, 25307, 8551, 50268
209117,548, 25307, 8551, 50315
209167,548, 25307, 8551, 50315
209260,548, 25307, 8551, 50315
209310,548, 25307, 7783, 50315
209360,548, 25307, 7783, 50315
209410,548, 25307, 7783, 50315
209460,548, 25307, 7783, 50315
209510,548, 25307, 7783, 50498
209560,548, 25307, 7783, 50498
209610,548, 25307, 7783, 50498
209660,548, 25307, 7783, 50498
209710,548, 25307, 6970, 50498
209846,548, 25724, 6970, 50498
209896,548, 25724, 6970, 50498
209946,548, 25724, 6970, 50643
209996,548, 25724, 6970, 50643
210046,548, 25307, 6970, 50643
210096,548, 25307, 6970, 50643
210146,548, 25307, 6289, 50643
210238,548, 25307, 6289, 50643
210288,548, 25307, 6289, 50643
210338,548, 25307, 6289, 50695
210388,548, 25307, 6289, 50695
210438,548, 25724, 6289, 50695
210488,548, 25724, 6289, 50695
210538,548, 25724, 2112, 50695
210588,548, 25724, 2112, 50695
210638,548, 25724, 2112, 50695
210688,548, 25724, 2112, 50695
210738,548, 25724, 2112, 51501
210788,548, 25724, 2112, 51501
210838,548, 26156, 2112, 51501
210973,548, 26156, 1572, 51501
211023,548, 26156, 1572, 51501
211073,548, 25307, 1572, 51501
211165,548, 25307, 1572, 51533
211215,548, 25307, 1572, 51533
211265,548, 25307, 1572, 51533
211315,548, 25307, 1464, 51533
211365,548, 25307, 1464, 51533
211415,548, 25307, 1464, 51533
211465,548, 25307, 1464, 51533
211515,548, 25307, 1464, 51552
211565,548, 25307, 1464, 51552
211615,548, 25307, 1464, 51552
211665,548, 25724, 1464, 51552
211715,548, 25724, 1429, 51552
211765,548, 25724, 1429, 51552
211815,548, 25724, 1429, 51552
211865,548, 25724, 1429, 51552
211915,548, 25724, 1429, 51573
211965,548, 25724, 1429, 51573
212143,548, 26156, 1454, 51573
212193,548, 26156, 1454, 51573
212243,548, 25307, 1454, 51573
212293,548, 25307, 1454, 51573
212343,548, 25307, 1454, 51584
212393,548, 25307, 1454, 51584
212443,548, 25307, 1454, 51584
212493,548, 25307, 1454, 51584
212543,548, 25307, 1476, 51584
212593,548, 25307, 1476, 51584
212643,548, 24890, 1476, 51584
212693,548, 24890, 1476, 51584
212743,548, 24890, 1476, 51604
212793,548, 24890, 1476, 51604
212843,548, 25307, 1476, 51604
212893,548, 25307, 1476, 51604
212985,548, 25307, 1470, 51604
213035,548, 24890, 1470, 51604
213085,548, 24890, 1470, 51604
213135,548, 24890, 1470, 51610
213271,548, 24504, 1470, 51610
213321,548, 24504, 1451, 51610
213371,548, 24504, 1451, 51610
213421,548, 24504, 1451, 51610
213471,548, 24118, 1451, 51610
213521,548, 24118, 1451, 51616
213571,548, 24118, 1451, 51616
213621,548, 24118, 1451, 51616
213671,548, 24118, 1451, 51616
213721,548, 24118, 1492, 51616
213771,548, 24118, 1492, 51616
213821,548, 24118, 1492, 51616
213871,548, 24118, 1492, 51616
213963,548, 24118, 1492, 51636
214013,548, 24118, 1492, 51636
214063,548, 23392, 1492, 51636
214113,548, 23392, 1492, 51636
214163,548, 23392, 1461, 51636
214213,548, 23392, 1461, 51636
214263,548, 23747, 1461, 51636
214399,548, 23747, 1461, 51104
214449,548, 23392, 1461, 51104
214499,548, 23392, 1461, 51104
214549,548, 23392, 8615, 51104
214599,548, 23392, 8615, 51104
214649,548, 23747, 8615, 51104
214699,548, 23747, 8615, 51104
214749,548, 23747, 8615, 51813
214799,548, 23747, 8615, 51813
214891,548, 23392, 8615, 51813
214941,548, 23392, 561, 51813
214991,548, 23392, 561, 51813
215041,548, 22697, 561, 51813
215091,548, 22697, 561, 51813
215141,548, 22697, 561, 51842
215191,548, 22697, 561, 51842
215241,548, 22697, 561, 51842
215291,548, 22697, 561, 51842
215341,548, 22697, 349, 51842
215391,548, 22697, 349, 51842
215527,548, 22697, 349, 51842
215577,548, 22697, 349, 51858
215627,548, 22697, 349, 51858
215677,548, 22697, 349, 51858
215727,548, 22697, 349, 51858
215777,548, 22697, 346, 51858
215869,548, 22049, 346, 51858
215919,548, 22049, 346, 51858
215969,548, 22049, 346, 51870
216019,548, 22049, 346, 51870
216069,548, 21740, 346, 51870
216119,548, 21740, 346, 51870
216169,548, 21740, 344, 51870
216219,548, 21740, 344, 51870
216269,548, 22049, 344, 51870
216319,548, 22049, 344, 51870
216455,548, 21740, 344, 51882
216505,548, 21740, 344, 51882
216555,548, 21740, 346, 51882
216605,548, 21740, 346, 51882
216655,548, 21138, 346, 51882
216705,548, 21138, 346, 51882
216755,548, 21138, 346, 51894
216848,548, 21431, 346, 51894
216898,548, 21431, 346, 51894
216948,548, 21431, 344, 51894
216998,548, 21431, 344, 51894
217048,548, 21138, 344, 51894
217098,548, 21138, 344, 51894
217148,548, 21138, 344, 51906
217198,548, 21138, 344, 51906
217248,548, 20860, 344, 51906
217298,548, 20860, 344, 51906
217348,548, 20860, 344, 51906
217398,548, 20860, 344, 51906
217448,548, 20860, 344, 51906
217584,548, 20860, 344, 51916
217634,548, 20860, 344, 51916
217684,548, 20860, 344, 51916
217734,548, 20860, 344, 51916
217826,548, 20582, 344, 51916
217876,548, 20582, 344, 51916
217926,548, 20582, 344, 51916
217976,548, 20582, 344, 51924
218026,548, 20582, 344, 51924
218076,548, 20582, 344, 51924
218126,548, 20582, 344, 51924
218176,548, 20582, 345, 51924
218226,548, 20582, 345, 51924
218276,548, 20582, 345, 51924
218326,548, 20582, 345, 51924
218376,548, 20582, 345, 51934
218426,548, 20304, 345, 51934
218476,548, 20304, 345, 51934
218526,548, 20304, 345, 51934
218576,548, 20304, 345, 51934
218711,548, 20304, 345, 51934
218803,548, 20304, 345, 51943
218853,548, 20582, 345, 51943
218903,548, 20582, 345, 51943
218953,548, 20582, 342, 51943
219003,548, 20582, 342, 51943
219053,548, 20041, 342, 51943
219103,548, 20041, 342, 51943
219153,548, 20041, 342, 51951
219203,548, 20041, 342, 51951
219253,548, 20041, 342, 51951
219303,548, 20041, 342, 51951
219353,548, 20041, 341, 51951
219403,548, 20041, 341, 51951
219453,548, 20304, 341, 51951
219503,548, 20304, 341, 51951
219553,548, 20304, 341, 51961
219603,548, 20304, 341, 51961
219653,548, 20041, 341, 51961
219745,548, 20041, 341, 51961
219881,548, 20041, 339, 51961
219931,548, 20041, 339, 51961
219981,548, 20041, 339, 51968
220031,548, 20041, 339, 51968
220081,548, 20041, 339, 51968
220131,548, 20041, 339, 51968
220181,548, 20041, 340, 51968
220231,548, 19532, 340, 51968
220281,548, 19532, 340, 51968
220331,548, 19532, 340, 51968
220381,548, 19532, 340, 51976
220431,548, 20041, 340, 51976
220481,548, 20041, 340, 51976
220531,548, 20041, 340, 51976
220581,548, 20041, 205, 51976
220631,548, 19532, 205, 51976
220723,548, 19532, 205, 51976
220773,548, 19532, 205, 52008
220823,548, 19532, 205, 52008
220873,548, 19532, 205, 52008
221009,548, 19532, 198, 52008
221059,548, 19532, 198, 52008
221109,548, 19532, 198, 52008
221159,548, 19532, 198, 51958
221209,548, 19532, 198, 51958
221259,548, 19532, 198, 51958
221309,548, 19532, 198, 51958
221359,548, 19532, 301, 51958
221409,548, 19532, 301, 51958
221459,548, 19532, 301, 51958
221509,548, 19532, 301, 51958
221559,548, 19532, 301, 51958
221609,548, 19532, 301, 52009
221701,548, 19794, 301, 52009
221751,548, 19794, 301, 52009
221801,548, 19794, 272, 52009
221851,548, 19300, 272, 52009
221901,548, 19300, 272, 52009
221951,548, 19300, 272, 52009
222001,548, 19300, 272, 52018
222137,548, 19300, 272, 52018
222187,548, 19300, 274, 52018
222237,548, 18822, 274, 52018
222287,548, 18822, 274, 52018
222337,548, 18822, 274, 52018
222387,548, 18822, 274, 52007
222437,548, 19053, 274, 52007
222487,548, 19053, 274, 52007
222537,548, 19053, 274, 52007
222587,548, 19053, 363, 52007
222679,548, 19300, 363, 52007
222729,548, 19300, 363, 52007
222779,548, 19300, 363, 52002
222829,548, 19053, 363, 52002
222879,548, 19053, 363, 52002
222929,548, 19053, 363, 52002
222979,548, 19053, 440, 52002
223029,548, 19053, 440, 52002
223079,548, 19053, 440, 52002
223129,548, 19053, 440, 52002
223265,548, 19300, 440, 52009
223315,548, 19300, 440, 52009
223365,548, 19300, 440, 52009
223415,548, 19300, 432, 52009
223465,548, 19300, 432, 52009
223515,548, 19300, 432, 52009
223565,548, 19300, 432, 52009
223657,548, 19300, 432, 52017
223707,548, 19300, 432, 52017
223757,548, 19300, 432, 52017
223807,548, 19300, 428, 52017
223857,548, 19532, 428, 52017
223907,548, 19532, 428, 52017
223957,548, 19532, 428, 52017
224007,548, 19532, 428, 52022
224057,548, 19300, 428, 52022
224107,548, 19300, 428, 52022
224157,548, 19300, 428, 52022
224207,548, 19300, 427, 52022
224257,548, 19300, 427, 52022
224393,548, 19300, 427, 52027
224443,548, 19300, 427, 52027
224493,548, 19300, 427, 52027
224543,548, 19300, 427, 52027
224636,548, 19053, 428, 52027
224686,548, 19053, 428, 52027
224736,548, 19053, 428, 52027
224786,548, 19053, 428, 51417
224836,548, 19053, 428, 51417
224886,548, 19053, 428, 51417
224936,548, 19053, 428, 51417
224986,548, 19053, 7004, 51417
225036,548, 19053, 7004, 51417
225086,548, 19053, 7004, 51417
225136,548, 19053, 7004, 51417
225186,548, 19053, 7004, 49950
225236,548, 19053, 7004, 49950
225286,548, 19053, 7004, 49950
225336,548, 19053, 7004, 49950
225386,548, 19053, 13701, 49950
225522,548, 19053, 13701, 49950
225614,548, 19053, 13701, 49471
225664,548, 18822, 13701, 49471
225714,548, 18822, 13701, 49471
225764,548, 18822, 13701, 49471
225814,548, 18822, 14632, 49471
225864,548, 18822, 14632, 49471
225914,548, 18822, 14632, 49471
225964,548, 18822, 14632, 49471
226014,548, 18822, 14632, 49965
226064,548, 19053, 14632, 49965
226114,548, 19053, 14632, 49965
226164,548, 19053, 14632, 49965
226214,548, 19053, 11604, 49965
226264,548, 19053, 11604, 49965
226314,548, 19053, 11604, 49965
226364,548, 19053, 11604, 49965
226498,548, 19053, 11604, 50048
226548,548, 19053, 11604, 50048
226598,548, 19053, 11331, 50048
226905,548, 19053, 11331, 50038
226955,548, 19053, 11331, 50038
227005,548, 19053, 11310, 50038
227055,548, 19053, 11310, 50038
227105,548, 19053, 11310, 50038
227155,548, 19053, 11310, 50038
227205,548, 19053, 11310, 50045
227255,548, 19053, 11310, 50045
227305,548, 19053, 11310, 50045
227355,548, 19053, 11310, 50045
227405,548, 19053, 11172, 50045
227455,548, 19053, 11172, 50045
227505,548, 19053, 11172, 50045
227597,548, 19053, 11172, 50035
227647,548, 18590, 11172, 50035
227697,548, 18590, 11172, 50035
227747,548, 18590, 11172, 50035
227797,548, 18590, 11227, 50035
227847,548, 18822, 11227, 50035
227897,548, 18822, 11227, 50035
228074,548, 18822, 11227, 50024
228124,548, 18822, 11227, 50024
228174,548, 18822, 11227, 50024
228224,548, 18590, 11179, 50024
228274,548, 18590, 11179, 50024
228324,548, 18590, 11179, 50024
228374,548, 18590, 11179, 50024
228424,548, 19053, 11179, 50574
228474,548, 19053, 11179, 50574
228566,548, 19053, 11179, 50574
228616,548, 19053, 1082, 50574
228666,548, 18590, 1082, 50574
228716,548, 18590, 1082, 50574
228766,548, 18590, 1082, 50574
228816,548, 18590, 1082, 51870
228866,548, 18374, 1082, 51870
228916,548, 18374, 1082, 51870
228966,548, 18374, 1082, 51870
229016,548, 18374, 316, 51870
229066,548, 18590, 316, 51870
229202,548, 18590, 316, 51907
229252,548, 18374, 316, 51907
229302,548, 18374, 316, 51907
229352,548, 18374, 316, 51907
229402,548, 18374, 279, 51907
229494,548, 18590, 279, 51907
229544,548, 18590, 279, 51907
229594,548, 18590, 279, 51907
229644,548, 18374, 279, 51928
229694,548, 18374, 279, 51928
229744,548, 18374, 279, 51928
229794,548, 18374, 279, 51928
229844,548, 17941, 276, 51928
229894,548, 17941, 276, 51928
229944,548, 17941, 276, 51928
229994,548, 17941, 276, 51928
230044,548, 17941, 276, 51928
230094,548, 17941, 276, 51928
230144,548, 17941, 276, 51928
230194,548, 17941, 276, 51928
230330,548, 17540, 366, 51928
230380,548, 17540, 366, 51928
230472,548, 17741, 366, 51932
230522,548, 17741, 366, 51932
230572,548, 17741, 366, 51932
230622,548, 17741, 433, 51932
230672,548, 17540, 433, 51932
230722,548, 17540, 433, 51932
230772,548, 17540, 433, 51932
230822,548, 17540, 433, 51945
230872,548, 17941, 433, 51945
230922,548, 17941, 433, 51945
230972,548, 17941, 433, 51945
231022,548, 17941, 431, 51945
231072,548, 17741, 431, 51945
231122,548, 17741, 431, 51945
231258,548, 16953, 431, 51957
231308,548, 16953, 431, 51957
231358,548, 16953, 431, 51957
231450,548, 17540, 428, 51957
231500,548, 17540, 428, 51957
231550,548, 17540, 428, 51957
231600,548, 17540, 428, 51957
231650,548, 17154, 428, 51968
231700,548, 17154, 428, 51968
231750,548, 17154, 428, 51968
231800,548, 17154, 428, 51968
231850,548, 17339, 426, 51968
231900,548, 17339, 426, 51968
231950,548, 17339, 426, 51968
232000,548, 17339, 426, 51968
232050,548, 16768, 426, 51978
232100,548, 16768, 426, 51978
232150,548, 16768, 426, 51978
232200,548, 16768, 426, 51978
232250,548, 16768, 426, 51978
232428,548, 16598, 426, 51658
232478,548, 16598, 426, 51658
232528,548, 16598, 426, 51658
232578,548, 16598, 426, 51658
232628,548, 16598, 2420, 51658
232678,548, 16598, 2420, 51658
232728,548, 16598, 2420, 51658
232778,548, 16598, 2420, 51658
232828,548, 16243, 2420, 51615
232878,548, 16243, 2420, 51615
232928,548, 16243, 2420, 51615
232978,548, 16243, 2420, 51615
233028,548, 16413, 2703, 51615
233078,548, 16413, 2703, 51615
233128,548, 16413, 2703, 51615
233178,548, 16413, 2703, 51615
233228,548, 16243, 2703, 51582
233320,548, 16243, 2703, 51582
233370,548, 16243, 2703, 51582
233420,548, 16243, 2881, 51582
233555,548, 15903, 2881, 51582
233605,548, 15903, 2881, 51582
233655,548, 16073, 2881, 51556
233705,548, 16073, 2881, 51556
233755,548, 16073, 2881, 51556
233805,548, 16073, 2881, 51556
233855,548, 15749, 3053, 51556
233905,548, 15749, 3053, 51556
233955,548, 15749, 3053, 51556
234005,548, 15749, 3053, 51556
234055,548, 15749, 3053, 51528
234105,548, 15749, 3053, 51528
234155,548, 15749, 3053, 51528
234205,548, 15749, 3053, 51528
234297,548, 15440, 3188, 51528
234347,548, 15440, 3188, 51528
234397,548, 15440, 3188, 51528
234447,548, 15595, 3188, 51516
234497,548, 15595, 3188, 51516
234547,548, 15595, 3188, 51516
234682,548, 15286, 3278, 51516
234732,548, 15286, 3278, 51516
234782,548, 15286, 3278, 51516
234832,548, 15286, 3278, 51500
234882,548, 15286, 3278, 51500
234932,548, 15286, 3278, 51500
234982,548, 15286, 3278, 51500
235032,548, 15131, 3376, 51500
235082,548, 15131, 3376, 51500
235132,548, 15131, 3376, 51500
235224,548, 15131, 3376, 51500
235274,548, 15131, 3376, 51489
235324,548, 15131, 3376, 51489
235374,548, 15131, 3376, 51489
235424,548, 14838, 3376, 51489
235474,548, 14838, 3431, 51489
235524,548, 14838, 3431, 51489
235574,548, 14838, 3431, 51489
235624,548, 14838, 3431, 51489
235674,548, 14838, 3431, 51478
235810,548, 14838, 3431, 51478
235860,548, 14560, 3495, 51478
235910,548, 14560, 3495, 51478
235960,548, 14560, 3495, 51478
236010,548, 14560, 3495, 51478
236060,548, 14421, 3495, 51469
236110,548, 14421, 3495, 51469
236202,548, 14421, 3495, 51469
236252,548, 14421, 3548, 51469
236302,548, 14421, 3548, 51469
236352,548, 14421, 3548, 51469
236402,548, 14421, 3548, 51469
236452,548, 14421, 3548, 51464
236502,548, 14421, 3548, 51464
236552,548, 14421, 3548, 51464
236602,548, 14421, 3548, 51464
236652,548, 14421, 3571, 51464
236702,548, 14421, 3571, 51464
236752,548, 14421, 3571, 51464
236802,548, 14421, 3571, 51464
236938,548, 14159, 3571, 52004
236988,548, 14159, 3571, 52004
237038,548, 14159, 417, 52004
237130,548, 14159, 417, 52004
237180,548, 14159, 417, 52004
237230,548, 14035, 417, 52004
237280,548, 14035, 417, 52020
237330,548, 14035, 417, 52020
237380,548, 14035, 417, 52020
237430,548, 14035, 417, 52020
237480,548, 14035, 345, 52020
237530,548, 14035, 345, 52020
237580,548, 14035, 345, 52020
237630,548, 14035, 345, 52020
237680,548, 14035, 345, 52030
237730,548, 14035, 345, 52030
237780,548, 14035, 345, 52030
237830,548, 13773, 345, 52030
237880,548, 13773, 342, 52030
237930,548, 13773, 342, 52030
238108,548, 13773, 342, 52039
238158,548, 13773, 342, 52039
238208,548, 13773, 342, 52039
238258,548, 13773, 342, 52039
238308,548, 13773, 342, 52039
238358,548, 13773, 342, 52039
238408,548, 13773, 342, 52039
238458,548, 13649, 342, 52047
238508,548, 13649, 342, 52047
238558,548, 13649, 342, 52047
238608,548, 13649, 342, 52047
238658,548, 13649, 343, 52047
238708,548, 13649, 343, 52047
238758,548, 13649, 343, 52047
238808,548, 13649, 343, 52047
238858,548, 13773, 343, 52054
238908,548, 13773, 343, 52054
239001,548, 13773, 343, 52054
239051,548, 13541, 277, 52054
239101,548, 13541, 277, 52054
239237,548, 13649, 277, 52054
239287,548, 13649, 277, 52086
239337,548, 13649, 277, 52086
239387,548, 13649, 277, 52086
239437,548, 13309, 277, 52086
239487,548, 13309, 198, 52086
239537,548, 13309, 198, 52086
239587,548, 13309, 198, 52086
239637,548, 13417, 198, 52086
239687,548, 13417, 198, 52092
239737,548, 13417, 198, 52092
239787,548, 13417, 198, 52092
239837,548, 13417, 198, 52092
239887,548, 13417, 197, 52092
239980,548, 13417, 197, 52092
240030,548, 13541, 197, 52092
240080,548, 13541, 197, 52084
240130,548, 13541, 197, 52084
240180,548, 13541, 197, 52084
240230,548, 13541, 197, 52084
240366,548, 13541, 288, 52084
240416,548, 13541, 288, 52084
240466,548, 13417, 288, 52092
240516,548, 13417, 288, 52092
240566,548, 13417, 288, 52092
240616,548, 13417, 288, 52092
240666,548, 13649, 272, 52092
240716,548, 13649, 272, 52092
240766,548, 13649, 272, 52092
240816,548, 13649, 272, 52092
240866,548, 13417, 272, 52098
240958,548, 13417, 272, 52098
241008,548, 13417, 272, 52098
241058,548, 13541, 272, 52098
241108,548, 13541, 272, 52098
241158,548, 13541, 272, 52098
241208,548, 13541, 272, 52098
241258,548, 13417, 272, 52098
241308,548, 13417, 272, 52087
241358,548, 13417, 272, 52087
241493,548, 13541, 364, 52087
241543,548, 13541, 364, 52087
241593,548, 13541, 364, 52087
241643,548, 13649, 364, 52087
241693,548, 13649, 364, 52080
241743,548, 13649, 364, 52080
241793,548, 13649, 364, 52080
241843,548, 13649, 364, 52080
241893,548, 13649, 449, 52080
241985,548, 13649, 449, 52080
242035,548, 13541, 449, 52080
242085,548, 13541, 449, 52083
242135,548, 13541, 449, 52083
242185,548, 13541, 449, 52083
242235,548, 13649, 449, 52083
242285,548, 13649, 451, 52083
242335,548, 13649, 451, 52083
242385,548, 13649, 451, 52083
242435,548, 13773, 451, 52083
242485,548, 13773, 451, 52089
242620,548, 13773, 451, 52089
242670,548, 13649, 444, 52089
242720,548, 13649, 444, 52089
242770,548, 13649, 444, 52089
242820,548, 13649, 444, 52089
242870,548, 13896, 444, 52092
242962,548, 13896, 444, 52092
243012,548, 13896, 444, 52092
243062,548, 13773, 444, 52092
243112,548, 13773, 442, 52092
243162,548, 13773, 442, 52092
243212,548, 13773, 442, 52092
243262,548, 13773, 442, 52092
243312,548, 13773, 442, 52096
243362,548, 13773, 442, 52096
243412,548, 13773, 442, 52096
243462,548, 13773, 442, 52096
243512,548, 13773, 443, 52096
243562,548, 13773, 443, 52096
243612,548, 13773, 443, 52096
243749,548, 14035, 443, 51542
243799,548, 14035, 443, 51542
243849,548, 14035, 443, 51542
243941,548, 14035, 4323, 51542
243991,548, 14035, 4323, 51542
244041,548, 13896, 4323, 51542
244091,548, 13896, 4323, 50996
244141,548, 13896, 4323, 50996
244191,548, 13896, 4323, 50996
244241,548, 14282, 4323, 50996
244291,548, 14282, 6905, 50996
244341,548, 14282, 6905, 50996
244391,548, 14282, 6905, 50996
244441,548, 14282, 6905, 50996
244491,548, 14282, 6905, 51028
244541,548, 14282, 6905, 51028
244591,548, 14282, 6905, 51028
244641,548, 14699, 6905, 51028
244691,548, 14699, 6622, 51028
244783,548, 14699, 6622, 51028
244919,548, 14699, 6622, 50979
244969,548, 14699, 6622, 50979
245019,548, 14699, 6622, 50979
245069,548, 14977, 6622, 50979
245119,548, 14977, 6588, 50979
245169,548, 14977, 6588, 50979
245219,548, 14977, 6588, 50979
245269,548, 15131, 6588, 50979
245319,548, 15131, 6588, 51027
245369,548, 15131, 6588, 51027
245419,548, 15131, 6588, 51027
245469,548, 15286, 6588, 51027
245519,548, 15286, 6347, 51027
245569,548, 15286, 6347, 51027
245619,548, 15286, 6347, 51027
245669,548, 15286, 6347, 51027
245847,548, 15440, 6347, 50727
245897,548, 15440, 8114, 50727
245947,548, 15440, 8114, 50727
245997,548, 15440, 8114, 50727
246047,548, 15440, 8114, 50727
246097,548, 15440, 8114, 50976
246147,548, 15440, 8114, 50976
246197,548, 15440, 8114, 50976
246247,548, 15749, 8114, 50976
246297,548, 15749, 7636, 50976
246347,548, 15749, 7636, 50976
246397,548, 15749, 7636, 50976
246447,548, 15749, 7636, 50976
246497,548, 15749, 7636, 50578
246547,548, 15749, 7636, 50578
246597,548, 15749, 7636, 50578
246689,548, 16243, 9007, 50578
246739,548, 16243, 9007, 50578
246789,548, 16243, 9007, 50578
246839,548, 16073, 9007, 50578
246975,548, 16073, 9007, 50523
247025,548, 16413, 9007, 50523
247075,548, 16413, 9007, 50523
247125,548, 16413, 9155, 50523
247175,548, 16413, 9155, 50523
247225,548, 16598, 9155, 50523
247275,548, 16598, 9155, 50523
247325,548, 16598, 9155, 50529
247375,548, 16598, 9155, 50529
247425,548, 16953, 9155, 50529
247475,548, 16953, 9155, 50529
247525,548, 16953, 9069, 50529
247575,548, 16953, 9069, 50529
247668,548, 17154, 9069, 50529
247718,548, 17154, 9069, 50506
247768,548, 17154, 9069, 50506
247818,548, 17154, 9069, 50506
247868,548, 16953, 9069, 50506
247918,548, 16953, 9120, 50506
247968,548, 16953, 9120, 50506
248104,548, 17540, 9120, 50600
248154,548, 17540, 9120, 50600
248204,548, 17540, 9120, 50600
248254,548, 17154, 9120, 50600
248304,548, 17154, 9278, 50600
248354,548, 17154, 9278, 50600
248404,548, 17154, 9278, 50600
248454,548, 17741, 9278, 50600
248504,548, 17741, 9278, 50473
248596,548, 17741, 9278, 50473
248646,548, 17741, 9278, 50473
248696,548, 17741, 9331, 50473
248746,548, 17741, 9331, 50473
248796,548, 17741, 9331, 50473
248846,548, 17941, 9331, 50473
248896,548, 17941, 9331, 50473
248946,548, 17941, 9331, 50193
248996,548, 17941, 9331, 50193
249046,548, 18158, 9331, 50193
249096,548, 18158, 9331, 50193
249231,548, 17741, 9493, 50193
249281,548, 17741, 9493, 50193
249331,548, 17741, 9493, 50440
249381,548, 17741, 9493, 50440
249431,548, 18590, 9493, 50440
249481,548, 18590, 9493, 50440
249573,548, 18590, 9181, 50440
249623,548, 18590, 9181, 50440
249673,548, 18158, 9181, 50440
249723,548, 18158, 9181, 50439
249773,548, 18158, 9181, 50439
249823,548, 18158, 9181, 50439
249873,548, 18158, 9181, 50439
249923,548, 18158, 9268, 50439
249973,548, 18158, 9268, 50439
250023,548, 18158, 9268, 50439
250073,548, 18822, 9268, 50439
250123,548, 18822, 9268, 50088
250173,548, 18822, 9268, 50088
250223,548, 18822, 9268, 50088
250358,548, 18158, 9436, 50088
250408,548, 18158, 9436, 50088
250500,548, 18590, 9436, 50088
250550,548, 18590, 9436, 50374
250600,548, 18590, 9436, 50374
250650,548, 18590, 9436, 50374
250700,548, 18590, 9436, 50374
250750,548, 18590, 9389, 50374
250800,548, 18590, 9389, 50374
250850,548, 18822, 9389, 50374
250900,548, 18822, 9389, 50374
250950,548, 18822, 9389, 50067
251000,548, 18822, 9389, 50067
251050,548, 19053, 9389, 50067
251100,548, 19053, 9389, 50067
251150,548, 19053, 10079, 50067
251200,548, 19053, 10079, 50067
251250,548, 18590, 10079, 50067
251300,548, 18590, 10079, 50067
251392,548, 18590, 10079, 50348
251528,548, 18822, 9834, 50348
251578,548, 18822, 9834, 50348
251628,548, 19053, 9834, 50348
251678,548, 19053, 9834, 50348
251728,548, 19053, 9834, 50314
251778,548, 19053, 9834, 50314
251828,548, 19053, 9834, 50314
251878,548, 19053, 9834, 50314
251928,548, 19053, 10168, 50314
251978,548, 19053, 10168, 50314
252028,548, 19300, 10168, 50314
252078,548, 19300, 10168, 50314
252128,548, 19300, 10168, 50243
252178,548, 19300, 10168, 50243
252228,548, 19300, 10168, 50243
252320,548, 19300, 9820, 50243
252370,548, 19300, 9820, 50243
252420,548, 19300, 9820, 50243
252470,548, 19300, 9820, 50243
252520,548, 19300, 9820, 50204
252656,548, 19794, 9820, 50204
252706,548, 19794, 9820, 50204
252756,548, 19794, 10272, 50204
252806,548, 19794, 10272, 50204
252856,548, 19300, 10272, 50204
252906,548, 19300, 10272, 50204
252956,548, 19300, 10272, 50092
253006,548, 19300, 10272, 50092
253056,548, 19794, 10272, 50092
253106,548, 19794, 10272, 50092
253156,548, 19794, 10612, 50092
253249,548, 20041, 10612, 50092
253299,548, 20041, 10612, 50092
253349,548, 20041, 10612, 50083
253399,548, 20041, 10612, 50083
253449,548, 19794, 10612, 50083
253499,548, 19794, 10612, 50083
253549,548, 19794, 10750, 50083
253599,548, 19794, 10750, 50083
253649,548, 20041, 10750, 50083
253785,548, 20041, 10750, 51816
253835,548, 20304, 10750, 51816
253885,548, 20304, 10750, 51816
253935,548, 20304, 584, 51816
253985,548, 20304, 584, 51816
254035,548, 20041, 584, 51816
254085,548, 20041, 584, 51816
254177,548, 20041, 584, 51857
254227,548, 20304, 584, 51857
254277,548, 20304, 584, 51857
254327,548, 20304, 352, 51857
254377,548, 20304, 352, 51857
254427,548, 20304, 352, 51857
254477,548, 20304, 352, 51857
254527,548, 20304, 352, 51881
254577,548, 20304, 352, 51881
254627,548, 19794, 352, 51881
254677,548, 19794, 352, 51881
254727,548, 19794, 345, 51881
254777,548, 19794, 345, 51881
254913,548, 19794, 345, 51881
254963,548, 19794, 345, 51902
255013,548, 19794, 345, 51902
255063,548, 19532, 345, 51902
255156,548, 19532, 343, 51902
255206,548, 19532, 343, 51902
255256,548, 19532, 343, 51902
255306,548, 19532, 343, 51902
255356,548, 19532, 343, 51918
255406,548, 19532, 343, 51918
255456,548, 19532, 343, 51918
255506,548, 19532, 343, 51918
255556,548, 19532, 341, 51918
255606,548, 19532, 341, 51918
255656,548, 19300, 341, 51918
255706,548, 19300, 341, 51918
255756,548, 19300, 341, 51933
255806,548, 19300, 341, 51933
255856,548, 19300, 341, 51933
255906,548, 19300, 341, 51933
256042,548, 19532, 343, 51933
256092,548, 19532, 343, 51933
256184,548, 19532, 343, 51947
256234,548, 19053, 343, 51947
256284,548, 19053, 343, 51947
256334,548, 19053, 346, 51947
256384,548, 19053, 346, 51947
256434,548, 19532, 346, 51947
256484,548, 19532, 346, 51947
256534,548, 19532, 346, 51947
256584,548, 19532, 346, 51960
256634,548, 19053, 346, 51960
256684,548, 19053, 346, 51960
256734,548, 19053, 346, 51960
256784,548, 19053, 344, 51960
256834,548, 19053, 344, 51960
256884,548, 19053, 344, 51960
256934,548, 19053, 344, 51960
256984,548, 19053, 344, 51970
257118,548, 19300, 344, 51970
257424,548, 18822, 344, 51982
257474,548, 18822, 344, 51982
257524,548, 18822, 344, 51982
257574,548, 18822, 342, 51982
257624,548, 19053, 342, 51982
257674,548, 19053, 342, 51982
257724,548, 19053, 342, 51982
257774,548, 19053, 342, 52012
257824,548, 18822, 342, 52012
257874,548, 18822, 342, 52012
257924,548, 18822, 342, 52012
257974,548, 18822, 206, 52012
258024,548, 18822, 206, 52012
258074,548, 18822, 206, 52012
258124,548, 18822, 206, 52012
258174,548, 18822, 206, 52009
258266,548, 18590, 206, 52009
258316,548, 18590, 206, 52009
258366,548, 18590, 286, 52009
258416,548, 18590, 286, 52009
258593,548, 18590, 286, 52021
258643,548, 18590, 286, 52021
258693,548, 18590, 286, 52021
258743,548, 18590, 286, 52021
258793,548, 18590, 273, 52021
258843,548, 18374, 273, 52021
258893,548, 18374, 273, 52021
258943,548, 18374, 273, 52021
258993,548, 18374, 273, 52028
259043,548, 18374, 273, 52028
259093,548, 18374, 273, 52028
259143,548, 18374, 273, 52028
259193,548, 18374, 273, 52028
259285,548, 18158, 273, 52028
259335,548, 18158, 273, 52028
259385,548, 18158, 273, 52022
259435,548, 18158, 273, 52022
259485,548, 18158, 273, 52022
259535,548, 18158, 273, 52022
259585,548, 18158, 368, 52022
259721,548, 18590, 368, 52022
259771,548, 18590, 368, 52015
259821,548, 18590, 368, 52015
259871,548, 18158, 368, 52015
259921,548, 18158, 368, 52015
259971,548, 18158, 452, 52015
260021,548, 18158, 452, 52015
260071,548, 18374, 452, 52015
260121,548, 18374, 452, 52015
260171,548, 18374, 452, 52022
260265,548, 17941, 452, 52022
260315,548, 17941, 452, 52022
260365,548, 17941, 448, 52022
260415,548, 17941, 448, 52022
260465,548, 18374, 448, 52022
260515,548, 18374, 448, 52022
260651,548, 18590, 448, 52029
260701,548, 18590, 448, 52029
260751,548, 18590, 448, 52029
260801,548, 18590, 444, 52029
260851,548, 18158, 444, 52029
260901,548, 18158, 444, 52029
260951,548, 18158, 444, 52029
261001,548, 18158, 444, 52035
261051,548, 18590, 444, 52035
261101,548, 18590, 444, 52035
261151,548, 18590, 444, 52035
261243,548, 18374, 444, 52035
261293,548, 18374, 444, 52035
261343,548, 18374, 444, 52035
261393,548, 18374, 444, 52041
261443,548, 18158, 444, 52041
261493,548, 18158, 444, 52041
261543,548, 18158, 444, 52041
261593,548, 18158, 445, 52041
261643,548, 18590, 445, 52041
261779,548, 18590, 445, 51231
261829,548, 18158, 445, 51231
261879,548, 18158, 445, 51231
261929,548, 18158, 445, 51231
261979,548, 18158, 5807, 51231
262029,548, 18590, 5807, 51231
262079,548, 18590, 5807, 51231
262129,548, 18590, 5807, 51231
262221,548, 18590, 5807, 51033
262271,548, 17941, 5807, 51033
262321,548, 17941, 5807, 51033
262371,548, 17941, 6394, 51033
262421,548, 17941, 6394, 51033
262471,548, 18158, 6394, 51033
262521,548, 18158, 6394, 51033
262571,548, 18158, 6394, 50996
262621,548, 18158, 6394, 50996
262671,548, 18158, 6394, 50996
262721,548, 18158, 6394, 50996
262771,548, 18158, 6509, 50996
262907,548, 18158, 6509, 50996
262957,548, 18158, 6509, 50996
263007,548, 18158, 6509, 50993
263057,548, 18158, 6509, 50993
263150,548, 18158, 6509, 50993
263200,548, 18158, 6347, 50993
263250,548, 17941, 6347, 50993
263300,548, 17941, 6347, 50993
263350,548, 17941, 6347, 50993
263400,548, 17941, 6347, 51000
263450,548, 18158, 6347, 51000
263500,548, 18158, 6347, 51000
263550,548, 18158, 6347, 51000
263600,548, 18158, 6504, 51000
263650,548, 18374, 6504, 51000
263700,548, 18374, 6504, 51000
263750,548, 18374, 6504, 51000
263800,548, 18374, 6504, 50972
263850,548, 18158, 6504, 50972
263900,548, 18158, 6504, 50972
264036,548, 18374, 6478, 50972
264128,548, 18374, 6478, 50972
264178,548, 18374, 6478, 50960
264228,548, 18158, 6478, 50960
264278,548, 18158, 6478, 50960
264328,548, 18158, 6478, 50960
264378,548, 18158, 6340, 50960
264428,548, 18374, 6340, 50960
264478,548, 18374, 6340, 50960
264528,548, 18374, 6340, 50960
264578,548, 18374, 6340, 50974
264628,548, 18158, 6340, 50974
264678,548, 18158, 6340, 50974
264728,548, 18158, 6340, 50974
264778,548, 18158, 6410, 50974
264828,548, 17741, 6410, 50974
264878,548, 17741, 6410, 50974
264970,548, 17741, 6410, 50974
265020,548, 17741, 6410, 51002
265070,548, 17941, 6410, 51002
265205,548, 17941, 6377, 51002
265255,548, 17941, 6377, 51002
265305,548, 17941, 6377, 51002
265355,548, 17941, 6377, 51002
265405,548, 17941, 6377, 50990
265455,548, 17941, 6377, 50990
265505,548, 17941, 6377, 50990
265555,548, 17941, 6377, 50990
265605,548, 17941, 6321, 50990
265655,548, 17540, 6321, 50990
265705,548, 17540, 6321, 50990
265755,548, 17540, 6321, 50990
265805,548, 17540, 6321, 50942
265855,548, 17339, 6321, 50942
265947,548, 17339, 6321, 50942
265997,548, 17339, 6309, 50942
266047,548, 17741, 6309, 50942
266097,548, 17741, 6309, 50942
266147,548, 17741, 6309, 50942
266197,548, 17741, 6309, 50954
266333,548, 17339, 6309, 50954
266383,548, 17339, 6309, 50954
266433,548, 17741, 6350, 50954
266483,548, 17741, 6350, 50954
266533,548, 17741, 6350, 50954
266583,548, 17741, 6350, 50954
266633,548, 17154, 6350, 50960
266683,548, 17154, 6350, 50960
266733,548, 17154, 6350, 50960
266783,548, 17154, 6350, 50960
266875,548, 17339, 6287, 50960
266925,548, 17339, 6287, 50960
266975,548, 17339, 6287, 50960
267025,548, 17154, 6287, 50911
267075,548, 17154, 6287, 50911
267125,548, 17154, 6287, 50911
267175,548, 17154, 6287, 50911
267225,548, 16768, 6385, 50911
267275,548, 16768, 6385, 50911
267325,548, 16768, 6385, 50911
267461,548, 16953, 6385, 50943
267511,548, 16953, 6385, 50943
267561,548, 16953, 6385, 50943
267611,548, 16953, 6346, 50943
267661,548, 16768, 6346, 50943
267711,548, 16768, 6346, 50943
267761,548, 16768, 6346, 50943
267853,548, 16768, 6346, 50918
267903,548, 16768, 6346, 50918
267953,548, 16768, 6346, 50918
268003,548, 16768, 6492, 50918
268053,548, 16598, 6492, 50918
268103,548, 16598, 6492, 50918
268153,548, 16598, 6492, 50918
268203,548, 16598, 6492, 50956
268253,548, 16768, 6492, 50956
268303,548, 16768, 6492, 50956
268353,548, 16768, 6492, 50956
268403,548, 16768, 6275, 50956
268453,548, 16413, 6275, 50956
268589,548, 16413, 6275, 50956
268639,548, 16413, 6275, 50922
268689,548, 16413, 6275, 50922
268781,548, 16413, 6275, 50922
268831,548, 16413, 6394, 50922
268881,548, 16413, 6394, 50922
268931,548, 16413, 6394, 50922
268981,548, 16413, 6394, 50922
269031,548, 16413, 6394, 50927
269081,548, 16413, 6394, 50927
269131,548, 16413, 6394, 50927
269181,548, 16413, 6394, 50927
269231,548, 16073, 6334, 50927
269281,548, 16073, 6334, 50927
269331,548, 16073, 6334, 50927
269381,548, 16073, 6334, 50927
269431,548, 16073, 6334, 50929
269481,548, 16073, 6334, 50929
269531,548, 16073, 6334, 50929
269581,548, 16073, 6334, 50929
269759,548, 15903, 6364, 50929
269809,548, 15903, 6364, 50924
269859,548, 15749, 6364, 50924
269909,548, 15749, 6364, 50924
269959,548, 15749, 6364, 50924
270009,548, 15749, 6343, 50924
270059,548, 15749, 6343, 50924
270109,548, 15749, 6343, 50924
270159,548, 15749, 6343, 50924
270209,548, 15749, 6343, 50930
270259,548, 15595, 6343, 50930
270309,548, 15595, 6343, 50930
270359,548, 15595, 6343, 50930
270409,548, 15595, 6374, 50930
270459,548, 15440, 6374, 50930
270509,548, 15440, 6374, 50930
270602,548, 15440, 6374, 50930
270652,548, 15595, 6374, 50916
270702,548, 15595, 6374, 50916
270752,548, 15595, 6374, 50916
270888,548, 15286, 6292, 50916
270938,548, 15286, 6292, 50916
270988,548, 15286, 6292, 50916
271038,548, 15131, 6292, 50911
271088,548, 15131, 6292, 50911
271138,548, 15131, 6292, 50911
271188,548, 15131, 6292, 50911
271238,548, 15131, 6275, 50911
271288,548, 15131, 6275, 50911
271338,548, 15131, 6275, 50911
271388,548, 15131, 6275, 50911
271438,548, 15131, 6275, 50941
271488,548, 15131, 6275, 50941
271581,548, 15131, 6275, 50941
271631,548, 14838, 6343, 50941
271681,548, 14838, 6343, 50941
271731,548, 14838, 6343, 50941
271781,548, 14838, 6343, 50941
271831,548, 14838, 6343, 50924
271881,548, 14838, 6343, 50924
272016,548, 14838, 6295, 50924
272066,548, 14560, 6295, 50924
272116,548, 14560, 6295, 50924
272166,548, 14560, 6295, 50924
272216,548, 14560, 6295, 50942
272266,548, 14560, 6295, 50942
272316,548, 14560, 6295, 50942
272366,548, 14560, 6295, 50942
272416,548, 14560, 2484, 50942
272466,548, 14421, 2484, 50942
272558,548, 14421, 2484, 50942
272608,548, 14421, 2484, 50942
272658,548, 14421, 2484, 51944
272708,548, 14421, 2484, 51944
272758,548, 14421, 2484, 51944
272808,548, 14421, 2484, 51944
272858,548, 14159, 614, 51944
272908,548, 14159, 614, 51944
272958,548, 14159, 614, 51944
273008,548, 14159, 614, 51944
273143,548, 14035, 614, 51951
273193,548, 14035, 614, 51951
273243,548, 13896, 279, 51951
273293,548, 13896, 279, 51951
273343,548, 13896, 279, 51951
273393,548, 13896, 279, 51951
273485,548, 13896, 279, 51967
273535,548, 13896, 279, 51967
273585,548, 13896, 279, 51967
273635,548, 13649, 275, 51967
273685,548, 13649, 275, 51967
273735,548, 13649, 275, 51967
273785,548, 13649, 275, 51967
273835,548, 13649, 275, 51981
273885,548, 13649, 275, 51981
273935,548, 13649, 275, 51981
273985,548, 13649, 275, 51981
274035,548, 13541, 336, 51981
274085,548, 13541, 336, 51981
274135,548, 13541, 336, 51981
274271,548, 13541, 336, 51978
274321,548, 13541, 336, 51978
274371,548, 13541, 336, 51978
274463,548, 13541, 436, 51978
274513,548, 13541, 436, 51978
274563,548, 13541, 436, 51978
274613,548, 13541, 436, 51978
274663,548, 13417, 436, 51974
274713,548, 13417, 436, 51974
274763,548, 13417, 436, 51974
274813,548, 13417, 436, 51974
274863,548, 13417, 451, 51974
274913,548, 13417, 451, 51974
274963,548, 13417, 451, 51974
275013,548, 13417, 451, 51974
275063,548, 13309, 451, 51985
275199,548, 13309, 451, 51985
275249,548, 13309, 449, 51985
275299,548, 13309, 449, 51985
275349,548, 13309, 449, 51985
275441,548, 13309, 449, 51993
275491,548, 13309, 449, 51993
275541,548, 13309, 449, 51993
275591,548, 13309, 449, 51993
275641,548, 13186, 444, 51993
275691,548, 13186, 444, 51993
275741,548, 13186, 444, 51993
275791,548, 13186, 444, 51993
275841,548, 13186, 444, 52002
275891,548, 13186, 444, 52002
275941,548, 13186, 444, 52002
275991,548, 13186, 444, 52002
276041,548, 13078, 441, 52002
276091,548, 13078, 441, 52002
276141,548, 13078, 441, 52002
276191,548, 13078, 441, 52002
276327,548, 13078, 441, 52010
276377,548, 13078, 441, 52010
276469,548, 13078, 4700, 52010
276519,548, 13078, 4700, 52010
276569,548, 13078, 4700, 52010
276619,548, 13078, 4700, 52010
276669,548, 13309, 4700, 50759
276719,548, 13309, 4700, 50759
276769,548, 13309, 4700, 50759
276819,548, 13309, 4700, 50759
276869,548, 13309, 1362, 50759
276919,548, 13309, 1362, 50759
276969,548, 13309, 1362, 50759
277019,548, 13309, 1362, 50759
277069,548, 13309, 1362, 52007
277119,548, 13309, 1362, 52007
277169,548, 13309, 1362, 52007
277219,548, 13309, 1362, 52007
277311,548, 13417, 432, 52007
277361,548, 13417, 432, 52007
277498,548, 13309, 432, 52019
277548,548, 13309, 432, 52019
277598,548, 13309, 432, 52019
277648,548, 13541, 423, 52019
277698,548, 13541, 423, 52019
277748,548, 13541, 423, 52019
277798,548, 13541, 423, 52019
277848,548, 13417, 423, 52027
277898,548, 13417, 423, 52027
277948,548, 13417, 423, 52027
277998,548, 13417, 423, 52027
278048,548, 13541, 422, 52027
278098,548, 13541, 422, 52027
278148,548, 13541, 422, 52027
278198,548, 13541, 422, 52027
278291,548, 13417, 422, 52034
278341,548, 13417, 422, 52034
278391,548, 13417, 422, 52034
278441,548, 13417, 422, 52034
278491,548, 13417, 717, 52034
278627,548, 13541, 717, 52034
278677,548, 13541, 717, 51996
278727,548, 13541, 717, 51996
278777,548, 13541, 717, 51996
278827,548, 13417, 717, 51996
278877,548, 13417, 680, 51996
278927,548, 13417, 680, 51996
278977,548, 13417, 680, 51996
279027,548, 13541, 680, 51996
279077,548, 13541, 680, 52002
279127,548, 13541, 680, 52002
279177,548, 13541, 680, 52002
279270,548, 13417, 802, 52002
279320,548, 13417, 802, 52002
279370,548, 13417, 802, 52002
279420,548, 13417, 802, 52002
279470,548, 13541, 802, 51988
279520,548, 13541, 802, 51988
279570,548, 13541, 802, 51988
279620,548, 13541, 802, 51988
279755,548, 13417, 791, 51988
279805,548, 13417, 791, 51988
279855,548, 13541, 791, 51991
279905,548, 13541, 791, 51991
279955,548, 13541, 791, 51991
280005,548, 13541, 791, 51991
280055,548, 13541, 876, 51991
280105,548, 13541, 876, 51991
280155,548, 13541, 876, 51991
280247,548, 13541, 876, 51991
280297,548, 13541, 876, 51984
280347,548, 13541, 876, 51984
280397,548, 13541, 876, 51984
280447,548, 13649, 876, 51984
280497,548, 13649, 881, 51984
280547,548, 13649, 881, 51984
280597,548, 13649, 881, 51984
280647,548, 13417, 881, 51984
280697,548, 13417, 881, 51988
280747,548, 13417, 881, 51988
280882,548, 13649, 4800, 51988
280932,548, 13649, 4800, 51988
280982,548, 13649, 4800, 51988
281032,548, 13541, 4800, 51988
281082,548, 13541, 4800, 50769
281132,548, 13541, 4800, 50769
281224,548, 13896, 4800, 50769
281274,548, 13896, 7089, 50769
281324,548, 13896, 7089, 50769
281374,548, 13896, 7089, 50769
281424,548, 14035, 7089, 50769
281474,548, 14035, 7089, 50733
281524,548, 14035, 7089, 50733
281574,548, 14035, 7089, 50733
281624,548, 14421, 7089, 50733
281674,548, 14421, 8292, 50733
281724,548, 14421, 8292, 50733
281774,548, 14421, 8292, 50733
281824,548, 14421, 8292, 50733
281874,548, 14421, 8292, 50680
282010,548, 14421, 8292, 50680
282060,548, 14699, 8292, 50680
282110,548, 14699, 8444, 50680
282202,548, 14699, 8444, 50680
282252,548, 14838, 8444, 50680
282302,548, 14838, 8444, 50610
282352,548, 14838, 8444, 50610
282402,548, 14838, 8444, 50610
282452,548, 15286, 8444, 50610
282502,548, 15286, 8975, 50610
282552,548, 15286, 8975, 50610
282602,548, 15286, 8975, 50610
282652,548, 15440, 8975, 50610
282702,548, 15440, 8975, 50586
282752,548, 15440, 8975, 50586
282802,548, 15440, 8975, 50586
282852,548, 15595, 8975, 50586
282902,548, 15595, 9164, 50586
282952,548, 15595, 9164, 50586
283044,548, 15595, 9164, 50586
283180,548, 15595, 9164, 50554
283230,548, 15903, 9164, 50554
283280,548, 15903, 9377, 50554
283330,548, 15903, 9377, 50554
283380,548, 15903, 9377, 50554
283430,548, 16073, 9377, 50554
283480,548, 16073, 9377, 50420
283530,548, 16073, 9377, 50420
283580,548, 16073, 9377, 50420
283630,548, 16413, 9377, 50420
283680,548, 16413, 8966, 50420
283730,548, 16413, 8966, 50420
283780,548, 16413, 8966, 50420
283830,548, 16413, 8966, 50420
283880,548, 16413, 8966, 50510
283930,548, 16413, 8966, 50510
284022,548, 16413, 8966, 50510
284072,548, 16768, 8966, 50510
284122,548, 16768, 8944, 50510
284172,548, 16768, 8944, 50510
284308,548, 16953, 8944, 50260
284358,548, 16953, 8944, 50260
284408,548, 16953, 8944, 50260
284458,548, 17154, 8944, 50260
284508,548, 17154, 9615, 50260
284558,548, 17154, 9615, 50260
284608,548, 17154, 9615, 50260
284658,548, 16953, 9615, 50260
284708,548, 16953, 9615, 50470
284758,548, 16953, 9615, 50470
284808,548, 16953, 9615, 50470
284858,548, 17540, 9615, 50470
284950,548, 17540, 9314, 50470
285000,548, 17540, 9314, 50470
285050,548, 17941, 9314, 50470
285100,548, 17941, 9314, 50450
285150,548, 17941, 9314, 50450
285200,548, 17941, 9314, 50450
285250,548, 17741, 9314, 50450
285300,548, 17741, 9642, 50450
285436,548, 17941, 9642, 50450
285486,548, 17941, 9642, 50316
285536,548, 17941, 9642, 50316
285586,548, 17941, 9642, 50316
285636,548, 18158, 9642, 50316
285686,548, 18158, 9130, 50316
285736,548, 18158, 9130, 50316
285786,548, 18158, 9130, 50316
285836,548, 18374, 9130, 50316
285929,548, 18374, 9130, 50427
285979,548, 18374, 9130, 50427
286029,548, 17941, 9130, 50427
286079,548, 17941, 9130, 50427
286129,548, 17941, 9051, 50427
286179,548, 17941, 9051, 50427
286229,548, 18374, 9051, 50427
286279,548, 18374, 9051, 50427
286329,548, 18374, 9051, 50168
286379,548, 18374, 9051, 50168
286429,548, 18590, 9051, 50168
286565,548, 18590, 9708, 50168
286615,548, 18590, 9708, 50168
286665,548, 18374, 9708, 50168
286715,548, 18374, 9708, 50396
286765,548, 18374, 9708, 50396
286858,548, 18590, 9708, 50396
286908,548, 18590, 9271, 50396
286958,548, 18590, 9271, 50396
287008,548, 18590, 9271, 50396
287058,548, 18590, 9271, 50396
287108,548, 18590, 9271, 50401
287158,548, 18590, 9271, 50401
287208,548, 18590, 9271, 50401
287258,548, 18822, 9271, 50401
287308,548, 18822, 9657, 50401
287358,548, 18822, 9657, 50401
287408,548, 18822, 9657, 50401
287458,548, 18822, 9657, 50401
287508,548, 18822, 9657, 50279
287558,548, 18822, 9657, 50279
287693,548, 18822, 9323, 50279
287743,548, 18822, 9323, 50279
287877,548, 19300, 9323, 50279
287927,548, 19300, 9323, 50321
287977,548, 19300, 9323, 50321
288027,548, 19053, 9323, 50321
288077,548, 19053, 9323, 50321
288127,548, 19053, 9391, 50321
288177,548, 19053, 9391, 50321
288227,548, 19300, 9391, 50321
288277,548, 19300, 9391, 50321
288327,548, 19300, 9391, 50308
288377,548, 19300, 9391, 50308
288427,548, 19300, 9391, 50308
288477,548, 19300, 9391, 50308
288527,548, 19300, 9941, 50308
288577,548, 19300, 9941, 50308
288627,548, 19053, 9941, 50308
288719,548, 19053, 9941, 50144
288769,548, 19053, 9941, 50144
289075,548, 19532, 9444, 50144
289125,548, 19532, 9444, 50236
289175,548, 19532, 9444, 50236
289225,548, 19300, 9444, 50236
289275,548, 19300, 9444, 50236
289325,548, 19300, 3041, 50236
289375,548, 19300, 3041, 50236
289425,548, 19794, 3041, 50236
289475,548, 19794, 3041, 50236
289525,548, 19794, 3041, 51834
289575,548, 19794, 3041, 51834
289625,548, 19053, 3041, 51834
289675,548, 19053, 3041, 51834
289725,548, 19053, 373, 51834
289775,548, 19053, 373, 51834
289867,548, 18822, 373, 51834
290044,548, 19053, 373, 51862
290094,548, 19053, 373, 51862
290144,548, 19053, 349, 51862
290194,548, 19053, 349, 51862
290244,548, 18822, 349, 51862
290294,548, 18822, 349, 51862
290344,548, 18822, 349, 51882
290394,548, 18822, 349, 51882
290444,548, 18590, 349, 51882
290494,548, 18590, 349, 51882
290544,548, 18590, 348, 51882
290594,548, 18590, 348, 51882
290644,548, 18590, 348, 51882
290694,548, 18590, 348, 51882
290744,548, 18590, 348, 51898
290794,548, 18590, 348, 51898
290886,548, 18374, 348, 51898
290936,548, 18374, 346, 51898
290986,548, 18374, 346, 51898
291036,548, 18590, 346, 51898
291172,548, 18590, 346, 51913
291222,548, 18590, 346, 51913
291272,548, 18374, 346, 51913
291322,548, 18374, 345, 51913
291372,548, 18374, 345, 51913
291422,548, 18374, 345, 51913
291472,548, 18158, 345, 51913
291522,548, 18158, 345, 51926
291572,548, 18158, 345, 51926
291622,548, 18158, 345, 51926
291672,548, 18158, 345, 51926
291722,548, 18158, 343, 51926
291772,548, 18158, 343, 51926
291864,548, 17941, 343, 51926
291914,548, 17941, 343, 51939
291964,548, 17941, 343, 51939
292014,548, 17941, 343, 51939
292064,548, 17941, 343, 51939
292114,548, 17941, 343, 51939
292164,548, 17941, 343, 51939
292300,548, 17941, 343, 51939
292350,548, 17941, 343, 51950
292400,548, 17941, 343, 51950
292450,548, 17941, 343, 51950
292500,548, 17941, 343, 51950
292550,548, 17941, 344, 51950
292600,548, 17941, 344, 51950
292650,548, 18158, 344, 51950
292700,548, 18158, 344, 51950
292750,548, 18158, 344, 51961
292843,548, 17741, 344, 51961
292893,548, 17741, 344, 51961
292943,548, 17741, 344, 51961
292993,548, 17741, 344, 51961
293043,548, 17741, 344, 51961
293093,548, 17741, 344, 51961
293143,548, 17741, 344, 51970
293193,548, 17741, 344, 51970
293243,548, 17540, 344, 51970
293293,548, 17540, 344, 51970
293429,548, 17540, 344, 51970
293479,548, 17540, 344, 51970
293529,548, 17540, 344, 51980
293579,548, 17540, 344, 51980
293629,548, 17339, 344, 51980
293679,548, 17339, 344, 51980
293729,548, 17339, 342, 51980
293822,548, 17339, 342, 51980
293872,548, 17540, 342, 51980
293922,548, 17540, 342, 51988
293972,548, 17540, 342, 51988
294022,548, 17540, 342, 51988
294072,548, 17540, 342, 51988
294122,548, 17540, 342, 51988
294172,548, 17540, 342, 51988
294222,548, 17540, 342, 51988
294272,548, 17339, 342, 51988
294322,548, 17339, 342, 51988
294372,548, 17339, 342, 51997
294422,548, 17339, 342, 51997
294559,548, 17154, 342, 51997
294609,548, 17154, 342, 51997
294659,548, 17339, 342, 51997
294709,548, 17339, 342, 51997
294801,548, 17339, 342, 52004
294851,548, 17339, 342, 52004
294901,548, 17339, 342, 52004
294951,548, 17339, 343, 52004
295001,548, 17339, 343, 52004
295051,548, 17154, 343, 52004
295101,548, 17154, 343, 52004
295151,548, 17154, 343, 52012
295201,548, 17154, 343, 52012
295251,548, 17154, 343, 52012
295301,548, 17154, 343, 52012
295351,548, 17154, 285, 52012
295401,548, 17154, 285, 52012
295451,548, 16953, 285, 52012
295501,548, 16953, 285, 52012
295551,548, 16953, 285, 52044
295686,548, 16768, 285, 52044
295778,548, 16768, 198, 52044
295828,548, 16953, 198, 52044
295878,548, 16953, 198, 52044
295928,548, 16953, 198, 52044
295978,548, 16953, 198, 52051
296028,548, 16953, 198, 52051
296078,548, 16953, 198, 52051
296128,548, 16953, 198, 52051
296178,548, 16953, 198, 52051
296228,548, 17154, 198, 52051
296278,548, 17154, 198, 52051
296328,548, 17154, 198, 52051
296378,548, 17154, 198, 52057
296428,548, 16953, 198, 52057
296478,548, 16953, 198, 52057
296528,548, 16953, 198, 52057
296578,548, 16953, 197, 52057
296670,548, 17154, 197, 52057
296720,548, 17154, 197, 52057
296856,548, 16953, 197, 52064
296906,548, 16953, 197, 52064
296956,548, 16953, 200, 52064
297006,548, 16953, 200, 52064
297056,548, 16768, 200, 52064
297106,548, 16768, 200, 52064
297156,548, 16768, 200, 52072
297206,548, 16768, 200, 52072
297256,548, 16768, 200, 52072
297306,548, 16768, 200, 52072
297356,548, 16768, 200, 52072
297406,548, 16768, 200, 52072
297456,548, 16768, 200, 52072
297506,548, 16768, 200, 52072
297556,548, 16768, 200, 52077
297648,548, 16953, 200, 52077
297698,548, 16953, 200, 52077
297748,548, 16953, 203, 52077
297798,548, 16953, 203, 52077
297848,548, 16953, 203, 52077
297984,548, 16953, 203, 52084
298034,548, 16768, 203, 52084
298084,548, 16768, 203, 52084
298134,548, 16768, 203, 52084
298184,548, 16768, 203, 52084
298234,548, 16768, 203, 52084
298284,548, 16768, 203, 52084
298334,548, 16768, 203, 52084
298384,548, 16768, 203, 52089
298434,548, 16953, 203, 52089
298484,548, 16953, 203, 52089
298534,548, 16953, 203, 52089
298626,548, 16953, 197, 52089
298676,548, 16953, 197, 52089
298726,548, 16953, 197, 52089
298776,548, 16953, 197, 52095
298826,548, 16953, 197, 52095
298876,548, 16953, 197, 52095
298926,548, 16953, 197, 52095
298976,548, 16953, 197, 52095
299112,548, 16768, 197, 52095
299162,548, 16768, 197, 52100
299212,548, 16768, 197, 52100
299262,548, 16768, 197, 52100
299312,548, 16768, 197, 52100
299362,548, 16768, 197, 52100
299412,548, 16768, 197, 52100
299462,548, 16768, 197, 52100
299512,548, 16768, 197, 52100
299562,548, 16768, 197, 52105
299655,548, 16598, 197, 52105
299705,548, 16598, 197, 52105
299755,548, 16598, 197, 52105
299805,548, 16598, 197, 52105
299855,548, 16768, 197, 52105
299905,548, 16768, 197, 52105
299955,548, 16768, 197, 52111
300005,548, 16768, 197, 52111
300055,548, 16413, 197, 52111
300105,548, 16413, 197, 52111
300241,548, 16768, 197, 52111
300291,548, 16768, 197, 52111
300341,548, 16768, 197, 52111
300391,548, 16768, 197, 52116
300441,548, 16598, 197, 52116
300491,548, 16598, 197, 52116
300541,548, 16598, 197, 52116
300633,548, 16598, 198, 52116
300683,548, 16598, 198, 52116
300733,548, 16598, 198, 52116
300783,548, 16598, 198, 52121
300833,548, 16768, 198, 52121
300883,548, 16768, 198, 52121
300933,548, 16768, 198, 52121
300983,548, 16768, 198, 52121
301033,548, 16598, 198, 52121
301083,548, 16598, 198, 52121
301133,548, 16598, 198, 52121
301183,548, 16598, 198, 52124
301233,548, 16598, 198, 52124
301369,548, 16598, 197, 52124
301419,548, 16598, 197, 52124
301469,548, 16768, 197, 52124
301519,548, 16768, 197, 52124
301612,548, 16768, 197, 52129
301662,548, 16598, 197, 52129
301712,548, 16598, 197, 52129
301762,548, 16598, 197, 52129
301812,548, 16598, 197, 52129
301862,548, 16768, 197, 52129
301912,548, 16768, 197, 52129
301962,548, 16768, 197, 52132
302012,548, 16768, 197, 52132
302062,548, 17154, 197, 52132
302112,548, 17154, 197, 52132
302162,548, 17154, 197, 52132
302212,548, 17154, 196, 52132
302262,548, 16768, 196, 52132
302312,548, 16768, 196, 52132
302362,548, 16768, 196, 52132
302498,548, 17154, 196, 52138
302590,548, 17154, 198, 52138
302640,548, 16768, 198, 52138
302690,548, 16768, 198, 52138
302740,548, 16768, 198, 52138
302790,548, 16768, 198, 52142
302840,548, 16768, 198, 52142
302890,548, 16768, 198, 52142
302940,548, 16768, 198, 52142
302990,548, 16768, 197, 52142
303040,548, 16768, 197, 52142
303090,548, 16768, 197, 52142
303140,548, 16768, 197, 52142
303190,548, 16768, 197, 52146
303240,548, 16768, 197, 52146
303290,548, 16768, 197, 52146
303340,548, 16768, 197, 52146
303390,548, 16768, 196, 52146
303482,548, 16768, 196, 52146
303532,548, 16768, 196, 52146
303667,548, 16768, 196, 52149
303717,548, 16768, 196, 52149
303767,548, 16768, 196, 52149
303817,548, 16768, 197, 52149
303867,548, 16243, 197, 52149
303917,548, 16243, 197, 52149
303967,548, 16243, 197, 52149
304017,548, 16243, 197, 52153
304067,548, 16243, 197, 52153
304117,548, 16243, 197, 52153
304167,548, 16243, 197, 52153
304217,548, 16243, 197, 52153
304267,548, 16243, 197, 52153
304317,548, 16243, 197, 52153
304367,548, 16243, 197, 52153
304459,548, 16243, 197, 52157
304595,548, 16243, 198, 52157
304645,548, 16243, 198, 52157
304695,548, 16243, 198, 52157
304745,548, 16243, 198, 52157
304795,548, 16243, 198, 52160
304845,548, 15903, 198, 52160
304895,548, 15903, 198, 52160
304945,548, 15903, 198, 52160
304995,548, 15903, 197, 52160
305045,548, 16073, 197, 52160
305095,548, 16073, 197, 52160
305145,548, 16073, 197, 52160
305195,548, 16073, 197, 52164
305245,548, 15749, 197, 52164
305295,548, 15749, 197, 52164
305345,548, 15749, 197, 52164
305437,548, 16073, 196, 52164
305487,548, 16073, 196, 52164
305537,548, 16073, 196, 52164
305587,548, 16073, 196, 52167
305723,548, 15595, 196, 52167
305773,548, 15595, 196, 52167
305823,548, 15595, 197, 52167
305873,548, 15749, 197, 52167
305923,548, 15749, 197, 52167
305973,548, 15749, 197, 52167
306023,548, 15749, 197, 52171
306073,548, 15286, 197, 52171
306123,548, 15286, 197, 52171
306173,548, 15286, 197, 52171
306223,548, 15286, 197, 52171
306273,548, 15595, 197, 52171
306323,548, 15595, 197, 52171
306415,548, 15595, 197, 52174
306465,548, 15131, 197, 52174
306515,548, 15131, 197, 52174
306565,548, 15131, 197, 52174
306615,548, 15131, 197, 52174
306665,548, 15440, 197, 52174
306715,548, 15440, 197, 52174
306851,548, 15440, 197, 52177
306901,548, 15440, 197, 52177
306951,548, 15440, 197, 52177
307001,548, 15440, 197, 52177
307051,548, 15286, 197, 52177
307101,548, 15286, 197, 52177
307151,548, 15286, 197, 52177
307201,548, 15286, 197, 52181
307251,548, 14977, 197, 52181
307301,548, 14977, 197, 52181
307393,548, 14977, 197, 52181
307443,548, 15131, 197, 52181
307493,548, 15131, 197, 52181
307543,548, 15131, 197, 52181
307593,548, 15131, 197, 52185
307643,548, 14977, 197, 52185
307693,548, 14977, 197, 52185
307743,548, 14977, 197, 52185
307793,548, 14977, 196, 52185
307843,548, 14838, 196, 52185
307979,548, 14838, 196, 52185
308029,548, 14699, 196, 52188
308079,548, 14699, 196, 52188
308129,548, 14699, 196, 52188
308179,548, 14699, 196, 52188
308229,548, 14838, 197, 52188
308279,548, 14838, 197, 52188
308371,548, 14838, 197, 52188
308421,548, 14838, 197, 52191
308471,548, 14560, 197, 52191
308521,548, 14560, 197, 52191
308571,548, 14560, 197, 52191
308621,548, 14560, 198, 52191
308671,548, 14560, 198, 52191
308721,548, 14560, 198, 52191
308771,548, 14560, 198, 52191
308821,548, 14560, 198, 52193
308871,548, 14282, 198, 52193
308921,548, 14282, 198, 52193
308971,548, 14282, 198, 52193
309107,548, 14282, 197, 52193
309157,548, 14282, 197, 52193
309207,548, 14282, 197, 52196
309257,548, 14282, 197, 52196
309350,548, 14282, 197, 52196
309400,548, 14282, 198, 52196
309450,548, 14035, 198, 52196
309500,548, 14035, 198, 52196
309550,548, 14035, 198, 52196
309600,548, 14035, 198, 52199
309650,548, 14282, 198, 52199
309700,548, 14282, 198, 52199
309750,548, 14282, 198, 52199
309800,548, 14282, 198, 52199
309850,548, 13896, 196, 52199
309900,548, 13896, 196, 52199
309950,548, 13896, 196, 52199
310000,548, 13896, 196, 52199
310050,548, 13773, 196, 52203
310100,548, 13773, 196, 52203
310236,548, 13649, 196, 52203
310328,548, 13649, 196, 52203
310378,548, 13649, 196, 52203
310428,548, 13896, 196, 52205
310478,548, 13896, 196, 52205
310528,548, 13896, 196, 52205
310578,548, 13896, 196, 52205
310628,548, 13417, 197, 52205
310678,548, 13417, 197, 52205
310728,548, 13417, 197, 52205
310778,548, 13417, 197, 52205
310828,548, 13649, 197, 52208
310878,548, 13649, 197, 52208
310928,548, 13649, 197, 52208
310978,548, 13649, 197, 52208
311028,548, 13309, 198, 52208
311078,548, 13309, 198, 52208
311128,548, 13309, 198, 52208
311220,548, 13309, 198, 52211
311270,548, 13309, 198, 52211
311405,548, 13309, 198, 52211
311455,548, 13186, 196, 52211
311505,548, 13186, 196, 52211
311555,548, 13186, 196, 52211
311605,548, 13186, 196, 52211
311655,548, 12970, 196, 52215
311705,548, 12970, 196, 52215
311755,548, 12970, 196, 52215
311805,548, 12970, 196, 52215
311855,548, 13078, 197, 52215
311905,548, 13078, 197, 52215
311955,548, 13078, 197, 52215
312005,548, 13078, 197, 52215
312055,548, 12753, 197, 52217
312105,548, 12753, 197, 52217
312197,548, 12753, 197, 52217
312247,548, 12753, 196, 52217
312297,548, 12753, 196, 52217
312347,548, 12753, 196, 52217
312397,548, 12753, 196, 52217
312534,548, 12753, 196, 52220
312584,548, 12753, 196, 52220
312634,548, 12645, 197, 52220
312684,548, 12645, 197, 52220
312734,548, 12645, 197, 52220
312784,548, 12645, 197, 52220
312834,548, 12753, 197, 52223
312884,548, 12753, 197, 52223
312934,548, 12753, 197, 52223
312984,548, 12753, 197, 52223
313034,548, 12553, 197, 52223
313084,548, 12553, 197, 52223
313176,548, 12553, 197, 52223
313226,548, 12445, 197, 52225
313276,548, 12445, 197, 52225
313326,548, 12445, 197, 52225
313376,548, 12445, 197, 52225
313426,548, 12445, 196, 52225
313476,548, 12445, 196, 52225
313526,548, 12445, 196, 52225
313662,548, 12445, 196, 52228
313712,548, 12445, 196, 52228
313762,548, 12445, 196, 52228
313812,548, 12445, 196, 52228
313862,548, 12445, 195, 52228
313912,548, 12445, 195, 52228
313962,548, 12445, 195, 52228
314012,548, 12445, 195, 52228
314062,548, 12244, 195, 52231
314112,548, 12244, 195, 52231
314204,548, 12244, 195, 52231
314254,548, 12445, 196, 52231
314304,548, 12445, 196, 52231
314354,548, 12445, 196, 52231
314404,548, 12445, 196, 52231
314454,548, 12244, 196, 52233
314504,548, 12244, 196, 52233
314554,548, 12244, 196, 52233
314604,548, 12244, 196, 52233
314654,548, 12244, 196, 52233
314790,548, 12244, 196, 52233
314840,548, 12244, 196, 52235
314890,548, 12244, 196, 52235
314940,548, 12244, 196, 52235
314990,548, 12244, 196, 52235
315040,548, 12244, 196, 52235
315090,548, 12244, 196, 52235
315182,548, 12244, 196, 52235
315232,548, 12352, 196, 52238
315282,548, 12352, 196, 52238
315332,548, 12352, 196, 52238
315382,548, 12352, 196, 52238
315432,548, 12151, 196, 52238
315482,548, 12151, 196, 52238
315532,548, 12151, 196, 52238
315582,548, 12151, 196, 52238
315632,548, 12151, 196, 52241
315682,548, 12151, 196, 52241
315732,548, 12151, 196, 52241
315782,548, 12151, 196, 52241
315918,548, 12352, 196, 52241
315968,548, 12352, 196, 52241
316018,548, 12352, 196, 52241
316068,548, 12244, 196, 52242
316160,548, 12244, 196, 52242
316210,548, 12244, 196, 52242
316260,548, 12352, 196, 52242
316310,548, 12352, 196, 52242
316360,548, 12352, 196, 52242
316410,548, 12352, 196, 52242
316460,548, 12352, 196, 52247
316510,548, 12352, 196, 52247
316560,548, 12352, 196, 52247
316610,548, 12352, 196, 52247
316660,548, 12352, 196, 52247
316710,548, 12352, 196, 52247
316760,548, 12352, 196, 52247
316810,548, 12352, 196, 52247
316860,548, 12244, 196, 52247
316910,548, 12244, 196, 52247
317046,548, 12244, 195, 52247
317139,548, 12244, 195, 52247
317189,548, 12244, 195, 52247
317239,548, 12553, 195, 52250
317289,548, 12553, 195, 52250
317339,548, 12553, 195, 52250
317389,548, 12553, 195, 52250
317439,548, 12553, 195, 52250
317489,548, 12553, 194, 52250
317539,548, 12553, 194, 52250
317589,548, 12553, 194, 52250
317639,548, 12553, 194, 52250
317689,548, 12553, 194, 52253
317739,548, 12553, 194, 52253
317789,548, 12553, 194, 52253
317839,548, 12645, 194, 52253
317889,548, 12645, 195, 52253
317939,548, 12645, 195, 52253
318032,548, 12753, 195, 52253
318082,548, 12753, 195, 52254
318217,548, 12753, 195, 52254
318267,548, 13078, 196, 52254
318317,548, 13078, 196, 52254
318367,548, 13078, 196, 52254
318417,548, 13078, 196, 52254
318467,548, 12645, 196, 52257
318517,548, 12645, 196, 52257
318567,548, 12645, 196, 52257
318617,548, 12645, 196, 52257
318667,548, 12970, 196, 52257
318717,548, 12970, 196, 52257
318767,548, 12970, 196, 52257
318817,548, 12970, 196, 52257
318867,548, 12970, 196, 52259
318917,548, 12970, 196, 52259
319051,548, 12970, 196, 52259
319357,548, 13078, 196, 52261
319407,548, 13078, 196, 52261
319457,548, 12970, 195, 52261
319507,548, 12970, 195, 52261
319557,548, 12970, 195, 52261
319607,548, 12970, 195, 52261
319657,548, 12970, 195, 52265
319707,548, 12970, 195, 52265
319757,548, 12970, 195, 52265
319807,548, 12970, 195, 52265
319857,548, 12862, 195, 52265
319907,548, 12862, 195, 52265
319957,548, 12862, 195, 52265
320007,548, 12862, 195, 52265
320057,548, 13078, 195, 52267
320107,548, 13078, 195, 52267
320199,548, 13078, 195, 52267
320249,548, 13078, 195, 52267
320299,548, 13078, 196, 52267
320349,548, 13078, 196, 52267
320526,548, 12862, 196, 52268
320576,548, 12862, 196, 52268
320626,548, 12970, 196, 52268
320676,548, 12970, 197, 52268
320726,548, 12970, 197, 52268
320776,548, 12970, 197, 52268
320826,548, 12753, 197, 52268
320876,548, 12753, 197, 52270
320926,548, 12753, 197, 52270
320976,548, 12753, 197, 52270
321026,548, 13078, 197, 52270
321076,548, 13078, 196, 52270
321126,548, 13078, 196, 52270
321218,548, 13078, 196, 52270
321268,548, 12862, 196, 52272
321318,548, 12862, 196, 52272
321368,548, 12862, 196, 52272
321418,548, 12862, 196, 52272
321468,548, 12862, 196, 52272
321518,548, 12862, 196, 52272
321654,548, 12862, 196, 52272
321704,548, 12862, 196, 52275
321754,548, 12862, 196, 52275
321804,548, 12862, 196, 52275
321854,548, 12753, 196, 52275
321904,548, 12753, 195, 52275
321954,548, 12753, 195, 52275
322004,548, 12753, 195, 52275
322054,548, 12753, 195, 52275
322104,548, 12753, 195, 52276
322196,548, 12753, 195, 52276
322246,548, 12645, 195, 52276
322296,548, 12645, 196, 52276
322346,548, 12645, 196, 52276
322396,548, 12645, 196, 52276
322446,548, 12645, 196, 52276
322496,548, 12645, 196, 52278
322546,548, 12645, 196, 52278
322596,548, 12645, 196, 52278
322646,548, 12645, 196, 52278
322782,548, 12645, 196, 52278
322832,548, 12645, 196, 52278
322882,548, 12645, 196, 52281
322932,548, 12645, 196, 52281
322982,548, 12645, 196, 52281
323032,548, 12553, 196, 52281
323082,548, 12553, 196, 52281
323174,548, 12553, 196, 52281
323224,548, 12445, 196, 52281
323274,548, 12445, 196, 52282
323324,548, 12445, 196, 52282
323374,548, 12445, 196, 52282
323424,548, 12553, 196, 52282
323474,548, 12553, 196, 52282
323524,548, 12553, 196, 52282
323574,548, 12553, 196, 52282
323624,548, 12553, 196, 52282
323674,548, 12553, 196, 52285
323724,548, 12553, 196, 52285
323774,548, 12553, 196, 52285
323910,548, 12352, 195, 52285
323960,548, 12352, 195, 52285
324010,548, 12352, 195, 52285
324060,548, 12352, 195, 52285
324152,548, 12352, 195, 52287
324202,548, 12352, 195, 52287
324252,548, 12059, 195, 52287
324302,548, 12059, 196, 52287
324352,548, 12059, 196, 52287
324402,548, 12059, 196, 52287
324452,548, 11966, 196, 52287
324502,548, 11966, 196, 52288
324552,548, 11966, 196, 52288
324602,548, 11966, 196, 52288
324652,548, 11966, 196, 52288
324702,548, 11966, 196, 52288
324752,548, 11966, 196, 52288
324802,548, 11966, 196, 52288
324852,548, 11595, 196, 52288
324902,548, 11595, 196, 52291
325038,548, 11781, 196, 52291
325131,548, 11781, 196, 52291
325181,548, 11781, 196, 52291
325231,548, 11518, 196, 52291
325281,548, 11518, 196, 52293
325331,548, 11518, 196, 52293
325381,548, 11518, 196, 52293
325431,548, 11518, 196, 52293
325481,548, 11518, 196, 52293
325531,548, 11518, 196, 52293
325581,548, 11518, 196, 52293
325631,548, 11688, 196, 52293
325681,548, 11688, 196, 52295
325731,548, 11688, 196, 52295
325781,548, 11688, 196, 52295
325831,548, 11426, 196, 52295
325881,548, 11426, 196, 52295
325931,548, 11426, 195, 52295
326024,548, 11426, 195, 52295
326074,548, 11426, 195, 52295
326209,548, 11426, 195, 52296
326259,548, 11426, 195, 52296
326309,548, 11426, 196, 52296
326359,548, 11426, 196, 52296
326409,548, 11426, 196, 52296
326459,548, 11179, 196, 52296
326509,548, 11179, 196, 52298
326559,548, 11179, 196, 52298
326609,548, 11179, 196, 52298
326659,548, 11256, 196, 52298
326709,548, 11256, 196, 52298
326759,548, 11256, 196, 52298
326809,548, 11256, 196, 52298
326859,548, 11024, 196, 52298
326909,548, 11024, 196, 52300
327001,548, 11024, 196, 52300
327051,548, 11024, 196, 52300
327101,548, 11024, 196, 52300
327151,548, 11024, 196, 52300
327201,548, 11024, 196, 52300
327336,548, 11024, 196, 52302
327386,548, 11024, 196, 52302
327436,548, 10870, 196, 52302
327486,548, 10870, 196, 52302
327536,548, 10870, 195, 52302
327586,548, 10870, 195, 52302
327636,548, 10870, 195, 52302
327686,548, 10870, 195, 52302
327736,548, 10870, 195, 52304
327786,548, 10870, 195, 52304
327836,548, 10870, 195, 52304
327886,548, 10870, 195, 52304
327978,548, 10870, 196, 52304
328028,548, 10715, 196, 52304
328078,548, 10715, 196, 52304
328128,548, 10715, 196, 52306
328178,548, 10715, 196, 52306
328228,548, 10638, 196, 52306
328278,548, 10638, 196, 52306
328328,548, 10638, 196, 52306
328464,548, 10638, 196, 52306
328514,548, 10638, 196, 52308
328564,548, 10638, 196, 52308
328614,548, 10638, 196, 52308
328664,548, 10638, 196, 52308
328714,548, 10638, 197, 52308
328764,548, 10638, 197, 52308
328814,548, 10638, 197, 52308
328864,548, 10561, 197, 52308
328914,548, 10561, 197, 52308
329006,548, 10561, 197, 52308
329056,548, 10561, 197, 52308
329106,548, 10561, 197, 52308
329156,548, 10561, 197, 52308
329206,548, 10561, 197, 52308
329256,548, 10422, 197, 52308
329306,548, 10422, 197, 52311
329356,548, 10422, 197, 52311
329406,548, 10422, 197, 52311
329456,548, 10561, 197, 52311
329593,548, 10561, 197, 52311
329643,548, 10561, 197, 52311
329693,548, 10561, 197, 52311
329743,548, 10561, 197, 52313
329793,548, 10561, 197, 52313
329843,548, 10360, 197, 52313
329893,548, 10360, 197, 52313
329985,548, 10360, 195, 52313
330035,548, 10283, 195, 52313
330085,548, 10283, 195, 52313
330135,548, 10283, 195, 52314
330185,548, 10283, 195, 52314
330235,548, 10283, 195, 52314
330285,548, 10283, 195, 52314
330335,548, 10283, 196, 52314
330385,548, 10283, 196, 52314
330435,548, 10144, 196, 52314
330485,548, 10144, 196, 52314
330535,548, 10144, 196, 52317
330585,548, 10144, 196, 52317
330721,548, 10020, 195, 52317
330771,548, 10020, 195, 52317
330821,548, 10020, 195, 52317
330871,548, 10020, 195, 52317
330963,548, 10020, 195, 52317
331013,548, 10020, 195, 52317
331063,548, 9696, 195, 52317
331113,548, 9696, 196, 52317
331163,548, 9696, 196, 52317
331213,548, 9696, 196, 52317
331263,548, 9758, 196, 52317
331313,548, 9758, 196, 52319
331363,548, 9758, 196, 52319
331413,548, 9758, 196, 52319
331463,548, 9758, 196, 52319
331513,548, 9758, 195, 52319
331563,548, 9758, 195, 52319
331613,548, 9758, 195, 52319
331663,548, 9403, 195, 52319
331713,548, 9403, 195, 52321
331849,548, 9403, 195, 52321
331941,548, 9403, 196, 52321
331991,548, 9403, 196, 52321
332041,548, 9357, 196, 52321
332091,548, 9357, 196, 52321
332141,548, 9357, 196, 52324
332191,548, 9357, 196, 52324
332241,548, 9017, 196, 52324
332291,548, 9017, 196, 52324
332341,548, 9017, 196, 52324
332391,548, 9017, 196, 52324
332441,548, 9017, 196, 52324
332491,548, 9017, 196, 52324
332541,548, 9017, 196, 52324
332591,548, 9017, 196, 52324
332641,548, 8924, 196, 52324
332691,548, 8924, 196, 52324
332741,548, 8924, 196, 52324
332791,548, 8924, 196, 52324
332884,548, 8924, 196, 52324
333020,548, 8924, 196, 52327
333070,548, 8708, 196, 52327
333120,548, 8708, 196, 52327
333170,548, 8708, 196, 52327
333220,548, 8708, 196, 52327
333270,548, 8708, 196, 52327
333320,548, 8708, 196, 52327
333370,548, 8708, 196, 52327
333420,548, 8708, 196, 52327
333470,548, 8662, 196, 52327
333520,548, 8662, 195, 52327
333570,548, 8662, 195, 52327
333620,548, 8662, 195, 52327
333670,548, 8198, 195, 52327
333720,548, 8198, 195, 52327
333770,548, 8198, 195, 52330
333906,548, 8198, 195, 52330
333956,548, 8198, 195, 52330
334006,548, 8198, 195, 52330
334056,548, 8198, 195, 52330
334106,548, 8198, 195, 52330
334156,548, 8198, 195, 52331
334206,548, 8198, 195, 52331
334256,548, 8198, 195, 52331
334306,548, 8198, 195, 52331
334356,548, 8198, 196, 52331
334406,548, 8198, 196, 52331
334456,548, 7951, 196, 52331
334506,548, 7951, 196, 52331
334556,548, 7951, 196, 52332
334606,548, 7951, 196, 52332
334656,548, 7951, 196, 52332
334706,548, 7951, 196, 52332
334756,548, 7951, 196, 52332
334848,548, 7797, 196, 52332
334898,548, 7797, 196, 52332
335033,548, 7797, 196, 52334
335083,548, 7797, 196, 52334
335133,548, 7797, 195, 52334
335183,548, 7797, 195, 52334
335233,548, 7457, 195, 52334
335283,548, 7457, 195, 52334
335333,548, 7457, 195, 52335
335383,548, 7457, 195, 52335
335433,548, 7457, 195, 52335
335483,548, 7457, 195, 52335
335533,548, 7457, 195, 52335
335583,548, 7457, 195, 52335
335633,548, 7488, 195, 52335
335683,548, 7488, 195, 52335
335733,548, 7488, 195, 52337
335783,548, 7488, 195, 52337
335875,548, 7488, 195, 52337
335925,548, 7488, 195, 52337
335975,548, 7488, 195, 52337
336025,548, 7349, 195, 52337
336161,548, 7349, 195, 52338
336211,548, 7349, 195, 52338
336261,548, 7349, 195, 52338
336311,548, 7349, 195, 52338
336361,548, 7349, 197, 52338
336411,548, 7349, 197, 52338
336461,548, 7411, 197, 52338
336511,548, 7411, 197, 52338
336561,548, 7411, 197, 52339
336611,548, 7411, 197, 52339
336661,548, 7411, 197, 52339
336711,548, 7411, 197, 52339
336761,548, 7411, 197, 52339
336853,548, 7349, 197, 52339
336903,548, 7349, 197, 52339
336953,548, 7349, 197, 52341
337003,548, 7349, 197, 52341
337053,548, 7349, 197, 52341
337103,548, 7349, 197, 52341
337153,548, 7349, 196, 52341
337289,548, 7349, 196, 52341
337339,548, 7349, 196, 52343
337389,548, 7349, 196, 52343
337439,548, 7380, 196, 52343
337489,548, 7380, 196, 52343
337539,548, 7380, 196, 52343
337589,548, 7380, 196, 52343
337639,548, 7380, 196, 52343
337689,548, 7380, 196, 52343
337739,548, 7380, 196, 52343
337789,548, 7380, 196, 52345
337881,548, 7272, 196, 52345
337931,548, 7272, 196, 52345
337981,548, 7272, 196, 52345
338031,548, 7272, 196, 52345
338081,548, 7272, 196, 52345
338131,548, 7272, 196, 52345
338181,548, 7272, 196, 52346
338231,548, 7380, 196, 52346
338281,548, 7380, 196, 52346
338417,548, 7380, 196, 52346
338467,548, 7380, 196, 52346
338517,548, 7380, 196, 52346
338567,548, 7380, 196, 52347
338617,548, 7380, 196, 52347
338667,548, 7303, 196, 52347
338717,548, 7303, 196, 52347
338767,548, 7303, 196, 52347
338817,548, 7303, 196, 52347
338909,548, 7303, 196, 52347
338959,548, 7303, 196, 52348
339009,548, 7303, 196, 52348
339059,548, 7349, 196, 52348
339109,548, 7349, 196, 52348
339159,548, 7349, 196, 52348
339209,548, 7349, 196, 52348
339259,548, 7349, 196, 52348
339309,548, 7349, 196, 52348
339359,548, 7349, 196, 52350
339409,548, 7349, 196, 52350
339545,548, 7102, 196, 52350
339595,548, 7102, 196, 52350
339645,548, 7102, 196, 52350
339695,548, 7102, 196, 52350
339745,548, 7102, 196, 52350
339795,548, 7102, 196, 52351
339887,548, 7040, 196, 52351
339937,548, 7040, 196, 52351
339987,548, 7040, 196, 52351
340037,548, 7040, 196, 52351
340087,548, 7040, 196, 52351
340137,548, 7040, 196, 52351
340187,548, 7040, 196, 52353
340237,548, 7071, 196, 52353
340287,548, 7071, 196, 52353
340337,548, 7071, 196, 52353
340387,548, 7071, 196, 52353
340437,548, 7071, 196, 52353
340487,548, 7071, 196, 52353
340537,548, 7071, 196, 52353
340673,548, 7071, 196, 52353
340723,548, 7071, 196, 52353
340773,548, 7071, 196, 52353
340823,548, 7071, 196, 52353
340916,548, 6917, 196, 52353
340966,548, 6917, 196, 52355
341016,548, 6917, 196, 52355
341066,548, 6917, 196, 52355
341116,548, 6917, 196, 52355
341166,548, 6917, 196, 52355
341216,548, 6917, 196, 52355
341266,548, 6855, 196, 52355
341316,548, 6855, 196, 52355
341366,548, 6855, 196, 52358
341416,548, 6855, 196, 52358
341466,548, 6855, 196, 52358
341516,548, 6855, 196, 52358
341566,548, 6855, 196, 52358
341616,548, 6855, 196, 52358
341666,548, 6762, 196, 52358
341802,548, 6762, 196, 52358
341852,548, 6762, 196, 52358
341944,548, 6762, 196, 52358
341994,548, 6762, 195, 52358
342044,548, 6762, 195, 52358
342094,548, 6762, 195, 52358
342144,548, 6762, 195, 52358
342194,548, 6762, 195, 52359
342244,548, 6762, 195, 52359
342294,548, 6762, 195, 52359
342344,548, 6762, 195, 52359
342394,548, 6762, 196, 52359
342444,548, 6762, 196, 52359
342494,548, 6762, 196, 52359
342544,548, 6762, 196, 52359
342594,548, 6762, 196, 52362
342644,548, 6917, 196, 52362
342694,548, 6917, 196, 52362
342744,548, 6917, 196, 52362
342836,548, 6917, 197, 52362
342971,548, 6917, 197, 52362
343021,548, 6917, 197, 52362
343071,548, 6979, 197, 52362
343121,548, 6979, 197, 52362
343171,548, 6979, 196, 52362
343221,548, 6979, 196, 52362
343271,548, 6979, 196, 52362
343321,548, 6979, 196, 52362
343371,548, 6979, 196, 52363
343421,548, 6979, 196, 52363
343471,548, 7133, 196, 52363
343521,548, 7133, 196, 52363
343571,548, 7133, 196, 52363
343621,548, 7133, 196, 52363
343671,548, 7133, 196, 52363
343721,548, 7133, 196, 52363
343771,548, 7133, 196, 52365
343863,548, 7210, 196, 52365
343913,548, 7210, 196, 52365
343963,548, 7210, 196, 52365
344099,548, 7210, 195, 52365
344149,548, 7210, 195, 52365
344199,548, 7210, 195, 52366
344249,548, 7303, 195, 52366
344299,548, 7303, 195, 52366
344349,548, 7303, 195, 52366
344399,548, 7303, 196, 52366
344449,548, 7303, 196, 52366
344499,548, 7303, 196, 52366
344549,548, 7303, 196, 52366
344599,548, 7303, 196, 52367
344649,548, 7210, 196, 52367
344699,548, 7210, 196, 52367
344749,548, 7210, 196, 52367
344799,548, 7210, 196, 52367
344891,548, 7210, 196, 52367
344941,548, 7210, 196, 52367
344991,548, 7210, 196, 52368
345041,548, 7210, 196, 52368
345091,548, 7210, 196, 52368
345227,548, 7210, 196, 52368
345277,548, 7210, 196, 52368
345327,548, 7210, 196, 52368
345377,548, 7210, 196, 52368
345427,548, 7210, 196, 52369
345477,548, 7210, 196, 52369
345527,548, 7210, 196, 52369
345577,548, 7210, 196, 52369
345627,548, 7010, 195, 52369
345677,548, 7010, 195, 52369
345727,548, 7010, 195, 52369
345777,548, 7010, 195, 52369
345869,548, 7010, 195, 52370
345919,548, 7010, 195, 52370
345969,548, 7010, 195, 52370
346019,548, 7010, 195, 52370
346069,548, 7133, 195, 52370
346119,548, 7133, 195, 52370
346169,548, 7133, 195, 52370
346219,548, 7133, 195, 52372
346355,548, 7133, 195, 52372
346405,548, 7133, 196, 52372
346455,548, 6855, 196, 52372
346505,548, 6855, 196, 52372
346555,548, 6855, 196, 52372
346605,548, 6855, 196, 52373
346655,548, 6855, 196, 52373
346705,548, 6855, 196, 52373
346755,548, 6855, 196, 52373
346805,548, 6855, 195, 52373
346897,548, 6948, 195, 52373
346947,548, 6948, 195, 52373
346997,548, 6948, 195, 52373
347047,548, 6948, 195, 52373
347097,548, 6948, 195, 52373
347147,548, 6948, 195, 52373
347197,548, 6948, 196, 52373
347247,548, 6824, 196, 52373
347297,548, 6824, 196, 52373
347347,548, 6824, 196, 52373
347484,548, 6824, 196, 52376
347534,548, 6824, 196, 52376
347584,548, 6824, 196, 52376
347634,548, 6824, 196, 52376
347684,548, 6824, 196, 52376
347734,548, 6824, 196, 52376
347784,548, 6824, 196, 52376
347834,548, 6732, 196, 52377
347926,548, 6732, 196, 52377
347976,548, 6732, 196, 52377
348026,548, 6732, 196, 52377
348076,548, 6732, 196, 52377
348126,548, 6732, 196, 52377
348176,548, 6732, 196, 52377
348226,548, 6593, 196, 52378
348276,548, 6593, 196, 52378
348412,548, 6593, 196, 52378
348462,548, 6593, 196, 52378
348512,548, 6593, 196, 52378
348562,548, 6593, 196, 52378
348612,548, 6593, 196, 52379
348662,548, 6531, 196, 52379
348712,548, 6531, 196, 52379
348762,548, 6531, 196, 52379
348812,548, 6531, 197, 52379
348905,548, 6531, 197, 52379
348955,548, 6531, 197, 52379
349005,548, 6531, 197, 52380
349055,548, 6423, 197, 52380
349105,548, 6423, 197, 52380
349155,548, 6423, 197, 52380
349205,548, 6423, 196, 52380
349255,548, 6423, 196, 52380
349305,548, 6423, 196, 52380
349355,548, 6423, 196, 52380
349405,548, 6423, 196, 52381
349541,548, 6423, 196, 52381
349591,548, 6423, 196, 52381
349641,548, 6485, 196, 52381
349691,548, 6485, 196, 52381
349741,548, 6485, 196, 52381
349791,548, 6485, 196, 52381
349841,548, 6485, 196, 52382
349933,548, 6485, 196, 52382
349983,548, 6485, 196, 52382
350033,548, 6376, 196, 52382
350083,548, 6376, 196, 52382
350133,548, 6376, 196, 52382
350183,548, 6376, 196, 52382
350233,548, 6376, 196, 52383
350283,548, 6376, 196, 52383
350333,548, 6376, 196, 52383
350383,548, 6376, 196, 52383
350433,548, 6376, 197, 52383
350483,548, 6376, 197, 52383
350533,548, 6376, 197, 52383
350668,548, 6423, 197, 52385
350718,548, 6423, 197, 52385
350768,548, 6423, 197, 52385
350818,548, 6423, 197, 52385
350868,548, 6423, 197, 52385
351002,548, 6423, 197, 52385
351052,548, 6376, 197, 52385
351102,548, 6376, 197, 52385
351152,548, 6376, 197, 52385
351202,548, 6376, 197, 52385
351252,548, 6376, 197, 52385
351302,548, 6376, 197, 52385
351352,548, 6376, 197, 52385
351402,548, 6376, 197, 52385
351452,548, 6392, 197, 52386
351502,548, 6392, 197, 52386
351552,548, 6392, 197, 52386
351602,548, 6392, 197, 52386
351652,548, 6392, 196, 52386
351702,548, 6392, 196, 52386
352008,548, 6392, 196, 52387
352058,548, 6346, 196, 52387
352150,548, 6346, 196, 52387
352200,548, 6346, 196, 52387
352250,548, 6346, 196, 52388
352300,548, 6346, 196, 52388
352350,548, 6346, 196, 52388
352400,548, 6346, 196, 52388
352450,548, 6315, 197, 52388
352500,548, 6315, 197, 52388
352550,548, 6315, 197, 52388
352600,548, 6315, 197, 52388
352650,548, 6315, 197, 52390
352700,548, 6315, 197, 52390
352750,548, 6315, 197, 52390
352800,548, 6315, 197, 52390
352850,548, 6315, 197, 52390
352900,548, 6315, 197, 52390
352950,548, 6315, 197, 52390
353000,548, 6315, 197, 52390
353220,548, 6268, 195, 52391
353270,548, 6268, 195, 52391
353320,548, 6268, 195, 52391
353370,548, 6268, 195, 52391
353420,548, 6268, 195, 52392
353470,548, 6376, 195, 52392
353520,548, 6376, 195, 52392
353570,548, 6376, 195, 52392
353620,548, 6376, 196, 52392
353670,548, 6376, 196, 52392
353720,548, 6376, 196, 52392
353770,548, 6376, 196, 52392
353820,548, 6376, 196, 52392
353870,548, 6376, 196, 52394
353920,548, 6376, 196, 52394
353970,548, 6376, 196, 52394
354020,548, 6376, 196, 52394
354070,548, 6346, 195, 52394
354162,548, 6346, 195, 52394
354212,548, 6346, 195, 52394
354348,548, 6346, 195, 52394
354398,548, 6346, 195, 52394
354448,548, 6454, 197, 52394
354498,548, 6454, 197, 52394
354548,548, 6454, 197, 52394
354598,548, 6454, 197, 52394
354648,548, 6454, 197, 52395
354698,548, 6454, 197, 52395
354748,548, 6454, 197, 52395
354798,548, 6454, 197, 52395
354848,548, 6454, 197, 52395
354898,548, 6454, 197, 52395
354948,548, 6454, 197, 52395
354998,548, 6454, 197, 52395
355048,548, 6454, 197, 52397
355140,548, 6454, 197, 52397
355190,548, 6454, 197, 52397
355240,548, 6454, 196, 52397
355290,548, 6454, 196, 52397
355340,548, 6454, 196, 52397
355476,548, 6562, 196, 52396
355526,548, 6562, 196, 52396
355576,548, 6562, 196, 52396
355626,548, 6562, 196, 52396
355676,548, 6562, 196, 52396
355726,548, 6562, 196, 52396
355776,548, 6562, 196, 52396
355826,548, 6593, 196, 52396
355876,548, 6593, 196, 52399
355926,548, 6593, 196, 52399
355976,548, 6593, 196, 52399
356026,548, 6593, 196, 52399
356076,548, 6593, 197, 52399
356168,548, 6593, 197, 52399
356218,548, 6593, 197, 52399
356268,548, 6701, 197, 52399
356318,548, 6701, 197, 52399
356368,548, 6701, 197, 52399
356418,548, 6701, 197, 52399
356468,548, 6701, 197, 52399
356604,548, 6701, 197, 52399
356654,548, 6701, 197, 52400
356704,548, 6701, 197, 52400
356754,548, 6701, 197, 52400
356804,548, 6701, 197, 52400
356854,548, 6670, 196, 52400
356904,548, 6670, 196, 52400
356954,548, 6670, 196, 52400
357004,548, 6670, 196, 52400
357054,548, 6670, 196, 52401
357104,548, 6670, 196, 52401
357197,548, 6670, 196, 52401
357247,548, 6886, 197, 52401
357297,548, 6886, 197, 52401
357347,548, 6886, 197, 52401
357397,548, 6886, 197, 52401
357447,548, 6886, 197, 52402
357497,548, 6886, 197, 52402
357547,548, 6886, 197, 52402
357597,548, 6886, 197, 52402
357733,548, 6855, 195, 52402
357783,548, 6855, 195, 52402
357833,548, 6855, 195, 52402
357883,548, 6855, 195, 52403
357933,548, 6855, 195, 52403
357983,548, 6855, 195, 52403
358033,548, 6948, 195, 52403
358083,548, 6948, 196, 52403
358176,548, 6948, 196, 52403
358226,548, 6948, 196, 52403
358276,548, 6948, 196, 52403
358326,548, 6948, 196, 52403
358376,548, 6948, 196, 52403
358426,548, 6948, 196, 52403
358476,548, 6948, 197, 52403
358526,548, 6948, 197, 52403
358576,548, 6948, 197, 52403
358626,548, 6948, 197, 52403
358676,548, 6948, 197, 52405
358726,548, 6948, 197, 52405
358861,548, 6948, 195, 52405
358911,548, 6948, 195, 52405
358961,548, 6948, 195, 52405
359011,548, 6948, 195, 52405
359061,548, 6917, 195, 52406
359111,548, 6917, 195, 52406
359203,548, 6917, 195, 52406
359253,548, 6917, 195, 52406
359303,548, 6917, 195, 52406
359353,548, 6917, 195, 52406
359403,548, 6917, 195, 52406
359453,548, 6824, 195, 52407
359503,548, 6824, 195, 52407
359553,548, 6824, 195, 52407
359603,548, 6824, 195, 52407
359653,548, 6824, 196, 52407
359703,548, 6824, 196, 52407
359753,548, 6824, 196, 52407
359803,548, 6824, 196, 52407
359853,548, 6824, 196, 52406
359988,548, 6824, 196, 52406
360038,548, 6824, 196, 52406
360088,548, 6824, 196, 52406
360138,548, 6824, 196, 52406
360230,548, 6793, 196, 52406
360280,548, 6793, 196, 52408
360330,548, 6793, 196, 52408
360380,548, 6793, 196, 52408
360430,548, 6793, 196, 52408
360480,548, 6793, 196, 52408
360530,548, 6793, 196, 52408
360580,548, 6793, 196, 52408
360630,548, 6793, 196, 52408
360680,548, 6793, 196, 52409
360730,548, 6793, 196, 52409
360780,548, 6793, 196, 52409
360830,548, 6762, 196, 52409
360880,548, 6762, 197, 52409
360930,548, 6762, 197, 52409
360980,548, 6762, 197, 52409
361116,548, 6762, 197, 52409
361208,548, 6762, 197, 52409
361258,548, 6701, 197, 52409
361308,548, 6701, 196, 52409
361358,548, 6701, 196, 52409
361408,548, 6701, 196, 52409
361458,548, 6701, 196, 52409
361508,548, 6701, 196, 52411
361558,548, 6701, 196, 52411
361608,548, 6701, 196, 52411
361658,548, 6670, 196, 52411
361708,548, 6670, 197, 52411
361758,548, 6670, 197, 52411
361808,548, 6670, 197, 52411
361858,548, 6670, 197, 52411
361908,548, 6670, 197, 52412
361958,548, 6670, 197, 52412
362008,548, 6670, 197, 52412
362058,548, 6670, 197, 52412
362150,548, 6670, 196, 52412
362286,548, 6485, 196, 52412
362336,548, 6485, 196, 52412
362386,548, 6485, 196, 52412
362436,548, 6485, 196, 52412
362486,548, 6485, 196, 52412
362536,548, 6485, 196, 52412
362586,548, 6485, 196, 52412
362636,548, 6346, 196, 52412
362686,548, 6346, 196, 52413
362736,548, 6346, 196, 52413
362786,548, 6346, 196, 52413
362836,548, 6346, 196, 52413
362886,548, 6346, 195, 52413
362936,548, 6346, 195, 52413
362986,548, 6346, 195, 52413
363036,548, 6191, 195, 52413
363172,548, 6191, 195, 52414
363222,548, 6191, 195, 52414
363272,548, 6191, 196, 52414
363322,548, 6191, 196, 52414
363372,548, 6191, 196, 52414
363422,548, 6191, 196, 52414
363472,548, 6191, 196, 52415
363522,548, 6191, 196, 52415
363572,548, 6191, 196, 52415
363622,548, 6191, 196, 52415
363672,548, 6099, 195, 52415
363722,548, 6099, 195, 52415
363772,548, 6099, 195, 52415
363822,548, 6099, 195, 52415
363872,548, 6099, 195, 52416
363922,548, 6099, 195, 52416
363972,548, 6099, 195, 52416
364022,548, 6099, 195, 52416
364115,548, 6099, 195, 52416
364165,548, 6099, 195, 52416
364301,548, 5913, 195, 52416
364351,548, 5913, 195, 52416
364401,548, 5913, 195, 52416
364451,548, 5913, 195, 52416
364501,548, 5913, 196, 52416
364551,548, 5913, 196, 52416
364601,548, 5913, 196, 52416
364651,548, 5882, 196, 52416
364701,548, 5882, 196, 52417
364751,548, 5882, 196, 52417
364801,548, 5882, 196, 52417
364851,548, 5882, 196, 52417
364901,548, 5882, 195, 52417
364951,548, 5882, 195, 52417
365001,548, 5882, 195, 52417
365051,548, 5882, 195, 52417
365145,548, 5882, 195, 52418
365195,548, 5882, 195, 52418
365245,548, 5620, 195, 52418
365295,548, 5620, 197, 52418
365431,548, 5620, 197, 52418
365481,548, 5620, 197, 52418
365531,548, 5620, 197, 52418
365581,548, 5620, 197, 52418
365631,548, 5620, 197, 52418
365681,548, 5620, 196, 52418
365731,548, 5620, 196, 52418
365781,548, 5620, 196, 52418
365831,548, 5589, 196, 52418
365881,548, 5589, 196, 52418
365931,548, 5589, 196, 52420
365981,548, 5589, 196, 52420
366031,548, 5589, 196, 52420
366123,548, 5589, 195, 52420
366173,548, 5589, 195, 52420
366223,548, 5589, 195, 52420
366273,548, 5450, 195, 52420
366323,548, 5450, 195, 52420
366373,548, 5450, 195, 52420
366423,548, 5450, 195, 52420
366558,548, 5450, 197, 52420
366608,548, 5450, 197, 52420
366658,548, 5450, 197, 52420
366708,548, 5450, 197, 52421
366758,548, 5450, 197, 52421
366808,548, 5450, 197, 52421
366858,548, 5265, 197, 52421
366908,548, 5265, 196, 52421
366958,548, 5265, 196, 52421
367008,548, 5265, 196, 52421
367058,548, 5265, 196, 52421
367150,548, 5265, 196, 52422
367200,548, 5265, 196, 52422
367250,548, 5265, 196, 52422
367300,548, 5265, 196, 52422
367350,548, 5265, 196, 52422
367400,548, 5265, 196, 52422
367450,548, 5265, 196, 52422
367500,548, 5265, 196, 52422
367550,548, 5265, 196, 52422
367685,548, 4369, 196, 52422
367735,548, 4369, 196, 52422
367785,548, 4369, 196, 52422
367835,548, 4369, 196, 52422
367885,548, 4369, 196, 52422
367935,548, 4369, 196, 52401
367985,548, 4369, 196, 52401
368035,548, 4369, 196, 52401
368085,548, 4369, 196, 52401
368177,548, 4369, 304, 52401
368227,548, 4369, 304, 52401
368277,548, 4369, 304, 52401
368327,548, 4369, 304, 52400
368377,548, 4369, 304, 52400
368427,548, 2748, 304, 52400
368477,548, 2748, 304, 52400
368527,548, 2748, 314, 52400
368577,548, 2748, 314, 52400
368627,548, 2748, 314, 52400
368677,548, 2748, 314, 52400
368813,548, 2748, 314, 52400
368863,548, 2748, 314, 52400
368913,548, 2748, 317, 52400
368963,548, 2748, 317, 52400
369013,548, 2748, 317, 52400
369063,548, 2748, 317, 52400
369155,548, 2748, 317, 52399
369205,548, 2748, 317, 52399
369255,548, 2748, 317, 52399
369305,548, 2748, 318, 52399
369355,548, 2748, 318, 52399
369405,548, 2748, 318, 52399
369455,548, 2748, 318, 52399
369505,548, 2748, 318, 52400
369555,548, 2748, 318, 52400
369605,548, 2748, 318, 52400
369655,548, 0, 318, 52400
369705,548, 0, 319, 52400
369755,548, 0, 319, 52400
369805,548, 0, 319, 52400
369941,548, 0, 319, 52401
369991,548, 0, 319, 52401
370041,548, 0, 319, 52401
370091,548, 0, 319, 52401
370141,548, 0, 320, 52401
370233,548, 0, 320, 52401
370283,548, 0, 320, 52401
370333,548, 0, 320, 52400
370383,548, 0, 320, 52400
370433,548, 0, 320, 52400
370483,548, 0, 320, 52400
370533,548, 0, 322, 52400
370583,548, 0, 322, 52400
370633,548, 0, 322, 52400
370683,548, 0, 322, 52400
370733,548, 0, 322, 52401
370783,548, 0, 322, 52401
370833,548, 0, 322, 52401
370883,548, 0, 322, 52401
370933,548, 0, 322, 52401
371069,548, 0, 322, 52401
371119,548, 0, 322, 52400
371169,548, 0, 322, 52400
371219,548, 0, 322, 52400
371269,548, 0, 322, 52400
371361,548, 0, 322, 52400
371411,548, 0, 322, 52400
371461,548, 0, 322, 52400
371511,548, 0, 322, 52401
371561,548, 0, 322, 52401
371611,548, 0, 322, 52401
371661,548, 0, 322, 52401
371711,548, 0, 322, 52401
371761,548, 0, 322, 52401
371811,548, 0, 322, 52401
371861,548, 0, 322, 52401
371911,548, 0, 322, 52401
371961,548, 0, 322, 52401
372011,548, 0, 322, 52401
372061,548, 0, 322, 52401
372197,548, 0, 323, 52401
372247,548, 0, 323, 52401
372297,548, 0, 323, 52401
372347,548, 0, 323, 52401
372439,548, 0, 323, 52401
372489,548, 0, 323, 52401
372539,548, 0, 324, 52401
372589,548, 0, 324, 52401
372639,548, 0, 324, 52401
372689,548, 0, 324, 52401
372739,548, 0, 324, 52403
372789,548, 0, 324, 52403
372839,548, 0, 324, 52403
372889,548, 0, 324, 52403
372939,548, 0, 324, 52403
372989,548, 0, 324, 52403
373039,548, 0, 324, 52403
373089,548, 0, 324, 52403
373139,548, 0, 324, 52402
373189,548, 0, 324, 52402
373325,548, 0, 324, 52402
373375,548, 0, 324, 52402
373425,548, 0, 324, 52402
373475,548, 0, 324, 52402
373567,548, 0, 324, 52403
373617,548, 0, 324, 52403
373667,548, 0, 324, 52403
373717,548, 0, 324, 52403
373767,548, 0, 323, 52403
373817,548, 0, 323, 52403
373867,548, 0, 323, 52403
373917,548, 0, 323, 52403
373967,548, 0, 323, 52404
374017,548, 0, 323, 52404
374067,548, 0, 323, 52404
374117,548, 0, 323, 52404
374167,548, 0, 324, 52404
374217,548, 0, 324, 52404
374267,548, 0, 324, 52404
374317,548, 0, 324, 52404
374453,548, 0, 324, 52404
374503,548, 0, 324, 52404
374553,548, 0, 325, 52404
374603,548, 0, 325, 52404
374695,548, 0, 325, 52404
374745,548, 0, 325, 52404
374795,548, 0, 325, 52404
374845,548, 0, 325, 52404
374895,548, 0, 325, 52404
374945,548, 0, 324, 52404
374995,548, 0, 324, 52404
375045,548, 0, 324, 52404
375095,548, 0, 324, 52404
375145,548, 0, 324, 52405
375195,548, 0, 324, 52405
375245,548, 0, 324, 52405
375295,548, 0, 324, 52405
375345,548, 0, 325, 52405
375395,548, 0, 325, 52405
375445,548, 0, 325, 52405
375580,548, 0, 325, 52405
375630,548, 0, 325, 52405
375680,548, 0, 325, 52405
375772,548, 0, 324, 52405
375822,548, 0, 324, 52405
375872,548, 0, 324, 52405
375922,548, 0, 324, 52405
375972,548, 0, 324, 52405
376022,548, 0, 324, 52405
376072,548, 0, 324, 52405
376122,548, 0, 324, 52405
376172,548, 0, 324, 52405
376222,548, 0, 324, 52405
376272,548, 0, 324, 52405
376322,548, 0, 324, 52405
376372,548, 0, 324, 52407
376422,548, 0, 324, 52407
376472,548, 0, 324, 52407
376522,548, 0, 324, 52407
376572,548, 0, 325, 52407
376707,548, 0, 325, 52407
376757,548, 0, 325, 52406
376807,548, 0, 325, 52406
376899,548, 0, 325, 52406
376949,548, 0, 325, 52406
376999,548, 0, 325, 52406
377049,548, 0, 325, 52406
377099,548, 0, 325, 52406
377149,548, 0, 325, 52407
377199,548, 0, 325, 52407
377249,548, 0, 325, 52407
377299,548, 0, 325, 52407
377349,548, 0, 326, 52407
377399,548, 0, 326, 52407
377449,548, 0, 326, 52407
377499,548, 0, 326, 52407
377635,548, 0, 326, 52408
377685,548, 0, 326, 52408
377735,548, 0, 326, 52408
377785,548, 0, 326, 52408
377835,548, 0, 326, 52408
377885,548, 0, 326, 52408
377935,548, 0, 326, 52408
378027,548, 0, 326, 52408
378077,548, 0, 326, 52408
378127,548, 0, 326, 52408
378177,548, 0, 326, 52408
378227,548, 0, 326, 52408
378277,548, 0, 326, 52408
378327,548, 0, 326, 52408
378377,548, 0, 326, 52409
378427,548, 0, 326, 52409
378477,548, 0, 326, 52409
378527,548, 0, 326, 52409
378577,548, 0, 325, 52409
378627,548, 0, 325, 52409
378763,548, 0, 325, 52408
378813,548, 0, 325, 52408
378863,548, 0, 325, 52408
378913,548, 0, 325, 52408
378963,548, 0, 326, 52408
379013,548, 0, 326, 52408
379063,548, 0, 326, 52408
379155,548, 0, 326, 52409
379205,548, 0, 326, 52409
379255,548, 0, 326, 52409
379305,548, 0, 326, 52409
379355,548, 0, 326, 52409
379405,548, 0, 326, 52409
379455,548, 0, 326, 52409
379505,548, 0, 326, 52409
379555,548, 0, 326, 52409
379605,548, 0, 326, 52409
379655,548, 0, 326, 52409
379705,548, 0, 326, 52409
379755,548, 0, 325, 52409
379891,548, 0, 325, 52409
379941,548, 0, 325, 52409
379991,548, 0, 325, 52411
380041,548, 0, 325, 52411
380091,548, 0, 325, 52411
380141,548, 0, 325, 52411
380233,548, 0, 326, 52411
380283,548, 0, 326, 52411
380333,548, 0, 326, 52411
380383,548, 0, 326, 52410
380433,548, 0, 326, 52410
380483,548, 0, 326, 52410
380533,548, 0, 326, 52410
380583,548, 0, 326, 52410
380633,548, 0, 326, 52410
380683,548, 0, 326, 52410
380733,548, 0, 326, 52410
380783,548, 0, 326, 52410
380833,548, 0, 326, 52410
380883,548, 0, 326, 52410
381019,548, 0, 326, 52410
381069,548, 0, 326, 52410
381119,548, 0, 326, 52410
381169,548, 0, 326, 52411
381219,548, 0, 326, 52411
381269,548, 0, 326, 52411
381361,548, 0, 326, 52411
381411,548, 0, 326, 52411
381461,548, 0, 326, 52411
381511,548, 0, 326, 52411
381561,548, 0, 326, 52411
381611,548, 0, 326, 52411
381661,548, 0, 326, 52411
381711,548, 0, 326, 52411
381761,548, 0, 325, 52411
381811,548, 0, 325, 52411
381861,548, 0, 325, 52411
381911,548, 0, 325, 52411
381961,548, 0, 325, 52411
382011,548, 0, 325, 52411
382147,548, 0, 325, 52411
382197,548, 0, 325, 52411
382247,548, 0, 325, 52411
382297,548, 0, 325, 52411
382347,548, 0, 325, 52411
382397,548, 0, 325, 52411
382490,548, 0, 325, 52411
382540,548, 0, 325, 52411
382590,548, 0, 327, 52411
382640,548, 0, 327, 52411
382690,548, 0, 327, 52411
382740,548, 0, 327, 52411
382790,548, 0, 327, 52413
382840,548, 0, 327, 52413
382890,548, 0, 327, 52413
382940,548, 0, 327, 52413
382990,548, 0, 327, 52413
383040,548, 0, 327, 52413
383090,548, 0, 327, 52413
383140,548, 0, 327, 52413
383277,548, 0, 327, 52413
383327,548, 0, 327, 52413
383377,548, 0, 326, 52413
383427,548, 0, 326, 52413
383477,548, 0, 326, 52413
383569,548, 0, 326, 52413
383619,548, 0, 326, 52413
383669,548, 0, 326, 52413
383719,548, 0, 326, 52413
383769,548, 0, 326, 52413
383819,548, 0, 326, 52413
383869,548, 0, 326, 52413
383919,548, 0, 326, 52413
383969,548, 0, 326, 52413
384019,548, 0, 326, 52413
384069,548, 0, 326, 52413
384119,548, 0, 326, 52413
384169,548, 0, 326, 52413
384219,548, 0, 327, 52413
384269,548, 0, 327, 52413
384404,548, 0, 327, 52414
384454,548, 0, 327, 52414
384504,548, 0, 327, 52414
384554,548, 0, 327, 52414
384604,548, 0, 326, 52414
384738,548, 0, 326, 52414
384788,548, 0, 326, 52414
384838,548, 0, 326, 52414
384888,548, 0, 326, 52414
384938,548, 0, 326, 52414
384988,548, 0, 328, 52414
385038,548, 0, 328, 52414
385088,548, 0, 328, 52414
385138,548, 0, 328, 52414
385188,548, 0, 328, 52414
385238,548, 0, 328, 52414
385288,548, 0, 328, 52414
385338,548, 0, 328, 52414
385388,548, 0, 326, 52414
385438,548, 0, 326, 52414
385744,548, 0, 326, 52415
385794,548, 0, 325, 52415
385844,548, 0, 325, 52415
385894,548, 0, 325, 52415
385944,548, 0, 325, 52415
386036,548, 0, 325, 52415
386086,548, 0, 325, 52415
386136,548, 0, 325, 52415
386186,548, 0, 327, 52415
386236,548, 0, 327, 52415
386286,548, 0, 327, 52415
386336,548, 0, 327, 52415
386386,548, 0, 327, 52416
386436,548, 0, 327, 52416
386486,548, 0, 327, 52416
386536,548, 0, 327, 52416
386586,548, 0, 328, 52416
386636,548, 0, 328, 52416
386686,548, 0, 328, 52416
386736,548, 0, 328, 52416
386913,548, 0, 328, 52416
386963,548, 0, 328, 52416
387013,548, 0, 326, 52416
387063,548, 0, 326, 52416
387155,548, 0, 326, 52416
387205,548, 0, 326, 52416
387255,548, 0, 326, 52416
387305,548, 0, 326, 52416
387355,548, 0, 326, 52416
387405,548, 0, 327, 52416
387455,548, 0, 327, 52416
387505,548, 0, 327, 52416
387555,548, 0, 327, 52416
387605,548, 0, 327, 52417
387655,548, 0, 327, 52417
387705,548, 0, 327, 52417
387755,548, 0, 327, 52417
387805,548, 0, 327, 52417
387855,548, 0, 327, 52417
387905,548, 0, 327, 52417
388041,548, 0, 327, 52418
388091,548, 0, 327, 52418
388141,548, 0, 327, 52418
388191,548, 0, 327, 52418
388283,548, 0, 327, 52418
388333,548, 0, 327, 52418
388383,548, 0, 327, 52418
388433,548, 0, 327, 52417
388483,548, 0, 327, 52417
388533,548, 0, 327, 52417
388583,548, 0, 327, 52417
388633,548, 0, 328, 52417
388683,548, 0, 328, 52417
388733,548, 0, 328, 52417
388783,548, 0, 328, 52417
388833,548, 0, 328, 52417
388883,548, 0, 328, 52417
388933,548, 0, 328, 52417
388983,548, 0, 328, 52417
389033,548, 0, 327, 52417
389169,548, 0, 327, 52417
389219,548, 0, 327, 52419
389269,548, 0, 327, 52419
389319,548, 0, 327, 52419
389411,548, 0, 327, 52419
389461,548, 0, 327, 52419
389511,548, 0, 327, 52419
389561,548, 0, 327, 52419
389611,548, 0, 327, 52418
389661,548, 0, 327, 52418
389711,548, 0, 327, 52418
389761,548, 0, 327, 52418
389811,548, 0, 327, 52418
389861,548, 0, 327, 52418
389911,548, 0, 327, 52418
389961,548, 0, 327, 52418
390011,548, 0, 327, 52419
390061,548, 0, 327, 52419
390111,548, 0, 327, 52419
390161,548, 0, 327, 52419
390297,548, 0, 327, 52419
390347,548, 0, 327, 52419
390397,548, 0, 327, 52419
390489,548, 0, 327, 52418
390539,548, 0, 327, 52418
390589,548, 0, 327, 52418
390639,548, 0, 328, 52418
390689,548, 0, 328, 52418
390739,548, 0, 328, 52418
390789,548, 0, 328, 52418
390839,548, 0, 328, 52420
390889,548, 0, 328, 52420
390939,548, 0, 328, 52420
390989,548, 0, 328, 52420
391039,548, 0, 328, 52420
391089,548, 0, 328, 52420
391139,548, 0, 328, 52420
391189,548, 0, 328, 52420
391239,548, 0, 328, 52420
391289,548, 0, 328, 52420
391425,548, 0, 327, 52420
391475,548, 0, 327, 52420
391525,548, 0, 327, 52420
391618,548, 0, 327, 52420
391668,548, 0, 327, 52420
391718,548, 0, 327, 52420
391768,548, 0, 327, 52420
391818,548, 0, 328, 52420
391868,548, 0, 328, 52420
391918,548, 0, 328, 52420
391968,548, 0, 328, 52420
392018,548, 0, 328, 52421
392068,548, 0, 328, 52421
392118,548, 0, 328, 52421
392168,548, 0, 328, 52421
392218,548, 0, 327, 52421
392354,548, 0, 327, 52421
392404,548, 0, 327, 52421
392454,548, 0, 327, 52420
392504,548, 0, 327, 52420
392554,548, 0, 327, 52420
392604,548, 0, 327, 52420
392654,548, 0, 328, 52420
392747,548, 0, 328, 52420
392797,548, 0, 328, 52420
392847,548, 0, 328, 52421
392897,548, 0, 328, 52421
392947,548, 0, 328, 52421
392997,548, 0, 328, 52421
393047,548, 0, 328, 52421
393097,548, 0, 328, 52421
393147,548, 0, 328, 52421
393197,548, 0, 328, 52421
393247,548, 0, 328, 52421
393297,548, 0, 328, 52421
393347,548, 0, 328, 52421
393482,548, 0, 328, 52421
393532,548, 0, 328, 52421
393582,548, 0, 328, 52421
393632,548, 0, 328, 52421
393682,548, 0, 328, 52421
393732,548, 0, 328, 52421
393782,548, 0, 328, 52421
393874,548, 0, 327, 52421
393924,548, 0, 327, 52421
393974,548, 0, 327, 52421
394024,548, 0, 327, 52423
394074,548, 0, 327, 52423
394124,548, 0, 327, 52423
394174,548, 0, 327, 52423
394224,548, 0, 328, 52423
394274,548, 0, 328, 52423
394324,548, 0, 328, 52423
394374,548, 0, 328, 52423
394424,548, 0, 328, 52423
394474,548, 0, 328, 52423
394609,548, 0, 328, 52423
394659,548, 0, 327, 52423
394709,548, 0, 327, 52423
394759,548, 0, 327, 52423
394809,548, 0, 327, 52423
394859,548, 0, 327, 52423
394951,548, 0, 327, 52423
395001,548, 0, 327, 52423
395051,548, 0, 328, 52423
395101,548, 0, 328, 52423
395151,548, 0, 328, 52423
395201,548, 0, 328, 52423
395251,548, 0, 328, 52423
395301,548, 0, 328, 52423
395351,548, 0, 328, 52423
395401,548, 0, 328, 52423
395451,548, 0, 327, 52423
395501,548, 0, 327, 52423
395551,548, 0, 327, 52423
395601,548, 0, 327, 52423
395737,548, 0, 327, 52421
395787,548, 0, 327, 52421
395837,548, 0, 328, 52421
395887,548, 0, 328, 52421
395937,548, 0, 328, 52421
395987,548, 0, 328, 52421
396079,548, 0, 328, 52423
396129,548, 0, 328, 52423
396179,548, 0, 328, 52423
396229,548, 0, 328, 52423
396279,548, 0, 328, 52423
396329,548, 0, 328, 52423
396379,548, 0, 328, 52423
396429,548, 0, 328, 52423
396479,548, 0, 328, 52423
396529,548, 0, 328, 52423
396579,548, 0, 328, 52423
396629,548, 0, 328, 52423
396679,548, 0, 329, 52423
396729,548, 0, 329, 52423
396865,548, 0, 329, 52424
396915,548, 0, 329, 52424
396965,548, 0, 329, 52424
397015,548, 0, 329, 52424
397065,548, 0, 328, 52424
397115,548, 0, 328, 52424
397207,548, 0, 328, 52424
397257,548, 0, 328, 52424
397307,548, 0, 328, 52424
397357,548, 0, 328, 52424
397407,548, 0, 328, 52424
397457,548, 0, 327, 52424
397507,548, 0, 327, 52424
397557,548, 0, 327, 52424
397607,548, 0, 327, 52424
397657,548, 0, 327, 52424
397707,548, 0, 327, 52424
397757,548, 0, 327, 52424
397807,548, 0, 327, 52424
397857,548, 0, 327, 52424
397993,548, 0, 327, 52424
398043,548, 0, 327, 52425
398093,548, 0, 327, 52425
398143,548, 0, 327, 52425
398193,548, 0, 327, 52425
398285,548, 0, 328, 52425
398335,548, 0, 328, 52425
398385,548, 0, 328, 52425
398435,548, 0, 328, 52425
398485,548, 0, 328, 52424
398535,548, 0, 328, 52424
398585,548, 0, 328, 52424
398635,548, 0, 328, 52424
398685,548, 0, 328, 52424
398735,548, 0, 328, 52424
398785,548, 0, 328, 52424
398835,548, 0, 328, 52424
398885,548, 0, 328, 52426
398935,548, 0, 328, 52426
398985,548, 0, 328, 52426
399121,548, 0, 329, 52426
399171,548, 0, 329, 52426
399221,548, 0, 329, 52426
399271,548, 0, 329, 52425
399321,548, 0, 329, 52425
399413,548, 0, 329, 52425
399463,548, 0, 327, 52425
399513,548, 0, 327, 52425
399563,548, 0, 327, 52425
399613,548, 0, 327, 52425
399663,548, 0, 327, 52426
399713,548, 0, 327, 52426
399763,548, 0, 327, 52426
399813,548, 0, 327, 52426
399863,548, 0, 327, 52426
399913,548, 0, 327, 52426
399963,548, 0, 327, 52426
400013,548, 0, 327, 52426
400063,548, 0, 327, 52427
400113,548, 0, 327, 52427
400249,548, 0, 327, 52427
400299,548, 0, 327, 52427
400349,548, 0, 327, 52427
400399,548, 0, 327, 52427
400449,548, 0, 327, 52427
400542,548, 0, 327, 52427
400592,548, 0, 327, 52427
400642,548, 0, 327, 52427
400692,548, 0, 328, 52427
400742,548, 0, 328, 52427
400792,548, 0, 328, 52427
400842,548, 0, 328, 52427
400892,548, 0, 328, 52426
400942,548, 0, 328, 52426
400992,548, 0, 328, 52426
401042,548, 0, 328, 52426
401092,548, 0, 329, 52426
401142,548, 0, 329, 52426
401192,548, 0, 329, 52426
401242,548, 0, 329, 52426
401379,548, 0, 329, 52426
401429,548, 0, 329, 52426
401479,548, 0, 328, 52426
401529,548, 0, 328, 52426
401621,548, 0, 328, 52426
401671,548, 0, 328, 52427
401721,548, 0, 328, 52427
401771,548, 0, 328, 52427
401821,548, 0, 328, 52427
401871,548, 0, 327, 52427
401921,548, 0, 327, 52427
401971,548, 0, 327, 52427
402021,548, 0, 327, 52427
402071,548, 0, 327, 52428
402121,548, 0, 327, 52428
402171,548, 0, 327, 52428
402221,548, 0, 327, 52428
402271,548, 0, 328, 52428
402321,548, 0, 328, 52428
402371,548, 0, 328, 52428
402506,548, 0, 328, 52427
402556,548, 0, 328, 52427
402606,548, 0, 328, 52427
402656,548, 0, 328, 52427
402748,548, 0, 329, 52427
402798,548, 0, 329, 52427
402848,548, 0, 329, 52427
402898,548, 0, 329, 52428
402948,548, 0, 329, 52428
402998,548, 0, 329, 52428
403048,548, 0, 329, 52428
403098,548, 0, 328, 52428
403148,548, 0, 328, 52428
403198,548, 0, 328, 52428
403248,548, 0, 328, 52428
403298,548, 0, 328, 52428
403348,548, 0, 328, 52428
403398,548, 0, 328, 52428
403448,548, 0, 328, 52428
403498,548, 0, 329, 52428
403633,548, 0, 329, 52428
403683,548, 0, 329, 52430
403733,548, 0, 329, 52430
403783,548, 0, 329, 52430
403875,548, 0, 328, 52430
403925,548, 0, 328, 52430
403975,548, 0, 328, 52430
404025,548, 0, 328, 52430
404075,548, 0, 328, 52430
404125,548, 0, 328, 52430
404175,548, 0, 328, 52430
404225,548, 0, 328, 52430
404275,548, 0, 329, 52430
404325,548, 0, 329, 52430
404375,548, 0, 329, 52430
404425,548, 0, 329, 52430
404475,548, 0, 329, 52430
404525,548, 0, 329, 52430
404575,548, 0, 329, 52430
404625,548, 0, 329, 52430
404761,548, 0, 330, 52430
404811,548, 0, 330, 52430
404861,548, 0, 330, 52430
404953,548, 0, 330, 52431
405003,548, 0, 330, 52431
405053,548, 0, 330, 52431
405103,548, 0, 328, 52431
405153,548, 0, 328, 52431
405203,548, 0, 328, 52431
405253,548, 0, 328, 52431
405303,548, 0, 328, 52431
405353,548, 0, 328, 52431
405403,548, 0, 328, 52431
405453,548, 0, 328, 52431
405503,548, 0, 329, 52431
405553,548, 0, 329, 52431
405603,548, 0, 329, 52431
405653,548, 0, 329, 52431
405703,548, 0, 329, 52431
405753,548, 0, 329, 52431
405889,548, 0, 328, 52431
405939,548, 0, 328, 52431
405989,548, 0, 328, 52431
406081,548, 0, 328, 52431
406131,548, 0, 328, 52431
406181,548, 0, 328, 52431
406231,548, 0, 328, 52431
406281,548, 0, 328, 52431
406331,548, 0, 329, 52431
406381,548, 0, 329, 52431
406431,548, 0, 329, 52431
406481,548, 0, 329, 52431
406531,548, 0, 329, 52430
406581,548, 0, 329, 52430
406631,548, 0, 329, 52430
406681,548, 0, 329, 52430
406817,548, 0, 330, 52430
406867,548, 0, 330, 52430
406917,548, 0, 330, 52432
406967,548, 0, 330, 52432
407017,548, 0, 330, 52432
407067,548, 0, 330, 52432
407117,548, 0, 329, 52432
407210,548, 0, 329, 52432
407260,548, 0, 329, 52432
407310,548, 0, 329, 52431
407360,548, 0, 329, 52431
407410,548, 0, 329, 52431
407460,548, 0, 329, 52431
407510,548, 0, 328, 52431
407560,548, 0, 328, 52431
407610,548, 0, 328, 52431
407660,548, 0, 328, 52431
407710,548, 0, 328, 52432
407760,548, 0, 328, 52432
407810,548, 0, 328, 52432
407946,548, 0, 327, 52432
407996,548, 0, 327, 52432
408046,548, 0, 327, 52432
408096,548, 0, 327, 52432
408146,548, 0, 327, 52432
408196,548, 0, 327, 52432
408246,548, 0, 327, 52432
408338,548, 0, 327, 52432
408388,548, 0, 327, 52432
408438,548, 0, 327, 52432
408488,548, 0, 327, 52432
408538,548, 0, 327, 52432
408588,548, 0, 327, 52432
408638,548, 0, 327, 52432
408688,548, 0, 327, 52432
408738,548, 0, 329, 52432
408788,548, 0, 329, 52432
408838,548, 0, 329, 52432
408888,548, 0, 329, 52432
408938,548, 0, 329, 52432
409074,548, 0, 329, 52432
409124,548, 0, 329, 52432
409174,548, 0, 329, 52432
409224,548, 0, 329, 52432
409274,548, 0, 329, 52432
409324,548, 0, 329, 52432
409417,548, 0, 329, 52432
409467,548, 0, 329, 52432
409517,548, 0, 329, 52432
409567,548, 0, 329, 52432
409617,548, 0, 329, 52432
409667,548, 0, 329, 52432
409717,548, 0, 329, 52432
409767,548, 0, 329, 52432
409817,548, 0, 329, 52432
409867,548, 0, 329, 52432
409917,548, 0, 329, 52432
409967,548, 0, 329, 52432
410017,548, 0, 329, 52432
410067,548, 0, 329, 52432
410203,548, 0, 329, 52433
410253,548, 0, 329, 52433
410303,548, 0, 330, 52433
410353,548, 0, 330, 52433
410403,548, 0, 330, 52433
410453,548, 0, 330, 52433
410546,548, 0, 330, 52433
410596,548, 0, 330, 52433
410646,548, 0, 330, 52433
410696,548, 0, 330, 52433
410746,548, 0, 330, 52433
410796,548, 0, 330, 52433
410846,548, 0, 330, 52433
410896,548, 0, 330, 52433
410946,548, 0, 330, 52434
410996,548, 0, 330, 52434
411046,548, 0, 330, 52434
411096,548, 0, 330, 52434
411146,548, 0, 330, 52434
411196,548, 0, 330, 52434
411331,548, 0, 330, 52434
411381,548, 0, 330, 52434
411431,548, 0, 330, 52434
411481,548, 0, 330, 52434
411531,548, 0, 329, 52434
411581,548, 0, 329, 52434
411673,548, 0, 329, 52434
411723,548, 0, 329, 52433
411773,548, 0, 329, 52433
411823,548, 0, 329, 52433
411873,548, 0, 329, 52433
411923,548, 0, 328, 52433
411973,548, 0, 328, 52433
412023,548, 0, 328, 52433
412073,548, 0, 328, 52433
412123,548, 0, 328, 52434
412173,548, 0, 328, 52434
412223,548, 0, 328, 52434
412273,548, 0, 328, 52434
412323,548, 0, 329, 52434
412458,548, 0, 329, 52434
412508,548, 0, 329, 52434
412558,548, 0, 329, 52433
412608,548, 0, 329, 52433
412658,548, 0, 329, 52433
412750,548, 0, 329, 52433
412800,548, 0, 329, 52433
412850,548, 0, 329, 52433
412900,548, 0, 329, 52433
412950,548, 0, 329, 52434
413000,548, 0, 329, 52434
413050,548, 0, 329, 52434
413100,548, 0, 329, 52434
413150,548, 0, 330, 52434
413200,548, 0, 330, 52434
413250,548, 0, 330, 52434
413300,548, 0, 330, 52434
413350,548, 0, 330, 52435
413400,548, 0, 330, 52435
413450,548, 0, 330, 52435
413586,548, 0, 329, 52435
413636,548, 0, 329, 52435
413686,548, 0, 329, 52435
413736,548, 0, 329, 52435
413786,548, 0, 329, 52435
413878,548, 0, 329, 52435
413928,548, 0, 329, 52435
413978,548, 0, 329, 52435
414028,548, 0, 329, 52435
414078,548, 0, 329, 52435
414128,548, 0, 329, 52434
414178,548, 0, 329, 52434
414228,548, 0, 329, 52434
414278,548, 0, 329, 52434
414328,548, 0, 242, 52434
414378,548, 0, 242, 52434
414428,548, 0, 242, 52434
414478,548, 0, 242, 52434
414528,548, 0, 242, 52435
414578,548, 0, 242, 52435
414714,548, 0, 242, 52435
414764,548, 0, 312, 52435
414814,548, 0, 312, 52435
414864,548, 0, 312, 52435
414914,548, 0, 312, 52435
415006,548, 0, 312, 52434
415056,548, 0, 312, 52434
415106,548, 0, 312, 52434
415156,548, 0, 330, 52434
415206,548, 0, 330, 52434
415256,548, 0, 330, 52434
415306,548, 0, 330, 52434
415356,548, 0, 330, 52435
415406,548, 0, 330, 52435
415456,548, 0, 330, 52435
415506,548, 0, 330, 52435
415556,548, 0, 329, 52435
415606,548, 0, 329, 52435
415656,548, 0, 329, 52435
415706,548, 0, 329, 52435
415842,548, 0, 329, 52436
415892,548, 0, 329, 52436
415942,548, 0, 329, 52436
415992,548, 0, 329, 52436
416084,548, 0, 329, 52436
416134,548, 0, 329, 52437
416184,548, 0, 329, 52437
416234,548, 0, 329, 52437
416284,548, 0, 329, 52437
416334,548, 0, 331, 52437
416384,548, 0, 331, 52437
416434,548, 0, 331, 52437
416484,548, 0, 331, 52437
416534,548, 0, 331, 52437
416584,548, 0, 331, 52437
416634,548, 0, 331, 52437
416684,548, 0, 331, 52437
416734,548, 0, 331, 52437
416784,548, 0, 331, 52437
416834,548, 0, 331, 52437
416970,548, 0, 331, 52437
417020,548, 0, 331, 52437
417070,548, 0, 331, 52437
417120,548, 0, 331, 52437
417212,548, 0, 330, 52437
417262,548, 0, 330, 52437
417312,548, 0, 330, 52437
417362,548, 0, 330, 52436
417412,548, 0, 330, 52436
417462,548, 0, 330, 52436
417512,548, 0, 330, 52436
417562,548, 0, 329, 52436
417612,548, 0, 329, 52436
417662,548, 0, 329, 52436
417712,548, 0, 329, 52436
417762,548, 0, 329, 52436
417812,548, 0, 329, 52436
417862,548, 0, 329, 52436
417912,548, 0, 329, 52436
417962,548, 0, 328, 52436
418098,548, 0, 328, 52436
418148,548, 0, 328, 52437
418198,548, 0, 328, 52437
418248,548, 0, 328, 52437
418341,548, 0, 328, 52437
418391,548, 0, 330, 52437
418441,548, 0, 330, 52437
418491,548, 0, 330, 52437
418541,548, 0, 330, 52437
418591,548, 0, 330, 52438
418641,548, 0, 330, 52438
418691,548, 0, 330, 52438
418741,548, 0, 330, 52438
418791,548, 0, 330, 52438
418841,548, 0, 330, 52438
418891,548, 0, 330, 52438
418941,548, 0, 330, 52438
418991,548, 0, 330, 52437
419041,548, 0, 330, 52437
419091,548, 0, 330, 52437
419227,548, 0, 330, 52437
419277,548, 0, 330, 52437
419327,548, 0, 330, 52437
419421,548, 0, 330, 52438
419471,548, 0, 330, 52438
419521,548, 0, 330, 52438
419571,548, 0, 329, 52438
419621,548, 0, 329, 52438
419671,548, 2748, 329, 52438
419721,548, 2748, 329, 52438
419771,548, 2748, 329, 52439
419821,548, 2748, 329, 52439
419871,548, 2748, 329, 52439
419921,548, 2748, 329, 52439
419971,548, 2748, 329, 52439
420021,548, 2748, 329, 52439
420071,548, 2748, 329, 52439
420121,548, 2748, 329, 52439
420171,548, 2748, 329, 52439
420221,548, 2748, 329, 52439
420356,548, 2748, 331, 52439
420406,548, 2748, 331, 52439
420540,548, 2748, 331, 52439
420590,548, 2748, 331, 52439
420640,548, 2748, 331, 52439
420690,548, 2748, 331, 52439
420740,548, 2748, 331, 52439
420790,548, 2748, 331, 52439
420840,548, 0, 331, 52439
420890,548, 0, 331, 52439
420940,548, 0, 331, 52439
420990,548, 0, 331, 52439
421040,548, 0, 331, 52439
421090,548, 0, 331, 52439
421140,548, 0, 331, 52439
421190,548, 0, 330, 52439
421496,548, 0, 330, 52438
421546,548, 0, 330, 52438
421596,548, 0, 329, 52438
421646,548, 0, 329, 52438
421696,548, 0, 329, 52438
421788,548, 0, 329, 52439
421838,548, 0, 329, 52439
421888,548, 0, 329, 52439
421938,548, 0, 329, 52439
421988,548, 0, 330, 52439
422038,548, 0, 330, 52439
422088,548, 0, 330, 52439
422138,548, 0, 330, 52439
422188,548, 0, 330, 52440
422238,548, 0, 330, 52440
422288,548, 0, 330, 52440
422338,548, 0, 330, 52440
422388,548, 0, 330, 52440
422438,548, 0, 330, 52440
422488,548, 0, 330, 52440
422665,548, 0, 330, 52439
422715,548, 0, 330, 52439
422765,548, 0, 331, 52439
422815,548, 0, 331, 52439
422907,548, 0, 331, 52439
422957,548, 0, 331, 52439
423007,548, 0, 331, 52440
423057,548, 0, 331, 52440
423107,548, 0, 331, 52440
423157,548, 0, 331, 52440
423207,548, 0, 330, 52440
423257,548, 0, 330, 52440
423307,548, 0, 330, 52440
423357,548, 0, 330, 52440
423407,548, 0, 330, 52440
423457,548, 0, 330, 52440
423507,548, 0, 330, 52440
423557,548, 0, 330, 52440
423607,548, 0, 330, 52440
423657,548, 0, 330, 52440
423793,548, 0, 330, 52440
423843,548, 0, 330, 52440
423893,548, 0, 330, 52440
423943,548, 0, 330, 52440
424035,548, 0, 330, 52440
424085,548, 0, 330, 52440
424135,548, 0, 330, 52440
424185,548, 0, 330, 52441
424235,548, 0, 330, 52441
424285,548, 0, 330, 52441
424335,548, 0, 330, 52441
424385,548, 0, 331, 52441
424435,548, 0, 331, 52441
424485,548, 0, 331, 52441
424535,548, 0, 331, 52441
424585,548, 0, 331, 52440
424635,548, 0, 331, 52440
424685,548, 0, 331, 52440
424735,548, 0, 331, 52440
424785,548, 0, 331, 52440
424921,548, 0, 331, 52440
424971,548, 0, 331, 52440
425021,548, 0, 331, 52441
425071,548, 0, 331, 52441
425163,548, 0, 331, 52441
425213,548, 0, 331, 52441
425263,548, 0, 331, 52441
425313,548, 0, 331, 52441
425363,548, 0, 331, 52441
425413,548, 0, 331, 52440
425463,548, 0, 331, 52440
425513,548, 0, 331, 52440
425563,548, 0, 331, 52440
425613,548, 0, 330, 52440
425663,548, 0, 330, 52440
425713,548, 0, 330, 52440
425763,548, 0, 330, 52440
425813,548, 0, 330, 52440
425863,548, 0, 330, 52440
425913,548, 0, 330, 52440
426049,548, 0, 461, 52440
426099,548, 0, 461, 52440
426149,548, 0, 461, 52440
426241,548, 0, 461, 52438
426291,548, 0, 461, 52438
426341,548, 0, 461, 52438
426391,548, 0, 464, 52438
426441,548, 0, 464, 52438
426491,548, 0, 464, 52438
426541,548, 0, 464, 52438
426591,548, 0, 464, 52438
426641,548, 0, 464, 52438
426691,548, 0, 464, 52438
426741,548, 0, 464, 52438
426791,548, 0, 452, 52438
426841,548, 0, 452, 52438
426891,548, 0, 452, 52438
426941,548, 0, 452, 52438
426991,548, 0, 452, 52440
427041,548, 0, 452, 52440
427177,548, 0, 452, 52440
427227,548, 0, 443, 52440
427277,548, 0, 443, 52440
427370,548, 0, 443, 52440
427420,548, 0, 443, 52441
427470,548, 0, 443, 52441
427520,548, 0, 443, 52441
427570,548, 0, 443, 52441
427620,548, 0, 435, 52441
427670,548, 0, 435, 52441
427720,548, 0, 435, 52441
427770,548, 0, 435, 52441
427820,548, 0, 435, 52438
427870,548, 0, 435, 52438
427920,548, 0, 435, 52438
427970,548, 0, 435, 52438
428020,548, 0, 420, 52438
428070,548, 0, 420, 52438
428120,548, 0, 420, 52438
428170,548, 0, 420, 52438
428306,548, 0, 420, 52442
428356,548, 0, 420, 52442
428406,548, 0, 332, 52442
428498,548, 0, 332, 52442
428548,548, 0, 332, 52442
428598,548, 0, 332, 52442
428648,548, 0, 332, 52442
428698,548, 0, 332, 52442
428748,548, 0, 332, 52442
428798,548, 0, 331, 52442
428848,548, 0, 331, 52442
428898,548, 0, 331, 52442
428948,548, 0, 331, 52442
428998,548, 0, 331, 52442
429048,548, 0, 331, 52442
429098,548, 0, 331, 52442
429148,548, 0, 331, 52442
429198,548, 0, 330, 52442
429248,548, 0, 330, 52442
429298,548, 0, 330, 52442
429433,548, 0, 330, 52442
429483,548, 0, 330, 52442
429575,548, 0, 330, 52442
429625,548, 0, 330, 52442
429675,548, 0, 330, 52442
429725,548, 0, 330, 52442
429775,548, 0, 330, 52442
429825,548, 0, 330, 52440
429875,548, 0, 330, 52440
429925,548, 0, 330, 52440
429975,548, 0, 330, 52440
430025,548, 0, 403, 52440
430075,548, 0, 403, 52440
430125,548, 0, 403, 52440
430175,548, 0, 403, 52440
430225,548, 0, 403, 52440
430275,548, 0, 403, 52440
430325,548, 0, 403, 52440
430375,548, 0, 403, 52440
430425,548, 0, 396, 52440
430560,548, 0, 396, 52440
430610,548, 0, 396, 52441
430702,548, 0, 396, 52441
430752,548, 0, 396, 52441
430802,548, 0, 396, 52441
430852,548, 0, 394, 52441
430902,548, 0, 394, 52441
430952,548, 0, 394, 52441
431002,548, 0, 394, 52441
431052,548, 0, 394, 52442
431102,548, 0, 394, 52442
431152,548, 0, 394, 52442
431202,548, 0, 394, 52442
431252,548, 0, 392, 52442
431302,548, 0, 392, 52442
431352,548, 0, 392, 52442
431402,548, 0, 392, 52442
431452,548, 0, 392, 52443
431502,548, 0, 392, 52443
431552,548, 0, 392, 52443
431688,548, 0, 386, 52443
431738,548, 0, 386, 52443
431830,548, 0, 386, 52444
431880,548, 0, 386, 52444
431930,548, 0, 386, 52444
431980,548, 0, 386, 52444
432030,548, 0, 333, 52444
432080,548, 0, 333, 52444
432130,548, 0, 333, 52444
432180,548, 0, 333, 52444
432230,548, 0, 333, 52444
432280,548, 0, 333, 52444
432330,548, 0, 333, 52444
432380,548, 0, 333, 52444
432430,548, 0, 332, 52444
432480,548, 0, 332, 52444
432530,548, 0, 332, 52444
432580,548, 0, 332, 52444
432630,548, 0, 332, 52443
432680,548, 0, 332, 52443
432816,548, 0, 332, 52443
432908,548, 0, 332, 52443
432958,548, 0, 332, 52443
433008,548, 0, 332, 52443
433058,548, 0, 332, 52444
433108,548, 0, 332, 52444
433158,548, 0, 332, 52444
433208,548, 0, 332, 52444
433258,548, 0, 331, 52444
433308,548, 0, 331, 52444
433358,548, 0, 331, 52444
433408,548, 0, 331, 52444
433458,548, 0, 331, 52444
433508,548, 0, 331, 52444
433558,548, 0, 331, 52444
433608,548, 0, 331, 52444
433658,548, 0, 331, 52444
433708,548, 0, 331, 52444
433758,548, 0, 331, 52444
433808,548, 0, 331, 52444
433944,548, 0, 331, 52444
434036,548, 0, 331, 52444
434086,548, 0, 331, 52444
434136,548, 0, 331, 52444
434186,548, 0, 331, 52444
434236,548, 0, 331, 52443
434286,548, 0, 331, 52443
434336,548, 0, 331, 52443
434386,548, 0, 331, 52443
434436,548, 0, 332, 52443
434486,548, 0, 332, 52443
434536,548, 0, 332, 52443
434586,548, 0, 332, 52443
434636,548, 0, 332, 52446
434686,548, 0, 332, 52446
434736,548, 0, 332, 52446
434786,548, 0, 332, 52446
434836,548, 0, 332, 52446
434886,548, 0, 332, 52446
434936,548, 0, 332, 52446
435072,548, 0, 332, 52444
435164,548, 0, 332, 52444
435214,548, 0, 332, 52444
435264,548, 0, 331, 52444
435314,548, 0, 331, 52444
435364,548, 0, 331, 52444
435414,548, 0, 331, 52444
435464,548, 0, 331, 52445
435514,548, 0, 331, 52445
435564,548, 0, 331, 52445
435614,548, 0, 331, 52445
435664,548, 0, 330, 52445
435714,548, 0, 330, 52445
435764,548, 0, 330, 52445
435814,548, 0, 330, 52445
435864,548, 0, 330, 52444
436000,548, 0, 330, 52444
436050,548, 0, 330, 52444
436100,548, 0, 330, 52444
436150,548, 0, 330, 52444
436200,548, 0, 330, 52444
436293,548, 0, 330, 52445
436343,548, 0, 330, 52445
436393,548, 0, 330, 52445
436443,548, 0, 331, 52445
436493,548, 0, 331, 52445
436543,548, 0, 331, 52445
436593,548, 0, 331, 52445
436643,548, 0, 331, 52445
436693,548, 0, 331, 52445
436743,548, 0, 331, 52445
436793,548, 0, 331, 52445
436843,548, 0, 332, 52445
436893,548, 0, 332, 52445
436943,548, 0, 332, 52445
436993,548, 0, 332, 52445
437130,548, 0, 332, 52445
437180,548, 0, 332, 52445
437230,548, 0, 332, 52445
437280,548, 0, 331, 52445
437373,548, 0, 331, 52445
437423,548, 0, 331, 52445
437473,548, 0, 331, 52446
437523,548, 0, 331, 52446
437573,548, 0, 331, 52446
437623,548, 0, 331, 52446
437673,548, 0, 330, 52446
437723,548, 0, 330, 52446
437773,548, 0, 330, 52446
437823,548, 0, 330, 52446
437873,548, 0, 330, 52446
437923,548, 0, 330, 52446
437973,548, 0, 330, 52446
438023,548, 0, 330, 52446
438073,548, 0, 331, 52446
438123,548, 0, 331, 52446
438258,548, 0, 331, 52445
438308,548, 0, 331, 52445
438358,548, 0, 331, 52445
438408,548, 0, 331, 52445
438500,548, 0, 331, 52445
438550,548, 0, 331, 52445
438600,548, 0, 331, 52445
438650,548, 0, 331, 52445
438700,548, 0, 331, 52445
438750,548, 0, 331, 52445
438800,548, 0, 331, 52445
438850,548, 0, 332, 52445
438900,548, 0, 332, 52445
438950,548, 0, 332, 52445
439000,548, 0, 332, 52445
439050,548, 0, 332, 52446
439100,548, 0, 332, 52446
439150,548, 0, 332, 52446
439200,548, 0, 332, 52446
439250,548, 0, 331, 52446
439385,548, 0, 331, 52446
439435,548, 0, 331, 52446
439485,548, 0, 331, 52446
439535,548, 0, 331, 52446
439627,548, 0, 331, 52446
439677,548, 0, 331, 52446
439727,548, 0, 331, 52446
439777,548, 0, 331, 52446
439827,548, 0, 331, 52446
439877,548, 0, 331, 52446
439927,548, 0, 331, 52446
439977,548, 0, 331, 52446
440027,548, 0, 331, 52446
440077,548, 0, 331, 52446
440127,548, 0, 331, 52446
440177,548, 0, 331, 52446
440227,548, 0, 331, 52446
440277,548, 0, 331, 52445
440327,548, 0, 331, 52445
440377,548, 0, 331, 52445
440513,548, 0, 331, 52445
440563,548, 0, 331, 52445
440613,548, 0, 331, 52445
440705,548, 0, 331, 52445
440755,548, 0, 331, 52445
440805,548, 0, 331, 52445
440855,548, 0, 330, 52445
440905,548, 0, 330, 52445
440955,548, 0, 330, 52445
441005,548, 0, 330, 52445
441055,548, 0, 330, 52445
441105,548, 0, 330, 52445
441155,548, 0, 330, 52445
441205,548, 0, 330, 52445
441255,548, 0, 330, 52445
441305,548, 0, 331, 52445
441355,548, 0, 331, 52445
441405,548, 0, 331, 52445
441455,548, 0, 331, 52445
441505,548, 0, 331, 52446
441641,548, 0, 331, 52446
441691,548, 0, 330, 52446
441741,548, 0, 330, 52446
441833,548, 0, 330, 52446
441883,548, 0, 330, 52447
441933,548, 0, 330, 52447
441983,548, 0, 330, 52447
442033,548, 0, 330, 52447
442083,548, 0, 329, 52447
442133,548, 0, 329, 52447
442183,548, 0, 329, 52447
442233,548, 0, 329, 52447
442283,548, 0, 329, 52447
442333,548, 0, 329, 52447
442383,548, 0, 329, 52447
442433,548, 0, 329, 52447
442483,548, 0, 331, 52447
442533,548, 0, 331, 52447
442583,548, 0, 331, 52447
442633,548, 0, 331, 52447
442769,548, 0, 331, 52447
442819,548, 0, 331, 52447
442869,548, 0, 330, 52447
442961,548, 0, 330, 52447
443011,548, 0, 330, 52447
443061,548, 0, 330, 52447
443111,548, 0, 330, 52447
443161,548, 0, 330, 52447
443211,548, 0, 330, 52447
443261,548, 0, 330, 52447
443311,548, 0, 331, 52447
443361,548, 0, 331, 52447
443411,548, 0, 331, 52447
443461,548, 0, 331, 52447
443511,548, 0, 331, 52446
443561,548, 0, 331, 52446
443611,548, 0, 331, 52446
443661,548, 0, 331, 52446
443711,548, 0, 330, 52446
443761,548, 0, 330, 52446
443897,548, 0, 330, 52446
443947,548, 0, 330, 52446
444039,548, 0, 330, 52446
444089,548, 0, 331, 52446
444139,548, 0, 331, 52446
444189,548, 0, 331, 52446
444239,548, 0, 331, 52446
444289,548, 0, 331, 52448
444339,548, 0, 331, 52448
444389,548, 0, 331, 52448
444439,548, 0, 331, 52448
444489,548, 0, 331, 52448
444539,548, 0, 331, 52448
444589,548, 0, 331, 52448
444639,548, 0, 331, 52448
444689,548, 0, 331, 52447
444739,548, 0, 331, 52447
444789,548, 0, 331, 52447
444839,548, 0, 331, 52447
444889,548, 0, 389, 52447
445025,548, 0, 389, 52447
445075,548, 0, 389, 52447
445168,548, 0, 389, 52448
445218,548, 0, 389, 52448
445268,548, 0, 389, 52448
445318,548, 0, 394, 52448
445368,548, 0, 394, 52448
445418,548, 0, 394, 52448
445468,548, 0, 394, 52448
445518,548, 0, 394, 52448
445568,548, 0, 394, 52448
445618,548, 0, 394, 52448
445668,548, 0, 394, 52448
445718,548, 0, 394, 52448
445768,548, 0, 394, 52448
445818,548, 0, 394, 52448
445868,548, 0, 394, 52448
445918,548, 0, 394, 52448
445968,548, 0, 394, 52448
446018,548, 0, 394, 52448
446154,548, 0, 394, 52448
446204,548, 0, 394, 52448
446296,548, 0, 394, 52448
446346,548, 0, 394, 52448
446396,548, 0, 394, 52448
446446,548, 0, 394, 52448
446496,548, 0, 351, 52448
446546,548, 0, 351, 52448
446596,548, 0, 351, 52448
446646,548, 0, 351, 52448
446696,548, 0, 351, 52448
446746,548, 0, 351, 52448
446796,548, 0, 351, 52448
446846,548, 0, 351, 52448
446896,548, 0, 331, 52448
446946,548, 0, 331, 52448
446996,548, 0, 331, 52448
447046,548, 0, 331, 52448
447096,548, 0, 331, 52448
447146,548, 0, 331, 52448
447281,548, 0, 331, 52448
447373,548, 0, 332, 52448
447423,548, 0, 332, 52448
447473,548, 0, 332, 52448
447523,548, 0, 332, 52448
447573,548, 0, 332, 52448
447623,548, 0, 332, 52448
447673,548, 0, 332, 52448
447723,548, 0, 331, 52448
447773,548, 0, 331, 52448
447823,548, 0, 331, 52448
447873,548, 0, 331, 52448
447923,548, 0, 331, 52448
447973,548, 0, 331, 52448
448023,548, 0, 331, 52448
448073,548, 0, 331, 52448
448123,548, 0, 332, 52448
448173,548, 0, 332, 52448
448223,548, 0, 332, 52448
448273,548, 0, 332, 52448
448408,548, 0, 332, 52450
448500,548, 0, 332, 52450
448550,548, 0, 332, 52450
448600,548, 0, 332, 52450
448650,548, 0, 332, 52450
448700,548, 0, 332, 52449
448750,548, 0, 332, 52449
448800,548, 0, 332, 52449
448850,548, 0, 332, 52449
448900,548, 0, 331, 52449
448950,548, 0, 331, 52449
449000,548, 0, 331, 52449
449050,548, 0, 331, 52449
449100,548, 0, 331, 52449
449150,548, 0, 331, 52449
449200,548, 0, 331, 52449
449250,548, 0, 331, 52449
449300,548, 0, 332, 52449
449350,548, 0, 332, 52449
449400,548, 0, 332, 52449
449536,548, 0, 332, 52450
449628,548, 0, 332, 52450
449678,548, 0, 332, 52450
449728,548, 0, 331, 52450
449778,548, 0, 331, 52450
449828,548, 0, 331, 52450
449878,548, 0, 331, 52450
449928,548, 0, 331, 52449
449978,548, 0, 331, 52449
450028,548, 0, 331, 52449
450078,548, 0, 331, 52449
450128,548, 0, 332, 52449
450178,548, 0, 332, 52449
450228,548, 0, 332, 52449
450278,548, 0, 332, 52449
450328,548, 0, 332, 52449
450464,548, 0, 332, 52449
450514,548, 0, 333, 52449
450564,548, 0, 333, 52449
450614,548, 0, 333, 52449
450664,548, 0, 333, 52449
450756,548, 0, 333, 52449
450806,548, 0, 333, 52449
450856,548, 0, 333, 52449
450906,548, 0, 332, 52449
450956,548, 0, 332, 52449
451006,548, 0, 332, 52449
451056,548, 0, 332, 52449
451106,548, 0, 332, 52450
451156,548, 0, 332, 52450
451206,548, 0, 332, 52450
451256,548, 0, 332, 52450
451306,548, 0, 332, 52450
451356,548, 0, 332, 52450
451406,548, 0, 332, 52450
451456,548, 0, 332, 52450
451592,548, 0, 332, 52450
451642,548, 0, 332, 52450
451692,548, 0, 332, 52450
451742,548, 0, 332, 52450
451834,548, 0, 332, 52450
451884,548, 0, 332, 52450
451934,548, 0, 332, 52449
451984,548, 0, 332, 52449
452034,548, 0, 332, 52449
452084,548, 0, 332, 52449
452134,548, 0, 331, 52449
452184,548, 0, 331, 52449
452234,548, 0, 331, 52449
452284,548, 0, 331, 52449
452334,548, 0, 331, 52450
452384,548, 0, 331, 52450
452434,548, 0, 331, 52450
452484,548, 0, 331, 52450
452534,548, 0, 333, 52450
452584,548, 0, 333, 52450
452720,548, 0, 333, 52450
452770,548, 0, 333, 52450
452820,548, 0, 333, 52450
452870,548, 0, 333, 52450
452962,548, 0, 333, 52450
453012,548, 0, 333, 52450
453062,548, 0, 333, 52450
453112,548, 0, 333, 52450
453162,548, 0, 333, 52450
453212,548, 0, 333, 52450
453262,548, 0, 333, 52450
453312,548, 0, 333, 52450
453362,548, 0, 331, 52450
453412,548, 0, 331, 52450
453462,548, 0, 331, 52450
453512,548, 0, 331, 52450
453562,548, 0, 331, 52449
453612,548, 0, 331, 52449
453662,548, 0, 331, 52449
453712,548, 0, 331, 52449
453848,548, 0, 331, 52449
453898,548, 0, 331, 52449
453948,548, 0, 331, 52451
453998,548, 0, 331, 52451
454090,548, 0, 331, 52451
454140,548, 0, 332, 52451
454190,548, 0, 332, 52451
454240,548, 0, 332, 52451
454290,548, 0, 332, 52451
454340,548, 0, 332, 52450
454390,548, 0, 332, 52450
454440,548, 0, 332, 52450
454490,548, 0, 332, 52450
454540,548, 0, 331, 52450
454590,548, 0, 331, 52450
454640,548, 0, 331, 52450
454690,548, 0, 331, 52450
454740,548, 0, 331, 52451
454790,548, 0, 331, 52451
454840,548, 0, 331, 52451
454976,548, 0, 332, 52451
455026,548, 0, 332, 52451
455076,548, 0, 332, 52451
455168,548, 0, 332, 52450
455218,548, 0, 332, 52450
455268,548, 0, 332, 52450
455318,548, 0, 332, 52450
455368,548, 0, 332, 52450
455418,548, 0, 332, 52450
455468,548, 0, 332, 52450
455518,548, 0, 332, 52450
455568,548, 0, 332, 52451
455618,548, 0, 332, 52451
455668,548, 0, 332, 52451
455718,548, 0, 332, 52451
455768,548, 0, 332, 52451
455818,548, 0, 332, 52451
455868,548, 0, 332, 52451
455918,548, 0, 332, 52451
455968,548, 0, 332, 52450
456105,548, 0, 332, 52450
456155,548, 0, 331, 52450
456205,548, 0, 331, 52450
456339,548, 0, 331, 52451
456389,548, 0, 331, 52451
456439,548, 0, 331, 52451
456489,548, 0, 331, 52451
456539,548, 0, 331, 52451
456589,548, 0, 331, 52451
456639,548, 0, 331, 52451
456689,548, 0, 331, 52451
456739,548, 0, 331, 52451
456789,548, 0, 331, 52451
456839,548, 0, 331, 52451
456889,548, 0, 331, 52451
456939,548, 0, 332, 52451
456989,548, 0, 332, 52451
457039,548, 0, 332, 52451
457089,548, 0, 332, 52451
457139,548, 0, 332, 52451
457445,548, 0, 332, 52451
457495,548, 0, 332, 52451
457545,548, 0, 332, 52452
457637,548, 0, 332, 52452
457687,548, 0, 332, 52452
457737,548, 0, 332, 52452
457787,548, 0, 331, 52452
457837,548, 0, 331, 52452
457887,548, 0, 331, 52452
457937,548, 0, 331, 52452
457987,548, 0, 331, 52451
458037,548, 0, 331, 52451
458087,548, 0, 331, 52451
458137,548, 0, 331, 52451
458187,548, 0, 332, 52451
458237,548, 0, 332, 52451
458287,548, 0, 332, 52451
458337,548, 0, 332, 52451
458387,548, 0, 332, 52452
458437,548, 0, 332, 52452
458614,548, 0, 332, 52452
458664,548, 0, 332, 52452
458756,548, 0, 332, 52451
458806,548, 0, 332, 52451
458856,548, 0, 332, 52451
458906,548, 0, 332, 52451
458956,548, 0, 332, 52451
459006,548, 0, 332, 52451
459056,548, 0, 332, 52451
459106,548, 0, 332, 52451
459156,548, 0, 332, 52451
459206,548, 0, 332, 52451
459256,548, 0, 332, 52451
459306,548, 0, 332, 52451
459356,548, 0, 332, 52451
459406,548, 0, 332, 52451
459456,548, 0, 332, 52451
459506,548, 0, 332, 52451
459556,548, 0, 332, 52453
459606,548, 0, 332, 52453
459742,548, 0, 332, 52453
459792,548, 0, 332, 52453
459884,548, 0, 332, 52453
459934,548, 0, 332, 52453
459984,548, 0, 332, 52452
460034,548, 0, 332, 52452
460084,548, 0, 332, 52452
460134,548, 0, 332, 52452
460184,548, 0, 332, 52452
460234,548, 0, 332, 52452
460284,548, 0, 332, 52452
460334,548, 0, 332, 52452
460384,548, 0, 332, 52452
460434,548, 0, 332, 52452
460484,548, 0, 332, 52452
460534,548, 0, 332, 52452
460584,548, 0, 333, 52452
460634,548, 0, 333, 52452
460684,548, 0, 333, 52452
460734,548, 0, 333, 52452
460870,548, 0, 333, 52452
460920,548, 0, 333, 52452
461012,548, 0, 332, 52452
461062,548, 0, 332, 52452
461112,548, 0, 332, 52452
461162,548, 0, 332, 52453
461212,548, 0, 332, 52453
461262,548, 0, 332, 52453
461312,548, 0, 332, 52453
461362,548, 0, 331, 52453
461412,548, 0, 331, 52453
461462,548, 0, 331, 52453
461512,548, 0, 331, 52453
461562,548, 0, 331, 52452
461612,548, 0, 331, 52452
461662,548, 0, 331, 52452
461712,548, 0, 331, 52452
461762,548, 0, 331, 52452
461812,548, 0, 331, 52452
461862,548, 0, 331, 52452
461998,548, 0, 331, 52453
462090,548, 0, 331, 52453
462140,548, 0, 331, 52453
462190,548, 0, 331, 52453
462240,548, 0, 331, 52453
462290,548, 0, 331, 52453
462340,548, 0, 331, 52453
462390,548, 0, 331, 52452
462440,548, 0, 331, 52452
462490,548, 0, 331, 52452
462540,548, 0, 331, 52452
462590,548, 0, 332, 52452
462640,548, 0, 332, 52452
462690,548, 0, 332, 52452
462740,548, 0, 332, 52452
462790,548, 0, 332, 52452
462840,548, 0, 332, 52452
462890,548, 0, 332, 52452
462940,548, 0, 332, 52452
462990,548, 0, 332, 52452
463126,548, 0, 332, 52452
463219,548, 0, 332, 52453
463269,548, 0, 332, 52453
463319,548, 0, 332, 52453
463369,548, 0, 331, 52453
463419,548, 0, 331, 52453
463469,548, 0, 331, 52453
463519,548, 0, 331, 52453
463569,548, 0, 331, 52454
463619,548, 0, 331, 52454
463669,548, 0, 331, 52454
463719,548, 0, 331, 52454
463769,548, 0, 331, 52454
463819,548, 0, 331, 52454
463869,548, 0, 331, 52454
463919,548, 0, 331, 52454
463969,548, 0, 331, 52454
464019,548, 0, 331, 52454
464069,548, 0, 331, 52454
464119,548, 0, 331, 52454
464255,548, 0, 331, 52454
464348,548, 0, 331, 52454
464398,548, 0, 331, 52453
464448,548, 0, 331, 52453
464498,548, 0, 331, 52453
464548,548, 0, 331, 52453
464598,548, 0, 332, 52453
464648,548, 0, 332, 52453
464698,548, 0, 332, 52453
464748,548, 0, 332, 52453
464798,548, 0, 332, 52453
464848,548, 0, 332, 52453
464898,548, 0, 332, 52453
464948,548, 0, 332, 52453
464998,548, 0, 332, 52453
465048,548, 0, 332, 52453
465183,548, 0, 332, 52453
465233,548, 0, 332, 52453
465283,548, 0, 332, 52453
465333,548, 0, 332, 52453
465383,548, 0, 332, 52453
465475,548, 0, 332, 52453
465525,548, 0, 332, 52453
465575,548, 0, 332, 52453
465625,548, 0, 332, 52453
465675,548, 0, 332, 52453
465725,548, 0, 332, 52453
465775,548, 0, 332, 52453
465825,548, 0, 332, 52453
465875,548, 0, 332, 52453
465925,548, 0, 332, 52453
465975,548, 0, 332, 52453
466025,548, 0, 332, 52453
466075,548, 0, 332, 52453
466125,548, 0, 332, 52453
466175,548, 0, 332, 52453
466310,548, 0, 331, 52453
466360,548, 0, 331, 52453
466410,548, 0, 331, 52454
466460,548, 0, 331, 52454
466552,548, 0, 331, 52454
466602,548, 0, 332, 52454
466652,548, 0, 332, 52454
466702,548, 0, 332, 52454
466752,548, 0, 332, 52454
466802,548, 0, 332, 52454
466852,548, 0, 332, 52454
466902,548, 0, 332, 52454
466952,548, 0, 332, 52454
467002,548, 0, 332, 52454
467052,548, 0, 332, 52454
467102,548, 0, 332, 52454
467152,548, 0, 332, 52454
467202,548, 0, 332, 52453
467252,548, 0, 332, 52453
467302,548, 0, 332, 52453
467438,548, 0, 332, 52453
467488,548, 0, 332, 52453
467538,548, 0, 332, 52453
467588,548, 0, 332, 52455
467680,548, 0, 332, 52455
467730,548, 0, 332, 52455
467780,548, 0, 332, 52455
467830,548, 0, 332, 52455
467880,548, 0, 332, 52455
467930,548, 0, 332, 52455
467980,548, 0, 332, 52455
468030,548, 0, 332, 52454
468080,548, 0, 332, 52454
468130,548, 0, 332, 52454
468180,548, 0, 332, 52454
468230,548, 0, 331, 52454
468280,548, 0, 331, 52454
468330,548, 0, 331, 52454
468380,548, 0, 331, 52454
468430,548, 0, 331, 52453
468566,548, 0, 331, 52453
468616,548, 0, 332, 52453
468666,548, 0, 332, 52453
468716,548, 0, 332, 52453
468808,548, 0, 332, 52454
468858,548, 0, 332, 52454
468908,548, 0, 332, 52454
468958,548, 0, 332, 52454
469008,548, 0, 333, 52454
469058,548, 0, 333, 52454
469108,548, 0, 333, 52454
469158,548, 0, 333, 52454
469208,548, 0, 333, 52453
469258,548, 0, 333, 52453
469308,548, 0, 333, 52453
469358,548, 0, 333, 52453
469408,548, 0, 332, 52453
469458,548, 0, 332, 52453
469508,548, 0, 332, 52453
469558,548, 0, 332, 52453
469694,548, 0, 332, 52453
469744,548, 0, 332, 52453
469794,548, 0, 332, 52453
469887,548, 0, 332, 52453
469937,548, 0, 332, 52453
469987,548, 0, 332, 52453
470037,548, 0, 332, 52454
470087,548, 0, 332, 52454
470137,548, 0, 332, 52454
470187,548, 0, 332, 52454
470237,548, 0, 332, 52454
470287,548, 0, 332, 52454
470337,548, 0, 332, 52454
470387,548, 0, 332, 52454
470437,548, 0, 332, 52454
470487,548, 0, 332, 52454
470537,548, 0, 332, 52454
470587,548, 0, 332, 52454
470637,548, 0, 332, 52454
470687,548, 0, 332, 52454
470823,548, 0, 332, 52453
470873,548, 2748, 332, 52453
470923,548, 2748, 332, 52453
471015,548, 2748, 331, 52453
471065,548, 2748, 331, 52453
471115,548, 2748, 331, 52453
471165,548, 2748, 331, 52453
471215,548, 2748, 331, 52455
471265,548, 2748, 331, 52455
471315,548, 2748, 331, 52455
471365,548, 2748, 331, 52455
471415,548, 2748, 332, 52455
471465,548, 2748, 332, 52455
471515,548, 2748, 332, 52455
471565,548, 2748, 332, 52455
471615,548, 2748, 332, 52454
471665,548, 2748, 332, 52454
471715,548, 2748, 332, 52454
471765,548, 2748, 332, 52454
471815,548, 2748, 332, 52454
471994,548, 2748, 332, 52454
472044,548, 0, 332, 52455
472094,548, 0, 332, 52455
472144,548, 0, 332, 52455
472194,548, 0, 332, 52455
472244,548, 0, 331, 52455
472294,548, 0, 331, 52455
472344,548, 0, 331, 52455
472394,548, 0, 331, 52455
472444,548, 0, 331, 52455
472494,548, 0, 331, 52455
472544,548, 0, 331, 52455
472594,548, 0, 331, 52455
472644,548, 0, 332, 52455
472694,548, 0, 332, 52455
472744,548, 0, 332, 52455
472794,548, 0, 332, 52455
472844,548, 0, 332, 52454
472894,548, 0, 332, 52454
472944,548, 0, 332, 52454
473124,548, 0, 331, 52454
473174,548, 0, 331, 52454
473224,548, 0, 331, 52455
473274,548, 0, 331, 52455
473324,548, 0, 331, 52455
473374,548, 0, 331, 52455
473424,548, 0, 332, 52455
473474,548, 0, 332, 52455
473524,548, 0, 332, 52455
473574,548, 0, 332, 52455
473624,548, 0, 332, 52455
473674,548, 0, 332, 52455
473724,548, 0, 332, 52455
473774,548, 0, 332, 52455
473824,548, 0, 331, 52455
473874,548, 0, 331, 52455
473924,548, 0, 331, 52455
473974,548, 0, 331, 52455
474024,548, 0, 331, 52456
474074,548, 0, 331, 52456
474252,548, 0, 331, 52456
474302,548, 0, 331, 52456
474352,548, 0, 331, 52456
474402,548, 0, 331, 52456
474452,548, 0, 331, 52454
474502,548, 0, 331, 52454
474552,548, 0, 331, 52454
474602,548, 0, 331, 52454
474652,548, 0, 332, 52454
474702,548, 0, 332, 52454
474752,548, 0, 332, 52454
474802,548, 0, 332, 52454
474852,548, 0, 332, 52455
474902,548, 0, 332, 52455
474952,548, 0, 332, 52455
475002,548, 0, 332, 52455
475052,548, 0, 332, 52455
475102,548, 0, 332, 52455
475152,548, 0, 332, 52455
475244,548, 0, 332, 52456
475380,548, 0, 332, 52456
475430,548, 0, 331, 52456
475480,548, 0, 331, 52456
475530,548, 0, 331, 52456
475580,548, 0, 331, 52456
475630,548, 0, 331, 52456
475680,548, 0, 331, 52456
475730,548, 0, 331, 52456
475780,548, 0, 331, 52456
475830,548, 0, 331, 52456
475880,548, 0, 331, 52456
475930,548, 0, 331, 52456
475980,548, 0, 331, 52456
476030,548, 0, 331, 52457
476080,548, 0, 331, 52457
476130,548, 0, 331, 52457
476180,548, 0, 331, 52457
476230,548, 0, 331, 52457
476280,548, 0, 331, 52457
476372,548, 0, 331, 52457
476508,548, 0, 331, 52454
476558,548, 0, 331, 52454
476608,548, 0, 331, 52454
476658,548, 0, 332, 52454
476708,548, 0, 332, 52454
476758,548, 0, 332, 52454
476808,548, 0, 332, 52454
476858,548, 0, 332, 52456
476908,548, 0, 332, 52456
476958,548, 0, 332, 52456
477008,548, 0, 332, 52456
477058,548, 0, 332, 52456
477108,548, 0, 332, 52456
477158,548, 0, 332, 52456
477208,548, 0, 332, 52456
477258,548, 0, 332, 52456
477308,548, 0, 332, 52456
477358,548, 0, 332, 52456
477408,548, 0, 332, 52456
477500,548, 0, 331, 52456
477636,548, 0, 331, 52456
477686,548, 0, 331, 52456
477736,548, 0, 331, 52456
477786,548, 0, 331, 52456
477836,548, 0, 331, 52456
477886,548, 0, 331, 52456
477936,548, 0, 331, 52456
477986,548, 0, 331, 52456
478036,548, 0, 331, 52456
478086,548, 0, 331, 52456
478136,548, 0, 331, 52456
478186,548, 0, 331, 52456
478236,548, 0, 331, 52456
478286,548, 0, 332, 52456
478336,548, 0, 332, 52456
478386,548, 0, 332, 52456
478436,548, 0, 332, 52456
478486,548, 0, 332, 52457
478536,548, 0, 332, 52457
478628,548, 0, 332, 52457
478764,548, 0, 332, 52457
478814,548, 0, 332, 52457
478864,548, 0, 332, 52455
478914,548, 0, 332, 52455
478964,548, 0, 332, 52455
479014,548, 0, 332, 52455
479064,548, 0, 333, 52455
479114,548, 0, 333, 52455
479164,548, 0, 333, 52455
479214,548, 0, 333, 52455
479264,548, 0, 333, 52456
479314,548, 0, 333, 52456
479364,548, 0, 333, 52456
479414,548, 0, 333, 52456
479464,548, 0, 331, 52456
479514,548, 0, 331, 52456
479650,548, 0, 331, 52457
479700,548, 0, 331, 52457
479792,548, 0, 331, 52457
479842,548, 0, 331, 52457
479892,548, 0, 332, 52457
479942,548, 0, 332, 52457
479992,548, 0, 332, 52457
480042,548, 0, 332, 52457
480092,548, 0, 332, 52457
480142,548, 0, 332, 52457
480192,548, 0, 332, 52457
480242,548, 0, 332, 52457
480292,548, 0, 332, 52457
480342,548, 0, 332, 52457
480392,548, 0, 332, 52457
480442,548, 0, 332, 52457
480492,548, 0, 332, 52457
480542,548, 0, 332, 52457
480592,548, 0, 332, 52457
480642,548, 0, 332, 52457
480778,548, 0, 332, 52457
480828,548, 0, 332, 52457
480921,548, 0, 332, 52456
480971,548, 0, 332, 52456
481021,548, 0, 332, 52456
481071,548, 0, 333, 52456
481121,548, 0, 333, 52456
481171,548, 0, 333, 52456
481221,548, 0, 333, 52456
481271,548, 0, 333, 52457
481321,548, 0, 333, 52457
481371,548, 0, 333, 52457
481421,548, 0, 333, 52457
481471,548, 0, 332, 52457
481521,548, 0, 332, 52457
481571,548, 0, 332, 52457
481621,548, 0, 332, 52457
481671,548, 0, 332, 52458
481721,548, 0, 332, 52458
481771,548, 0, 332, 52458
481907,548, 0, 331, 52458
481957,548, 0, 331, 52458
482049,548, 0, 331, 52458
482099,548, 0, 331, 52458
482149,548, 0, 331, 52458
482199,548, 0, 331, 52458
482249,548, 0, 331, 52458
482299,548, 0, 332, 52458
482349,548, 0, 332, 52458
482399,548, 0, 332, 52458
482449,548, 0, 332, 52458
482499,548, 0, 332, 52456
482549,548, 0, 332, 52456
482599,548, 0, 332, 52456
482649,548, 0, 332, 52456
482699,548, 0, 331, 52456
482749,548, 0, 331, 52456
482799,548, 0, 331, 52456
482849,548, 0, 331, 52456
482899,548, 0, 331, 52457
483312,548, 0, 334, 52457
483404,548, 0, 334, 52457
483454,548, 0, 334, 52457
483504,548, 0, 331, 52457
483554,548, 0, 331, 52457
483604,548, 0, 331, 52457
483654,548, 0, 331, 52457
483704,548, 0, 331, 52458
483754,548, 0, 331, 52458
483804,548, 0, 331, 52458
483854,548, 0, 331, 52458
483904,548, 0, 331, 52458
483954,548, 0, 331, 52458
484004,548, 0, 331, 52458
484054,548, 0, 331, 52458
484104,548, 0, 331, 52458
484154,548, 0, 331, 52458
484204,548, 0, 331, 52458
484254,548, 0, 331, 52458
484304,548, 0, 332, 52458
484439,548, 0, 332, 52458
484531,548, 0, 332, 52458
484581,548, 0, 332, 52458
484631,548, 0, 332, 52458
484681,548, 0, 333, 52458
484731,548, 0, 333, 52458
484781,548, 0, 333, 52458
484831,548, 0, 333, 52458
484881,548, 0, 333, 52458
484931,548, 0, 333, 52458
484981,548, 0, 333, 52458
485031,548, 0, 333, 52458
485081,548, 0, 331, 52458
485131,548, 0, 331, 52458
485181,548, 0, 331, 52458
485231,548, 0, 331, 52458
485281,548, 0, 331, 52458
485331,548, 0, 331, 52458
485381,548, 0, 331, 52458
485431,548, 0, 331, 52458
485566,548, 0, 332, 52458
485658,548, 0, 332, 52458
485708,548, 0, 332, 52459
485758,548, 0, 332, 52459
485808,548, 0, 332, 52459
485858,548, 0, 332, 52459
485908,548, 0, 331, 52459
485958,548, 0, 331, 52459
486008,548, 0, 331, 52459
486058,548, 0, 331, 52459
486108,548, 0, 331, 52458
486158,548, 0, 331, 52458
486208,548, 0, 331, 52458
486258,548, 0, 331, 52458
486308,548, 0, 332, 52458
486358,548, 0, 332, 52458
486408,548, 0, 332, 52458
486458,548, 0, 332, 52458
486508,548, 0, 332, 52456
486558,548, 0, 332, 52456
486736,548, 0, 333, 52456
486786,548, 0, 333, 52456
486836,548, 0, 333, 52456
486886,548, 0, 333, 52458
486936,548, 0, 333, 52458
486986,548, 0, 333, 52458
487036,548, 0, 333, 52458
487086,548, 0, 332, 52458
487136,548, 0, 332, 52458
487186,548, 0, 332, 52458
487236,548, 0, 332, 52458
487286,548, 0, 332, 52458
487336,548, 0, 332, 52458
487386,548, 0, 332, 52458
487436,548, 0, 332, 52458
487486,548, 0, 332, 52458
487536,548, 0, 332, 52458
487586,548, 0, 332, 52458
487636,548, 0, 332, 52458
487686,548, 0, 332, 52458
487864,548, 0, 332, 52457
487914,548, 0, 331, 52457
487964,548, 0, 331, 52457
488014,548, 0, 331, 52457
488064,548, 0, 331, 52457
488114,548, 0, 331, 52458
488164,548, 0, 331, 52458
488214,548, 0, 331, 52458
488264,548, 0, 331, 52458
488314,548, 0, 331, 52458
488364,548, 0, 331, 52458
488414,548, 0, 331, 52458
488464,548, 0, 331, 52458
488514,548, 0, 331, 52458
488564,548, 0, 331, 52458
488614,548, 0, 331, 52458
488664,548, 0, 331, 52458
488714,548, 0, 332, 52458
488764,548, 0, 332, 52458
488814,548, 0, 332, 52458
488992,548, 0, 332, 52457
489042,548, 0, 332, 52457
489092,548, 0, 332, 52457
489142,548, 0, 332, 52457
489192,548, 0, 332, 52457
489242,548, 0, 332, 52457
489292,548, 0, 332, 52457
489342,548, 0, 332, 52458
489392,548, 0, 332, 52458
489442,548, 0, 332, 52458
489492,548, 0, 332, 52458
489542,548, 0, 332, 52458
489592,548, 0, 332, 52458
489642,548, 0, 332, 52458
489692,548, 0, 332, 52458
489742,548, 0, 332, 52458
489792,548, 0, 332, 52458
489842,548, 0, 332, 52458
489892,548, 0, 332, 52458
489984,548, 0, 331, 52458
490119,548, 0, 331, 52457
490169,548, 0, 331, 52457
490219,548, 0, 331, 52457
490269,548, 0, 331, 52457
490319,548, 0, 333, 52457
490369,548, 0, 333, 52457
490419,548, 0, 333, 52457
490469,548, 0, 333, 52457
490519,548, 0, 333, 52459
490569,548, 0, 333, 52459
490619,548, 0, 333, 52459
490669,548, 0, 333, 52459
490719,548, 0, 334, 52459
490769,548, 0, 334, 52459
490819,548, 0, 334, 52459
490869,548, 0, 334, 52459
490919,548, 0, 334, 52458
490969,548, 0, 334, 52458
491019,548, 0, 334, 52458
491111,548, 0, 332, 52458
491246,548, 0, 332, 52458
491296,548, 0, 332, 52458
491346,548, 0, 332, 52458
491396,548, 0, 332, 52458
491446,548, 0, 332, 52458
491496,548, 0, 332, 52458
491546,548, 0, 332, 52458
491596,548, 0, 332, 52458
491646,548, 0, 332, 52458
491696,548, 0, 332, 52458
491746,548, 0, 332, 52460
491796,548, 0, 332, 52460
491846,548, 0, 332, 52460
491896,548, 0, 332, 52460
491946,548, 0, 331, 52460
491996,548, 0, 331, 52460
492046,548, 0, 331, 52460
492096,548, 0, 331, 52460
492146,548, 0, 331, 52458
492280,548, 0, 331, 52458
492585,548, 0, 332, 52458
492635,548, 0, 332, 52458
492685,548, 0, 332, 52458
492735,548, 0, 333, 52458
492785,548, 0, 333, 52458
492835,548, 0, 333, 52458
492885,548, 0, 333, 52458
492935,548, 0, 333, 52458
492985,548, 0, 333, 52458
493035,548, 0, 333, 52458
493085,548, 0, 333, 52458
493135,548, 0, 333, 52458
493185,548, 0, 333, 52458
493235,548, 0, 333, 52458
493285,548, 0, 333, 52458
493335,548, 0, 333, 52465
493385,548, 0, 333, 52465
493435,548, 0, 333, 52465
493485,548, 0, 333, 52465
493577,548, 0, 331, 52465
