Tick,Throttle,Speed,Current,Voltage
19070,0,14421,8043,51809
19376,0,14560,8198,51809
19426,0,14838,8198,51767
19476,0,14838,8198,51767
19526,0,14838,8198,51767
19576,0,14838,8198,51767
19626,0,14977,8337,51767
19676,0,14977,8337,51767
19726,0,14977,8337,51767
19776,0,14977,8337,51767
19826,0,15131,8337,51735
19876,0,15131,8337,51735
19926,0,15131,8337,51735
19976,0,15131,8337,51735
20026,0,15440,8473,51735
20076,0,15440,8473,51735
20126,0,15440,8473,51735
20176,0,15440,8473,51735
20268,0,15440,8473,51696
20318,0,15440,8473,51696
20368,0,15440,8473,51696
20545,0,15595,8620,51696
20595,0,15595,8620,51655
20645,0,15903,8620,51655
20695,0,15903,8620,51655
20745,0,15903,8620,51655
20795,0,15903,8795,51655
20845,0,15903,8795,51655
20895,0,15903,8795,51655
20945,0,15903,8795,51655
20995,0,15903,8795,51655
21045,0,16073,8795,51624
21095,0,16073,8795,51624
21145,0,16073,8795,51624
21195,0,16073,8795,51624
21245,0,16243,8935,51624
21337,0,16243,8935,51624
21387,0,16243,8935,51624
21437,0,16598,8935,51582
21487,0,16598,8935,51582
21537,0,16598,8935,51582
21672,0,16413,9045,51582
21722,0,16413,9045,51582
21772,0,16413,9045,51582
21822,0,16413,9045,51557
21872,0,16768,9045,51557
21922,0,16768,9045,51557
21972,0,16768,9045,51557
22022,0,16768,9174,51557
22072,0,16768,9174,51557
22122,0,16768,9174,51557
22172,0,16768,9174,51557
22222,0,16768,9174,51519
22272,0,16953,9174,51519
22364,0,16953,9174,51519
22414,0,16953,9311,51519
22464,0,17154,9311,51519
22514,0,17154,9311,51519
22564,0,17154,9311,51519
22614,0,17154,9311,51489
22664,0,17339,9311,51489
22799,0,17339,9311,51489
22849,0,17540,9432,51489
22899,0,17540,9432,51489
22949,0,17540,9432,51489
22999,0,17540,9432,51489
23049,0,17540,9432,51453
23099,0,17540,9432,51453
23149,0,17540,9432,51453
23199,0,17540,9432,51453
23249,0,17941,9580,51453
23299,0,17941,9580,51453
23391,0,17941,9580,51453
23441,0,17941,9580,51418
23491,0,17941,9580,51418
23541,0,17941,9580,51418
23591,0,17941,9580,51418
23641,0,18158,9710,51418
23691,0,18158,9710,51418
23741,0,18158,9710,51418
23791,0,18158,9710,51418
23926,0,18374,9710,51389
23976,0,18374,9710,51389
24026,0,18374,9859,51389
24076,0,18374,9859,51389
24126,0,18374,9859,51389
24176,0,18374,9859,51389
24226,0,18590,9859,51359
24276,0,18590,9859,51359
24326,0,18590,9859,51359
24376,0,18590,9859,51359
24468,0,18590,9966,51359
24518,0,18590,9966,51359
24568,0,18590,9966,51359
24618,0,18590,9966,51320
24668,0,18822,9966,51320
24718,0,18822,9966,51320
24768,0,18822,9966,51320
24818,0,18822,10068,51320
24868,0,19300,10068,51320
24918,0,19300,10068,51320
25053,0,19300,10068,51286
25103,0,19300,10068,51286
25153,0,19300,10068,51286
25203,0,19300,10068,51286
25253,0,19300,10220,51286
25303,0,19300,10220,51286
25353,0,19300,10220,51286
25403,0,19300,10220,51286
25495,0,19532,10220,51262
25545,0,19532,10220,51262
25595,0,19532,10220,51262
25645,0,19532,10351,51262
25695,0,19532,10351,51262
25745,0,19532,10351,51262
25795,0,19532,10351,51262
25845,0,20041,10351,51220
25895,0,20041,10351,51220
25945,0,20041,10351,51220
25995,0,20041,10351,51220
26045,0,19794,10459,51220
26180,0,19794,10459,51220
26230,0,20041,10459,51182
26280,0,20041,10459,51182
26330,0,20041,10459,51182
26380,0,20041,10459,51182
26472,0,20304,10635,51182
26522,0,20304,10635,51182
26572,0,20304,10635,51182
26622,0,20304,10635,51182
26672,0,20304,10635,51183
26722,0,20304,10635,51183
26772,0,20304,10635,51183
26822,0,20304,10635,51183
26872,0,20582,10836,51183
26922,0,20582,10836,51183
26972,0,20582,10836,51183
27022,0,20582,10836,51183
27072,0,21431,10836,51093
27122,0,21431,10836,51093
27172,0,21431,10836,51093
27307,0,21138,10960,51093
27357,0,21138,10960,51093
27407,0,21138,10960,51093
27499,0,21138,10960,51068
27549,0,21138,10960,51068
27599,0,21138,10960,51068
27649,0,22049,11123,51068
27699,0,22049,11123,51068
27749,0,22049,11123,51068
27799,0,22049,11123,51068
27849,0,22049,11123,51040
27899,0,22049,11123,51040
27949,0,22049,11123,51040
27999,0,22049,11123,51040
28049,0,21138,11254,51040
28099,0,21138,11254,51040
28149,0,21138,11254,51040
28199,0,21138,11254,51040
28249,0,22373,11254,50996
28299,0,22373,11254,50996
28435,0,22049,11254,50996
28527,0,22049,11363,50996
28577,0,22049,11363,50996
28627,0,21740,11363,50996
28677,0,21740,11363,51668
28727,0,21740,11363,51668
28777,0,21740,11363,51668
28827,0,22373,11363,51668
28877,0,22373,11381,51668
28927,0,22373,11381,51668
28977,0,22373,11381,51668
29027,0,22697,11381,51668
29077,0,22697,11381,51572
29127,0,22697,11381,51572
29177,0,22697,11381,51572
29227,0,22697,11381,51572
29277,0,22697,11431,51572
29327,0,22697,11431,51572
29419,0,22697,11431,51572
29469,0,22373,11431,51612
29604,0,22373,11431,51612
29654,0,22697,11514,51612
29704,0,22697,11514,51612
29754,0,22697,11514,51612
29804,0,22697,11514,51612
29854,0,23037,11514,51579
29904,0,23037,11514,51579
29954,0,23037,11514,51579
30004,0,23037,11514,51579
30054,0,23747,11625,51579
30104,0,23747,11625,51579
30154,0,23747,11625,51579
30204,0,23747,11625,51579
30254,0,23037,11625,51551
30304,0,23037,11625,51551
30354,0,23037,11625,51551
30446,0,23037,11625,51551
30496,0,23037,11782,51551
30546,0,23037,11782,51551
30596,0,23037,11782,51551
30731,0,24118,11782,51513
30781,0,24118,11782,51513
30831,0,23747,11782,51513
30881,0,23747,11888,51513
30931,0,23747,11888,51513
30981,0,23747,11888,51513
31031,0,23392,11888,51513
31081,0,23392,11888,51492
31131,0,23392,11888,51492
31181,0,23392,11888,51492
31231,0,23747,11888,51492
31281,0,23747,12060,51492
31331,0,23747,12060,51492
31381,0,23747,12060,51492
31473,0,24118,12060,51449
31523,0,24118,12060,51449
31573,0,24118,12060,51449
31623,0,24118,12060,51449
31673,0,24504,12169,51449
31723,0,24504,12169,51449
31858,0,24118,12169,51449
31908,0,24118,12169,51424
31958,0,24118,12169,51424
32008,0,24118,12169,51424
32058,0,23747,12169,51424
32108,0,23747,12422,51424
32158,0,23747,12422,51424
32208,0,23747,12422,51424
32258,0,24890,12422,51424
32308,0,24890,12422,51361
32358,0,24890,12422,51361
32450,0,25307,12422,51361
32500,0,25307,13084,51361
32550,0,25307,13084,51361
32600,0,25307,13084,51361
32650,0,25307,13084,51361
32700,0,25307,13084,51352
32750,0,25307,13084,51352
32800,0,25307,13084,51352
32850,0,24890,13084,51352
32985,0,24890,13355,51352
33035,0,25307,13355,51352
33085,0,25307,13355,51330
33135,0,25307,13355,51330
33185,0,25307,13355,51330
33235,0,24890,13355,51330
33285,0,24890,13537,51330
33335,0,24890,13537,51330
33385,0,24890,13537,51330
33477,0,25724,13537,51288
33527,0,25724,13537,51288
33577,0,25724,13537,51288
33627,0,25724,13537,51288
33677,0,25724,13718,51288
33727,0,25724,13718,51288
33777,0,25724,13718,51288
33913,0,26156,13718,51261
33963,0,26156,13718,51261
34013,0,26156,13718,51261
34063,0,25724,13718,51261
34113,0,25724,13806,51261
34163,0,25724,13806,51261
34213,0,25724,13806,51261
34263,0,25724,13806,51261
34313,0,25724,13806,51244
34363,0,25724,13806,51244
34455,0,25724,13806,51244
34505,0,25724,13506,51244
34555,0,25724,13506,51244
34605,0,25724,13506,51244
34655,0,26619,13506,51244
34705,0,26619,13506,51206
34755,0,26619,13506,51206
34805,0,26619,13506,51206
34855,0,27082,13506,51206
34905,0,27082,13169,51206
35040,0,27082,13169,51206
35090,0,27082,13169,51165
35140,0,27082,13169,51165
35190,0,27082,13169,51165
35240,0,27082,13169,51165
35290,0,27082,13270,51165
35340,0,27082,13270,51165
35390,0,27082,13270,51165
35484,0,26619,13270,51165
35534,0,26619,13270,51146
35584,0,26619,13270,51146
35634,0,26619,13270,51146
35684,0,26619,13270,51146
35734,0,26619,13366,51146
35784,0,26619,13366,51146
35834,0,27082,13366,51146
35884,0,27082,13366,51146
35934,0,27082,13366,51116
35984,0,27082,13366,51116
36034,0,26619,13366,51116
36169,0,26619,13496,51116
36219,0,26619,13496,51116
36269,0,27561,13496,51116
36319,0,27561,13496,51087
36369,0,27561,13496,51087
36419,0,27561,13496,51087
36511,0,27561,13615,51087
36561,0,27561,13615,51087
36611,0,27561,13615,51087
36661,0,28071,13615,51087
36711,0,28071,13615,51061
36761,0,28071,13615,51061
36811,0,28071,13615,51061
36861,0,28071,13615,51061
36911,0,28071,13738,51061
36961,0,28071,13738,51061
37011,0,28071,13738,51061
37061,0,27561,13738,51061
37111,0,27561,13738,51008
37161,0,27561,13738,51008
37296,0,27561,13738,51008
37346,0,27561,13796,51008
37396,0,27561,13796,51008
37488,0,27561,13796,51008
37538,0,27561,13796,50998
37588,0,27561,13796,50998
37638,0,28071,13796,50998
37688,0,28071,13796,50998
37738,0,28071,13895,50998
37788,0,28071,13895,50998
37838,0,28071,13895,50998
37888,0,28071,13895,50998
37938,0,28071,13895,50977
37988,0,28071,13895,50977
38038,0,28580,13895,50977
38088,0,28580,13895,50977
38138,0,28580,14002,50977
38188,0,28580,14002,50977
38238,0,29120,14002,50977
38288,0,29120,14002,50977
38423,0,29120,14002,50943
38516,0,29120,14182,50943
38566,0,29120,14182,50943
38616,0,29120,14182,50943
38666,0,28580,14182,50943
38716,0,28580,14182,50869
38766,0,28580,14182,50869
38816,0,28580,14182,50869
38866,0,29692,14182,50869
38916,0,29692,14287,50869
38966,0,29692,14287,50869
39016,0,29692,14287,50869
39066,0,29120,14287,50869
39116,0,29120,14287,50862
39166,0,29120,14287,50862
39216,0,29120,14287,50862
39266,0,29120,14287,50862
39316,0,29120,14389,50862
39366,0,29120,14389,50862
39458,0,28580,14389,50862
39593,0,28580,14389,50840
39643,0,28580,14389,50840
39693,0,28580,14389,50840
39743,0,28580,14494,50840
39793,0,28580,14494,50840
39843,0,29120,14494,50840
39893,0,29120,14494,50840
39943,0,29120,14494,50821
39993,0,29120,14494,50821
40043,0,29120,14494,50821
40093,0,29120,14494,50821
40143,0,29120,14586,50821
40193,0,29120,14586,50821
40243,0,29692,14586,50821
40293,0,29692,14586,50821
40343,0,29692,14586,50782
40435,0,29120,14586,50782
40485,0,29120,14586,50782
40535,0,29120,14683,50782
40585,0,29120,14683,50782
40720,0,30263,14683,50759
40770,0,30263,14683,50759
40820,0,30263,14683,50759
40870,0,29692,14683,50759
40920,0,29692,14683,50759
40970,0,29692,14796,50759
41020,0,29692,14796,50759
41070,0,29692,14796,50759
41120,0,29692,14796,50759
41170,0,29692,14796,50725
41220,0,29692,14796,50725
41270,0,30263,14796,50725
41320,0,30263,14796,50725
41370,0,30263,14915,50725
41462,0,30263,14915,50725
41512,0,30263,14915,50725
41562,0,30263,14915,50703
41612,0,30263,14915,50703
41662,0,30881,14915,50703
41712,0,30881,14915,50703
41847,0,29692,14994,50703
41897,0,29692,14994,50703
41947,0,29692,14994,50666
41997,0,29692,14994,50666
42047,0,30263,14994,50666
42097,0,30263,14994,50666
42147,0,30263,16116,50666
42197,0,30263,16116,50666
42247,0,30263,16116,50666
42297,0,30263,16116,50666
42347,0,30263,16116,50644
42397,0,30263,16116,50644
42489,0,30263,16116,50644
42539,0,30263,16262,50644
42589,0,30263,16262,50644
42639,0,30263,16262,50644
42689,0,30263,16262,50644
42739,0,30263,16262,50626
42789,0,30263,16262,50626
42839,0,30881,16262,50626
42974,0,30881,16298,50626
43024,0,30881,16298,50626
43074,0,30881,16298,50626
43124,0,30881,16298,50626
43174,0,30881,16298,50587
43224,0,31498,16298,50587
43274,0,31498,16298,50587
43324,0,31498,16298,50587
43374,0,31498,16394,50587
43466,0,31498,16394,50587
43516,0,31498,16394,50587
43566,0,31498,16394,50567
43616,0,31498,16394,50567
43666,0,31498,16394,50567
43716,0,31498,16394,50567
43766,0,31498,16575,50567
43816,0,31498,16575,50567
43866,0,32162,16575,50567
43916,0,32162,16575,50567
43966,0,32162,16575,50541
44101,0,31498,16575,50541
44151,0,31498,15670,50541
44201,0,31498,15670,50541
44251,0,31498,15670,50541
44301,0,31498,15670,50541
44351,0,31498,15670,50504
44401,0,31498,15670,50504
44493,0,32162,15670,50504
44543,0,32162,15670,50504
44593,0,32162,15770,50504
44643,0,31498,15770,50504
44693,0,31498,15770,50504
44743,0,31498,15770,50504
44793,0,31498,15770,50481
44843,0,32162,15770,50481
44893,0,32162,15770,50481
44943,0,32162,15770,50481
44993,0,32162,15846,50481
45043,0,32162,15846,50481
45093,0,32162,15846,50481
45228,0,32162,15846,50458
45278,0,32162,15846,50458
45328,0,32162,15846,50458
45378,0,32162,15941,50458
45428,0,32842,15941,50458
45520,0,32842,15941,50458
45570,0,32842,15941,50433
45620,0,32842,15941,50433
45670,0,32842,15941,50433
45720,0,32842,15941,50433
45770,0,32842,16055,50433
45820,0,32842,16055,50433
45870,0,32842,16055,50433
45920,0,32842,16055,50433
45970,0,32842,16055,50415
46020,0,32842,16055,50415
46070,0,33552,16055,50415
46120,0,33552,16055,50415
46170,0,33552,16098,50415
46220,0,33552,16098,50415
46355,0,33552,16098,50388
46405,0,33552,16098,50388
46497,0,33552,16098,50388
46547,0,33552,16098,50388
46597,0,33552,14422,50388
46647,0,34309,14422,50388
46697,0,34309,14422,50388
46747,0,34309,14422,50388
46797,0,34309,14422,50870
46847,0,34309,14422,50870
46897,0,34309,14422,50870
46947,0,34309,14422,50870
46997,0,34309,12983,50870
47047,0,33552,12983,50870
47097,0,33552,12983,50870
47147,0,33552,12983,50870
47197,0,33552,12983,50973
47247,0,33552,12983,50973
47297,0,33552,12983,50973
47347,0,33552,12983,50973
47525,0,33552,4562,50973
47575,0,33552,4562,52654
47625,0,32842,4562,52654
47675,0,32842,4562,52654
47725,0,32842,4562,52654
47775,0,32842,2416,52654
47825,0,32842,2416,52654
47875,0,32842,2416,52654
47925,0,32842,2416,52654
47975,0,32842,2416,52701
48025,0,33552,2416,52701
48075,0,33552,2416,52701
48125,0,33552,2416,52701
48175,0,33552,2377,52701
48225,0,32162,2377,52701
48275,0,32162,2377,52701
48410,0,32162,2377,52719
48460,0,31498,2377,52719
48552,0,31498,2377,52719
48602,0,31498,2426,52719
48652,0,32842,2426,52719
48702,0,32842,2426,52719
48752,0,32842,2426,52719
48802,0,32842,2426,52754
48852,0,33552,2426,52754
48902,0,33552,2426,52754
48952,0,33552,2426,52754
49002,0,33552,2346,52754
49052,0,32842,2346,52754
49102,0,32842,2346,52754
49152,0,32842,2346,52754
49202,0,32842,2346,52782
49252,0,32842,2346,52782
49302,0,32842,2346,52782
49352,0,32842,2346,52782
49402,0,32842,2251,52782
49537,0,32162,2251,52782
49629,0,32842,2251,52797
49679,0,32842,2251,52797
49729,0,32842,2251,52797
49779,0,32842,2251,52797
49829,0,32162,2201,52797
49879,0,32162,2201,52797
49929,0,32162,2201,52797
49979,0,32162,2201,52797
50029,0,32162,2201,52809
50079,0,32162,2201,52809
50129,0,32162,2201,52809
50179,0,32162,2201,52809
50229,0,32162,2222,52809
50279,0,32162,2222,52809
50329,0,32162,2222,52809
50379,0,32162,2222,52809
50429,0,32162,2222,52822
50479,0,32162,2222,52822
50571,0,32162,2222,52822
50706,0,32162,2251,52822
50756,0,32162,2251,52822
50806,0,32162,2251,52855
50856,0,32162,2251,52855
50906,0,32162,2251,52855
50956,0,32162,2251,52855
51006,0,32162,2163,52855
51056,0,32135,2163,52855
51106,0,32107,2163,52855
51156,0,32080,2163,52855
51206,0,32052,2163,52870
51256,0,32025,2163,52870
51306,0,31997,2163,52870
51356,0,31970,2163,52870
51406,0,31942,2200,52870
51456,0,31915,2200,52870
51506,0,31887,2200,52870
51556,0,31860,2200,52870
51606,0,31832,2200,52872
51908,0,31666,2165,52872
52214,0,31498,2178,52883
52264,0,31498,2178,52883
52314,0,31498,2178,52883
52364,0,31498,2178,52883
52414,0,31498,2178,52866
52464,0,31498,2178,52866
52514,0,31498,2178,52866
52564,0,31498,2178,52866
52614,0,31498,2537,52866
52664,0,30881,2537,52866
52714,0,30881,2537,52866
52764,0,30881,2537,52866
52814,0,30881,2537,52856
52864,0,30263,2537,52856
52914,0,30263,2537,52856
52964,0,30263,2537,52856
53014,0,30263,2814,52856
53106,0,30881,2814,52856
53156,0,30881,2814,52856
53206,0,30881,2814,52748
53383,0,31498,2814,52748
53433,0,30881,3341,52748
53483,0,30881,3341,52748
53533,0,30881,3341,52748
53583,0,30881,3341,52748
53633,0,30881,3341,52648
53683,0,30881,3341,52648
53733,0,30881,3341,52648
53783,0,30881,3341,52648
53833,0,30263,3875,52648
53883,0,30263,3875,52648
53933,0,30263,3875,52648
53983,0,30263,3875,52648
54033,0,30881,3875,52579
54083,0,30881,3875,52579
54133,0,30881,3875,52579
54225,0,30881,4227,52579
54275,0,30881,4227,52579
54325,0,30881,4227,52579
54375,0,30881,4227,52579
54510,0,30881,4227,52541
54560,0,30881,4227,52541
54610,0,30881,4227,52541
54660,0,30881,4556,52541
54710,0,30881,4556,52541
54760,0,30881,4556,52541
54810,0,30881,4556,52541
54860,0,30263,4556,52477
54910,0,30263,4556,52477
54960,0,30263,4556,52477
55010,0,30263,4556,52477
55060,0,30881,4779,52477
55110,0,30881,4779,52477
55160,0,30881,4779,52477
55252,0,30881,4779,52429
55302,0,30881,4779,52429
55352,0,30881,4779,52429
55402,0,30881,4779,52429
55452,0,29120,5014,52429
55502,0,29120,5014,52429
55637,0,29120,5014,52418
55687,0,29120,5014,52418
55737,0,29120,5014,52418
55787,0,29120,5014,52418
55837,0,29120,5240,52418
55887,0,29120,5240,52418
55937,0,29120,5240,52418
55987,0,29120,5240,52418
56037,0,29692,5240,52374
56087,0,29692,5240,52374
56137,0,29692,5240,52374
56187,0,29692,5240,52374
56279,0,29692,5556,52374
56329,0,29692,5556,52374
56379,0,29692,5556,52374
56429,0,29120,5556,52331
56479,0,29120,5556,52331
56529,0,29120,5556,52331
56579,0,29120,5556,52331
56629,0,29120,5706,52331
56764,0,29120,5706,52331
56814,0,29120,5706,52331
56864,0,29120,5706,52322
56914,0,29120,5706,52322
56964,0,29120,5706,52322
57014,0,29120,5706,52322
57064,0,29120,6546,52322
57114,0,29120,6546,52322
57164,0,29120,6546,52322
57214,0,29120,6546,52322
57306,0,29120,6546,52152
57356,0,29120,6546,52152
57406,0,29120,6546,52152
57456,0,29120,6849,52152
57506,0,29120,6849,52152
57556,0,29120,6849,52152
57606,0,29120,6849,52152
57656,0,30263,6849,52043
57706,0,30263,6849,52043
57756,0,30263,6849,52043
57891,0,30263,12569,52043
57941,0,30263,12569,52043
57991,0,30263,12569,52043
58041,0,30263,12569,51035
58091,0,30263,12569,51035
58141,0,30263,12569,51035
58191,0,30263,12569,51035
58241,0,29692,13044,51035
58333,0,29692,13044,51035
58383,0,29692,13044,51035
58433,0,30263,13044,51035
58483,0,30263,13044,50895
58533,0,30263,13044,50895
58583,0,30263,13044,50895
58633,0,30263,13044,50895
58683,0,30263,14546,50895
58733,0,30263,14546,50895
58783,0,30263,14546,50895
58833,0,30881,14546,50895
58883,0,30881,14546,50765
59018,0,30881,14546,50765
59068,0,30263,14796,50765
59118,0,30263,14796,50765
59168,0,30263,14796,50765
59218,0,30263,14796,50765
59268,0,30881,14796,50724
59360,0,30881,14796,50724
59410,0,30881,14796,50724
59460,0,31498,14890,50724
59510,0,31498,14890,50724
59560,0,31498,14890,50724
59610,0,31498,14890,50724
59660,0,30881,14890,50687
59710,0,30881,14890,50687
59760,0,30881,14890,50687
59810,0,30881,14890,50687
59860,0,31498,15008,50687
59910,0,31498,15008,50687
59960,0,31498,15008,50687
60010,0,31498,15008,50687
60145,0,32162,15008,50650
60195,0,32162,15008,50650
60245,0,32162,15008,50650
60295,0,32162,15134,50650
60387,0,32162,15134,50650
60437,0,31498,15134,50650
60487,0,31498,15134,50616
60537,0,31498,15134,50616
60587,0,31498,15134,50616
60637,0,32162,15134,50616
60687,0,32162,15262,50616
60737,0,32162,15262,50616
60787,0,32162,15262,50616
60837,0,32162,15262,50616
60887,0,32162,15262,50577
60937,0,32162,15262,50577
60987,0,32162,15262,50577
61037,0,32162,15262,50577
61087,0,32162,15345,50577
61137,0,32162,15345,50577
61272,0,32162,15345,50548
61364,0,32162,15345,50548
61414,0,32162,15345,50548
61464,0,32842,15477,50548
61514,0,32842,15477,50548
61564,0,32842,15477,50548
61614,0,32842,15477,50548
61664,0,32842,15477,50548
61714,0,32842,15477,50492
61764,0,32842,15477,50492
61814,0,32842,15477,50492
61864,0,32842,15477,50492
61914,0,32842,15595,50492
61964,0,32842,15595,50492
62014,0,32842,15595,50492
62064,0,33552,15595,50492
62114,0,33552,15595,50480
62164,0,33552,15595,50480
62214,0,33552,15595,50480
62306,0,33552,15679,50480
62441,0,32842,15679,50480
62491,0,32842,15679,50438
62541,0,32842,15679,50438
62591,0,32842,15679,50438
62641,0,32842,15679,50438
62691,0,32842,15805,50438
62741,0,32842,15805,50438
62791,0,32842,15805,50438
62841,0,32162,15805,50438
62891,0,32162,15805,50393
62941,0,32162,15805,50393
62991,0,32162,15805,50393
63041,0,32162,15805,50393
63091,0,32162,15910,50393
63141,0,32162,15910,50393
63191,0,32162,15910,50393
63326,0,32842,15910,50374
63418,0,32842,15910,50374
63468,0,32842,15910,50374
63518,0,32842,16056,50374
63568,0,32842,16056,50374
63618,0,32842,16056,50374
63668,0,33552,16056,50374
63718,0,33552,16056,50351
63768,0,33552,16056,50351
63818,0,33552,16056,50351
63868,0,32842,16056,50351
63918,0,32842,16166,50351
63968,0,32842,16166,50351
64018,0,32842,16166,50351
64068,0,33552,16166,50351
64118,0,33552,16166,50311
64168,0,33552,16166,50311
64218,0,33552,16166,50311
64310,0,33552,16256,50311
64360,0,33552,16256,50311
64495,0,34309,16256,50303
64545,0,34309,16256,50303
64595,0,34309,16256,50303
64645,0,35081,16256,50303
64695,0,35081,16344,50303
64745,0,35081,16344,50303
64795,0,35081,16344,50303
64845,0,34309,16344,50303
64895,0,34309,16344,50236
64945,0,34309,16344,50236
64995,0,34309,16344,50236
65045,0,34309,16344,50236
65095,0,34309,16495,50236
65145,0,34309,16495,50236
65195,0,34309,16495,50236
65245,0,35081,16495,50236
65337,0,35081,16495,50204
65387,0,35081,16495,50204
65437,0,34309,16495,50204
65487,0,34309,16625,50204
65622,0,34309,16625,50204
65672,0,33552,16625,50204
65722,0,33552,16625,50203
65772,0,33552,16625,50203
65822,0,33552,16625,50203
65872,0,33552,16625,50203
65922,0,33552,16705,50203
65972,0,33552,16705,50203
66022,0,33552,16705,50203
66072,0,33552,16705,50203
66122,0,33552,16705,50174
66172,0,33552,16705,50174
66222,0,33552,16705,50174
66272,0,34309,16705,50174
66364,0,34309,16656,50174
66414,0,34309,16656,50174
66464,0,35899,16656,50174
66514,0,35899,16656,50310
66564,0,35899,16656,50310
66614,0,35899,16656,50310
66749,0,35081,15588,50310
66799,0,35081,15588,50310
66849,0,35899,15588,50310
66899,0,35899,15588,50447
66949,0,35899,15588,50447
66999,0,35899,15588,50447
67049,0,35899,15588,50447
67099,0,35899,14976,50447
67149,0,35899,14976,50447
67199,0,35899,14976,50447
67249,0,34309,14976,50447
67341,0,34309,14976,50584
67391,0,34309,14976,50584
67441,0,35081,14976,50584
67491,0,35081,14976,50584
67541,0,35081,13738,50584
67591,0,35081,13738,50584
67641,0,34309,13738,50584
67691,0,34309,13738,50584
67741,0,34309,13738,50755
67876,0,35899,13738,50755
67926,0,35899,12743,50755
67976,0,35899,12743,50755
68026,0,35081,12743,50755
68076,0,35081,12743,50755
68126,0,35081,12743,51135
68176,0,35081,12743,51135
68226,0,35899,12743,51135
68276,0,35899,12743,51135
68368,0,35899,7442,51135
68418,0,35899,7442,51135
68468,0,35899,7442,51135
68518,0,35899,7442,51810
68568,0,35899,7442,51810
68618,0,35899,7442,51810
68668,0,35081,7442,51810
68718,0,35081,6333,51810
68768,0,35081,6333,51810
68818,0,35081,6333,51810
68868,0,35081,6333,51810
69003,0,35081,6333,52106
69053,0,35081,6333,52106
69103,0,35081,6333,52106
69153,0,35081,4458,52106
69203,0,35081,4458,52106
69253,0,35899,4458,52106
69303,0,35899,4458,52106
69395,0,35899,4458,52231
69445,0,35899,4458,52231
69495,0,35899,4458,52231
69545,0,35899,4378,52231
69595,0,35899,4378,52231
69645,0,35899,4378,52231
69695,0,35899,4378,52231
69745,0,35899,4378,52194
69795,0,35899,4378,52194
69845,0,35899,4378,52194
69895,0,35899,4378,52194
69945,0,35899,4461,52194
69995,0,35899,4461,52194
70132,0,34309,4461,52180
70182,0,34309,4461,52180
70232,0,34309,4461,52180
70282,0,34309,4461,52180
70332,0,34309,4651,52180
70382,0,34309,4651,52180
70474,0,34309,4651,52180
70524,0,34309,4651,52181
70574,0,34309,4651,52181
70624,0,34309,4651,52181
70674,0,34309,4651,52181
70724,0,34309,4775,52181
70774,0,34309,4775,52181
70824,0,35081,4775,52181
70874,0,35081,4775,52181
70924,0,35081,4775,52219
70974,0,35081,4775,52219
71024,0,35899,4775,52219
71074,0,35899,4775,52219
71124,0,35899,4924,52219
71259,0,35899,4924,52219
71309,0,35899,4924,52219
71359,0,35899,4924,52167
71409,0,35899,4924,52167
71501,0,35899,4924,52167
71551,0,35899,5170,52167
71601,0,35899,5170,52167
71651,0,34309,5170,52167
71701,0,34309,5170,52167
71751,0,34309,5170,52139
71801,0,34309,5170,52139
71851,0,34309,5170,52139
71901,0,34309,5170,52139
71951,0,34309,5357,52139
72001,0,34309,5357,52139
72051,0,33552,5357,52139
72101,0,33552,5357,52139
72151,0,33552,5357,52114
72201,0,33552,5357,52114
72251,0,34309,5357,52114
72386,0,34309,5419,52114
72436,0,34309,5419,52114
72528,0,34309,5419,52114
72578,0,34309,5419,52119
72628,0,32842,5419,52119
72678,0,32842,5419,52119
72728,0,32842,5419,52119
72778,0,32842,5485,52119
72828,0,34309,5485,52119
72878,0,34309,5485,52119
72928,0,34309,5485,52119
72978,0,34309,5485,52068
73028,0,34309,5485,52068
73078,0,34309,5485,52068
73128,0,34309,5485,52068
73178,0,34309,5681,52068
73228,0,34309,5681,52068
73278,0,34309,5681,52068
73328,0,34309,5681,52068
73378,0,34309,5681,52063
73556,0,34309,5966,52063
73606,0,34309,5966,52063
73656,0,35081,5966,52063
73706,0,35081,5966,52063
73756,0,35081,5966,51998
73806,0,35081,5966,51998
73856,0,33552,5966,51998
73906,0,33552,5966,51998
73956,0,33552,6316,51998
74006,0,33552,6316,51998
74056,0,32842,6316,51998
74106,0,32842,6316,51998
74156,0,32842,6316,51950
74206,0,32842,6316,51950
74256,0,32842,6316,51950
74306,0,32842,6316,51950
74356,0,32842,6643,51950
74406,0,32842,6643,51950
74456,0,32842,6643,51950
74548,0,32842,6643,51950
74683,0,33552,6643,51924
74733,0,33552,6643,51924
74783,0,33552,6882,51924
74833,0,32842,6882,51924
74883,0,32842,6882,51924
74933,0,32842,6882,51924
74983,0,32842,6882,51853
75033,0,34309,6882,51853
75083,0,34309,6882,51853
75133,0,34309,6882,51853
75183,0,34309,6994,51853
75233,0,33552,6994,51853
75283,0,33552,6994,51853
75333,0,33552,6994,51853
75383,0,33552,6994,51838
75433,0,33552,6994,51838
75483,0,33552,6994,51838
75575,0,33552,7250,51838
75625,0,34309,7250,51838
75675,0,34309,7250,51838
75810,0,34309,7250,51824
75860,0,33552,7250,51824
75910,0,33552,7250,51824
75960,0,33552,7388,51824
76010,0,33552,7388,51824
76060,0,33552,7388,51824
76110,0,33552,7388,51824
76160,0,33552,7388,51809
76210,0,33552,7388,51809
76260,0,32842,7388,51809
76310,0,32842,7388,51809
76360,0,32842,7388,51809
76410,0,32842,7253,51809
76460,0,32842,7253,51809
76510,0,32842,7253,51809
76602,0,32842,7253,51830
76652,0,32842,7253,51830
76702,0,32842,7253,51830
76752,0,32842,7253,51830
76802,0,32842,7301,51830
76937,0,32842,7301,51830
76987,0,32842,7301,51816
77037,0,32842,7301,51816
77087,0,32842,7301,51816
77137,0,32842,7301,51816
77187,0,32842,7448,51816
77237,0,32842,7448,51816
77287,0,32842,7448,51816
77337,0,32842,7448,51816
77387,0,32842,7448,51763
77437,0,32162,7448,51763
77487,0,32162,7448,51763
77537,0,32162,7448,51763
77587,0,32162,7629,51763
77679,0,34309,7629,51763
77729,0,34309,7629,51763
77864,0,32842,7629,51751
77914,0,32842,7629,51751
77964,0,32842,7629,51751
78014,0,32842,7680,51751
78064,0,33552,7680,51751
78114,0,33552,7680,51751
78164,0,33552,7680,51751
78214,0,33552,7680,51747
78264,0,33552,7680,51747
78314,0,33552,7680,51747
78364,0,33552,7680,51747
78414,0,33552,7685,51747
78464,0,33552,7685,51747
78514,0,33552,7685,51747
78564,0,33552,7685,51747
78614,0,33552,7685,51739
78706,0,33552,7685,51739
78756,0,33552,7685,51739
78806,0,33552,7752,51739
78856,0,32842,7752,51739
78991,0,32842,7752,51712
79041,0,32842,7752,51712
79091,0,32842,7752,51712
79141,0,32842,7752,51712
79191,0,32842,7956,51712
79241,0,32162,7956,51712
79291,0,32162,7956,51712
79341,0,32162,7956,51712
79391,0,32162,7956,51698
79441,0,32162,7956,51698
79491,0,32162,7956,51698
79541,0,32162,7956,51698
79591,0,32162,8070,51698
79641,0,32842,8070,51698
79733,0,32842,8070,51698
79783,0,32842,8070,51676
79833,0,32162,8070,51676
79883,0,32162,8070,51676
79933,0,32162,8070,51676
79983,0,32162,8126,51676
80118,0,32842,8126,51676
80168,0,32842,8126,51676
80218,0,32842,8126,51802
80268,0,32842,8126,51802
80318,0,32842,8126,51802
80368,0,32842,8126,51802
80418,0,32842,7186,51802
80468,0,32842,7186,51802
80518,0,32842,7186,51802
80568,0,32842,7186,51802
80618,0,32842,7186,51795
80668,0,34309,7186,51795
80760,0,34309,7186,51795
80810,0,34309,7316,51795
80860,0,34309,7316,51795
80910,0,34309,7316,51795
80960,0,34309,7316,51795
81010,0,34309,7316,52165
81060,0,32842,7316,52165
81110,0,32842,7316,52165
81245,0,33552,5155,52165
81295,0,33552,5155,52165
81345,0,33552,5155,52165
81395,0,33552,5155,52165
81445,0,33552,5155,52149
81495,0,33552,5155,52149
81545,0,33552,5155,52149
81595,0,33552,5155,52149
81645,0,33552,5044,52149
81695,0,33552,5044,52149
81745,0,33552,5044,52149
81837,0,33552,5044,52475
81887,0,33552,5044,52475
81937,0,33552,5044,52475
81987,0,33552,5044,52475
82037,0,32842,3381,52475
82087,0,32842,3381,52475
82137,0,32842,3381,52475
82187,0,32842,3381,52475
82237,0,31498,3381,52443
82372,0,31498,3381,52443
82422,0,31498,3762,52443
82472,0,32162,3762,52443
82522,0,32162,3762,52443
82572,0,32162,3762,52443
82622,0,32162,3762,52331
82672,0,31498,3762,52331
82722,0,31498,3762,52331
82772,0,31498,3762,52331
82864,0,31498,4510,52331
82914,0,31498,4510,52331
82964,0,31498,4510,52331
83014,0,31498,4510,52232
83064,0,32162,4510,52232
83114,0,32162,4510,52232
83164,0,32162,4510,52232
83214,0,32162,5078,52232
83264,0,31498,5078,52232
83314,0,31498,5078,52232
83364,0,31498,5078,52232
83499,0,32162,5078,52167
83549,0,32162,5078,52167
83599,0,32162,5078,52167
83649,0,31498,5410,52167
83699,0,31498,5410,52167
83749,0,31498,5410,52167
83799,0,31498,5410,52167
83891,0,31498,5410,52086
83941,0,31498,5410,52086
83991,0,31498,5410,52086
84041,0,31498,5895,52086
84091,0,31498,5895,52086
84141,0,31498,5895,52086
84191,0,31498,5895,52086
84241,0,31498,5895,52061
84291,0,31498,5895,52061
84341,0,31498,5895,52061
84391,0,31498,5895,52061
84441,0,32162,6517,52061
84491,0,32162,6517,52061
84626,0,31498,6517,51878
84676,0,31498,6517,51878
84726,0,31498,6517,51878
84776,0,31498,6517,51878
84826,0,31498,6991,51878
84876,0,31498,6991,51878
85010,0,31498,6991,51878
85060,0,30881,6991,51845
85110,0,30881,6991,51845
85160,0,30881,6991,51845
85210,0,30881,6991,51845
85260,0,30881,7365,51845
85310,0,30881,7365,51845
85360,0,30881,7365,51845
85410,0,30881,7365,51845
85460,0,30881,7365,51838
85510,0,30881,7365,51838
85560,0,30881,7365,51838
85610,0,30881,7365,51838
85660,0,30881,7661,51838
85990,0,30881,7661,51720
86040,0,30263,8048,51720
86090,0,30263,8048,51720
86140,0,30263,8048,51720
86232,0,30881,8048,51696
86282,0,30881,8048,51696
86332,0,30881,8048,51696
86382,0,30881,8048,51696
86432,0,30881,8282,51696
86482,0,30881,8282,51696
86532,0,30881,8282,51696
86582,0,30881,8282,51696
86632,0,30263,8282,51653
86682,0,30263,8282,51653
86732,0,30263,8282,51653
86782,0,30263,8282,51653
86832,0,32162,8465,51653
86882,0,32162,8465,51653
86932,0,32162,8465,51653
86982,0,32162,8465,51653
87159,0,31498,8465,51591
87209,0,31498,8465,51591
87301,0,31498,8674,51591
87351,0,31498,8674,51591
87401,0,31498,8674,51591
87451,0,31498,8674,51584
87501,0,31498,8674,51584
87551,0,31498,8674,51584
87601,0,31498,8674,51584
87651,0,31498,8667,51584
87701,0,31498,8667,51584
87751,0,31498,8667,51584
87801,0,31498,8667,51584
87851,0,32162,8667,51590
87901,0,32162,8667,51590
87951,0,32162,8667,51590
88001,0,32162,8667,51590
88051,0,31498,8790,51590
88101,0,31498,8790,51590
88151,0,31498,8790,51590
88329,0,32162,8790,51558
88379,0,32162,8790,51558
88429,0,32162,8790,51558
88479,0,32162,8896,51558
88529,0,32162,8896,51558
88579,0,32162,8896,51558
88629,0,31498,8896,51558
88679,0,31498,8896,51563
88729,0,31498,8896,51563
88779,0,31498,8896,51563
88829,0,31498,8896,51563
88879,0,31498,8911,51563
88929,0,31498,8911,51563
88979,0,31498,8911,51563
89029,0,32162,8911,51563
89079,0,32162,8911,51523
89129,0,32162,8911,51523
89179,0,32162,8911,51523
89229,0,31498,8911,51523
89321,0,31498,9131,51523
89456,0,31498,9131,51531
89506,0,31498,9131,51531
89556,0,31498,9131,51531
89606,0,31498,9131,51531
89656,0,32162,8908,51531
89706,0,32162,8908,51531
89756,0,32162,8908,51531
89806,0,32162,8908,51531
89856,0,32162,8908,51540
89906,0,32162,8908,51540
89956,0,32162,8908,51540
90006,0,32162,8908,51540
90056,0,32162,8926,51540
90106,0,32162,8926,51540
90156,0,32162,8926,51540
90206,0,32162,8926,51540
90256,0,31498,8926,51539
90348,0,31498,8926,51539
90398,0,31498,8926,51539
90448,0,31498,8926,51539
90583,0,31498,8810,51539
90633,0,31498,8810,51539
90683,0,31498,8810,51587
90733,0,31498,8810,51587
90783,0,31498,8810,51587
90833,0,32162,8810,51587
90883,0,32162,8600,51587
90933,0,32162,8600,51587
90983,0,32162,8600,51587
91033,0,31498,8600,51587
91083,0,31498,8600,51581
91133,0,31498,8600,51581
91183,0,31498,8600,51581
91233,0,32162,8600,51581
91283,0,32162,8486,51581
91375,0,32162,8486,51581
91425,0,31498,8486,51581
91475,0,31498,8486,51535
91525,0,31498,8486,51535
91575,0,31498,8486,51535
91710,0,32162,8594,51535
91760,0,32162,8594,51535
91810,0,32162,8594,51535
91860,0,31498,8594,51535
91910,0,31498,8594,51549
91960,0,31498,8594,51549
92010,0,31498,8594,51549
92060,0,32162,8594,51549
92110,0,32162,8562,51549
92160,0,32162,8562,51549
92210,0,32162,8562,51549
92260,0,32842,8562,51549
92310,0,32842,8562,51514
92360,0,32842,8562,51514
92452,0,31498,8562,51514
92502,0,31498,8700,51514
92637,0,32162,8700,51514
92687,0,32162,8700,51512
92737,0,32162,8700,51512
92787,0,32162,8700,51512
92837,0,31498,8700,51512
92887,0,31498,8473,51512
92937,0,31498,8473,51512
92987,0,31498,8473,51512
93037,0,32162,8473,51512
93087,0,32162,8473,51549
93137,0,32162,8473,51549
93187,0,32162,8473,51549
93237,0,31498,8473,51549
93287,0,31498,8371,51549
93337,0,31498,8371,51549
93387,0,31498,8371,51549
93479,0,32162,8371,51588
93529,0,32162,8371,51588
93579,0,32162,8371,51588
93629,0,31498,8371,51588
93765,0,31498,8245,51588
93815,0,31498,8245,51588
93865,0,32162,8245,51588
93915,0,32162,8245,51598
93965,0,32162,8245,51598
94015,0,32162,8245,51598
94065,0,31498,8245,51598
94115,0,31498,8032,51598
94165,0,31498,8032,51598
94215,0,31498,8032,51598
94265,0,32162,8032,51598
94315,0,32162,8032,51612
94365,0,32162,8032,51612
94415,0,32162,8032,51612
94507,0,32162,7954,51612
94557,0,32162,7954,51612
94607,0,32162,7954,51612
94657,0,32162,7954,51612
94707,0,32162,7954,51705
94757,0,32162,7954,51705
94892,0,31498,7435,51705
94942,0,31498,7435,51705
94992,0,31498,7435,51705
95042,0,32162,7435,51705
95092,0,32162,7435,51739
95142,0,32162,7435,51739
95192,0,32162,7435,51739
95242,0,32162,7435,51739
95292,0,32162,6190,51739
95342,0,32162,6190,51739
95392,0,32162,6190,51739
95442,0,30881,6190,51739
95534,0,30881,6190,52187
95584,0,30881,6190,52187
95634,0,31498,6190,52187
95684,0,31498,6190,52187
95734,0,31498,4596,52187
95784,0,31498,4596,52187
95834,0,30881,4596,52187
95884,0,30881,4596,52187
96019,0,30881,4596,52167
96069,0,30881,4596,52167
96119,0,30881,4849,52167
96169,0,30881,4849,52167
96219,0,30881,4849,52167
96269,0,30881,4849,52167
96319,0,30881,4849,52127
96369,0,30881,4849,52127
96419,0,30881,4849,52127
96469,0,31498,4849,52127
96519,0,31498,5204,52127
96611,0,31498,5204,52127
96661,0,30881,5204,52127
96711,0,30881,5204,52097
96761,0,30881,5204,52097
96811,0,30881,5204,52097
96861,0,30263,5204,52097
96911,0,30263,5509,52097
96961,0,30263,5509,52097
97011,0,30263,5509,52097
97146,0,30263,5509,52045
97196,0,30263,5509,52045
97246,0,30263,5509,52045
97296,0,30263,5509,52045
97346,0,30263,5758,52045
97396,0,30263,5758,52045
97446,0,30881,5758,52045
97496,0,30881,5758,52045
97546,0,30881,5758,52020
97638,0,30881,5758,52020
97688,0,30881,5758,52020
97738,0,30881,6000,52020
97788,0,30881,6000,52020
97838,0,30263,6000,52020
97888,0,30263,6000,52020
97938,0,30263,6000,51953
97988,0,30263,6000,51953
98038,0,30263,6000,51953
98088,0,30263,6000,51953
98138,0,30263,6317,51953
98273,0,30263,6317,51953
98323,0,30263,6317,51921
98373,0,30263,6317,51921
98423,0,30263,6317,51921
98473,0,30263,6317,51921
98523,0,30263,6450,51921
98573,0,30263,6450,51921
98665,0,30881,6450,51921
98715,0,30881,6450,51914
98765,0,30881,6450,51914
98815,0,30881,6450,51914
98865,0,30263,6450,51914
98915,0,30263,6588,51914
98965,0,30263,6588,51914
99015,0,30263,6588,51914
99065,0,30263,6588,51914
99115,0,30263,6588,51882
99165,0,30263,6588,51882
99215,0,30263,6588,51882
99265,0,30263,6588,51882
99400,0,30263,6817,51882
99450,0,30263,6817,51882
99500,0,30263,6817,51882
99550,0,30263,6817,51868
99600,0,30263,6817,51868
99650,0,30263,6817,51868
99743,0,30263,6999,51868
99793,0,30263,6999,51868
99843,0,30263,6999,51868
99893,0,30263,6999,51868
99943,0,30263,6999,51810
99993,0,30263,6999,51810
100043,0,30387,6999,51810
100093,0,30510,6999,51810
100143,0,30634,7152,51810
100193,0,30757,7152,51810
100243,0,30881,7152,51810
100293,0,30881,7152,51810
100343,0,30881,7152,51750
100393,0,30881,7152,51750
100528,0,30881,7377,51750
100578,0,30881,7377,51750
100628,0,30881,7377,51750
100678,0,30881,7377,51750
100770,0,30881,7377,51752
100820,0,30881,7377,51752
100870,0,30881,7377,51752
100920,0,30881,7377,51752
100970,0,30881,7356,51752
101020,0,30881,7356,51752
101070,0,30881,7356,51752
101120,0,30881,7356,51752
101170,0,30881,7356,51783
101220,0,30881,7356,51783
101270,0,30881,7356,51783
101320,0,30881,7356,51783
101370,0,30881,7269,51783
101420,0,30881,7269,51783
101470,0,30832,7269,51783
101520,0,30782,7269,51783
101655,0,30649,7269,51790
101705,0,30600,7269,51790
101797,0,30509,7240,51790
101847,0,30460,7240,51790
101897,0,30411,7240,51790
101947,0,30362,7240,51780
101997,0,30312,7240,51780
102047,0,30263,7240,51780
102097,0,30263,7240,51780
102147,0,30263,7246,51780
102197,0,30263,7246,51780
102247,0,30263,7246,51780
102297,0,30263,7246,51780
102347,0,30263,7246,51782
102397,0,30263,7246,51782
102447,0,30263,7246,51782
102497,0,30263,7246,51782
102547,0,30263,7342,51782
102597,0,30263,7342,51782
102647,0,30881,7342,51782
102784,0,30881,7342,51770
102834,0,30263,7342,51770
102884,0,30263,7342,51770
102934,0,30263,7342,51770
102984,0,30263,7276,51770
103034,0,30263,7276,51770
103084,0,30263,7276,51770
103134,0,30263,7276,51770
103184,0,30263,7276,51744
103234,0,30881,7276,51744
103284,0,30881,7276,51744
103334,0,30881,7276,51744
103384,0,30881,7342,51744
103434,0,30263,7342,51744
103484,0,30263,7342,51744
103534,0,30263,7342,51744
103584,0,30263,7342,51753
103634,0,30881,7342,51753
103726,0,30881,7342,51753
103776,0,30881,7337,51753
103911,0,30263,7337,51753
103961,0,30263,7337,51750
104011,0,30263,7337,51750
104061,0,30263,7337,51750
104111,0,30263,7337,51750
104161,0,30263,7356,51750
104211,0,30263,7356,51750
104261,0,30263,7356,51750
104311,0,30263,7356,51750
104361,0,30263,7356,51754
104411,0,30263,7356,51754
104461,0,30263,7356,51754
104511,0,30263,7356,51754
104561,0,30263,7270,51754
104611,0,30263,7270,51754
104661,0,30263,7270,51754
104753,0,30263,7270,51785
104803,0,30263,7270,51785
104853,0,30263,7270,51785
104903,0,30263,7270,51785
105038,0,30881,7084,51785
105088,0,30881,7084,51785
105138,0,30881,7084,51785
105188,0,30881,7084,51818
105238,0,30881,7084,51818
105288,0,30881,7084,51818
105338,0,30881,7084,51818
105388,0,30881,6894,51818
105438,0,30263,6894,51818
105488,0,30263,6894,51818
105538,0,30263,6894,51818
105588,0,30263,6894,51840
105638,0,30263,6894,51840
105730,0,30263,6894,51840
105780,0,30263,6660,51840
105830,0,30881,6660,51840
105880,0,30881,6660,51840
105930,0,30881,6660,51840
105980,0,30881,6660,51864
106030,0,30263,6660,51864
106165,0,30263,6463,51864
106215,0,30263,6463,51864
106265,0,30263,6463,51864
106315,0,30263,6463,51864
106365,0,30263,6463,51902
106415,0,30263,6463,51902
106465,0,30263,6463,51902
106515,0,30263,6463,51902
106565,0,30263,6230,51902
106615,0,30263,6230,51902
106665,0,30263,6230,51902
106757,0,30263,6230,51945
106807,0,30263,6230,51945
106857,0,30263,6230,51945
106907,0,30263,6230,51945
106957,0,30263,6230,51945
107092,0,30263,6039,51945
107142,0,30263,6039,51945
107192,0,30263,6039,52049
107242,0,30881,6039,52049
107292,0,30881,6039,52049
107342,0,30881,6039,52049
107392,0,30881,5728,52049
107442,0,30881,5728,52049
107492,0,30881,5728,52049
107542,0,30881,5728,52049
107592,0,30881,5728,52040
107642,0,30881,5728,52040
107692,0,30881,5728,52040
107784,0,30881,5221,52040
107834,0,30881,5221,52040
107884,0,30881,5221,52040
107934,0,30881,5221,52040
107984,0,30881,5221,52158
108034,0,30263,5221,52158
108084,0,30263,5221,52158
108219,0,30263,4848,52158
108269,0,30263,4848,52158
108319,0,30263,4848,52158
108369,0,30263,4848,52158
108419,0,30263,4848,52225
108469,0,30881,4848,52225
108519,0,30881,4848,52225
108569,0,30881,4848,52225
108619,0,30881,4418,52225
108669,0,30881,4418,52225
108761,0,30881,4418,52225
108811,0,30881,4418,52270
108861,0,30881,4418,52270
108911,0,30881,4418,52270
108961,0,30881,4418,52270
109011,0,30881,4187,52270
109061,0,30263,4187,52270
109111,0,30263,4187,52270
109161,0,30263,4187,52270
109211,0,30263,4187,52311
109346,0,30263,4187,52311
109396,0,30263,4053,52311
109446,0,30881,4053,52311
109496,0,30881,4053,52311
109546,0,30881,4053,52311
109596,0,30881,4053,52332
109646,0,31498,4053,52332
109696,0,31498,4053,52332
109788,0,31498,3910,52332
109838,0,30881,3910,52332
109888,0,30881,3910,52332
109938,0,30881,3910,52332
109988,0,30881,3910,52368
110038,0,30881,3910,52368
110088,0,30881,3910,52368
110138,0,30881,3910,52368
110188,0,30881,3760,52368
110238,0,30881,3760,52368
110288,0,30881,3760,52368
110338,0,30881,3760,52368
110473,0,30881,3760,52394
110523,0,30881,3760,52394
110573,0,30881,3760,52394
110623,0,30881,3628,52394
110673,0,30881,3628,52394
110723,0,30881,3628,52394
110815,0,30881,3628,52376
110865,0,30881,3628,52376
110915,0,30881,3628,52376
110965,0,30881,3628,52376
111015,0,30881,3755,52376
111065,0,30757,3755,52376
111115,0,30634,3755,52376
111165,0,30510,3755,52376
111215,0,30387,3755,52358
111265,0,30263,3755,52358
111315,0,30263,3755,52358
111365,0,30263,3755,52358
111415,0,30263,3748,52358
111465,0,31498,3748,52358
111600,0,31498,3748,52401
111650,0,32162,3748,52401
111700,0,32162,3748,52401
111750,0,32162,3748,52401
111842,0,32162,3562,52401
111892,0,32162,3562,52401
111942,0,32162,3562,52401
111992,0,32162,3562,52401
112042,0,31498,3562,52426
112092,0,31498,3562,52426
112142,0,31498,3562,52426
112192,0,31498,3562,52426
112242,0,31498,2962,52426
112292,0,31498,2962,52426
112342,0,31498,2962,52426
112392,0,31498,2962,52426
112442,0,31498,2962,52507
112492,0,31498,2962,52507
112542,0,31498,2962,52507
112592,0,31498,2962,52507
112727,0,31498,2975,52507
112777,0,31498,2975,52507
112869,0,31498,2975,52504
112919,0,31498,2975,52504
112969,0,31498,2975,52504
113019,0,31498,3049,52504
113069,0,31498,3049,52504
113119,0,31498,3049,52504
113169,0,31498,3049,52504
113219,0,31498,3049,52457
113269,0,31449,3049,52457
113319,0,31401,3049,52457
113369,0,31352,3049,52457
113419,0,31304,3197,52457
113469,0,31255,3197,52457
113519,0,31207,3197,52457
113569,0,31158,3197,52457
113619,0,31109,3197,52417
113669,0,31061,3197,52417
113719,0,31012,3197,52417
113854,0,30881,3677,52417
113946,0,30881,3677,52417
113996,0,30881,3677,52417
114046,0,30881,3677,52333
114096,0,30881,3677,52333
114146,0,30881,3677,52333
114196,0,30881,3677,52333
114246,0,30263,4066,52333
114296,0,30263,4066,52333
114346,0,30263,4066,52333
114396,0,30263,4066,52333
114446,0,30263,4066,52331
114496,0,30263,4066,52331
114546,0,30263,4066,52331
114596,0,30263,4066,52331
114646,0,30263,4177,52331
114696,0,30263,4177,52331
114746,0,30263,4177,52331
114838,0,29692,4177,52268
114888,0,29692,4177,52268
115023,0,29692,4368,52268
115073,0,30263,4368,52268
115123,0,30263,4368,52268
115173,0,30263,4368,52268
115223,0,30263,4368,52293
115273,0,29692,4368,52293
115323,0,29692,4368,52293
115373,0,29692,4368,52293
115423,0,29692,4408,52293
115473,0,29692,4408,52293
115523,0,29692,4408,52293
115573,0,29692,4408,52293
115623,0,29692,4408,52293
115673,0,29120,4408,52255
115723,0,29120,4408,52255
115773,0,29120,4408,52255
115865,0,29692,4499,52255
115915,0,29692,4499,52255
115965,0,29692,4499,52255
116015,0,29692,4499,52255
116150,0,29692,4499,52227
116200,0,29692,4499,52227
116250,0,29692,4869,52227
116300,0,29692,4869,52227
116350,0,29692,4869,52227
116400,0,29692,4869,52227
116450,0,29692,4869,52131
116500,0,29692,4869,52131
116550,0,29692,4869,52131
116600,0,29692,4869,52131
116650,0,29120,5368,52131
116700,0,29120,5368,52131
116750,0,29120,5368,52131
116800,0,29120,5368,52131
116892,0,29120,5368,52047
116942,0,29120,5368,52047
116992,0,29120,5368,52047
117042,0,29120,6192,52047
117092,0,29120,6192,52047
117142,0,29120,6192,52047
117277,0,29692,6192,51918
117327,0,29692,6192,51918
117377,0,29692,6192,51918
117427,0,29692,6192,51918
117477,0,29692,7033,51918
117527,0,29692,7033,51918
117577,0,29692,7033,51918
117627,0,30263,7033,51918
117677,0,30263,7033,51736
117727,0,30263,7033,51736
117777,0,30263,7033,51736
117911,0,29692,7718,51736
117961,0,29692,7718,51736
118011,0,29692,7718,51736
118061,0,29692,7718,51674
118111,0,29692,7718,51674
118161,0,29692,7718,51674
118211,0,29692,7718,51674
118261,0,30263,8401,51674
118311,0,30263,8401,51674
118615,0,30263,8401,51502
118665,0,29692,9750,51502
118715,0,29692,9750,51502
118765,0,29692,9750,51502
118815,0,29692,9750,51502
118865,0,30263,9750,51364
118915,0,30263,9750,51364
118965,0,30263,9750,51364
119015,0,30263,9750,51364
119107,0,30263,10143,51364
119157,0,30263,10143,51364
119207,0,30263,10143,51364
119257,0,29120,10143,51296
119307,0,29120,10143,51296
119357,0,29120,10143,51296
119407,0,29120,10143,51296
119457,0,29692,10201,51296
119507,0,29692,10201,51296
119557,0,29692,10201,51296
119607,0,29692,10201,51296
119784,0,29692,10201,51247
119834,0,29692,10201,51247
119884,0,29692,10472,51247
119934,0,29692,10472,51247
119984,0,29692,10472,51247
120034,0,29120,10472,51247
120128,0,29120,10472,51193
120178,0,29120,10472,51193
120228,0,29692,10472,51193
120278,0,29692,10556,51193
120328,0,29692,10556,51193
120378,0,29692,10556,51193
120428,0,29120,10556,51193
120478,0,29120,10556,51215
120528,0,29120,10556,51215
120578,0,29120,10556,51215
120628,0,29120,10556,51215
120678,0,29120,10585,51215
120728,0,29120,10585,51215
120778,0,29120,10585,51215
120913,0,29692,10585,51151
120963,0,29692,10585,51151
121013,0,29692,10585,51151
121105,0,29692,11012,51151
121155,0,29692,11012,51151
121205,0,29692,11012,51151
121255,0,29692,11012,51151
121305,0,29692,11012,51103
121355,0,29692,11012,51103
121405,0,29692,11012,51103
121455,0,29692,11012,51103
121505,0,29692,11017,51103
121555,0,29692,11017,51103
121605,0,29692,11017,51103
121655,0,29692,11017,51103
121705,0,29692,11017,51126
121840,0,30263,11017,51126
121890,0,30263,10856,51126
121940,0,30263,10856,51126
121990,0,30263,10856,51126
122082,0,30881,10856,51098
122132,0,30881,10856,51098
122182,0,30881,10856,51098
122232,0,30263,10856,51098
122282,0,30263,10930,51098
122332,0,30263,10930,51098
122382,0,30263,10930,51098
122432,0,30263,10930,51098
122482,0,30263,10930,51068
122532,0,30263,10930,51068
122582,0,30263,10930,51068
122632,0,30263,10930,51068
122682,0,30263,10878,51068
122732,0,30263,10878,51068
122782,0,30263,10878,51068
122832,0,29692,10878,51068
122967,0,29692,10878,51151
123059,0,30263,10878,51151
123109,0,30263,10592,51151
123159,0,30263,10592,51151
123209,0,30263,10592,51151
123259,0,30263,10592,51151
123309,0,30263,10592,51140
123359,0,30263,10592,51140
123409,0,30263,10592,51140
123459,0,30881,10592,51140
123509,0,30881,10474,51140
123559,0,30881,10474,51140
123609,0,30881,10474,51140
123659,0,30881,10474,51140
123709,0,30881,10474,51139
123759,0,30881,10474,51139
123809,0,30881,10474,51139
123859,0,30263,10474,51139
123951,0,30263,10334,51139
124001,0,30263,10334,51139
124136,0,30881,10334,51184
124186,0,30881,10334,51184
124236,0,30263,10334,51184
124286,0,30263,10216,51184
124336,0,30263,10216,51184
124386,0,30263,10216,51184
124436,0,30263,10216,51184
124486,0,30263,10216,51212
124536,0,30263,10216,51212
124586,0,30263,10216,51212
124636,0,30881,10216,51212
124686,0,30881,9901,51212
124736,0,30881,9901,51212
124786,0,30881,9901,51212
124836,0,30263,9901,51212
124928,0,30263,9901,51330
124978,0,30263,9901,51330
125028,0,30263,9901,51330
125078,0,30263,9901,51330
125128,0,30263,9188,51330
125263,0,30881,9188,51330
125313,0,30881,9188,51427
125363,0,30881,9188,51427
125413,0,30881,9188,51427
125463,0,30881,9188,51427
125513,0,30881,8693,51427
125563,0,30881,8693,51427
125613,0,30881,8693,51427
125663,0,30263,8693,51427
125713,0,30263,8693,51482
125763,0,30263,8693,51482
125813,0,30263,8693,51482
125863,0,30881,8693,51482
125955,0,30881,8247,51482
126005,0,30881,8247,51482
126055,0,30263,8247,51482
126105,0,30263,8247,51574
126155,0,30263,8247,51574
126205,0,30263,8247,51574
126255,0,30263,8247,51574
126390,0,30263,7756,51574
126440,0,30881,7756,51574
126490,0,30881,7756,51633
126540,0,30881,7756,51633
126590,0,30881,7756,51633
126640,0,30881,7756,51633
126690,0,30881,7756,51633
126740,0,30881,7422,51633
126790,0,30881,7422,51633
126840,0,30881,7422,51633
126890,0,30881,7422,51633
126982,0,30881,7422,51701
127032,0,30881,7422,51701
127082,0,30881,7422,51701
127132,0,30881,6933,51701
127182,0,30881,6933,51701
127232,0,30881,6933,51701
127282,0,30881,6933,51701
127332,0,30881,6933,51763
127382,0,30881,6933,51763
127517,0,31498,6594,51763
127567,0,31498,6594,51763
127617,0,31498,6594,51763
127667,0,31498,6594,51763
127717,0,31498,6594,51793
127767,0,31498,6594,51793
127817,0,31498,6594,51793
127867,0,30263,6594,51793
127959,0,30263,6277,51793
128009,0,30263,6277,51793
128059,0,30881,6277,51793
128109,0,30881,6277,51853
128159,0,30881,6277,51853
128209,0,30881,6277,51853
128259,0,31498,6277,51853
128309,0,31498,6277,51853
128359,0,31498,5977,51853
128409,0,31498,5977,51853
128459,0,31498,5977,51853
128509,0,31498,5977,51853
128644,0,30881,5977,51895
128694,0,30881,5977,51895
128744,0,30881,5744,51895
128794,0,30881,5744,51895
128844,0,30881,5744,51895
128894,0,30881,5744,51895
128986,0,30881,5744,51917
129036,0,30881,5744,51917
129086,0,30881,5744,51917
129136,0,30881,5600,51917
129186,0,30881,5600,51917
129236,0,30881,5600,51917
129286,0,30881,5600,51917
129336,0,30881,5600,51973
129386,0,30881,5600,51973
129436,0,30263,5600,51973
129486,0,30263,5600,51973
129536,0,30263,5481,51973
129586,0,30263,5481,51973
129636,0,30881,5481,51973
129771,0,30881,5481,52000
129821,0,30881,5481,52000
129871,0,30881,5481,52000
129921,0,30881,5319,52000
130013,0,30881,5319,52000
130063,0,30881,5319,52000
130113,0,30881,5319,52000
130163,0,30881,5319,52018
130213,0,30881,5319,52018
130263,0,30881,5319,52018
130313,0,30881,5319,52018
130363,0,30881,5079,52018
130413,0,30881,5079,52018
130463,0,30881,5079,52018
130513,0,30881,5079,52018
130563,0,30881,5079,52024
130613,0,30881,5079,52024
130663,0,30881,5079,52024
130713,0,30881,5079,52024
130763,0,30881,5154,52024
130898,0,30804,5154,52024
130948,0,30775,5154,52054
131040,0,30722,5154,52054
131090,0,30693,5154,52054
131140,0,30665,4942,52054
131190,0,30636,4942,52054
131240,0,30607,4942,52054
131290,0,30579,4942,52054
131340,0,30550,4942,52073
131390,0,30521,4942,52073
131440,0,30493,4942,52073
131490,0,30464,4942,52073
131540,0,30435,4852,52073
131590,0,30406,4852,52073
131640,0,30378,4852,52073
131690,0,30349,4852,52073
131740,0,30320,4852,52077
131790,0,30292,4852,52077
131840,0,30263,4852,52077
131890,0,30263,4852,52077
132025,0,30881,4911,52077
132075,0,30881,4911,52077
132167,0,30881,4911,52052
132217,0,30881,4911,52052
132267,0,30263,4911,52052
132317,0,30263,4911,52052
132367,0,30263,4986,52052
132417,0,30263,4986,52052
132467,0,30881,4986,52052
132517,0,30881,4986,52052
132567,0,30881,4986,52060
132617,0,30881,4986,52060
132667,0,30881,4986,52060
132717,0,30881,4986,52060
132767,0,30881,5128,52060
132817,0,30881,5128,52060
132867,0,30881,5128,52060
132917,0,30881,5128,52060
132967,0,30881,5128,52094
133059,0,30881,5128,52094
133194,0,30881,4908,52094
133244,0,30881,4908,52094
133294,0,30881,4908,52094
133344,0,30881,4908,52065
133394,0,30881,4908,52065
133444,0,30881,4908,52065
133494,0,30881,4908,52065
133544,0,30881,5066,52065
133594,0,30881,5066,52065
133644,0,30812,5066,52065
133694,0,30744,5066,52065
133744,0,30675,5066,52045
133794,0,30606,5066,52045
133844,0,30538,5066,52045
133894,0,30469,5066,52045
133944,0,30400,5066,52045
133994,0,30332,5118,52045
134044,0,30263,5118,52045
134136,0,30263,5118,52045
134186,0,30263,5118,52045
134321,0,30263,5118,52045
134371,0,30263,5204,52045
134421,0,30263,5204,52045
134471,0,30881,5204,52045
134521,0,30881,5204,52045
134571,0,30881,5204,52040
134621,0,30881,5204,52040
134671,0,30881,5204,52040
134721,0,30881,5204,52040
134771,0,30881,5131,52040
134821,0,30881,5131,52040
134871,0,30881,5131,52040
134921,0,30881,5131,52040
134971,0,30881,5131,52025
135021,0,30881,5131,52025
135071,0,30263,5131,52025
135163,0,30263,5275,52025
135213,0,30263,5275,52025
135263,0,30263,5275,52025
135313,0,30263,5275,52025
135448,0,30263,5275,52032
135498,0,30263,5275,52032
135548,0,30263,5275,52032
135598,0,30263,5335,52032
135648,0,30263,5335,52032
135698,0,30263,5335,52032
135748,0,30263,5335,52032
135798,0,30263,5335,51982
135848,0,30263,5335,51982
135898,0,30263,5335,51982
135948,0,30263,5335,51982
135998,0,30263,5645,51982
136048,0,30263,5645,51982
136140,0,30263,5645,51982
136190,0,30263,5645,51955
136240,0,30881,5645,51955
136375,0,30881,5722,51955
136425,0,30263,5722,51955
136475,0,30263,5722,51955
136525,0,30263,5722,51955
136575,0,30263,5722,51940
136625,0,30881,5722,51940
136675,0,30881,5722,51940
136725,0,30881,5722,51940
136775,0,30881,5836,51940
136825,0,30263,5836,51940
136875,0,30263,5836,51940
136925,0,30263,5836,51940
136975,0,30263,5836,51938
137025,0,30881,5836,51938
137075,0,30881,5836,51938
137167,0,30881,5870,51938
137217,0,30881,5870,51938
137267,0,30263,5870,51938
137317,0,30263,5870,51938
137367,0,30263,5870,51927
137502,0,30263,5870,51927
137552,0,30263,5870,51927
137602,0,30263,5954,51927
137652,0,30263,5954,51927
137702,0,30263,5954,51927
137752,0,30263,5954,51927
137802,0,30263,5954,51891
137852,0,29692,5954,51891
137902,0,29692,5954,51891
137952,0,29692,5954,51891
138002,0,29692,6079,51891
138052,0,30263,6079,51891
138102,0,30263,6079,51891
138196,0,30263,6079,51881
138246,0,30263,6079,51881
138296,0,30263,6079,51881
138346,0,30263,6079,51881
138396,0,30263,6078,51881
138446,0,30263,6078,51881
138496,0,30263,6078,51881
138631,0,30263,6078,51936
138681,0,30263,6078,51936
138731,0,30263,6078,51936
138781,0,30263,5788,51936
138831,0,30263,5788,51936
138881,0,30263,5788,51936
138931,0,30263,5788,51936
138981,0,30263,5788,51926
139031,0,30263,5788,51926
139081,0,30263,5788,51926
139173,0,30263,5788,51926
139223,0,30263,5769,51926
139273,0,30218,5769,51926
139323,0,30173,5769,51926
139373,0,30128,5769,51926
139423,0,30083,5769,51917
139473,0,30038,5769,51917
139523,0,29993,5769,51917
139573,0,29948,5769,51917
139623,0,29903,5874,51917
139758,0,29782,5874,51917
139808,0,29737,5874,51915
139858,0,29692,5874,51915
139908,0,29692,5874,51915
139958,0,29692,5874,51915
140008,0,29692,6003,51915
140058,0,30263,6003,51915
140108,0,30263,6003,51915
140158,0,30263,6003,51915
140250,0,30263,6003,51900
140300,0,30263,6003,51900
140350,0,30263,6003,51900
140400,0,30263,6166,51900
140450,0,29692,6166,51900
140500,0,29692,6166,51900
140550,0,29692,6166,51900
140600,0,29692,6166,51868
140650,0,30263,6166,51868
140700,0,30263,6166,51868
140750,0,30263,6166,51868
140885,0,30263,6216,51868
140935,0,30263,6216,51868
140985,0,30263,6216,51868
141035,0,30263,6216,51832
141085,0,30263,6216,51832
141135,0,30263,6216,51832
141185,0,30263,6216,51832
141277,0,29692,6418,51832
141327,0,29692,6418,51832
141377,0,29692,6418,51832
141427,0,30263,6418,51811
141477,0,30263,6418,51811
141527,0,30263,6418,51811
141577,0,30263,6418,51811
141627,0,30263,6606,51811
141677,0,30263,6606,51811
141727,0,30263,6606,51811
141777,0,30263,6606,51811
141827,0,29692,6606,51796
141877,0,29692,6606,51796
142012,0,29692,6656,51796
142062,0,30263,6656,51796
142112,0,30263,6656,51796
142162,0,30263,6656,51796
142212,0,30263,6656,51775
142304,0,30263,6656,51775
142354,0,30263,6656,51775
142404,0,30263,6664,51775
142454,0,30263,6664,51775
142504,0,30263,6664,51775
142554,0,30263,6664,51775
142604,0,30263,6664,51801
142654,0,30263,6664,51801
142704,0,30263,6664,51801
142754,0,30263,6664,51801
142804,0,30263,6664,51801
142854,0,29692,6511,51801
142904,0,29692,6511,51801
142954,0,29692,6511,51801
143004,0,29692,6511,51801
143139,0,29692,6511,51820
143189,0,29692,6511,51820
143281,0,30263,6442,51820
143331,0,30263,6442,51820
143381,0,30263,6442,51820
143431,0,30263,6442,51809
143481,0,30263,6442,51809
143531,0,30263,6442,51809
143581,0,30263,6442,51809
143631,0,29692,6333,51809
143681,0,29692,6333,51809
143731,0,29692,6333,51809
143781,0,29692,6333,51809
143831,0,29692,6333,51826
143881,0,29692,6333,51826
143931,0,29692,6333,51826
143981,0,29692,6333,51826
144031,0,30881,6354,51826
144081,0,30881,6354,51826
144131,0,30881,6354,51826
144309,0,30263,6354,51803
144359,0,30263,6354,51803
144409,0,30263,6354,51803
144459,0,30881,6455,51803
144509,0,30881,6455,51803
144559,0,30881,6455,51803
144609,0,30881,6455,51803
144659,0,30263,6455,51828
144709,0,30263,6455,51828
144759,0,30263,6455,51828
144809,0,30263,6455,51828
144859,0,30881,6292,51828
144909,0,30881,6292,51828
144959,0,30881,6292,51828
145009,0,30881,6292,51828
145059,0,30881,6292,51863
145109,0,30881,6292,51863
145159,0,30881,6292,51863
145251,0,30263,6137,51863
145301,0,30263,6137,51863
145436,0,30263,6137,51877
145486,0,30263,6137,51877
145536,0,30263,6137,51877
145586,0,30263,6137,51877
145636,0,30263,6114,51877
145686,0,30263,6114,51877
145736,0,30263,6114,51877
145786,0,30263,6114,51877
145836,0,30263,6114,51885
145886,0,30263,6114,51885
145936,0,30263,6114,51885
145986,0,30263,6114,51885
146036,0,29692,6148,51885
146086,0,29692,6148,51885
146136,0,29692,6148,51885
146228,0,29692,6148,51849
146278,0,29692,6148,51849
146328,0,29692,6148,51849
146378,0,29692,6148,51849
146428,0,29692,6073,51849
146563,0,29692,6073,51849
146613,0,29692,6073,51849
146663,0,30263,6073,51849
146713,0,30263,6073,51849
146763,0,30263,6073,51849
146813,0,30263,6073,51849
146863,0,29692,6109,51849
146913,0,29692,6109,51849
146963,0,29692,6109,51849
147013,0,29692,6109,51849
147063,0,29692,6109,51854
147113,0,29692,6109,51854
147163,0,29692,6109,51854
147255,0,29692,6241,51854
147305,0,29692,6241,51854
147355,0,29692,6241,51854
147405,0,29692,6241,51854
147455,0,29692,6241,51842
147505,0,29692,6241,51842
147555,0,29692,6241,51842
147690,0,29120,6358,51842
147740,0,29120,6358,51842
147790,0,29120,6358,51842
147840,0,29692,6358,51842
147890,0,29692,6358,51770
147940,0,29692,6358,51770
147990,0,29692,6358,51770
148040,0,29120,6358,51770
148090,0,29120,6697,51770
148140,0,29120,6697,51770
148190,0,29120,6697,51770
148282,0,29120,6697,51727
148332,0,29120,6697,51727
148382,0,29120,6697,51727
148432,0,29120,6697,51727
148482,0,29120,7055,51727
148532,0,29120,7055,51727
148582,0,29120,7055,51727
148632,0,29120,7055,51727
148682,0,29120,7055,51685
148817,0,29120,7055,51685
148867,0,29120,7307,51685
148917,0,29120,7307,51685
148967,0,29120,7307,51685
149017,0,29120,7307,51685
149067,0,29120,7307,51650
149117,0,29120,7307,51650
149167,0,29120,7307,51650
149259,0,29019,7414,51650
149309,0,28964,7414,51650
149359,0,28909,7414,51650
149409,0,28854,7414,51650
149459,0,28800,7414,51632
149509,0,28745,7414,51632
149559,0,28690,7414,51632
149609,0,28635,7414,51632
149659,0,28580,7496,51632
149709,0,28580,7496,51632
149759,0,28580,7496,51632
149809,0,28580,7496,51632
149944,0,29120,7496,51596
149994,0,29120,7496,51596
150044,0,29692,7496,51596
150094,0,29692,7786,51596
150144,0,29692,7786,51596
150194,0,29692,7786,51596
150244,0,29120,7786,51596
150378,0,29120,7786,51582
150428,0,29692,7786,51582
150478,0,29692,7788,51582
150528,0,29692,7788,51582
150578,0,29692,7788,51582
150628,0,29692,7788,51582
150678,0,29692,7788,51500
150728,0,29692,7788,51500
150778,0,29692,7788,51500
151083,0,29692,8168,51484
151133,0,29692,8168,51484
151183,0,29692,8168,51484
151233,0,29692,8168,51484
151283,0,29692,7940,51484
151333,0,29692,7940,51484
151383,0,29692,7940,51484
151433,0,29692,7940,51484
151483,0,29692,7940,51580
151575,0,29692,7940,51580
151625,0,29628,7940,51580
151675,0,29565,7580,51580
151725,0,29501,7580,51580
151775,0,29438,7580,51580
151825,0,29374,7580,51580
151875,0,29311,7580,51592
151925,0,29247,7580,51592
151975,0,29184,7580,51592
152025,0,29120,7580,51592
152075,0,29120,7615,51592
152270,0,29692,7615,51555
152320,0,29692,7615,51555
152370,0,29692,7615,51555
152420,0,29692,7615,51555
152470,0,29120,7991,51555
152520,0,29120,7991,51555
152570,0,29120,7991,51555
152662,0,29120,7991,51555
152712,0,29120,7991,51463
152762,0,29120,7991,51463
152812,0,29120,7991,51463
152862,0,29120,7991,51463
152912,0,29120,8218,51463
152962,0,29120,8218,51463
153012,0,29120,8218,51463
153062,0,29692,8218,51463
153112,0,29692,8218,51417
153162,0,29692,8218,51417
153212,0,29692,8218,51417
153262,0,29120,8218,51417
153397,0,29120,8711,51417
153447,0,29120,8711,51417
153497,0,29120,8711,51387
153547,0,29120,8711,51387
153597,0,29120,8711,51387
153689,0,29120,8873,51387
153739,0,29120,8873,51387
153789,0,29120,8873,51387
153839,0,29120,8873,51387
153889,0,29120,8873,51357
153939,0,29120,8873,51357
153989,0,29120,8873,51357
154039,0,29692,8873,51357
154089,0,29692,8834,51357
154139,0,29692,8834,51357
154189,0,29692,8834,51357
154239,0,29120,8834,51357
154289,0,29120,8834,51386
154339,0,29120,8834,51386
154389,0,29120,8834,51386
154524,0,29120,8682,51386
154574,0,29120,8682,51386
154624,0,29120,8682,51386
154716,0,29120,8682,51420
154766,0,29120,8682,51420
154816,0,29120,8682,51420
154866,0,29120,8682,51420
154916,0,29120,8413,51420
154966,0,29120,8413,51420
155016,0,29120,8413,51420
155066,0,29692,8413,51420
155116,0,29692,8413,51455
155166,0,29692,8413,51455
155216,0,29692,8413,51455
155266,0,29692,8413,51455
155316,0,29692,8209,51455
155366,0,29692,8209,51455
155416,0,29692,8209,51455
155466,0,29120,8209,51455
155516,0,29120,8209,51496
155694,0,29692,8003,51496
155744,0,29692,8003,51496
155794,0,29692,8003,51496
155844,0,30263,8003,51496
155894,0,30263,8003,51532
155944,0,30263,8003,51532
155994,0,30263,8003,51532
156044,0,30263,8003,51532
156094,0,30263,7764,51532
156144,0,30263,7764,51532
156194,0,30263,7764,51532
156244,0,30263,7764,51532
156294,0,30263,7764,51532
156344,0,30263,7764,51560
156394,0,30263,7764,51560
156444,0,29692,7764,51560
156494,0,29692,7764,51560
156544,0,29692,7801,51560
156636,0,29692,7801,51560
156686,0,29692,7801,51560
156821,0,29692,7801,51560
156871,0,30263,7801,51560
156921,0,30263,7709,51560
156971,0,30263,7709,51560
157021,0,30263,7709,51560
157071,0,29692,7709,51560
157121,0,29692,7709,51569
157171,0,29692,7709,51569
157221,0,29692,7709,51569
157271,0,29692,7709,51569
157321,0,29692,7892,51569
157371,0,29692,7892,51569
157421,0,29692,7892,51569
157471,0,30263,7892,51569
157521,0,30263,7892,51535
157571,0,30263,7892,51535
157663,0,29692,7892,51535
157713,0,29692,7778,51535
157763,0,29692,7778,51535
157813,0,29692,7778,51535
157948,0,30263,7778,51557
157998,0,30263,7778,51557
158048,0,30263,7778,51557
158098,0,30263,7778,51557
158148,0,30263,7594,51557
158198,0,30263,7594,51557
158248,0,30263,7594,51557
158298,0,30263,7594,51557
158348,0,30263,7594,51594
158398,0,30263,7594,51594
158448,0,30263,7594,51594
158498,0,30263,7594,51594
158548,0,30263,7456,51594
158640,0,30263,7456,51594
158690,0,30263,7456,51594
158740,0,30263,7456,51594
158790,0,30263,7456,51594
158840,0,30881,7456,51594
158890,0,30881,7456,51594
158940,0,30881,7378,51594
159075,0,30263,7378,51594
159125,0,30263,7378,51641
159175,0,30263,7378,51641
159225,0,30263,7378,51641
159275,0,30263,7378,51641
159325,0,30263,7151,51641
159375,0,30263,7151,51641
159425,0,30263,7151,51641
159475,0,30263,7151,51641
159525,0,30263,7151,51662
159575,0,30263,7151,51662
159667,0,30263,7151,51662
159717,0,30263,6979,51662
159767,0,30263,6979,51662
159817,0,30263,6979,51662
159867,0,30263,6979,51662
159917,0,30263,6979,51641
159967,0,30263,6979,51641
160017,0,30263,6979,51641
160067,0,30263,6979,51641
160202,0,30263,7314,51641
160252,0,30200,7314,51641
160302,0,30136,7314,51641
160352,0,30073,7314,51611
160402,0,30009,7314,51611
160452,0,29946,7314,51611
160502,0,29882,7314,51611
160552,0,29819,7339,51611
160602,0,29755,7339,51611
160652,0,29692,7339,51611
160744,0,29692,7339,51622
160794,0,29692,7339,51622
160844,0,30263,7339,51622
160894,0,30263,7339,51622
160944,0,30263,7111,51622
160994,0,30263,7111,51622
161044,0,30263,7111,51622
161094,0,30263,7111,51622
161144,0,30263,7111,51649
161194,0,30263,7111,51649
161329,0,30263,7111,51649
161379,0,30263,6953,51649
161429,0,30263,6953,51649
161479,0,30263,6953,51649
161529,0,30263,6953,51649
161579,0,30263,6953,51670
161629,0,30263,6953,51670
161721,0,30263,6953,51670
161771,0,30263,7001,51670
161821,0,30263,7001,51670
161871,0,30881,7001,51670
161921,0,30881,7001,51670
161971,0,30881,7001,51647
162021,0,30881,7001,51647
162071,0,30263,7001,51647
162121,0,30263,7001,51647
162171,0,30263,6988,51647
162221,0,30263,6988,51647
162271,0,30263,6988,51647
162321,0,30263,6988,51647
162456,0,29692,6988,51650
162506,0,29692,6988,51650
162556,0,29692,7051,51650
162606,0,29692,7051,51650
162656,0,30263,7051,51650
162748,0,30263,7051,51641
162798,0,30263,7051,51641
162848,0,30263,7051,51641
162898,0,30263,7051,51641
162948,0,30263,7115,51641
162998,0,30263,7115,51641
163048,0,30263,7115,51641
163098,0,30263,7115,51641
163148,0,30263,7115,51654
163198,0,30263,7115,51654
163248,0,30263,7115,51654
163298,0,30263,7115,51654
163348,0,30263,7153,51654
163398,0,30263,7153,51654
163448,0,30881,7153,51654
163583,0,30881,7153,51645
163633,0,30263,7153,51645
163683,0,30263,7153,51645
163775,0,30263,7185,51645
163825,0,30263,7185,51645
163875,0,30263,7185,51645
163925,0,30263,7185,51645
163975,0,30263,7185,51639
164025,0,30263,7185,51639
164075,0,30263,7185,51639
164125,0,30263,7185,51639
164175,0,30263,7433,51639
164225,0,30263,7433,51639
164275,0,30263,7433,51639
164325,0,30263,7433,51639
164375,0,30263,7433,51585
164425,0,30263,7433,51585
164475,0,30263,7433,51585
164525,0,30263,7433,51585
164575,0,30263,7640,51585
164753,0,30263,7640,51548
164803,0,30263,7640,51548
164853,0,30149,7640,51548
164903,0,30035,7640,51548
164953,0,29920,7563,51548
165003,0,29806,7563,51548
165053,0,29692,7563,51548
165103,0,29692,7563,51548
165153,0,29692,7563,51552
165203,0,29692,7563,51552
165253,0,29692,7563,51552
165303,0,29692,7563,51552
165353,0,29692,7863,51552
165403,0,29692,7863,51552
165453,0,29692,7863,51552
165503,0,29692,7863,51552
165638,0,30263,7863,51467
165688,0,30263,7863,51467
165738,0,30263,7863,51467
165830,0,30263,8348,51467
165880,0,30263,8348,51467
165930,0,30263,8348,51467
165980,0,30263,8348,51404
166030,0,30263,8348,51404
166080,0,30263,8348,51404
166130,0,30263,8348,51404
166180,0,30263,8696,51404
166230,0,29692,8696,51404
166280,0,29692,8696,51404
166330,0,29692,8696,51404
166380,0,29692,8696,51350
166430,0,29692,8696,51350
166480,0,29692,8696,51350
166530,0,29692,8696,51350
166580,0,29692,8744,51350
166630,0,29692,8744,51350
166808,0,29692,8744,51344
166858,0,29692,8744,51344
166908,0,29692,8744,51344
166958,0,29692,8744,51344
167008,0,29692,8861,51344
167058,0,29692,8861,51344
167108,0,29692,8861,51344
167158,0,29692,8861,51344
167208,0,29692,8861,51350
167258,0,30263,8861,51350
167308,0,30263,8861,51350
167358,0,30263,8861,51350
167408,0,30263,8869,51350
167458,0,30263,8869,51350
167508,0,30263,8869,51350
167558,0,30263,8869,51350
167608,0,30263,8869,51340
167658,0,30263,8869,51340
167750,0,30263,8869,51340
167800,0,30263,8913,51340
167935,0,30263,8913,51340
167985,0,30263,8913,51327
168035,0,30881,8913,51327
168085,0,30881,8913,51327
168135,0,30881,8913,51327
168185,0,30881,8880,51327
168235,0,30263,8880,51327
168285,0,30263,8880,51327
168335,0,30263,8880,51327
168385,0,30263,8880,51326
168435,0,30881,8880,51326
168485,0,30881,8880,51326
168535,0,30881,8880,51326
168585,0,30881,8836,51326
168635,0,30263,8836,51326
168727,0,30263,8836,51326
168777,0,30263,8836,51326
168827,0,30263,8836,51328
168877,0,30263,8836,51328
168927,0,30263,8836,51328
169062,0,30881,8839,51328
169112,0,30881,8839,51328
169162,0,30881,8839,51328
169212,0,30881,8839,51318
169262,0,30881,8839,51318
169312,0,30881,8839,51318
169362,0,30881,8839,51318
169412,0,30881,9015,51318
169462,0,30881,9015,51318
169512,0,30881,9015,51318
169562,0,30881,9015,51318
169612,0,30881,9015,51218
169662,0,30263,9015,51218
169754,0,30263,9015,51218
169804,0,30263,9570,51218
169854,0,30263,9570,51218
169904,0,30263,9570,51218
169954,0,30263,9570,51218
170004,0,30263,9570,51174
170054,0,30881,9570,51174
170191,0,30881,9898,51174
170241,0,30263,9898,51174
170291,0,30263,9898,51174
170341,0,30263,9898,51174
170391,0,30263,9898,51136
170441,0,30263,9898,51136
170491,0,30263,9898,51136
170541,0,30263,9898,51136
170591,0,30263,9870,51136
170641,0,30881,9870,51136
170691,0,30881,9870,51136
170783,0,30881,9870,51136
170833,0,30881,9870,51153
170883,0,30881,9870,51153
170933,0,30881,9870,51153
170983,0,30881,9870,51153
171033,0,30881,9701,51153
171083,0,30881,9701,51153
171133,0,30881,9701,51153
171183,0,30881,9701,51153
171318,0,30881,9701,51156
171368,0,30881,9701,51156
171418,0,30881,9990,51156
171468,0,30881,9990,51156
171518,0,30881,9990,51156
171568,0,30881,9990,51156
171618,0,30881,9990,51033
171668,0,30881,9990,51033
171760,0,30881,9990,51033
171810,0,30881,10338,51033
171860,0,30812,10338,51033
171910,0,30744,10338,51033
171960,0,30675,10338,51033
172010,0,30606,10338,50986
172060,0,30538,10338,50986
172110,0,30469,10338,50986
172160,0,30400,10338,50986
172210,0,30332,10520,50986
172260,0,30263,10520,50986
172310,0,30263,10520,50986
172445,0,30263,10520,50982
172495,0,30263,10520,50982
172545,0,30263,10520,50982
172595,0,30263,10520,50982
172645,0,30881,10616,50982
172695,0,30881,10616,50982
172745,0,30881,10616,50982
172837,0,29692,10616,50950
172887,0,29692,10616,50950
172937,0,29692,10616,50950
172987,0,29692,10616,50950
173037,0,30263,10824,50950
173087,0,30263,10824,50950
173137,0,30263,10824,50950
173187,0,30263,10824,50950
173237,0,30263,10824,50895
173287,0,30263,10824,50895
173337,0,30263,10824,50895
173387,0,30263,10824,50895
173437,0,30263,11157,50895
173572,0,30263,11157,50895
173622,0,30263,11157,50853
173672,0,29692,11157,50853
173722,0,29692,11157,50853
173814,0,29692,11157,50853
173864,0,30263,11213,50853
173914,0,30263,11213,50853
173964,0,30263,11213,50853
174014,0,30263,11213,50853
174064,0,29692,11213,50841
174114,0,29692,11213,50841
174164,0,29692,11213,50841
174214,0,29692,11213,50841
174264,0,29692,11390,50841
174314,0,29692,11390,50841
174364,0,29692,11390,50841
174414,0,29692,11390,50841
174464,0,29120,11390,50836
174514,0,29120,11390,50836
174564,0,29120,11390,50836
174699,0,29692,11155,50836
174791,0,29692,11155,50836
174841,0,29692,11155,50833
174891,0,29692,11155,50833
174941,0,29692,11155,50833
174991,0,29692,11155,50833
175041,0,30263,11141,50833
175091,0,30263,11141,50833
175141,0,30263,11141,50833
175191,0,30263,11141,50833
175241,0,29692,11141,50898
175291,0,29692,11141,50898
175341,0,29692,11141,50898
175391,0,29692,11141,50898
175441,0,29692,11139,50898
175491,0,29692,11139,50898
175541,0,29692,11139,50898
175591,0,29692,11139,50898
175684,0,29692,11139,50854
175734,0,29692,11139,50854
175869,0,29120,11169,50854
175919,0,29120,11169,50854
175969,0,29120,11169,50854
176019,0,29120,11169,50854
176069,0,29692,11169,50857
176119,0,29692,11169,50857
176169,0,29692,11169,50857
176219,0,29692,11169,50857
176269,0,29120,11221,50857
176319,0,29120,11221,50857
176369,0,29120,11221,50857
176419,0,29120,11221,50857
176469,0,29692,11221,50806
176519,0,29692,11221,50806
176569,0,29692,11221,50806
176661,0,29692,11281,50806
176711,0,29692,11281,50806
176761,0,29692,11281,50806
176811,0,29692,11281,50806
176861,0,29692,11281,50851
176996,0,29692,11281,50851
177046,0,29692,11078,50851
177096,0,29692,11078,50851
177146,0,29692,11078,50851
177196,0,29692,11078,50851
177246,0,29692,11078,50875
177296,0,29692,11078,50875
177346,0,29692,11078,50875
177396,0,29692,11078,50875
177446,0,29692,10650,50875
177496,0,29692,10650,50875
177546,0,29692,10650,50875
177638,0,29764,10650,50917
177688,0,29804,10650,50917
177738,0,29843,10650,50917
177788,0,29882,10650,50917
177838,0,29921,10372,50917
177888,0,29961,10372,50917
177938,0,30000,10372,50917
177988,0,30039,10372,50917
178123,0,30145,10372,50976
178173,0,30184,10372,50976
178223,0,30224,10372,50976
178273,0,30263,9982,50976
178323,0,30263,9982,50976
178373,0,30263,9982,50976
178423,0,30263,9982,50976
178473,0,30263,9982,51073
178523,0,30263,9982,51073
178573,0,30263,9982,51073
178623,0,30263,9982,51073
178715,0,30263,9629,51073
178765,0,30263,9629,51073
178815,0,30263,9629,51073
178865,0,30263,9629,51080
178915,0,30263,9629,51080
178965,0,30263,9629,51080
179015,0,30263,9629,51080
179065,0,30263,9274,51080
179115,0,30263,9274,51080
179250,0,30263,9274,51142
179300,0,30263,9274,51142
179350,0,30263,9274,51142
179400,0,30263,9274,51142
179450,0,30881,8804,51142
179500,0,30881,8804,51142
179550,0,30881,8804,51142
179600,0,30881,8804,51142
179692,0,30881,8804,51292
179742,0,30881,8804,51292
179792,0,30881,8804,51292
179842,0,30263,8804,51292
179892,0,30263,8144,51292
179942,0,30263,8144,51292
179992,0,30263,8144,51292
180042,0,30263,8144,51292
180177,0,30263,8144,51341
180227,0,30881,8144,51341
180277,0,30881,7905,51341
180327,0,30881,7905,51341
180377,0,30881,7905,51341
180427,0,30881,7905,51341
180477,0,30881,7905,51371
180527,0,30881,7905,51371
180577,0,30881,7905,51371
180627,0,30881,7905,51371
180719,0,30881,7545,51371
180769,0,30881,7545,51371
180819,0,30881,7545,51371
180869,0,30881,7545,51451
180919,0,30881,7545,51451
180969,0,30881,7545,51451
181019,0,30881,7545,51451
181069,0,30881,7168,51451
181119,0,30881,7168,51451
181169,0,30881,7168,51451
181304,0,30881,7168,51476
181354,0,30881,7168,51476
181404,0,30881,7168,51476
181454,0,31004,7168,51476
181504,0,31128,6972,51476
181554,0,31251,6972,51476
181604,0,31375,6972,51476
181654,0,31498,6972,51476
181746,0,31498,6972,51481
181796,0,31498,6972,51481
181846,0,31498,6972,51481
181896,0,31498,7047,51481
181946,0,31498,7047,51481
181996,0,31498,7047,51481
182046,0,31498,7047,51481
182096,0,31498,7047,51499
182146,0,31498,7047,51499
182196,0,31498,7047,51499
182246,0,30881,7047,51499
182296,0,30881,6894,51499
182431,0,30881,6894,51499
182481,0,30881,6894,51524
182531,0,30881,6894,51524
182581,0,30881,6894,51524
182631,0,30881,6894,51524
182681,0,30881,6711,51524
182815,0,30881,6711,51524
182865,0,31498,6711,51524
182915,0,31498,6711,51561
182965,0,31498,6711,51561
183015,0,31498,6711,51561
183065,0,30881,6711,51561
183115,0,30881,6649,51561
183165,0,30881,6649,51561
183215,0,30881,6649,51561
183265,0,30881,6649,51561
183315,0,30881,6649,51542
183365,0,30881,6649,51542
183415,0,30881,6649,51542
183465,0,30881,6649,51542
183770,0,30881,6712,51565
183820,0,30881,6712,51565
183870,0,31498,6712,51565
183920,0,31498,6562,51565
184012,0,31498,6562,51565
184062,0,30881,6562,51565
184112,0,30881,6562,51607
184162,0,30881,6562,51607
184212,0,30881,6562,51607
184262,0,30881,6562,51607
184312,0,30881,6387,51607
184362,0,30881,6387,51607
184412,0,30881,6387,51607
184462,0,30881,6387,51607
184512,0,30881,6387,51634
184562,0,30881,6387,51634
184612,0,30881,6387,51634
184662,0,30881,6387,51634
184712,0,30881,6334,51634
184762,0,30881,6334,51634
184939,0,30881,6334,51630
185031,0,30881,6334,51630
185081,0,30881,6334,51630
185131,0,30881,6260,51630
185181,0,30881,6260,51630
185231,0,30833,6260,51630
185281,0,30786,6260,51630
185331,0,30738,6260,51653
185381,0,30691,6260,51653
185431,0,30643,6260,51653
185481,0,30596,6260,51653
185531,0,30548,6315,51653
185581,0,30501,6315,51653
185631,0,30453,6315,51653
185681,0,30406,6315,51653
185731,0,30358,6315,52595
185781,0,30311,6315,52595
185831,0,30263,6315,52595
185881,0,30263,6315,52595
185931,0,30263,197,52595
186066,0,30881,197,52595
186158,0,30881,197,52626
186208,0,30881,197,52626
186258,0,30881,197,52626
186308,0,30881,123,52626
186358,0,30881,123,52626
186408,0,30881,123,52626
186458,0,30263,123,52626
186508,0,30263,123,52647
186558,0,30263,123,52647
186608,0,30263,123,52647
186658,0,30881,123,52647
186708,0,30881,121,52647
186758,0,30881,121,52647
186808,0,30881,121,52647
186858,0,30263,121,52647
186908,0,30263,121,52665
186958,0,30263,121,52665
187008,0,30263,121,52665
187100,0,30881,121,52665
187237,0,30263,118,52665
187287,0,30263,118,52665
187337,0,30263,118,52680
187387,0,30263,118,52680
187437,0,30263,118,52680
187487,0,30263,118,52680
187537,0,30263,118,52680
187587,0,30263,118,52680
187637,0,29692,118,52680
187687,0,29692,118,52680
187737,0,29692,118,52693
187787,0,29692,118,52693
187837,0,29692,118,52693
187887,0,29692,118,52693
187937,0,29692,118,52693
187987,0,29692,118,52693
188037,0,29692,118,52693
188129,0,29692,118,52706
188179,0,29692,118,52706
188229,0,29692,118,52706
188364,0,29692,118,52706
188414,0,29692,118,52706
188464,0,29120,118,52706
188514,0,29120,118,52716
188564,0,29120,118,52716
188614,0,29120,118,52716
188664,0,28580,118,52716
188714,0,28580,118,52716
188764,0,28580,118,52716
188814,0,28580,118,52716
188864,0,28580,118,52716
188914,0,28580,118,52727
188964,0,28580,118,52727
189014,0,28580,118,52727
189064,0,29120,118,52727
189156,0,29120,118,52727
189206,0,29120,118,52727
189256,0,29120,118,52727
189306,0,29120,118,52727
189356,0,29120,118,52736
189491,0,28580,118,52736
189541,0,28580,117,52736
189591,0,28580,117,52736
189641,0,28580,117,52736
189691,0,28580,117,52736
189741,0,28580,117,52744
189791,0,28580,117,52744
189841,0,28071,117,52744
189891,0,28071,117,52744
189941,0,28071,117,52744
189991,0,28071,117,52744
190041,0,28071,117,52744
190091,0,28071,117,52744
190141,0,28071,117,52753
190233,0,28580,117,52753
190283,0,28580,117,52753
190333,0,28580,116,52753
190383,0,28580,116,52753
190433,0,28580,116,52753
190483,0,28580,116,52753
190618,0,28580,116,52760
190668,0,28580,116,52760
190718,0,28580,116,52760
190768,0,28580,117,52760
190818,0,28580,117,52760
190868,0,28071,117,52760
190918,0,28071,117,52760
190968,0,28071,117,52768
191018,0,28071,117,52768
191068,0,28071,117,52768
191118,0,28071,117,52768
191168,0,28071,118,52768
191260,0,28071,118,52768
191310,0,28071,118,52768
191360,0,28071,118,52775
191410,0,28071,118,52775
191460,0,27561,118,52775
191510,0,27561,118,52775
191560,0,27561,117,52775
191610,0,27561,117,52775
191746,0,27561,117,52781
191796,0,27561,117,52781
191846,0,27561,117,52781
191896,0,27561,117,52781
191946,0,27561,116,52781
191996,0,27561,116,52781
192046,0,27561,116,52781
192096,0,27561,116,52781
192146,0,27561,116,52788
192196,0,27561,116,52788
192288,0,28071,116,52788
192338,0,28071,117,52788
192388,0,28071,117,52788
192438,0,27561,117,52788
192488,0,27561,117,52788
192538,0,27561,117,52794
192588,0,27561,117,52794
192638,0,27561,117,52794
192688,0,27561,117,52794
192738,0,27561,117,52794
192873,0,27561,117,52794
192923,0,27561,117,52794
192973,0,27561,117,52800
193023,0,27561,117,52800
193073,0,27082,117,52800
193123,0,27082,117,52800
193173,0,27082,117,52800
193223,0,27082,117,52800
193273,0,27082,117,52800
193365,0,27082,117,52806
193415,0,27082,117,52806
193465,0,26619,117,52806
193515,0,26619,117,52806
193565,0,26619,116,52806
193615,0,26619,116,52806
193665,0,27082,116,52806
193715,0,27082,116,52806
193765,0,27082,116,52811
193815,0,27082,116,52811
193865,0,27082,116,52811
194000,0,27082,116,52811
194050,0,26619,116,52811
194100,0,26619,116,52811
194150,0,26619,116,52811
194200,0,26619,116,52817
194250,0,26619,116,52817
194300,0,26619,116,52817
194392,0,26619,117,52817
194442,0,27082,117,52817
194492,0,27082,117,52817
194542,0,27082,117,52817
194592,0,27082,117,52822
194642,0,27082,117,52822
194692,0,27082,117,52822
194742,0,27082,117,52822
194792,0,27082,116,52822
194927,0,26619,116,52822
194977,0,26619,116,52827
195027,0,26619,116,52827
195077,0,26619,116,52827
195127,0,26619,116,52827
195177,0,26619,116,52827
195227,0,26156,116,52827
195277,0,26156,116,52827
195327,0,26156,116,52827
195419,0,26156,116,52832
195469,0,26156,116,52832
195519,0,26156,116,52832
195569,0,26156,116,52832
195619,0,26156,116,52832
195669,0,26619,116,52832
195719,0,26619,116,52832
195769,0,26619,116,52836
195819,0,26619,116,52836
195869,0,26156,116,52836
195919,0,26156,116,52836
196054,0,26619,116,52836
196104,0,26619,116,52836
196154,0,26619,116,52836
196204,0,26619,116,52841
196254,0,26156,116,52841
196304,0,26156,116,52841
196354,0,26156,116,52841
196446,0,26156,116,52841
196496,0,26156,116,52841
196546,0,26156,116,52841
196596,0,26156,116,52846
196646,0,26156,116,52846
196696,0,26156,116,52846
196746,0,26156,116,52846
196796,0,26156,116,52846
196846,0,26619,116,52846
196896,0,26619,116,52846
196946,0,26619,116,52846
196996,0,26619,116,52850
197046,0,26156,116,52850
197181,0,26156,116,52850
197231,0,26156,116,52850
197281,0,26156,116,52850
197331,0,26156,116,52850
197381,0,26156,116,52854
197431,0,26156,116,52854
197523,0,26156,116,52854
197573,0,26156,117,52854
197623,0,26156,117,52854
197673,0,25724,117,52854
197723,0,25724,117,52854
197773,0,25724,117,52858
197823,0,25724,117,52858
197873,0,26156,117,52858
197923,0,26156,117,52858
197973,0,26156,116,52858
198023,0,26156,116,52858
198073,0,25724,116,52858
198123,0,25724,116,52858
198173,0,25724,116,52862
198308,0,26619,116,52862
198358,0,26619,116,52862
198408,0,26619,116,52862
198458,0,25724,116,52862
198550,0,25724,116,52862
198600,0,25724,116,52866
198650,0,25724,116,52866
198700,0,25724,116,52866
198750,0,25724,116,52866
198800,0,25724,117,52866
198850,0,25307,117,52866
198900,0,25307,117,52866
198950,0,25307,117,52866
199000,0,25307,117,52870
199050,0,25307,117,52870
199100,0,25307,117,52870
199150,0,25307,117,52870
199200,0,25307,116,52870
199250,0,25307,116,52870
199300,0,25307,116,52870
199435,0,24890,116,52874
199485,0,24890,116,52874
199577,0,24890,116,52874
199627,0,25724,115,52874
199677,0,25724,115,52874
199727,0,25724,115,52874
199777,0,25724,115,52874
199827,0,25307,115,52877
199877,0,25307,115,52877
199927,0,25307,115,52877
199977,0,25307,115,52877
200027,0,24890,116,52877
200077,0,24890,116,52877
200127,0,24890,116,52877
200177,0,24890,116,52877
200227,0,24890,116,52881
200277,0,24890,116,52881
200327,0,24890,116,52881
200377,0,24890,116,52881
200427,0,25307,116,52881
200563,0,25307,116,52881
200655,0,24890,116,52884
200705,0,24890,116,52884
200755,0,24890,116,52884
200805,0,24890,116,52884
200855,0,24890,116,52884
200905,0,24890,116,52884
200955,0,24890,116,52884
201005,0,24890,116,52888
201055,0,24890,116,52888
201105,0,24890,116,52888
201155,0,24890,116,52888
201205,0,24890,116,52888
201255,0,24504,116,52888
201305,0,24504,116,52888
201355,0,24504,116,52888
201405,0,24504,116,52890
201455,0,24504,116,52890
201505,0,24504,116,52890
201597,0,24504,116,52890
201732,0,24504,116,52890
201782,0,24504,116,52890
201832,0,24504,116,52894
201882,0,24504,116,52894
201932,0,24504,116,52894
201982,0,24504,116,52894
202032,0,24504,116,52894
202082,0,24504,116,52894
202132,0,24504,116,52894
202182,0,24504,116,52894
202232,0,24118,116,52897
202282,0,24118,116,52897
202332,0,24118,116,52897
202382,0,24118,116,52897
202432,0,24504,116,52897
202482,0,24504,116,52897
202532,0,24504,116,52897
202624,0,24118,116,52900
202674,0,24118,116,52900
202724,0,24118,116,52900
202859,0,24504,115,52900
202909,0,24504,115,52900
202959,0,24504,115,52900
203009,0,24504,115,52903
203059,0,23747,115,52903
203109,0,23747,115,52903
203159,0,23747,115,52903
203209,0,23747,115,52903
203259,0,23747,115,52903
203309,0,23747,115,52903
203359,0,23747,115,52903
203409,0,23747,115,52906
203459,0,24118,115,52906
203509,0,24118,115,52906
203559,0,24118,115,52906
203651,0,24118,116,52906
203701,0,24118,116,52906
203751,0,24118,116,52906
203801,0,24118,116,52906
203851,0,23392,116,52909
203986,0,23392,116,52909
204036,0,23747,114,52909
204086,0,23747,114,52909
204136,0,23747,114,52909
204186,0,23747,114,52909
204236,0,23747,114,52911
204286,0,23747,114,52911
204336,0,23747,114,52911
204386,0,23747,114,52911
204436,0,23747,116,52911
204486,0,23747,116,52911
204536,0,23747,116,52911
204586,0,23747,116,52911
204636,0,23392,116,52914
204728,0,23392,116,52914
204778,0,23392,116,52914
204828,0,23037,116,52914
204878,0,23037,116,52914
204928,0,23037,116,52914
204978,0,23037,116,52914
205114,0,23392,116,52917
205164,0,23392,116,52917
205214,0,23392,116,52917
205264,0,23747,115,52917
205314,0,23747,115,52917
205364,0,23747,115,52917
205414,0,23747,115,52917
205464,0,23392,115,52920
205514,0,23392,115,52920
205564,0,23392,115,52920
205614,0,23392,115,52920
205664,0,23037,115,52920
205758,0,23037,115,52920
205808,0,23037,115,52920
205858,0,22373,115,52921
205908,0,22373,115,52921
205958,0,22373,115,52921
206008,0,22373,115,52921
206058,0,23037,116,52921
206108,0,23037,116,52921
206243,0,22697,116,52924
206293,0,22697,116,52924
206343,0,22697,116,52924
206393,0,22697,116,52924
206443,0,22697,115,52924
206493,0,22697,115,52924
206543,0,22697,115,52924
206593,0,22697,115,52924
206643,0,22373,115,52926
206693,0,22373,115,52926
206785,0,22373,115,52926
206835,0,22697,115,52926
206885,0,22697,115,52926
206935,0,22697,115,52926
206985,0,22697,115,52926
207035,0,23037,115,52929
207085,0,23037,115,52929
207135,0,23037,115,52929
207185,0,23037,115,52929
207235,0,22373,116,52929
207370,0,22373,116,52929
207420,0,22373,116,52929
207470,0,22373,116,52931
207520,0,22373,116,52931
207570,0,22373,116,52931
207620,0,22373,116,52931
207670,0,22697,116,52931
207720,0,22697,116,52931
207770,0,22697,116,52931
207862,0,22049,116,52933
207912,0,22049,116,52933
207962,0,22049,116,52933
208012,0,22049,116,52933
208062,0,22373,116,52933
208112,0,22373,116,52933
208162,0,22373,116,52933
208212,0,22373,116,52933
208262,0,22373,116,52936
208312,0,22373,116,52936
208362,0,22373,116,52936
208498,0,22049,116,52936
208548,0,22049,116,52936
208598,0,22049,116,52936
208648,0,21740,116,52938
208698,0,21740,116,52938
208748,0,21740,116,52938
208798,0,21740,116,52938
208890,0,21740,115,52938
208940,0,21740,115,52938
208990,0,21740,115,52938
209040,0,22049,115,52938
209090,0,22049,115,52941
209140,0,22049,115,52941
209190,0,22049,115,52941
209240,0,21740,115,52941
209290,0,21740,116,52941
209425,0,22049,116,52941
209475,0,22049,116,52942
209525,0,22049,116,52942
209575,0,22049,116,52942
209625,0,22049,116,52942
209675,0,22049,115,52942
209725,0,22049,115,52942
209775,0,22049,115,52942
209825,0,21740,115,52942
209917,0,21740,115,52945
209967,0,21740,115,52945
210017,0,21740,115,52945
210067,0,21431,116,52945
210117,0,21431,116,52945
210167,0,21431,116,52945
210217,0,21431,116,52945
210267,0,21740,116,52947
210317,0,21740,116,52947
210367,0,21740,116,52947
210417,0,21740,116,52947
210552,0,21431,116,52947
210602,0,21431,116,52947
210652,0,21138,116,52949
210702,0,21138,116,52949
210752,0,21138,116,52949
210802,0,21138,116,52949
210852,0,20860,117,52949
210944,0,20860,117,52949
210994,0,20860,117,52949
211044,0,21431,117,52949
211094,0,21431,117,52951
211144,0,21431,117,52951
211194,0,21431,117,52951
211244,0,21138,117,52951
211294,0,21138,115,52951
211344,0,21138,115,52951
211394,0,21138,115,52951
211444,0,21138,115,52951
211494,0,21138,115,52952
211544,0,21138,115,52952
211679,0,21138,115,52952
211729,0,21138,115,52952
211779,0,21138,115,52952
211829,0,21138,115,52952
211879,0,21138,115,52954
211929,0,21138,115,52954
212021,0,21138,115,52954
212071,0,20860,116,52954
212121,0,20860,116,52954
212171,0,20860,116,52954
212221,0,20860,116,52954
212271,0,21138,116,52956
212321,0,21138,116,52956
212371,0,21138,116,52956
212421,0,21138,116,52956
212471,0,20860,116,52956
212521,0,20860,116,52956
212571,0,20860,116,52956
212621,0,20860,116,52956
212671,0,20582,116,52958
212806,0,20582,116,52958
212856,0,20860,116,52958
212906,0,20860,116,52958
212956,0,20860,116,52958
213048,0,20582,116,52958
213098,0,20582,116,52960
213148,0,20582,116,52960
213198,0,20582,116,52960
213248,0,20304,116,52960
213298,0,20304,116,52960
213348,0,20304,116,52960
213398,0,20304,116,52960
213448,0,20582,116,52960
213498,0,20582,116,52962
213548,0,20582,116,52962
213598,0,20582,116,52962
213648,0,20582,116,52962
213698,0,20582,116,52962
213748,0,20582,116,52962
213798,0,20582,116,52962
213933,0,20304,116,52964
213983,0,20304,116,52964
214075,0,20582,116,52964
214125,0,20582,116,52964
214175,0,20582,116,52964
214225,0,20304,116,52964
214275,0,20304,116,52966
214325,0,20304,116,52966
214375,0,20304,116,52966
214425,0,20041,116,52966
214475,0,20041,117,52966
214525,0,20041,117,52966
214575,0,20041,117,52966
214625,0,20041,117,52966
214675,0,20041,117,52967
214725,0,20041,117,52967
214775,0,20041,117,52967
214825,0,20304,117,52967
214875,0,20304,115,52967
214925,0,20304,115,52967
215060,0,19532,115,52967
215152,0,19532,115,52968
215202,0,19532,115,52968
215252,0,20041,115,52968
215302,0,20041,116,52968
215352,0,20041,116,52968
215402,0,20041,116,52968
215452,0,19794,116,52968
215502,0,19794,116,52970
215552,0,19794,116,52970
215602,0,19794,116,52970
215652,0,19794,116,52970
215702,0,19794,115,52970
215752,0,19794,115,52970
215802,0,19794,115,52970
215852,0,19794,115,52970
215902,0,19794,115,52971
215952,0,19794,115,52971
216002,0,19794,115,52971
216136,0,19532,115,52971
216441,0,19532,115,52973
216491,0,19532,115,52973
216541,0,19532,115,52973
216591,0,19532,115,52973
216641,0,19300,115,52973
216691,0,19300,115,52975
216741,0,19300,115,52975
216791,0,19300,115,52975
216841,0,19532,115,52975
216891,0,19532,116,52975
216941,0,19532,116,52975
216991,0,19532,116,52975
217041,0,19053,116,52975
217091,0,19053,116,52976
217141,0,19053,116,52976
217191,0,19053,116,52976
217241,0,19053,116,52976
217333,0,19053,116,52976
217383,0,19053,116,52976
217433,0,19053,116,52976
217610,0,19053,116,52977
217660,0,18822,116,52977
217710,0,18822,116,52977
217760,0,18822,116,52977
217810,0,18822,116,52977
217860,0,18822,116,52977
217910,0,18822,116,52979
217960,0,18822,116,52979
218010,0,18822,116,52979
218060,0,19053,116,52979
218110,0,19053,116,52979
218160,0,19053,116,52979
218210,0,19053,116,52979
218260,0,18590,116,52979
218310,0,18590,116,52980
218402,0,18590,116,52980
218452,0,19053,116,52980
218502,0,19053,116,52980
218552,0,19053,116,52980
218602,0,19053,116,52980
218737,0,18590,116,52981
218787,0,18590,116,52981
218837,0,18374,116,52981
218887,0,18374,116,52981
218937,0,18374,116,52981
218987,0,18374,116,52981
219037,0,18822,116,52981
219087,0,18822,116,52981
219137,0,18822,116,52983
219187,0,18822,116,52983
219237,0,18590,116,52983
219287,0,18590,116,52983
219337,0,18590,115,52983
219387,0,18590,115,52983
219479,0,18590,115,52983
219529,0,18590,115,52985
219579,0,18590,115,52985
219629,0,18590,115,52985
219679,0,18590,115,52985
219729,0,18590,116,52985
219897,0,18158,116,52985
219947,0,18158,116,52986
219997,0,18158,116,52986
220047,0,18158,116,52986
220097,0,18158,116,52986
220147,0,18158,116,52986
220197,0,18158,116,52986
220247,0,18158,116,52986
220297,0,18158,116,52986
220347,0,18158,116,52987
220397,0,18158,116,52987
220447,0,18158,116,52987
220539,0,18158,117,52987
220589,0,18158,117,52987
220639,0,17941,117,52987
220689,0,17941,117,52987
220739,0,17941,117,52989
220789,0,17941,117,52989
220839,0,17941,117,52989
220889,0,17941,117,52989
221024,0,18158,116,52989
221074,0,18158,116,52989
221124,0,18158,116,52990
221174,0,18158,116,52990
221224,0,17741,116,52990
221274,0,17741,116,52990
221324,0,17741,115,52990
221374,0,17741,115,52990
221424,0,18158,115,52990
221474,0,18158,115,52990
221566,0,18158,115,52990
221616,0,18158,115,52990
221666,0,17540,115,52990
221716,0,17540,115,52990
221766,0,17540,116,52990
221816,0,17540,116,52990
221866,0,17741,116,52990
221916,0,17741,116,52990
221966,0,17741,116,52991
222016,0,17741,116,52991
222151,0,17540,116,52991
222201,0,17540,116,52991
222251,0,17540,116,52991
222301,0,17540,116,52991
222351,0,17540,116,52993
222401,0,17540,116,52993
222451,0,17540,116,52993
222501,0,17540,116,52993
222551,0,17540,116,52993
222643,0,17154,116,52993
222693,0,17154,116,52993
222743,0,17154,116,52994
222793,0,17154,116,52994
222843,0,17339,116,52994
222893,0,17339,116,52994
222943,0,17339,116,52994
222993,0,17339,116,52994
223043,0,17339,116,52994
223093,0,17339,116,52994
223143,0,17339,116,52996
223278,0,17339,116,52996
223328,0,17339,116,52996
223378,0,17339,116,52996
223428,0,16953,116,52996
223478,0,16953,116,52996
223528,0,16953,116,52997
223578,0,16953,116,52997
223670,0,16953,116,52997
223720,0,16953,116,52997
223770,0,16953,116,52997
223820,0,16953,116,52997
223870,0,17154,116,52997
223920,0,17154,116,52997
223970,0,17154,116,52998
224020,0,17154,116,52998
224070,0,16953,116,52998
224205,0,16953,116,52998
224255,0,17154,116,52998
224305,0,17154,116,52998
224355,0,17154,116,52998
224405,0,17154,116,52998
224455,0,16768,116,52998
224505,0,16768,116,52998
224555,0,16768,116,52998
224605,0,16768,116,52998
224697,0,16953,116,52998
224747,0,16953,116,52999
224797,0,16953,116,52999
224847,0,16768,116,52999
224897,0,16768,116,52999
224947,0,16768,116,52999
224997,0,16768,116,52999
225047,0,16953,116,52999
225097,0,16953,116,52999
225147,0,16953,116,53001
225197,0,16953,116,53001
225333,0,16413,116,53001
225383,0,16413,116,53001
225433,0,16598,116,53001
225483,0,16598,116,53001
225533,0,16598,116,53001
225583,0,16598,116,53002
225633,0,16243,116,53002
225725,0,16243,116,53002
225775,0,16243,115,53002
225825,0,16243,115,53002
225875,0,16243,115,53002
225925,0,16243,115,53002
225975,0,16243,115,53003
226025,0,16413,115,53003
226075,0,16413,115,53003
226125,0,16413,115,53003
226175,0,16413,117,53003
226225,0,16243,117,53003
226275,0,16243,117,53003
226325,0,16243,117,53003
226460,0,16413,117,53004
226510,0,16413,117,53004
226560,0,16413,115,53004
226610,0,16413,115,53004
226660,0,16073,115,53004
226710,0,16073,115,53004
226802,0,16073,115,53004
226852,0,16073,115,53004
226902,0,16073,115,53004
226952,0,16073,115,53004
227002,0,16073,115,53004
227052,0,15903,115,53004
227102,0,15903,115,53004
227152,0,15903,115,53004
227202,0,15903,115,53007
227252,0,16073,115,53007
227302,0,16073,115,53007
227352,0,16073,115,53007
227402,0,16073,116,53007
227452,0,15903,116,53007
227587,0,15903,116,53006
227637,0,15903,116,53006
227687,0,15903,116,53006
227737,0,15903,116,53006
227829,0,15749,116,53006
227879,0,15749,116,53006
227929,0,15749,116,53006
227979,0,15749,116,53007
228029,0,15749,116,53007
228079,0,15749,116,53007
228129,0,15749,116,53007
228179,0,15749,116,53007
228229,0,15595,116,53007
228279,0,15595,116,53007
228329,0,15595,116,53007
228379,0,15595,116,53009
228429,0,15749,116,53009
228479,0,15749,116,53009
228529,0,15749,116,53009
228579,0,15749,115,53009
228714,0,15595,115,53009
228764,0,15595,115,53009
228856,0,15595,115,53009
228906,0,15595,115,53009
228956,0,15595,115,53009
229006,0,15595,116,53009
229056,0,15440,116,53009
229106,0,15440,116,53009
229156,0,15440,116,53009
229206,0,15440,116,53010
229256,0,15440,116,53010
229306,0,15440,116,53010
229356,0,15440,116,53010
229406,0,15440,115,53010
229456,0,15131,115,53010
229506,0,15131,115,53010
229556,0,15131,115,53010
229606,0,15131,115,53012
229656,0,15440,115,53012
229706,0,15440,115,53012
229841,0,15131,116,53012
229933,0,15131,116,53012
229983,0,15131,116,53012
230033,0,15131,116,53012
230083,0,15131,116,53012
230133,0,15131,116,53012
230183,0,15131,116,53012
230233,0,14838,116,53012
230283,0,14838,116,53012
230333,0,14838,116,53012
230383,0,14838,116,53014
230433,0,14977,116,53014
230483,0,14977,116,53014
230533,0,14977,116,53014
230583,0,14977,115,53014
230633,0,14699,115,53014
230683,0,14699,115,53014
230733,0,14699,115,53014
230783,0,14699,115,53014
230875,0,14977,115,53014
231010,0,14977,117,53014
231060,0,14699,117,53014
231110,0,14699,117,53014
231160,0,14699,117,53014
231210,0,14699,117,53015
231260,0,14699,117,53015
231310,0,14699,117,53015
231360,0,14699,117,53015
231410,0,14699,116,53015
231460,0,14560,116,53015
231510,0,14560,116,53015
231560,0,14560,116,53015
231610,0,14560,116,53016
231660,0,14699,116,53016
231710,0,14699,116,53016
231760,0,14699,116,53016
231810,0,14699,116,53016
231902,0,14421,116,53016
231952,0,14421,116,53016
232002,0,14421,116,53017
232137,0,14421,116,53017
232187,0,14421,116,53017
232237,0,14282,116,53017
232287,0,14282,116,53017
232337,0,14282,116,53017
232387,0,14282,116,53017
232437,0,14282,116,53017
232487,0,14282,116,53017
232537,0,14282,116,53017
232587,0,14282,116,53017
232637,0,14282,116,53017
232687,0,14282,116,53017
232737,0,14282,116,53017
232787,0,14282,116,53017
232837,0,14159,116,53018
232929,0,14159,116,53018
232979,0,14159,116,53018
233029,0,14159,116,53018
233079,0,14159,116,53018
233129,0,14159,116,53018
233264,0,14035,116,53019
233314,0,14035,116,53019
233364,0,14035,116,53019
233414,0,14035,115,53019
233464,0,14035,115,53019
233514,0,14035,115,53019
233564,0,14035,115,53019
233614,0,14035,115,53019
233664,0,13773,115,53019
233714,0,13773,115,53019
233764,0,13773,115,53019
233814,0,13773,115,53019
233864,0,14035,115,53019
233914,0,14035,115,53019
234006,0,14035,115,53020
234056,0,13649,115,53020
234106,0,13649,115,53020
234156,0,13649,115,53020
234206,0,13649,115,53020
234256,0,13649,115,53020
234391,0,13649,115,53020
234441,0,13541,115,53021
234491,0,13541,115,53021
234541,0,13541,115,53021
234591,0,13541,115,53021
234641,0,13541,116,53021
234691,0,13541,116,53021
234741,0,13541,116,53021
234791,0,13541,116,53021
234841,0,13649,116,53021
234891,0,13649,116,53021
234941,0,13649,116,53021
235033,0,13541,116,53021
235083,0,13541,116,53021
235133,0,13541,116,53021
235183,0,13541,116,53021
235233,0,13541,116,53023
235283,0,13541,116,53023
235333,0,13541,116,53023
235383,0,13541,116,53023
235518,0,13309,115,53023
235568,0,13309,115,53023
235618,0,13309,115,53023
235668,0,13417,115,53023
235718,0,13417,115,53023
235768,0,13417,115,53023
235818,0,13417,115,53023
235868,0,13309,115,53023
235918,0,13309,115,53023
235968,0,13309,115,53023
236060,0,13309,115,53023
236110,0,13309,115,53023
236160,0,13309,115,53023
236210,0,13309,115,53023
236260,0,13309,116,53023
236310,0,13309,116,53023
236360,0,13309,116,53023
236410,0,13309,116,53023
236460,0,13078,116,53025
236510,0,13078,116,53025
236645,0,13186,116,53025
236695,0,13186,116,53025
236745,0,13186,116,53025
236795,0,13186,116,53025
236845,0,12970,116,53025
236895,0,12970,116,53025
236945,0,12970,116,53025
236995,0,12970,116,53025
237045,0,13078,115,53025
237137,0,13078,115,53025
237187,0,13078,115,53025
237237,0,12862,115,53027
237287,0,12862,115,53027
237337,0,12862,115,53027
237387,0,12862,115,53027
237437,0,12862,116,53027
237487,0,12862,116,53027
237537,0,12862,116,53027
237587,0,12862,116,53027
237637,0,12970,116,53027
237772,0,12970,116,53027
237822,0,12970,115,53027
237872,0,12862,115,53027
237922,0,12862,115,53027
237972,0,12862,115,53027
238022,0,12862,115,53028
238072,0,12862,115,53028
238166,0,12862,115,53028
238216,0,12862,115,53028
238266,0,12753,116,53028
238316,0,12753,116,53028
238366,0,12753,116,53028
238416,0,12753,116,53028
238466,0,12862,116,53028
238516,0,12862,116,53028
238566,0,12862,116,53028
238702,0,12862,116,53028
238752,0,12862,116,53028
238802,0,12862,116,53028
238852,0,12553,116,53028
238902,0,12553,116,53028
238952,0,12553,116,53028
239002,0,12553,116,53028
239052,0,12862,115,53028
239102,0,12862,115,53028
239194,0,12862,115,53028
239244,0,12445,115,53029
239294,0,12445,115,53029
239344,0,12445,115,53029
239394,0,12445,115,53029
239444,0,12553,115,53029
239494,0,12553,115,53029
239544,0,12553,115,53029
239594,0,12553,115,53029
239644,0,12352,115,53030
239694,0,12352,115,53030
239829,0,12352,115,53030
239879,0,12352,116,53030
239929,0,12352,116,53030
239979,0,12352,116,53030
240029,0,12445,116,53030
240079,0,12445,116,53030
240129,0,12445,116,53030
240221,0,12445,116,53030
240271,0,12244,116,53030
240321,0,12244,116,53030
240371,0,12244,116,53030
240421,0,12244,116,53030
240471,0,12244,116,53031
240521,0,12244,116,53031
240571,0,12244,116,53031
240621,0,12244,116,53031
240671,0,12151,115,53031
240721,0,12151,115,53031
240771,0,12151,115,53031
240821,0,12151,115,53031
240956,0,12151,115,53031
241006,0,12151,115,53031
241056,0,12244,116,53031
241106,0,12244,116,53031
241156,0,12244,116,53031
241206,0,12244,116,53031
241298,0,11966,116,53032
241348,0,11966,116,53032
241398,0,11966,116,53032
241448,0,12151,116,53032
241498,0,12151,115,53032
241548,0,12151,115,53032
241598,0,12151,115,53032
241648,0,12151,115,53032
241698,0,12151,115,53033
241748,0,12151,115,53033
241798,0,12151,115,53033
241848,0,11966,115,53033
241898,0,11966,115,53033
241948,0,11966,115,53033
242083,0,12059,115,53033
242133,0,12059,115,53033
242183,0,12059,115,53033
242233,0,11873,115,53033
242325,0,11873,116,53033
242375,0,11873,116,53033
242425,0,11966,116,53033
242475,0,11966,116,53033
242525,0,11966,116,53033
242575,0,11966,116,53033
242625,0,11966,116,53033
242675,0,11966,116,53033
242725,0,11966,116,53033
242775,0,11966,116,53033
242825,0,11781,116,53033
242875,0,11781,116,53034
242925,0,11781,116,53034
242975,0,11781,116,53034
243025,0,11688,116,53034
243075,0,11688,116,53034
243210,0,11688,116,53034
243260,0,11688,116,53035
243352,0,11688,116,53035
243402,0,11688,116,53035
243452,0,11688,116,53035
243502,0,11688,116,53035
243552,0,11688,116,53035
243602,0,11688,116,53035
243652,0,11781,116,53035
243702,0,11781,116,53035
243752,0,11781,116,53035
243802,0,11781,116,53035
243852,0,11518,116,53035
243902,0,11518,116,53035
243952,0,11518,116,53035
244002,0,11518,116,53035
244052,0,11688,116,53035
244102,0,11688,116,53036
244152,0,11688,116,53036
244202,0,11688,116,53036
244337,0,11688,115,53036
244429,0,11518,115,53036
244479,0,11518,115,53036
244529,0,11518,115,53036
244579,0,11518,115,53036
244629,0,11595,115,53036
244679,0,11595,116,53036
244729,0,11595,116,53036
244779,0,11595,116,53036
244829,0,11426,116,53036
244879,0,11426,116,53037
244929,0,11426,116,53037
244979,0,11426,116,53037
245029,0,11426,116,53037
245079,0,11426,116,53037
245129,0,11426,116,53037
245179,0,11426,116,53037
245229,0,11518,116,53037
245279,0,11518,116,53038
245371,0,11518,116,53038
245506,0,11348,115,53038
245556,0,11348,115,53038
245606,0,11348,115,53038
245656,0,11348,115,53038
245706,0,11348,115,53038
245756,0,11348,115,53038
245806,0,11348,115,53038
245856,0,11348,115,53038
245906,0,11348,115,53038
245956,0,11348,115,53038
246006,0,11348,115,53038
246056,0,11179,115,53038
246106,0,11179,115,53038
246156,0,11179,115,53038
246206,0,11179,115,53038
246256,0,11179,115,53038
246306,0,11179,115,53038
246398,0,11179,115,53038
246448,0,11101,115,53038
246498,0,11101,115,53038
246633,0,11101,115,53038
246683,0,11101,115,53038
246733,0,11101,116,53038
246783,0,11101,116,53038
246833,0,11101,116,53038
246883,0,11101,116,53038
246933,0,11101,116,53040
246983,0,11101,116,53040
247033,0,10947,116,53040
247083,0,10947,116,53040
247133,0,10947,116,53040
247183,0,10947,116,53040
247233,0,10947,116,53040
247283,0,10947,116,53040
247333,0,10947,116,53039
247425,0,11024,116,53039
247475,0,11024,116,53039
247525,0,11024,115,53039
247575,0,11024,115,53039
247625,0,10870,115,53039
247760,0,10870,115,53040
247810,0,10870,115,53040
247860,0,10870,115,53040
247910,0,10870,115,53040
247960,0,10870,115,53040
248010,0,10870,115,53040
248060,0,10870,115,53040
248110,0,10870,115,53040
248160,0,10870,115,53040
248210,0,10870,115,53040
248260,0,10638,115,53040
248310,0,10638,116,53040
248360,0,10638,116,53040
248410,0,10638,116,53040
248502,0,10792,116,53041
248552,0,10792,116,53041
248602,0,10792,116,53041
248652,0,10792,116,53041
248702,0,10792,115,53041
248752,0,10792,115,53041
248887,0,10561,115,53041
248937,0,10561,115,53042
248987,0,10561,115,53042
249037,0,10638,115,53042
249087,0,10638,115,53042
249137,0,10638,115,53042
249187,0,10638,115,53042
249237,0,10638,115,53042
249287,0,10638,115,53042
249337,0,10638,115,53042
249387,0,10638,115,53042
249437,0,10422,115,53042
249571,0,10422,115,53042
249621,0,10422,115,53042
249671,0,10422,115,53042
249721,0,10422,115,53043
249771,0,10422,115,53043
249821,0,10422,115,53043
249871,0,10422,115,53043
249921,0,10422,115,53043
250226,0,10360,115,53043
250276,0,10360,115,53043
250326,0,10360,115,53043
250376,0,10360,115,53043
250426,0,10360,115,53043
250476,0,10360,115,53043
250526,0,10360,115,53044
250576,0,10360,115,53044
250626,0,10221,115,53044
250676,0,10221,115,53044
250768,0,10221,115,53044
250818,0,10221,115,53044
250868,0,10221,115,53044
250918,0,10221,115,53044
250968,0,10221,115,53044
251018,0,10221,115,53044
251068,0,10221,115,53044
251118,0,10221,116,53044
251168,0,10221,116,53044
251218,0,10221,116,53044
251395,0,10082,116,53045
251445,0,10221,116,53045
251495,0,10221,116,53045
251545,0,10221,116,53045
251595,0,10221,116,53045
251645,0,10221,116,53045
251695,0,10221,116,53045
251745,0,10221,116,53044
251795,0,10221,116,53044
251887,0,9959,116,53044
251937,0,9959,115,53044
251987,0,9959,115,53044
252037,0,9959,115,53044
252087,0,9959,115,53044
252137,0,9959,115,53045
252187,0,9959,115,53045
252237,0,9959,115,53045
252287,0,9959,115,53045
252337,0,9959,115,53045
252387,0,9959,115,53045
252522,0,9820,115,53045
252572,0,9820,115,53045
252622,0,9820,115,53045
252672,0,9897,115,53045
252722,0,9897,115,53045
252772,0,9897,116,53045
252822,0,9897,116,53045
252914,0,9897,116,53045
252964,0,9897,116,53045
253014,0,9897,116,53045
253064,0,9650,116,53045
253114,0,9650,116,53045
253164,0,9650,115,53045
253214,0,9650,115,53045
253264,0,9588,115,53045
253314,0,9588,115,53045
253449,0,9588,115,53047
253499,0,9588,115,53047
253549,0,9588,115,53047
253599,0,9588,115,53047
253649,0,9526,115,53047
253699,0,9526,115,53047
253749,0,9526,115,53047
253799,0,9526,115,53047
253849,0,9526,115,53047
253899,0,9526,115,53047
253991,0,9526,115,53047
254041,0,9526,115,53047
254091,0,9526,115,53047
254141,0,9526,115,53047
254191,0,9526,115,53047
254241,0,9357,115,53047
254291,0,9357,115,53047
254341,0,9357,115,53047
254391,0,9357,115,53047
254441,0,9357,115,53047
254576,0,9357,115,53048
254626,0,9295,115,53048
254676,0,9295,115,53048
254726,0,9295,115,53048
254776,0,9295,115,53048
254826,0,9295,115,53048
254876,0,9295,115,53048
254926,0,9295,115,53048
254976,0,9295,115,53049
255068,0,9233,115,53049
255118,0,9233,115,53049
255168,0,9233,115,53049
255218,0,9233,115,53049
255268,0,9125,115,53049
255318,0,9125,115,53049
255368,0,9125,115,53049
255418,0,9125,115,53049
255468,0,9125,115,53049
255518,0,9125,115,53049
255568,0,9125,116,53049
255705,0,9079,116,53049
255755,0,9079,116,53049
255805,0,9079,116,53049
255855,0,9079,116,53049
255905,0,9079,116,53049
255955,0,9079,115,53049
256005,0,9079,115,53049
256055,0,9079,115,53049
256148,0,9079,115,53050
256198,0,9079,115,53050
256248,0,9017,115,53050
256298,0,9017,115,53050
256348,0,9017,115,53050
256398,0,9017,115,53050
256448,0,9017,115,53050
256498,0,9017,115,53050
256548,0,9017,115,53050
256598,0,9017,115,53050
256648,0,8970,115,53050
256698,0,8970,115,53050
256833,0,8970,115,53050
256883,0,8970,115,53050
256933,0,8970,115,53050
256983,0,8970,115,53051
257033,0,8924,115,53051
257083,0,8924,115,53051
257133,0,8924,115,53051
257225,0,8924,115,53051
257275,0,8924,115,53051
257325,0,8924,115,53051
257375,0,8924,115,53051
257425,0,8924,115,53051
257475,0,8924,115,53051
257525,0,8924,115,53051
257575,0,8924,115,53051
257625,0,8770,115,53051
257675,0,8770,115,53051
257725,0,8770,115,53051
257775,0,8770,115,53051
257825,0,8770,115,53051
257960,0,8770,115,53051
258010,0,8770,115,53051
258060,0,8770,115,53051
258110,0,8770,115,53051
258160,0,8770,115,53051
258210,0,8770,115,53051
258302,0,8770,115,53051
258352,0,8770,115,53051
258402,0,8770,116,53051
258452,0,8662,116,53051
258502,0,8662,116,53051
258552,0,8662,116,53051
258602,0,8662,116,53052
258652,0,8708,116,53052
258702,0,8708,116,53052
258752,0,8708,116,53052
258802,0,8708,116,53052
258852,0,8708,116,53052
258902,0,8708,116,53052
258952,0,8708,116,53052
259088,0,8569,116,53052
259138,0,8569,116,53052
259188,0,8569,115,53052
259238,0,8569,115,53052
259288,0,8569,115,53052
259380,0,8569,115,53052
259430,0,8569,115,53052
259480,0,8569,115,53052
259530,0,8569,115,53052
259580,0,8569,115,53052
259630,0,8569,115,53052
259680,0,8569,115,53052
259730,0,8569,115,53052
259780,0,8569,115,53053
259830,0,8384,115,53053
259880,0,8384,115,53053
259930,0,8384,115,53053
259980,0,8384,116,53053
260030,0,8384,116,53053
260080,0,8384,116,53053
260215,0,8384,116,53053
260265,0,8430,116,53053
260315,0,8430,116,53053
260365,0,8430,116,53053
260457,0,8430,115,53053
260507,0,8430,115,53053
260557,0,8430,115,53053
260607,0,8430,115,53053
260657,0,8168,115,53053
260707,0,8168,115,53053
260757,0,8168,115,53053
260807,0,8168,115,53053
260857,0,8168,115,53053
260907,0,8168,115,53053
260957,0,8168,115,53053
261007,0,8168,115,53053
261057,0,8168,115,53053
261107,0,8168,115,53053
261157,0,8168,115,53053
261207,0,8168,115,53053
261342,0,8075,115,53053
261392,0,8075,115,53054
261442,0,8075,115,53054
261534,0,8075,115,53054
261584,0,8075,115,53054
261634,0,8075,115,53054
261684,0,8075,115,53054
261734,0,8075,115,53054
261784,0,8075,115,53054
261834,0,8075,115,53054
261884,0,8075,115,53054
261934,0,8075,115,53054
261984,0,8075,115,53054
262034,0,7951,115,53054
262084,0,7951,115,53054
262134,0,7951,115,53054
262184,0,7951,115,53054
262234,0,7951,115,53055
262284,0,7951,115,53055
262334,0,7951,115,53055
262469,0,7951,115,53055
262519,0,7951,115,53055
262611,0,7951,115,53056
262661,0,7951,115,53056
262711,0,7951,115,53056
262761,0,7951,115,53056
262811,0,7951,115,53056
262861,0,7828,115,53056
262911,0,7828,115,53056
262961,0,7828,115,53056
263011,0,7828,115,53055
263061,0,7828,115,53055
263111,0,7828,115,53055
263161,0,7828,115,53055
263211,0,7828,115,53055
263261,0,7720,115,53055
263311,0,7720,115,53055
263361,0,7720,115,53055
263411,0,7720,115,53055
263461,0,7720,115,53055
263596,0,7720,115,53055
263688,0,7596,115,53055
263738,0,7596,115,53055
263788,0,7596,115,53055
263838,0,7596,115,53056
263888,0,7596,115,53056
263938,0,7596,115,53056
263988,0,7596,115,53056
264038,0,7643,115,53056
264088,0,7643,115,53056
264138,0,7643,115,53056
264188,0,7643,115,53056
264238,0,7643,115,53056
264288,0,7643,115,53056
264338,0,7643,115,53056
264388,0,7643,115,53056
264438,0,7565,116,53056
264488,0,7565,116,53056
264538,0,7565,116,53056
264588,0,7565,116,53056
264766,0,7565,116,53056
264816,0,7565,115,53056
264866,0,7488,115,53056
264916,0,7488,115,53056
264966,0,7488,115,53056
265016,0,7488,115,53057
265066,0,7488,115,53057
265116,0,7488,115,53057
265166,0,7488,115,53057
265216,0,7488,115,53057
265266,0,7380,115,53057
265316,0,7380,115,53057
265366,0,7380,115,53057
265416,0,7380,115,53057
265466,0,7380,115,53057
265516,0,7380,115,53057
265566,0,7380,115,53057
265616,0,7380,115,53057
265666,0,7411,115,53057
265758,0,7411,115,53057
265893,0,7411,115,53057
265943,0,7411,115,53057
265993,0,7411,115,53057
266043,0,7241,114,53057
266093,0,7241,114,53057
266143,0,7241,114,53057
266193,0,7241,114,53057
266243,0,7241,114,53058
266293,0,7241,114,53058
266343,0,7241,114,53058
266393,0,7241,114,53058
266443,0,7303,115,53058
266493,0,7303,115,53058
266543,0,7303,115,53058
266593,0,7303,115,53058
266643,0,7303,115,53058
266693,0,7303,115,53058
266743,0,7303,115,53058
266835,0,7210,114,53058
266885,0,7210,114,53058
267020,0,7210,114,53058
267070,0,7210,114,53058
267120,0,7210,114,53058
267170,0,7210,114,53058
267220,0,7210,115,53058
267270,0,7210,115,53058
267320,0,7210,115,53058
267370,0,7210,115,53058
267420,0,7210,115,53059
267470,0,7179,115,53059
267520,0,7179,115,53059
267570,0,7179,115,53059
267620,0,7179,115,53059
267670,0,7179,115,53059
267720,0,7179,115,53059
267770,0,7179,115,53059
267905,0,7071,115,53059
267997,0,7071,115,53059
268047,0,7071,115,53059
268097,0,7071,115,53059
268147,0,7071,115,53059
268197,0,7071,115,53059
268247,0,7102,115,53060
268297,0,7102,115,53060
268347,0,7102,115,53060
268397,0,7102,115,53060
268447,0,7102,115,53060
268497,0,7102,115,53060
268547,0,7102,115,53060
268597,0,7102,115,53060
268647,0,6948,115,53059
268697,0,6948,115,53059
268747,0,6948,115,53059
268797,0,6948,115,53059
268847,0,6948,114,53059
268897,0,6948,114,53059
269075,0,7071,114,53059
269125,0,7071,114,53059
269175,0,7071,114,53059
269225,0,7071,116,53059
269275,0,7071,116,53059
269325,0,7071,116,53059
269375,0,7071,116,53059
269425,0,7071,116,53060
269475,0,7071,116,53060
269525,0,7071,116,53060
269575,0,7071,116,53060
269625,0,6886,115,53060
269675,0,6886,115,53060
269725,0,6886,115,53060
269775,0,6886,115,53060
269825,0,6886,115,53060
269875,0,6886,115,53061
269925,0,6886,115,53061
269975,0,6886,115,53061
270067,0,6917,115,53061
270202,0,6917,115,53061
270252,0,6917,115,53061
270302,0,6917,115,53061
270352,0,6917,115,53061
270402,0,6917,115,53061
270452,0,6824,115,53061
270502,0,6824,115,53061
270552,0,6824,115,53061
270602,0,6824,115,53061
270652,0,6824,115,53061
270702,0,6824,115,53061
270752,0,6824,115,53061
270802,0,6824,115,53061
270852,0,6855,116,53061
270902,0,6855,116,53061
270952,0,6855,116,53061
271002,0,6855,116,53061
271052,0,6855,116,53061
271144,0,6855,116,53061
271194,0,6855,116,53061
271329,0,6762,115,53061
271379,0,6762,115,53061
271429,0,6762,115,53061
271479,0,6762,115,53061
271529,0,6762,115,53061
271579,0,6762,115,53061
271629,0,6762,115,53061
271679,0,6762,115,53061
271729,0,6762,115,53061
271779,0,6762,115,53061
271829,0,6855,115,53061
271879,0,6855,115,53061
271929,0,6855,115,53061
271979,0,6855,115,53061
272029,0,6855,115,53061
272079,0,6855,115,53061
272129,0,6855,115,53061
272221,0,6855,115,53061
272271,0,6732,115,53062
272321,0,6732,115,53062
272457,0,6732,116,53062
272507,0,6732,116,53062
272557,0,6732,116,53062
272607,0,6732,116,53062
272657,0,6670,116,53061
272707,0,6670,116,53061
272757,0,6670,116,53061
272807,0,6670,116,53061
272857,0,6670,116,53061
272907,0,6670,116,53061
272957,0,6670,116,53061
273007,0,6670,116,53061
273057,0,6670,116,53062
273107,0,6670,116,53062
273157,0,6670,116,53062
273207,0,6670,116,53062
273299,0,6654,115,53062
273349,0,6654,115,53062
273399,0,6654,115,53062
273449,0,6654,115,53062
273586,0,6654,115,53063
273636,0,6654,115,53063
273686,0,6654,115,53063
273736,0,6654,115,53063
273786,0,6654,115,53063
273836,0,6654,115,53063
273886,0,6654,115,53062
273936,0,6654,115,53062
273986,0,6654,115,53062
274036,0,6562,115,53062
274086,0,6562,116,53062
274136,0,6562,116,53062
274186,0,6562,116,53062
274236,0,6562,116,53062
274286,0,6562,116,53063
274378,0,6562,116,53063
274428,0,6624,116,53063
274478,0,6624,115,53063
274528,0,6624,115,53063
274578,0,6624,115,53063
274713,0,6624,115,53063
274763,0,6624,115,53063
274813,0,6624,115,53063
274863,0,6624,115,53063
274913,0,6624,115,53063
274963,0,6624,115,53063
275013,0,6624,115,53063
275063,0,6454,115,53064
275113,0,6454,115,53064
275163,0,6454,115,53064
275213,0,6454,115,53064
275263,0,6454,115,53064
275313,0,6454,115,53064
275363,0,6454,115,53064
275455,0,6485,115,53064
275505,0,6485,115,53064
275555,0,6485,115,53064
275605,0,6485,115,53064
275655,0,6485,115,53064
275705,0,6485,116,53064
275840,0,6485,116,53064
275890,0,6485,116,53064
275940,0,6485,116,53064
275990,0,6485,116,53064
276040,0,6376,116,53064
276090,0,6376,115,53064
276140,0,6376,115,53064
276190,0,6376,115,53064
276240,0,6376,115,53064
276290,0,6376,115,53065
276340,0,6376,115,53065
276390,0,6376,115,53065
276440,0,6423,115,53065
276532,0,6423,116,53065
276582,0,6423,116,53065
276632,0,6423,116,53065
276682,0,6423,116,53044
276732,0,6423,116,53044
276782,0,6423,116,53044
276832,0,6423,116,53044
276967,0,6423,226,53044
277017,0,6423,226,53044
277067,0,5465,226,53044
277117,0,5465,226,53042
277167,0,5465,226,53042
277217,0,5465,226,53042
277267,0,5465,226,53042
277317,0,5465,367,53042
277367,0,5465,367,53042
277417,0,5465,367,53042
277467,0,5465,367,53042
277517,0,5465,367,53042
277609,0,5465,367,53042
277659,0,5465,367,53042
277709,0,5465,516,53042
277759,0,5465,516,53042
277809,0,5465,516,53042
277859,0,5465,516,53042
277909,0,5465,516,53041
277959,0,5465,516,53041
278094,0,2007,529,53041
278144,0,2007,529,53041
278194,0,2007,529,53041
278244,0,2007,529,53041
278294,0,2007,529,53040
278344,0,2007,529,53040
278394,0,2007,529,53040
278444,0,2007,529,53040
278494,0,2007,520,53040
278544,0,2007,520,53040
278594,0,2007,520,53040
278686,0,2007,520,53060
278736,0,2007,520,53060
278786,0,2007,520,53060
278836,0,2007,520,53060
278886,0,2007,1180,53060
278936,0,2007,1180,53060
278986,0,2007,1180,53060
279036,0,2007,1180,53060
279086,0,2007,1180,53060
279221,0,2007,1180,53052
279271,0,2009,1180,53052
279321,0,2011,1297,53052
279371,0,2012,1297,53052
279421,0,2014,1297,53052
279471,0,2016,1297,53052
279521,0,2018,1297,53052
279571,0,2019,1297,53052
279621,0,2021,1297,53052
279671,0,2023,1297,53052
279763,0,2026,200,53052
279813,0,2028,200,53052
279863,0,2030,200,53052
279913,0,2032,200,53052
279963,0,2033,200,53052
280013,0,2035,200,53052
280063,0,2037,200,53052
280113,0,2039,285,53052
280163,0,2041,285,53052
280213,0,2042,285,53052
280348,0,2047,285,53024
280398,0,2049,285,53024
280448,0,2051,285,53024
280498,0,2052,382,53024
280548,0,2054,382,53024
280598,0,2056,382,53024
280648,0,2058,382,53024
280698,0,2060,382,53024
280748,0,2061,382,53024
280798,0,2063,382,53024
280848,0,2065,382,53024
280940,0,2068,373,53024
280990,0,2070,373,53024
281040,0,2072,373,53024
281090,0,2074,373,53024
281140,0,2075,373,53022
281190,0,2077,373,53022
281240,0,2079,373,53022
281290,0,2081,373,53022
281340,0,2082,370,53022
281475,0,2087,370,53022
281525,0,2089,370,53024
281575,0,2091,370,53024
281625,0,2093,370,53024
281675,0,2094,370,53024
281725,0,2096,370,53024
281775,0,2098,370,53024
281825,0,2100,370,53024
281875,0,2101,370,53024
281925,0,2103,370,53023
281975,0,2105,370,53023
282025,0,2107,370,53023
282075,0,2109,370,53023
282167,0,2112,369,53023
282217,0,2114,369,53023
282267,0,2115,369,53023
282402,0,2120,369,52977
282452,0,2122,369,52977
282502,0,2124,369,52977
282552,0,2126,2027,52977
282602,0,2127,2027,52977
282652,0,2129,2027,52977
282702,0,2131,2027,52977
282752,0,2133,2027,52723
282802,0,2134,2027,52723
282852,0,2136,2027,52723
282902,0,2138,2027,52723
282952,0,2140,2294,52723
283002,0,2142,2294,52723
283052,0,2143,2294,52723
283102,0,2145,2294,52723
283152,0,2147,2294,52690
283202,0,2149,2294,52690
283294,0,2152,2294,52690
283344,0,2154,2527,52690
283394,0,2156,2527,52690
283529,0,2160,2527,52659
283579,0,2162,2527,52659
283629,0,2164,2527,52659
283679,0,2166,2527,52659
283729,0,2167,2706,52659
283779,0,2169,2706,52659
283829,0,2171,2706,52659
283879,0,2173,2706,52659
283929,0,2175,2706,52620
283979,0,2176,2706,52620
284029,0,2178,2706,52620
284079,0,2180,2706,52620
284129,0,2182,2895,52620
284179,0,2183,2895,52620
284229,0,2185,2895,52620
284279,0,2187,2895,52620
284329,0,2189,2895,52584
284379,0,2191,2895,52584
284513,0,2195,2895,52584
284563,0,2197,3084,52584
284868,0,2208,3084,52550
284918,0,2208,3285,52550
284968,0,2208,3285,52550
285018,0,2208,3285,52550
285068,0,2208,3285,52550
285118,0,2208,3285,52550
285168,0,2208,3285,52511
285218,0,2208,3285,52511
285268,0,2208,3285,52511
285318,0,2208,3285,52511
285368,0,2208,3495,52511
285418,0,2208,3495,52511
285468,0,2208,3495,52511
285518,0,2208,3495,52511
285568,0,2208,3495,52479
285618,0,2208,3495,52479
285710,0,3505,3495,52479
285760,0,3505,3687,52479
285810,0,3505,3687,52479
285860,0,3505,3687,52479
286037,0,3505,3687,52435
286087,0,3505,3687,52435
286137,0,3505,3886,52435
286187,0,3505,3886,52435
286237,0,3505,3886,52435
286287,0,3505,3886,52435
286337,0,3505,3886,52398
286387,0,3505,3886,52398
286437,0,4416,3886,52398
286487,0,4416,3886,52398
286537,0,4416,4091,52398
286587,0,4416,4091,52398
286637,0,4416,4091,52398
286687,0,4416,4091,52398
286737,0,4416,4091,52362
286829,0,4416,4091,52362
286879,0,4416,4091,52362
286929,0,4416,4091,52362
286979,0,4416,4268,52362
287029,0,5157,4268,52362
287164,0,5157,4268,52329
287214,0,5157,4268,52329
287264,0,5157,4268,52329
287314,0,5157,4268,52329
287364,0,5157,4460,52329
287414,0,5157,4460,52329
287464,0,5157,4460,52329
287514,0,5157,4460,52329
287564,0,5157,4460,52292
287614,0,5157,4460,52292
287664,0,5774,4460,52292
287714,0,5774,4460,52292
287764,0,5774,4655,52292
287856,0,5774,4655,52292
287906,0,5774,4655,52292
287956,0,5774,4655,52260
288006,0,5774,4655,52260
288056,0,6376,4655,52260
288106,0,6376,4655,52260
288156,0,6376,4829,52260
288323,0,6376,4829,52260
288373,0,6376,4829,52224
288423,0,6376,4829,52224
288473,0,6793,4829,52224
288523,0,6793,4829,52224
288573,0,6793,5013,52224
288623,0,6793,5013,52224
288673,0,6793,5013,52224
288723,0,6793,5013,52224
288773,0,6793,5013,52189
288823,0,6793,5013,52189
288915,0,7272,5013,52189
288965,0,7272,5187,52189
289015,0,7272,5187,52189
289065,0,7272,5187,52189
289115,0,7272,5187,52189
289165,0,7272,5187,52156
289215,0,7272,5187,52156
289265,0,7673,5187,52156
289315,0,7673,5187,52156
289450,0,7673,5372,52156
289500,0,7673,5372,52156
289550,0,7673,5372,52156
289600,0,7673,5372,52120
289650,0,8121,5372,52120
289700,0,8121,5372,52120
289750,0,8121,5372,52120
289800,0,8121,5554,52120
289850,0,8121,5554,52120
289900,0,8121,5554,52120
289992,0,8121,5554,52081
290042,0,8476,5554,52081
290092,0,8476,5554,52081
290142,0,8476,5554,52081
290192,0,8476,5751,52081
290242,0,8476,5751,52081
290292,0,8476,5751,52081
290342,0,8476,5751,52081
290392,0,8476,5751,52048
290442,0,8862,5751,52048
290577,0,8862,5927,52048
290627,0,8862,5927,52048
290677,0,8862,5927,52048
290727,0,8862,5927,52048
290777,0,8862,5927,52010
290827,0,9233,5927,52010
290877,0,9233,5927,52010
290927,0,9233,5927,52010
291019,0,9233,6107,52010
291069,0,9650,6107,52010
291119,0,9650,6107,52010
291169,0,9650,6107,51972
291219,0,9650,6107,51972
291269,0,9650,6107,51972
291319,0,9650,6107,51972
291369,0,9650,6294,51972
291419,0,9650,6294,51972
291469,0,9959,6294,51972
291519,0,9959,6294,51972
291569,0,9959,6294,51936
291704,0,10422,6294,51936
291754,0,10422,6294,51936
291804,0,10422,6488,51936
291854,0,10422,6488,51936
291904,0,10422,6488,51936
291954,0,10422,6488,51936
292046,0,10561,6488,51899
292096,0,10561,6488,51899
292146,0,10561,6488,51899
292196,0,10561,6677,51899
292246,0,10947,6677,51899
292296,0,10947,6677,51899
292346,0,10947,6677,51899
292396,0,10947,6677,51861
292446,0,10947,6677,51861
292496,0,10947,6677,51861
292546,0,10947,6677,51861
292596,0,10947,6872,51861
292646,0,11179,6872,51861
292696,0,11179,6872,51861
292831,0,11595,6872,51827
292881,0,11595,6872,51827
292931,0,11595,6872,51827
292981,0,11595,7043,51827
293073,0,11688,7043,51827
293123,0,11688,7043,51827
293173,0,11688,7043,51827
293223,0,11688,7043,51788
293273,0,12059,7043,51788
293323,0,12059,7043,51788
293373,0,12059,7043,51788
293423,0,12059,7231,51788
293473,0,12059,7231,51788
293523,0,12059,7231,51788
293573,0,12059,7231,51788
293623,0,12059,7231,51752
293673,0,12352,7231,51752
293723,0,12352,7231,51752
293773,0,12352,7231,51752
293823,0,12352,7406,51752
293959,0,12645,7406,51752
294051,0,12753,7406,51715
294101,0,12753,7406,51715
294151,0,12753,7406,51715
294201,0,12753,7599,51715
294251,0,13186,7599,51715
294301,0,13186,7599,51715
294351,0,13186,7599,51715
294401,0,13186,7599,51678
294451,0,13186,7599,51678
294501,0,13186,7599,51678
294551,0,13186,7599,51678
294601,0,13186,7782,51678
294651,0,13186,7782,51678
294701,0,13186,7782,51678
294751,0,13186,7782,51678
294801,0,13186,7782,51644
294851,0,13773,7782,51644
294901,0,13773,7782,51644
294993,0,13773,7954,51644
295128,0,13896,7954,51644
295178,0,13896,7954,51644
295228,0,14035,7954,51607
295278,0,14035,7954,51607
295328,0,14035,7954,51607
295378,0,14035,7954,51607
295428,0,14282,8145,51607
295478,0,14282,8145,51607
295528,0,14282,8145,51607
295578,0,14282,8145,51607
295628,0,14560,8145,51571
295678,0,14560,8145,51571
295728,0,14560,8145,51571
295778,0,14560,8145,51571
295828,0,14699,8342,51571
295878,0,14699,8342,51571
295928,0,14699,8342,51571
296020,0,14699,8342,51531
296070,0,14977,8342,51531
296120,0,14977,8342,51531
296255,0,15131,8517,51531
296305,0,15131,8517,51531
296355,0,15131,8517,51531
296405,0,15131,8517,51491
296455,0,15440,8517,51491
296505,0,15440,8517,51491
296555,0,15440,8517,51491
296605,0,15440,8698,51491
296655,0,15595,8698,51491
296705,0,15595,8698,51491
296755,0,15595,8698,51491
296805,0,15595,8698,51459
296855,0,15749,8698,51459
296905,0,15749,8698,51459
296997,0,15749,8698,51459
297047,0,15903,8862,51459
297182,0,15903,8862,51459
297232,0,16073,8862,51427
297282,0,16073,8862,51427
297332,0,16073,8862,51427
297382,0,16073,8862,51427
297432,0,16243,9032,51427
297482,0,16243,9032,51427
297532,0,16243,9032,51427
297582,0,16243,9032,51427
297632,0,16413,9032,51390
297682,0,16413,9032,51390
297732,0,16413,9032,51390
297782,0,16413,9032,51390
297832,0,16598,9213,51390
297882,0,16598,9213,51390
297932,0,16598,9213,51390
298024,0,16953,9213,51357
298074,0,16953,9213,51357
298124,0,16953,9213,51357
298174,0,16953,9213,51357
298310,0,17339,9366,51357
298360,0,17339,9366,51357
298410,0,17339,9366,51316
298460,0,17540,9366,51316
298510,0,17540,9366,51316
298560,0,17540,9366,51316
298610,0,17540,9519,51316
298660,0,17741,9519,51316
298710,0,17741,9519,51316
298760,0,17741,9519,51316
298810,0,17741,9519,51284
298860,0,17741,9519,51284
298910,0,17741,9519,51284
298960,0,17741,9519,51284
299052,0,17941,9689,51284
299102,0,17941,9689,51284
299152,0,17941,9689,51284
299202,0,17941,9689,51284
299252,0,17941,9689,51255
299302,0,17941,9689,51255
299437,0,18158,10059,51255
299487,0,18158,10059,51255
299537,0,18158,10059,51255
299587,0,18158,10059,51255
299637,0,18590,10059,51213
299687,0,18590,10059,51213
299737,0,18590,10059,51213
299787,0,18590,10059,51213
299837,0,18822,11087,51213
299887,0,18822,11087,51213
299937,0,18822,11087,51213
300029,0,19053,11087,51175
300079,0,19053,11087,51175
300129,0,19053,11087,51175
300179,0,19053,11087,51175
300229,0,19300,11256,51175
300279,0,19300,11256,51175
300329,0,19300,11256,51175
300379,0,19300,11256,51175
300429,0,19300,11256,51135
300564,0,19300,11256,51135
300614,0,19300,11256,51135
300664,0,19532,11452,51135
300714,0,19532,11452,51135
300764,0,19532,11452,51135
300814,0,19532,11452,51135
300864,0,19532,11452,51106
300914,0,19532,11452,51106
301006,0,19532,11452,51106
301056,0,19794,11564,51106
301106,0,19794,11564,51106
301156,0,19794,11564,51106
301206,0,19794,11564,51106
301256,0,20041,11564,51070
301306,0,20041,11564,51070
301356,0,20041,11564,51070
301406,0,20041,11564,51070
301456,0,20041,10816,51070
301506,0,20041,10816,51070
301556,0,20041,10816,51070
301691,0,20582,10816,51033
301741,0,20582,10816,51033
301791,0,20582,10816,51033
301841,0,20582,10900,51033
301891,0,20582,10900,51033
301983,0,20582,10900,51033
302033,0,20582,10900,51033
302083,0,20582,10900,51002
302133,0,20582,10900,51002
302183,0,20582,10900,51002
302233,0,21138,10900,51002
302283,0,21138,11074,51002
302333,0,21138,11074,51002
302383,0,21138,11074,51002
302433,0,21431,11074,51002
302483,0,21431,11074,50964
302533,0,21431,11074,50964
302583,0,21431,11074,50964
302633,0,20860,11074,50964
302683,0,20860,11220,50964
302818,0,20860,11220,50964
302868,0,21740,11220,50927
302960,0,21740,11220,50927
303010,0,21740,11220,50927
303060,0,22049,11368,50927
303110,0,22049,11368,50927
303160,0,22049,11368,50927
303210,0,22049,11368,50927
303260,0,22049,11368,50899
303310,0,22049,11368,50899
303360,0,22049,11368,50899
303410,0,22049,11368,50899
303460,0,21740,11534,50899
303510,0,21740,11534,50899
303560,0,21740,11534,50899
303610,0,21740,11534,50899
303660,0,22049,11534,50860
303710,0,22049,11534,50860
303760,0,22049,11534,50860
303852,0,22697,11684,50860
303987,0,22697,11684,50860
304037,0,22697,11684,50860
304087,0,22697,11684,50839
304137,0,22697,11684,50839
304187,0,22697,11684,50839
304237,0,22697,11684,50839
304287,0,22697,11852,50839
304337,0,22697,11852,50839
304387,0,22697,11852,50839
304437,0,22697,11852,50839
304487,0,22697,11852,50802
304537,0,22697,11852,50802
304587,0,22697,11852,50802
304637,0,23037,11852,50802
304687,0,23037,11976,50802
304737,0,23037,11976,50802
304829,0,23392,11976,50802
304879,0,23392,11976,50775
304929,0,23392,11976,50775
304979,0,23392,11976,50775
305114,0,23392,12156,50775
305164,0,23392,12156,50775
305214,0,23392,12156,50775
305264,0,23747,12156,50734
305314,0,23747,12156,50734
305364,0,23747,12156,50734
305414,0,23747,12156,50734
305464,0,23747,12275,50734
305514,0,23747,12275,50734
305564,0,23747,12275,50734
305614,0,23747,12275,50734
305664,0,24118,12275,50707
305714,0,24118,12275,50707
305806,0,24118,12275,50707
305856,0,24118,12275,50707
305906,0,24118,12451,50707
305956,0,24118,12451,50707
306006,0,24118,12451,50707
306056,0,24118,12451,50707
306106,0,24118,12451,50665
306243,0,24504,12451,50665
306293,0,24504,12599,50665
306343,0,24504,12599,50665
306393,0,24504,12599,50665
306443,0,24504,12599,50665
306493,0,24504,12599,50635
306543,0,24504,12599,50635
306593,0,24504,12599,50635
306643,0,24890,12599,50635
306693,0,24890,12751,50635
306786,0,24890,12751,50635
306836,0,24890,12751,50635
306886,0,24890,12751,50608
306936,0,24890,12751,50608
306986,0,24890,12751,50608
307036,0,24890,12751,50608
307086,0,24890,12910,50608
307136,0,24890,12910,50608
307186,0,24890,12910,50608
307236,0,25307,12910,50608
307371,0,25307,12910,50567
307421,0,25307,12910,50567
307471,0,25724,13054,50567
307521,0,25724,13054,50567
307571,0,25724,13054,50567
307621,0,25724,13054,50567
307671,0,25724,13054,50545
307763,0,25724,13054,50545
307813,0,25724,13054,50545
307863,0,26156,13054,50545
307913,0,26156,13212,50545
307963,0,26156,13212,50545
308013,0,26156,13212,50545
308063,0,25724,13212,50545
308113,0,25724,13212,50513
308163,0,25724,13212,50513
308213,0,25724,13212,50513
308263,0,26156,13212,50513
308313,0,26156,13362,50513
308363,0,26156,13362,50513
308498,0,25724,13362,50464
308548,0,25724,13362,50464
308598,0,25724,13362,50464
308648,0,26619,13362,50464
308740,0,26619,13553,50464
308790,0,26619,13553,50464
308840,0,27082,13553,50464
308890,0,27082,13553,50446
308940,0,27082,13553,50446
308990,0,27082,13553,50446
309040,0,26619,13553,50446
309090,0,26619,13610,50446
309140,0,26619,13610,50446
309190,0,26619,13610,50446
309240,0,27082,13610,50446
309290,0,27082,13610,50425
309340,0,27082,13610,50425
309390,0,27082,13610,50425
309440,0,26619,13610,50425
309490,0,26619,13747,50425
309625,0,27082,13747,50425
309717,0,27082,13747,50400
309767,0,27082,13747,50400
309817,0,27082,13747,50400
309867,0,27082,13747,50400
309917,0,27082,13859,50400
309967,0,27082,13859,50400
310017,0,27082,13859,50400
310067,0,27561,13859,50400
310117,0,27561,13859,50365
310167,0,27561,13859,50365
310217,0,27561,13859,50365
310267,0,28071,13859,50365
310317,0,28071,14010,50365
310367,0,28071,14010,50365
310417,0,28071,14010,50365
310467,0,28071,14010,50365
310517,0,28071,14010,50327
310567,0,28071,14010,50327
310659,0,28580,14010,50327
310794,0,28580,14146,50327
310844,0,28071,14146,50327
310894,0,28071,14146,50309
310944,0,28071,14146,50309
310994,0,28071,14146,50309
311044,0,28580,14146,50309
311094,0,28580,14265,50309
311144,0,28580,14265,50309
311194,0,28580,14265,50309
311244,0,29120,14265,50309
311294,0,29120,14265,50279
311344,0,29120,14265,50279
311394,0,29120,14265,50279
311444,0,28071,14265,50279
311494,0,28071,14368,50279
311544,0,28071,14368,50279
311722,0,28580,14368,50252
311772,0,28580,14368,50252
311822,0,28580,14368,50252
311872,0,28580,14368,50252
311922,0,28580,14547,50252
311972,0,28580,14547,50252
312022,0,28580,14547,50252
312072,0,28580,14547,50252
312122,0,28580,14547,50215
312172,0,28580,14547,50215
312222,0,28580,14547,50215
312272,0,28580,14547,50215
312322,0,28580,14690,50215
312372,0,28580,14690,50215
312422,0,28580,14690,50215
312472,0,29120,14690,50215
312522,0,29120,14690,50182
312614,0,29120,14690,50182
312664,0,29120,14690,50182
312714,0,29120,14844,50182
312849,0,29692,14844,50182
312899,0,29692,14844,50182
312949,0,29692,14844,50154
312999,0,29692,14844,50154
313049,0,29692,14844,50154
313099,0,29692,14844,50154
313149,0,29692,14954,50154
313199,0,29692,14954,50154
313249,0,29692,14954,50154
313299,0,29692,14954,50154
313349,0,29692,14954,50126
313399,0,29692,14954,50126
313449,0,30263,14954,50126
313499,0,30263,14954,50126
313591,0,30263,15101,50126
313641,0,30263,15101,50126
313691,0,30263,15101,50126
313741,0,30263,15101,50096
313791,0,30263,15101,50096
313841,0,30263,15101,50096
313976,0,30263,15250,50096
314026,0,30263,15250,50096
314076,0,30263,15250,50096
314126,0,30263,15250,50077
314176,0,30263,15250,50077
314226,0,30263,15250,50077
314276,0,30263,15250,50077
314326,0,30263,15356,50077
314376,0,30263,15356,50077
314426,0,30881,15356,50077
314476,0,30881,15356,50077
314568,0,30881,15356,50063
314618,0,30881,15356,50063
314668,0,30881,15356,50063
314718,0,30881,15231,50063
314768,0,30881,15231,50063
314818,0,30881,15231,50063
314868,0,30263,15231,50063
314918,0,30263,15231,50171
314968,0,30263,15231,50171
315103,0,30881,15231,50171
315153,0,30881,14132,50171
315203,0,30881,14132,50171
315253,0,30881,14132,50171
315303,0,30881,14132,50171
315353,0,30881,14132,50328
315403,0,30881,14132,50328
315453,0,31498,14132,50328
315545,0,31498,13102,50328
315595,0,31498,13102,50328
315645,0,31498,13102,50328
315695,0,31498,13102,50328
315745,0,31498,13102,50488
315795,0,31498,13102,50488
315845,0,31498,13102,50488
315895,0,31498,13102,50488
315945,0,31498,12197,50488
315995,0,31498,12197,50488
316045,0,31498,12197,50488
316095,0,31498,12197,50488
316230,0,30881,12197,50582
316280,0,30881,12197,50582
316330,0,30881,11593,50582
316380,0,30881,11593,50582
316430,0,31498,11593,50582
316564,0,31498,11593,50692
316614,0,31498,11593,50692
316664,0,31498,11593,50692
316714,0,31498,11593,50692
316764,0,31498,10938,50692
316814,0,31498,10938,50692
316864,0,31498,10938,50692
316914,0,31498,10938,50692
316964,0,31498,10938,50796
317014,0,31498,10938,50796
317064,0,31498,10938,50796
317114,0,31498,10938,50796
317164,0,31498,10177,50796
317214,0,31498,10177,50796
317264,0,31498,10177,50796
317569,0,31498,9408,50897
317619,0,31498,9408,50897
317711,0,31453,9408,50897
317761,0,31429,9408,51208
317811,0,31404,9408,51208
317861,0,31380,9408,51208
317911,0,31355,9408,51208
317961,0,31331,7858,51208
318011,0,31306,7858,51208
318061,0,31282,7858,51208
318111,0,31257,7858,51208
318161,0,31233,7858,51285
318211,0,31208,7858,51285
318261,0,31184,7858,51285
318311,0,31159,7858,51285
318361,0,31135,7457,51285
318411,0,31110,7457,51285
318461,0,31086,7457,51285
318511,0,31062,7457,51285
318561,0,31037,7457,52085
318738,0,30950,2180,52085
318788,0,30926,2180,52085
318880,0,30881,2180,52085
318930,0,30881,2180,52085
318980,0,30881,2180,52130
319030,0,30881,2180,52130
319080,0,30881,2180,52130
319130,0,30881,2180,52130
319180,0,30881,2061,52130
319230,0,31498,2061,52130
319280,0,31498,2061,52130
319330,0,31498,2061,52130
319380,0,31498,2061,52160
319430,0,31498,2061,52160
319480,0,31498,2061,52160
319530,0,31498,2061,52160
319580,0,31498,2016,52160
319630,0,31498,2016,52160
319680,0,31498,2016,52160
319730,0,31498,2016,52160
319908,0,30881,2016,52186
319958,0,30881,2022,52186
320008,0,30881,2022,52186
320058,0,31498,2022,52186
320108,0,31498,2022,52186
320158,0,31498,2022,52198
320208,0,31498,2022,52198
320258,0,30881,2022,52198
320308,0,30881,2022,52198
320358,0,30881,2012,52198
320408,0,30881,2012,52198
320458,0,30881,2012,52198
320508,0,30881,2012,52198
320558,0,30881,2012,52224
320608,0,30881,2012,52224
320658,0,30881,2012,52224
320708,0,30881,2012,52224
320758,0,30881,2012,52224
320850,0,30881,2015,52224
320900,0,30881,2015,52224
321035,0,30881,2015,52228
321085,0,30881,2015,52228
321135,0,30881,2015,52228
321185,0,30881,1919,52228
321235,0,30881,1919,52228
321285,0,30881,1919,52228
321335,0,30881,1919,52228
321385,0,30881,1919,52258
321435,0,30757,1919,52258
321485,0,30634,1919,52258
321535,0,30510,1919,52258
321585,0,30387,1929,52258
321635,0,30263,1929,52258
321685,0,30263,1929,52258
321735,0,30263,1929,52258
321785,0,30263,1929,52241
321877,0,30263,1929,52241
321927,0,30263,1929,52241
321977,0,30263,2013,52241
322027,0,30263,2013,52241
322162,0,30263,2013,52241
322212,0,30263,2013,52252
322262,0,30263,2013,52252
322312,0,30263,2013,52252
322362,0,30263,2013,52252
322412,0,30263,2216,52252
322462,0,30263,2216,52252
322512,0,30263,2216,52252
322562,0,30263,2216,52252
322612,0,30263,2216,52228
322662,0,29692,2216,52228
322712,0,29692,2216,52228
322762,0,29692,2216,52228
322812,0,29692,2309,52228
322904,0,29692,2309,52228
322954,0,29692,2309,52228
323004,0,29692,2309,52173
323054,0,29692,2309,52173
323104,0,29692,2309,52173
323154,0,29692,2309,52173
323291,0,29120,3060,52173
323341,0,29120,3060,52173
323391,0,29120,3060,52082
323441,0,29120,3060,52082
323491,0,29120,3060,52082
323541,0,29120,3060,52082
323591,0,29120,3441,52082
323641,0,29120,3441,52082
323691,0,29120,3441,52082
323741,0,29120,3441,52082
323791,0,29120,3441,52016
323883,0,29120,3441,52016
323933,0,29120,3441,52016
323983,0,29120,3986,52016
324033,0,29120,3986,52016
324083,0,29120,3986,52016
324133,0,29120,3986,52016
324183,0,29120,3986,51949
324233,0,28580,3986,51949
324283,0,28580,3986,51949
324418,0,28580,4423,51949
324468,0,28580,4423,51949
324518,0,28580,4423,51949
324568,0,28580,4423,51949
324618,0,28580,4423,51911
324668,0,28580,4423,51911
324718,0,28580,4423,51911
324768,0,28580,4423,51911
324818,0,28580,4672,51911
324910,0,29120,4672,51911
324960,0,29120,4672,51911
325010,0,29120,4672,51867
325060,0,29120,4672,51867
325110,0,29120,4672,51867
325160,0,29120,4672,51867
325210,0,29120,4850,51867
325260,0,29120,4850,51867
325310,0,29120,4850,51867
325360,0,29120,4850,51867
325410,0,29120,4850,51826
325545,0,29120,4850,51826
325595,0,29120,5054,51826
325645,0,29120,5054,51826
325695,0,29120,5054,51826
325745,0,29120,5054,51826
325795,0,29120,5054,51783
325845,0,28580,5054,51783
325937,0,28580,5054,51783
325987,0,28580,5054,51783
326037,0,29120,5315,51783
326087,0,29120,5315,51783
326137,0,29120,5315,51783
326187,0,29120,5315,51783
326237,0,29120,5315,51727
326287,0,29120,5315,51727
326337,0,29120,5315,51727
326472,0,28580,13113,51727
326522,0,28580,13113,51727
326572,0,28580,13113,51727
326622,0,28580,13113,50362
326672,0,28580,13113,50362
326722,0,28580,13113,50362
326772,0,28580,13113,50362
326822,0,28580,14542,50362
326914,0,28580,14542,50362
326964,0,28580,14542,50362
327014,0,28580,14542,50299
327064,0,29120,14542,50299
327114,0,29120,14542,50299
327164,0,29120,14542,50299
327214,0,29120,14615,50299
327264,0,29120,14615,50299
327314,0,29120,14615,50299
327364,0,29120,14615,50299
327414,0,29120,14615,50274
327464,0,29120,14615,50274
327599,0,29120,14615,50274
327649,0,29692,14716,50274
327699,0,29692,14716,50274
327749,0,29692,14716,50274
327799,0,29692,14716,50274
327891,0,29692,14716,50235
327941,0,29692,14716,50235
327991,0,29692,14716,50235
328041,0,29692,14817,50235
328091,0,29692,14817,50235
328141,0,29692,14817,50235
328191,0,29692,14817,50235
328241,0,30263,14817,50204
328291,0,30263,14817,50204
328341,0,30263,14817,50204
328391,0,30263,14817,50204
328441,0,29692,14892,50204
328491,0,29692,14892,50204
328541,0,29692,14892,50204
328591,0,29692,14892,50204
328726,0,29692,14892,50181
328776,0,29692,14892,50181
328868,0,29692,14967,50181
328918,0,29692,14967,50181
328968,0,29692,14967,50181
329018,0,29692,14967,50154
329068,0,30263,14967,50154
329118,0,30263,14967,50154
329168,0,30263,14967,50154
329218,0,30263,15015,50154
329268,0,30263,15015,50154
329318,0,30263,15015,50154
329368,0,30263,15015,50154
329418,0,30263,15015,50136
329468,0,30263,15015,50136
329518,0,30263,15015,50136
329568,0,30263,15015,50136
329618,0,30263,15090,50136
329668,0,30263,15090,50136
329760,0,30263,15090,50136
329895,0,30263,15090,50107
329945,0,30263,15090,50107
329995,0,30263,15090,50107
330045,0,30263,15181,50107
330095,0,30263,15181,50107
330145,0,30263,15181,50107
330195,0,30263,15181,50107
330245,0,30387,15181,50085
330295,0,30510,15181,50085
330345,0,30634,15181,50085
330395,0,30757,15181,50085
330445,0,30881,15266,50085
330495,0,30881,15266,50085
330545,0,30881,15266,50085
330595,0,30881,15266,50085
330645,0,30881,15266,50071
330695,0,30881,15266,50071
330787,0,30881,15266,50071
330837,0,30881,15318,50071
330887,0,30881,15318,50071
331022,0,30881,15318,50048
331072,0,31498,15318,50048
331122,0,31498,15318,50048
331172,0,31498,15318,50048
331222,0,31498,15384,50048
331272,0,30881,15384,50048
331322,0,30881,15384,50048
331372,0,30881,15384,50048
331422,0,30881,15384,50048
331472,0,30881,15384,50024
331522,0,30881,15384,50024
331572,0,30881,15384,50024
331622,0,30881,15384,50024
331672,0,30881,15453,50024
331764,0,30881,15453,50024
331814,0,30881,15453,50024
331864,0,30881,15453,50007
331914,0,30881,15453,50007
331964,0,30881,15453,50007
332014,0,30881,15453,50007
332149,0,30881,15540,50007
332199,0,30881,15540,50007
332249,0,30881,15540,49972
332299,0,30881,15540,49972
332349,0,30881,15540,49972
332399,0,30881,15540,49972
332449,0,31498,15619,49972
332499,0,31498,15619,49972
332549,0,31498,15619,49972
332599,0,31498,15619,49972
332649,0,30881,15619,49989
332741,0,30881,15619,49989
332791,0,30881,15619,49989
332841,0,31498,15619,49989
332891,0,31498,15508,49989
332941,0,31498,15508,49989
332991,0,31498,15508,49989
333041,0,31498,15508,49989
333091,0,31498,15508,50058
333141,0,31498,15508,50058
333276,0,32162,14836,50058
333326,0,32162,14836,50058
333376,0,32162,14836,50058
333426,0,31498,14836,50058
333476,0,31498,14836,50162
333526,0,31498,14836,50162
333576,0,31498,14836,50162
333626,0,31498,14836,50162
333718,0,31498,14037,50162
333768,0,31498,14037,50162
333818,0,31498,14037,50162
333868,0,31498,14037,50277
333918,0,31498,14037,50277
333968,0,31498,14037,50277
334018,0,31498,14037,50277
334068,0,32162,13029,50277
334118,0,32162,13029,50277
334168,0,32162,13029,50277
334218,0,32162,13029,50277
334268,0,31498,13029,50357
334403,0,31498,13029,50357
334453,0,32162,12565,50357
334503,0,32162,12565,50357
334553,0,32162,12565,50357
334603,0,32162,12565,50357
334695,0,32162,12565,50461
334745,0,32162,12565,50461
334795,0,32162,12565,50461
334845,0,32162,12565,50461
334895,0,32162,12105,50461
334945,0,32162,12105,50461
334995,0,32162,12105,50461
335045,0,32162,12105,50461
335095,0,32162,12105,50501
335145,0,32162,12105,50501
335195,0,32162,12105,50501
335245,0,32162,12105,50501
335295,0,32162,11650,50501
335345,0,32162,11650,50501
335395,0,32162,11650,50501
335530,0,31498,11650,50524
335580,0,31498,11650,50524
335672,0,32162,11395,50524
335722,0,32162,11395,50524
335772,0,32162,11395,50524
335822,0,32162,11395,50524
335872,0,32162,11395,50587
335922,0,32162,11395,50587
335972,0,32162,11395,50587
336022,0,32162,11395,50587
336072,0,32162,9961,50587
336122,0,32162,9961,50587
336172,0,32162,9961,50587
336222,0,32162,9961,50587
336272,0,32162,9961,50917
336322,0,32162,9961,50917
336372,0,32162,9961,50917
336422,0,32162,9961,50917
336472,0,32162,9080,50917
336522,0,32162,9080,50917
336700,0,31498,9080,51054
336750,0,31498,9080,51054
336800,0,31498,9080,51054
336850,0,31498,9080,51054
336900,0,31498,8386,51054
336950,0,31498,8386,51054
337000,0,31498,8386,51054
337050,0,32162,8386,51054
337100,0,32162,8386,51075
337150,0,32162,8386,51075
337200,0,32162,8386,51075
337250,0,31498,8386,51075
337300,0,31498,8305,51075
337350,0,31498,8305,51075
337400,0,31498,8305,51075
337450,0,31498,8305,51075
337500,0,31498,8305,51105
337592,0,31498,8305,51105
337642,0,31498,8305,51105
337692,0,31498,8308,51105
337827,0,32162,8308,51105
337877,0,32162,8308,51130
337927,0,32162,8308,51130
337977,0,32162,8308,51130
338027,0,32162,8308,51130
338077,0,32162,8215,51130
338127,0,32162,8215,51130
338177,0,32162,8215,51130
338227,0,30881,8215,51130
338277,0,30881,8215,51109
338327,0,30881,8215,51109
338377,0,30881,8215,51109
338427,0,31498,8215,51109
338477,0,31498,8142,51109
338527,0,31498,8142,51109
338619,0,31498,8142,51109
338669,0,31498,8142,51109
338719,0,31498,8142,51084
338769,0,31498,8142,51084
338819,0,31498,8142,51084
338954,0,32162,8174,51084
339004,0,32162,8174,51084
339054,0,31498,8174,51084
339104,0,31498,8174,51097
339154,0,31498,8174,51097
339204,0,31498,8174,51097
339254,0,31498,8174,51097
339304,0,31498,8281,51097
339354,0,31498,8281,51097
339404,0,31498,8281,51097
339454,0,31498,8281,51097
339504,0,31498,8281,51123
339596,0,31498,8281,51123
339646,0,31498,8281,51123
339696,0,31498,8203,51123
339746,0,31498,8203,51123
339796,0,31498,8203,51123
339846,0,31498,8203,51123
339896,0,31498,8203,51130
339946,0,31498,8203,51130
340081,0,31498,8203,51130
340131,0,31498,8172,51130
340181,0,31498,8172,51130
340231,0,31631,8172,51130
340281,0,31764,8172,51130
340331,0,31896,8172,51125
340381,0,32029,8172,51125
340431,0,32162,8172,51125
340481,0,32162,8172,51125
340531,0,32162,8118,51125
340581,0,32162,8118,51125
340673,0,32162,8118,51125
340723,0,32162,8118,51172
340773,0,32162,8118,51172
340823,0,32162,8118,51172
340873,0,31498,8118,51172
341010,0,31498,7985,51172
341060,0,31498,7985,51172
341110,0,31498,7985,51176
341160,0,31498,7985,51176
341210,0,31498,7985,51176
341260,0,31498,7985,51176
341310,0,31498,7979,51176
341360,0,31498,7979,51176
341410,0,31498,7979,51176
341460,0,31498,7979,51176
341510,0,31498,7979,51218
341560,0,31498,7979,51218
341652,0,31498,7979,51218
341702,0,31498,7842,51218
341752,0,31498,7842,51218
341802,0,31498,7842,51218
341852,0,31498,7842,51218
341902,0,31498,7842,51201
341952,0,31498,7842,51201
342002,0,31498,7842,51201
342137,0,30881,7759,51201
342187,0,30881,7759,51201
342237,0,31498,7759,51201
342287,0,31498,7759,51201
342337,0,31498,7759,51212
342387,0,31498,7759,51212
342437,0,30881,7759,51212
342487,0,30881,7759,51212
342537,0,30881,7937,51212
342587,0,30881,7937,51212
342679,0,30881,7937,51212
342729,0,30881,7937,51177
342779,0,30881,7937,51177
342829,0,30881,7937,51177
342879,0,30881,7937,51177
342929,0,30881,8205,51177
342979,0,30881,8205,51177
343029,0,31498,8205,51177
343079,0,31498,8205,51177
343129,0,31498,8205,51088
343264,0,30881,8205,51088
343314,0,30881,8548,51088
343364,0,30881,8548,51088
343414,0,30881,8548,51088
343464,0,30881,8548,51088
343514,0,30881,8548,51008
343564,0,30881,8548,51008
343614,0,30881,8548,51008
343707,0,30881,8971,51008
343757,0,30881,8971,51008
343807,0,30881,8971,51008
343857,0,30263,8971,51008
343907,0,30263,8971,51008
343957,0,30263,8971,50969
344007,0,30263,8971,50969
344057,0,30881,8971,50969
344107,0,30881,8971,50969
344157,0,30881,9273,50969
344207,0,30881,9273,50969
344257,0,30881,9273,50969
344392,0,30881,9273,50944
344442,0,30263,9273,50944
344492,0,30263,9273,50944
344542,0,30263,9443,50944
344592,0,30263,9443,50944
344684,0,30881,9443,50944
344734,0,30881,9443,50915
344784,0,30881,9443,50915
344834,0,30263,9443,50915
344884,0,30263,9443,50915
344934,0,30263,9509,50915
344984,0,30263,9509,50915
345034,0,30881,9509,50915
345084,0,30881,9509,50915
345134,0,30881,9509,50894
345184,0,30881,9509,50894
345234,0,30881,9509,50894
345284,0,30881,9509,50894
345334,0,30881,9634,50894
345384,0,30881,9634,50894
345519,0,30881,9634,50894
345569,0,30881,9634,50886
345619,0,30881,9634,50886
345711,0,30881,9634,50886
345761,0,30881,9779,50886
345811,0,30881,9779,50886
345861,0,30881,9779,50886
345911,0,30881,9779,50886
345961,0,30881,9779,50855
346011,0,30881,9779,50855
346061,0,30881,9779,50855
346111,0,30881,9779,50855
346161,0,30881,9957,50855
346211,0,30881,9957,50855
346261,0,31004,9957,50855
346311,0,31128,9957,50855
346361,0,31251,9957,50817
346411,0,31375,9957,50817
346461,0,31498,9957,50817
346511,0,31498,9957,50817
346647,0,31498,10286,50817
346740,0,31498,10286,50757
346790,0,31498,10286,50757
346840,0,30881,10286,50757
346890,0,30881,10286,50757
346940,0,30881,10407,50757
346990,0,30881,10407,50757
347040,0,30881,10407,50757
347090,0,30881,10407,50757
347140,0,30881,10407,50777
347190,0,30881,10407,50777
347240,0,31498,10407,50777
347290,0,31498,10407,50777
347340,0,31498,10492,50777
347390,0,31498,10492,50777
347440,0,31498,10492,50777
347490,0,31498,10492,50777
347540,0,31498,10492,50741
347632,0,31498,10492,50741
347682,0,31498,10492,50741
347817,0,31498,10540,50741
347867,0,30881,10540,50741
347917,0,30881,10540,50741
347967,0,30881,10540,50774
348017,0,30881,10540,50774
348067,0,31498,10540,50774
348117,0,31498,10540,50774
348167,0,31498,10203,50774
348217,0,31498,10203,50774
348267,0,31498,10203,50774
348317,0,31498,10203,50774
348367,0,31498,10203,50789
348417,0,31498,10203,50789
348467,0,31498,10203,50789
348517,0,31498,10203,50789
348651,0,31498,10080,50789
348701,0,31498,10080,50789
348751,0,31498,10080,50931
348801,0,31498,10080,50931
348851,0,30881,10080,50931
349156,0,31498,9322,50973
349206,0,31498,9322,50973
349256,0,30881,9322,50973
349306,0,30881,9322,50973
349356,0,30881,9178,50973
349406,0,30881,9178,50973
349456,0,30881,9178,50973
349506,0,30881,9178,50973
349556,0,30881,9178,50985
349606,0,30881,9178,50985
349656,0,31498,9178,50985
349706,0,31498,9178,50985
349756,0,31498,8920,50985
349848,0,30881,8920,50985
349898,0,30881,8920,50985
349948,0,30881,8920,50985
349998,0,30881,8920,51076
350048,0,30881,8920,51076
350098,0,30881,8920,51076
350148,0,30881,8920,51076
350325,0,30881,8678,51076
350375,0,30881,8678,51094
350425,0,31498,8678,51094
350475,0,31498,8678,51094
350525,0,31498,8678,51094
350575,0,31498,8342,51094
350625,0,30881,8342,51094
350675,0,30881,8342,51094
350725,0,30881,8342,51094
350775,0,30881,8342,51119
350867,0,31498,8342,51119
350917,0,31498,8342,51119
350967,0,31498,8202,51119
351017,0,31498,8202,51119
351067,0,31498,8202,51119
351117,0,31498,8202,51119
351167,0,31498,8202,51081
351217,0,31498,8202,51081
351267,0,31498,8202,51081
351317,0,31498,8202,51081
351452,0,31498,8440,51081
351502,0,31498,8440,51081
351552,0,31498,8440,51081
351602,0,31498,8440,51092
351652,0,31498,8440,51092
351702,0,31498,8440,51092
351752,0,31498,8440,51092
351802,0,31498,8111,51092
351894,0,31498,8111,51092
351944,0,31498,8111,51092
351994,0,31498,8111,51134
352044,0,31631,8111,51134
352094,0,31764,8111,51134
352144,0,31896,8111,51134
352194,0,32029,7890,51134
352244,0,32162,7890,51134
352294,0,32162,7890,51134
352344,0,32162,7890,51134
352394,0,32162,7890,51168
352444,0,32162,7890,51168
352579,0,32162,7642,51168
352629,0,31498,7642,51168
352679,0,31498,7642,51168
352729,0,31498,7642,51168
352779,0,31498,7642,51217
352829,0,32162,7642,51217
352921,0,32162,7642,51217
352971,0,32162,7642,51217
353021,0,32162,7314,51217
353071,0,32162,7314,51217
353121,0,32162,7314,51217
353171,0,32162,7314,51217
353221,0,32162,7314,51231
353271,0,32162,7314,51231
353321,0,32162,7314,51231
353371,0,32162,7314,51231
353421,0,32162,7161,51231
353471,0,32162,7161,51231
353521,0,32162,7161,51231
353571,0,32162,7161,51231
353706,0,32162,7161,51266
353756,0,32162,7161,51266
353806,0,32162,7297,51266
353856,0,32162,7297,51266
353948,0,32162,7297,51266
353998,0,32162,7297,51277
354048,0,32238,7297,51277
354098,0,32313,7297,51277
354148,0,32389,7297,51277
354198,0,32464,7200,51277
354248,0,32540,7200,51277
354298,0,32615,7200,51277
354348,0,32691,7200,51277
354398,0,32766,7200,51281
354448,0,32842,7200,51281
354498,0,32842,7200,51281
354548,0,32842,7200,51281
354598,0,32842,7026,51281
354648,0,32162,7026,51281
354698,0,32162,7026,51281
354833,0,32162,7026,51336
354883,0,32162,7026,51336
354933,0,32162,7026,51336
355025,0,32162,6843,51336
355075,0,32162,6843,51336
355125,0,32162,6843,51336
355175,0,32162,6843,51336
355225,0,31498,6843,51393
355275,0,31498,6843,51393
355325,0,31498,6843,51393
355375,0,31498,6843,51393
355425,0,32162,6614,51393
355475,0,32162,6614,51393
355525,0,32162,6614,51393
355575,0,32162,6614,51393
355625,0,31498,6614,51449
355788,0,31498,6614,51449
355838,0,30881,6226,51449
355888,0,30881,6226,51449
355938,0,30881,6226,51449
356030,0,31498,6226,51428
356080,0,31498,6226,51428
356130,0,31498,6226,51428
356180,0,31498,6226,51428
356230,0,31498,6306,51428
356280,0,31498,6306,51428
356330,0,31498,6306,51428
356380,0,31498,6306,51428
356430,0,31498,6306,51441
356480,0,31498,6306,51441
356530,0,31498,6306,51441
356580,0,31498,6306,51441
356630,0,30881,6425,51441
356680,0,30881,6425,51441
356730,0,30881,6425,51441
356780,0,30881,6425,51441
356915,0,30881,6425,51430
356965,0,30881,6425,51430
357057,0,30881,6573,51430
357107,0,30881,6573,51430
357157,0,30881,6573,51430
357207,0,30881,6573,51419
357257,0,30881,6573,51419
357307,0,30881,6573,51419
357357,0,30881,6573,51419
357407,0,30881,6591,51419
357457,0,30881,6591,51419
357507,0,30881,6591,51419
357557,0,30881,6591,51419
357607,0,30881,6591,51381
357657,0,30881,6591,51381
357707,0,30881,6591,51381
357757,0,30881,6591,51381
357807,0,30881,6873,51381
357857,0,30263,6873,51381
357907,0,30263,6873,51381
358085,0,31498,6873,51340
358135,0,31498,6873,51340
358185,0,31498,6873,51340
358235,0,30881,7172,51340
358285,0,30881,7172,51340
358335,0,30881,7172,51340
358385,0,30881,7172,51340
358435,0,30881,7172,51320
358485,0,30881,7172,51320
358535,0,30881,7172,51320
358585,0,30881,7172,51320
358635,0,30881,7456,51320
358685,0,30881,7456,51320
358735,0,30881,7456,51320
358785,0,30881,7456,51320
358835,0,30881,7456,51247
358885,0,30881,7456,51247
358977,0,30881,7456,51247
359027,0,30881,7564,51247
359077,0,30881,7564,51247
359212,0,30881,7564,51247
359262,0,30881,7564,51252
359312,0,30881,7564,51252
359362,0,30881,7564,51252
359412,0,30881,7564,51252
359462,0,30929,7277,51252
359512,0,30977,7277,51252
359562,0,31025,7277,51252
359612,0,31073,7277,51252
359662,0,31121,7277,51285
359712,0,31169,7277,51285
359762,0,31217,7277,51285
359812,0,31265,7277,51285
359862,0,31313,7131,51285
359912,0,31362,7131,51285
359962,0,31410,7131,51285
360054,0,31498,7131,51295
360104,0,31498,7131,51295
360154,0,31498,7131,51295
360204,0,31498,7131,51295
360339,0,30881,7195,51295
360389,0,30881,7195,51295
360439,0,30263,7195,51271
360489,0,30263,7195,51271
360539,0,30263,7195,51271
360589,0,30263,7195,51271
360639,0,31498,7266,51271
360689,0,31498,7266,51271
360739,0,31498,7266,51271
360789,0,31498,7266,51271
360839,0,31498,7266,51244
360889,0,31498,7266,51244
360939,0,31498,7266,51244
360989,0,31498,7266,51244
361081,0,30881,7422,51244
361131,0,30881,7422,51244
361181,0,30881,7422,51244
361231,0,31498,7422,51251
361281,0,31498,7422,51251
361331,0,31498,7422,51251
361466,0,30881,7556,51251
361516,0,30881,7556,51251
361566,0,30881,7556,51251
361616,0,30881,7556,51251
361666,0,31498,7556,51285
361716,0,31498,7556,51285
361766,0,31498,7556,51285
361816,0,31498,7556,51285
361866,0,31498,7339,51285
361916,0,31498,7339,51285
361966,0,31498,7339,51285
362016,0,31498,7339,51285
362108,0,31498,7339,51245
362158,0,31498,7339,51245
362208,0,31498,7339,51245
362258,0,30881,7415,51245
362308,0,30881,7415,51245
362358,0,30881,7415,51245
362408,0,30881,7415,51245
362458,0,30881,7415,51218
362593,0,30881,7415,51218
362643,0,30881,7514,51218
362693,0,30881,7514,51218
362743,0,30881,7514,51218
362793,0,30881,7514,51218
362843,0,30881,7514,51251
362893,0,30881,7514,51251
362943,0,30881,7514,51251
362993,0,30881,7514,51251
363085,0,30881,7484,51251
363135,0,30881,7484,51251
363185,0,30881,7484,51251
363235,0,30881,7484,51251
363285,0,30881,7484,51295
363335,0,30881,7484,51295
363385,0,30881,7484,51295
363435,0,30817,7484,51295
363485,0,30754,7281,51295
363535,0,30690,7281,51295
363585,0,30626,7281,51295
363720,0,30454,7281,51346
363770,0,30390,7281,51346
363820,0,30327,7281,51346
363870,0,30263,6990,51346
363920,0,30263,6990,51346
363970,0,30263,6990,51346
364020,0,30263,6990,51346
364070,0,30263,6990,51354
364162,0,30263,6990,51354
364212,0,30263,6990,51354
364262,0,30881,6917,51354
364312,0,30881,6917,51354
364362,0,30881,6917,51354
364412,0,30881,6917,51354
364462,0,30263,6917,51346
364512,0,30263,6917,51346
364562,0,30263,6917,51346
364612,0,30263,6917,51346
364662,0,30263,7091,51346
364712,0,30263,7091,51346
364847,0,30263,7091,51325
364897,0,30263,7091,51325
364947,0,30263,7091,51325
364997,0,30263,7091,51325
365047,0,29692,7091,51325
365097,0,29692,7189,51325
365189,0,29692,7189,51325
365239,0,29692,7189,51325
365289,0,29692,7189,51287
365339,0,29692,7189,51287
365389,0,29692,7189,51287
365439,0,29692,7189,51287
365489,0,29692,7505,51287
365539,0,29692,7505,51287
365589,0,29692,7505,51287
365639,0,29692,7505,51287
365689,0,29692,7505,51249
365739,0,29692,7505,51249
365789,0,29692,7505,51249
365839,0,29692,7505,51249
365974,0,29692,8038,51249
366024,0,29120,8038,51249
366074,0,29120,8038,51105
366166,0,29120,8038,51105
366216,0,29120,8038,51105
366266,0,29120,8594,51105
366316,0,29120,8594,51105
366366,0,29120,8594,51105
366416,0,29120,8594,51105
366466,0,29692,8594,50984
366516,0,29692,8594,50984
366566,0,29692,8594,50984
366616,0,29692,8594,50984
366666,0,29692,8594,50984
366716,0,29692,9326,50984
366766,0,29692,9326,50984
366816,0,29692,9326,50984
366866,0,29692,9326,50984
366916,0,29692,9326,50899
366966,0,29692,9326,50899
367101,0,29120,10031,50899
367193,0,29120,10031,50899
367243,0,29120,10031,50899
367293,0,29120,10031,50855
367343,0,29120,10031,50855
367393,0,29120,10031,50855
367443,0,29120,10031,50855
367493,0,29120,10445,50855
367543,0,29120,10445,50855
367593,0,29120,10445,50855
367643,0,29120,10445,50855
367693,0,29120,10445,50804
367743,0,29120,10445,50804
367793,0,29120,10445,50804
367843,0,29692,10445,50804
367893,0,29692,10768,50804
367943,0,29692,10768,50804
367993,0,29692,10768,50804
368085,0,30263,10768,50718
368135,0,30263,10768,50718
368270,0,30263,10768,50718
368320,0,30263,10863,50718
368370,0,30263,10863,50718
368420,0,30263,10863,50718
368470,0,30263,10863,50718
368520,0,30263,10863,50737
368570,0,30263,10863,50737
368620,0,30263,10863,50737
368670,0,30263,10863,50737
368720,0,30263,10800,50737
368770,0,30263,10800,50737
368820,0,30263,10800,50737
368870,0,30263,10800,50737
368920,0,30263,10800,50757
368970,0,30263,10800,50757
369062,0,30263,10800,50757
369112,0,30263,10564,50757
369162,0,30263,10564,50757
369212,0,30263,10564,50757
369262,0,30881,10564,50757
369397,0,30881,10564,50771
369447,0,30263,10564,50771
369497,0,30263,10464,50771
369547,0,30263,10464,50771
369597,0,30263,10464,50771
369647,0,30263,10464,50771
369697,0,30263,10464,50759
369747,0,30263,10464,50759
369797,0,30263,10464,50759
369847,0,30263,10464,50759
369897,0,30263,10285,50759
369947,0,30263,10285,50759
370039,0,30881,10285,50759
370089,0,30881,10285,50837
370139,0,30881,10285,50837
370189,0,30881,10285,50837
370324,0,29692,10049,50837
370374,0,29692,10049,50837
370424,0,30263,10049,50837
370474,0,30263,10049,50837
370524,0,30263,10049,50840
370574,0,30263,10049,50840
370624,0,30881,10049,50840
370674,0,30881,10049,50840
370724,0,30881,9908,50840
370774,0,30881,9908,50840
370824,0,30263,9908,50840
370874,0,30263,9908,50840
370924,0,30263,9908,50867
371016,0,30263,9908,50867
371066,0,30881,9908,50867
371116,0,30881,9639,50867
371166,0,30881,9639,50867
371216,0,30881,9639,50867
371266,0,30263,9639,50867
371316,0,30263,9639,50934
371451,0,30881,9639,50934
371501,0,30881,9221,50934
371551,0,30881,9221,50934
371601,0,30881,9221,50934
371651,0,30881,9221,50934
371701,0,30881,9221,50966
371751,0,30881,9221,50966
371801,0,30881,9221,50966
371851,0,30881,9221,50966
371901,0,30881,9010,50966
371951,0,30881,9010,50966
372043,0,31498,9010,50966
372093,0,31498,9010,50966
372143,0,31498,9010,51037
372193,0,31498,9010,51037
372243,0,30263,9010,51037
372293,0,30263,9010,51037
372343,0,30263,8607,51037
372393,0,30263,8607,51037
372443,0,30881,8607,51037
372578,0,30881,8607,51025
372628,0,30881,8607,51025
372678,0,30881,8607,51025
372728,0,30881,8407,51025
372778,0,30881,8407,51025
372828,0,31498,8407,51025
372878,0,31498,8407,51025
372928,0,31498,8407,51188
372978,0,31498,8407,51188
373070,0,30263,8407,51188
373120,0,30263,7592,51188
373170,0,30263,7592,51188
373220,0,30263,7592,51188
373270,0,30881,7592,51188
373320,0,30881,7592,51195
373370,0,30881,7592,51195
373420,0,30881,7592,51195
373470,0,30263,7592,51195
373520,0,30263,7592,51195
373570,0,30263,7592,51195
373707,0,30263,7592,51195
373757,0,30263,7592,51197
373807,0,30263,7592,51197
373857,0,30263,7592,51197
373907,0,30263,7592,51197
373957,0,30263,7635,51197
374049,0,30263,7635,51197
374099,0,30263,7635,51197
374149,0,30263,7635,51152
374199,0,30263,7635,51152
374249,0,30881,7635,51152
374299,0,30881,7635,51152
374349,0,30881,7912,51152
374399,0,30881,7912,51152
374449,0,30263,7912,51152
374499,0,30263,7912,51152
374549,0,30263,7912,51092
374599,0,30263,7912,51092
374649,0,30263,7912,51092
374699,0,30263,7912,51092
374834,0,30263,8346,51092
374884,0,30263,8346,51092
374934,0,30263,8346,51070
374984,0,30263,8346,51070
375076,0,30263,8346,51070
375126,0,30263,8292,51070
375176,0,30263,8292,51070
375226,0,30881,8292,51070
375276,0,30881,8292,51070
375326,0,30881,8292,51053
375376,0,30881,8292,51053
375426,0,30263,8292,51053
375476,0,30263,8292,51053
375526,0,30263,8360,51053
375576,0,30263,8360,51053
375626,0,30881,8360,51053
375676,0,30881,8360,51053
375726,0,30881,8360,51059
375776,0,30881,8360,51059
375826,0,30263,8360,51059
375961,0,30263,8258,51059
376011,0,30263,8258,51059
376103,0,30263,8258,51059
376153,0,30263,8258,51087
376203,0,30263,8258,51087
376253,0,29692,8258,51087
376303,0,29692,8258,51087
376353,0,29692,8193,51087
376403,0,29692,8193,51087
376453,0,30263,8193,51087
376503,0,30263,8193,51087
376553,0,30263,8193,51103
376603,0,30263,8193,51103
376653,0,30263,8193,51103
376703,0,30263,8193,51103
376753,0,30263,8025,51103
376803,0,30263,8025,51103
376853,0,30263,8025,51103
376903,0,30263,8025,51103
376995,0,30263,8025,51113
377130,0,30263,7828,51113
377180,0,30263,7828,51113
377230,0,30263,7828,51113
377280,0,30263,7828,51113
377330,0,30263,7828,51113
377380,0,30263,7828,51164
377430,0,30263,7828,51164
377480,0,30263,7828,51164
377530,0,30263,7828,51164
377580,0,30263,7694,51164
377630,0,30309,7694,51164
377680,0,30354,7694,51164
377730,0,30400,7694,51164
377780,0,30445,7694,51161
377830,0,30491,7694,51161
377880,0,30536,7694,51161
377930,0,30582,7694,51161
377980,0,30628,7397,51161
378072,0,30711,7397,51161
378122,0,30757,7397,51161
378258,0,30881,7397,51206
378308,0,30881,7397,51206
378358,0,30881,7230,51206
378408,0,30881,7230,51206
378458,0,29692,7230,51206
378508,0,29692,7230,51206
378558,0,29692,7230,51253
378608,0,29692,7230,51253
378658,0,30881,7230,51253
378708,0,30881,7230,51253
378758,0,30881,6889,51253
378808,0,30881,6889,51253
378858,0,30881,6889,51253
378908,0,30881,6889,51253
378958,0,30881,6889,51288
379008,0,30881,6889,51288
379100,0,30881,6889,51288
379150,0,30881,6889,51288
379200,0,30881,6793,51288
379250,0,30263,6793,51288
379386,0,30263,6793,51545
379436,0,30263,6793,51545
379486,0,30263,6793,51545
379536,0,30263,6793,51545
379586,0,30263,5118,51545
379636,0,30881,5118,51545
379686,0,30881,5118,51545
379736,0,30881,5118,51545
379786,0,30881,5118,51559
379836,0,30881,5118,51559
379886,0,30881,5118,51559
379936,0,30881,5118,51559
379986,0,30881,4004,51559
380036,0,30881,4004,51559
380128,0,30881,4004,51559
380178,0,30881,4004,51803
380228,0,30881,4004,51803
380278,0,30881,4004,51803
380328,0,30881,4004,51803
380378,0,30881,3572,51803
380513,0,30263,3572,51803
380563,0,30263,3572,51809
380613,0,30263,3572,51809
380663,0,30263,3572,51809
380713,0,30263,3572,51809
380763,0,30263,3624,51809
380813,0,30263,3624,51809
380863,0,30263,3624,51809
380913,0,30263,3624,51809
380963,0,30263,3624,51804
381013,0,30263,3624,51804
381147,0,30881,3624,51804
381197,0,30881,3673,51804
381247,0,30263,3673,51804
381297,0,30263,3673,51804
381347,0,30263,3673,51804
381397,0,30263,3673,51802
381447,0,30263,3673,51802
381497,0,30263,3673,51802
381547,0,30263,3673,51802
381852,0,30263,3783,51791
381902,0,30263,3783,51791
381952,0,30263,3783,51791
382002,0,30263,3847,51791
382052,0,30263,3847,51791
382102,0,30263,3847,51791
382152,0,30263,3847,51791
382202,0,30263,3847,51786
382252,0,30263,3847,51786
382344,0,30263,3847,51786
382394,0,30263,3847,51786
382444,0,29692,3847,51786
382494,0,29692,3847,51786
382544,0,29692,3847,51786
382594,0,29692,3847,51810
382644,0,30263,3847,51810
382694,0,30263,3847,51810
382744,0,30263,3847,51810
382794,0,30263,3717,51810
382844,0,30263,3717,51810
383021,0,30263,3717,51815
383071,0,30263,3717,51815
383121,0,30263,3717,51815
383171,0,30263,3717,51815
383221,0,30263,3354,51815
383271,0,30263,3354,51815
383321,0,30263,3354,51815
383413,0,30263,3354,52117
383463,0,29692,3354,52117
383513,0,29692,3354,52117
383563,0,29692,3354,52117
383613,0,29692,1949,52117
383663,0,29692,1949,52117
383713,0,29692,1949,52117
383763,0,29692,1949,52117
383813,0,29692,1949,52131
383863,0,29692,1949,52131
383913,0,29692,1949,52131
383963,0,29692,1949,52131
384013,0,29692,1970,52131
384148,0,30263,1970,52131
384198,0,30263,1970,52129
384248,0,29692,1970,52129
384298,0,29692,1970,52129
384390,0,29692,1985,52129
384440,0,29692,1985,52129
384490,0,29692,1985,52129
384540,0,29692,1985,52129
384590,0,29692,1985,52147
384640,0,29692,1985,52147
384690,0,29692,1985,52147
384740,0,29692,1985,52147
384790,0,29692,2015,52147
384840,0,29692,2015,52147
384890,0,29692,2015,52147
384940,0,29692,2015,52147
385075,0,29692,2015,52151
385125,0,29692,2015,52151
385175,0,29692,2015,52151
385225,0,30263,2035,52151
385275,0,30263,2035,52151
385325,0,30263,2035,52151
385417,0,30263,2035,52158
385467,0,29692,2035,52158
385517,0,29692,2035,52158
385567,0,29692,2035,52158
385617,0,29692,2025,52158
385667,0,29692,2025,52158
385717,0,29692,2025,52158
385767,0,29692,2025,52158
385817,0,29692,2025,52161
385867,0,29692,2025,52161
385917,0,29692,2025,52161
385967,0,29692,2025,52161
386017,0,29692,2007,52161
386067,0,29692,2007,52161
386202,0,29692,2007,52182
386252,0,30263,2007,52182
386302,0,30263,2007,52182
386352,0,30263,2007,52182
386444,0,29692,1993,52182
386494,0,29692,1993,52182
386544,0,29692,1993,52182
386594,0,29692,1993,52182
386644,0,29692,1993,52178
386694,0,29692,1993,52178
386744,0,29692,1993,52178
386794,0,29692,1993,52178
386844,0,30263,1981,52178
386894,0,30263,1981,52178
386944,0,30263,1981,52178
386994,0,30263,1981,52178
387044,0,29692,1981,52196
387094,0,29692,1981,52196
387144,0,29692,1981,52196
387194,0,29692,1981,52196
387330,0,29692,1972,52196
387423,0,29692,1972,52195
387473,0,29692,1972,52195
387523,0,29692,1972,52195
387573,0,29692,1972,52195
387623,0,29692,1915,52195
387673,0,30263,1915,52195
387723,0,30263,1915,52195
387773,0,30263,1915,52195
387823,0,30263,1915,52204
387873,0,30263,1915,52204
387923,0,30263,1915,52204
387973,0,30263,1915,52204
388023,0,30263,1922,52204
388073,0,30263,1922,52204
388123,0,30263,1922,52204
388173,0,30263,1922,52204
388223,0,30263,1922,52209
388273,0,29692,1922,52209
388365,0,29692,1922,52209
388500,0,29120,1892,52209
388550,0,29120,1892,52209
388600,0,29120,1892,52209
388650,0,29120,1892,52223
388700,0,29120,1892,52223
388750,0,29120,1892,52223
388800,0,29120,1892,52223
388850,0,29120,1880,52223
388900,0,29120,1880,52223
388950,0,29120,1880,52223
389000,0,29120,1880,52223
389050,0,29692,1880,52218
389100,0,29692,1880,52218
389150,0,29692,1880,52218
389200,0,29692,1880,52218
389250,0,29692,1846,52218
389300,0,29692,1846,52218
389392,0,29692,1846,52218
389442,0,29120,1846,52228
389492,0,29120,1846,52228
389628,0,29692,1871,52228
389678,0,29692,1871,52228
389728,0,29692,1871,52228
389778,0,29692,1871,52228
389828,0,29120,1871,52230
389878,0,29120,1871,52230
389928,0,29120,1871,52230
389978,0,29120,1871,52230
390028,0,29120,1818,52230
390078,0,29120,1818,52230
390128,0,29120,1818,52230
390178,0,29120,1818,52230
390228,0,29120,1818,52247
390278,0,29120,1818,52247
390370,0,29120,1818,52247
390420,0,29120,1848,52247
390470,0,29120,1848,52247
390520,0,29120,1848,52247
390570,0,29120,1848,52247
390620,0,29120,1848,52248
390757,0,29120,1848,52248
390807,0,29120,1848,52248
390857,0,29692,1822,52248
390907,0,29692,1822,52248
390957,0,29692,1822,52248
391007,0,29692,1822,52248
391057,0,29692,1822,52262
391107,0,29692,1822,52262
391157,0,29692,1822,52262
391207,0,29692,1822,52262
391257,0,29692,1867,52262
391307,0,29692,1867,52262
391399,0,29692,1867,52262
391449,0,29692,1867,52252
391499,0,29692,1867,52252
391549,0,29692,1867,52252
391599,0,29692,1867,52252
391649,0,29692,1817,52252
391699,0,29692,1817,52252
391749,0,29692,1817,52252
391884,0,29692,1817,52266
391934,0,29692,1817,52266
391984,0,29692,1817,52266
392034,0,29120,1817,52266
392084,0,29120,1876,52266
392134,0,29120,1876,52266
392184,0,29120,1876,52266
392234,0,30263,1876,52266
392284,0,30263,1876,52268
392334,0,30263,1876,52268
392426,0,29692,1876,52268
392476,0,29692,1827,52268
392526,0,29692,1827,52268
392576,0,29692,1827,52268
392626,0,29692,1827,52268
392676,0,29692,1827,52278
392726,0,29692,1827,52278
392776,0,29692,1827,52278
392826,0,29120,1827,52278
392876,0,29120,1852,52278
393011,0,29120,1852,52278
393061,0,29692,1852,52283
393111,0,29692,1852,52283
393161,0,29692,1852,52283
393211,0,29692,1852,52283
393261,0,29692,1824,52283
393311,0,29692,1824,52283
393403,0,29692,1824,52283
393453,0,29120,1824,52279
393503,0,29120,1824,52279
393553,0,29120,1824,52279
393603,0,29120,1824,52279
393653,0,29120,1861,52279
393703,0,29120,1861,52279
393753,0,29120,1861,52279
393803,0,29120,1861,52279
393853,0,29120,1861,52283
393903,0,29120,1861,52283
393953,0,29120,1861,52283
394003,0,29120,1861,52283
394139,0,29120,1839,52283
394189,0,29120,1839,52283
394239,0,29120,1839,52283
394289,0,29120,1839,52275
394339,0,29120,1839,52275
394431,0,29120,1839,52275
394481,0,29120,1876,52275
394531,0,29120,1876,52275
394581,0,29120,1876,52275
394631,0,29081,1876,52275
394681,0,29041,1876,52289
394731,0,29002,1876,52289
394781,0,28962,1876,52289
394831,0,28923,1876,52289
394881,0,28884,1878,52289
394931,0,28844,1878,52289
394981,0,28805,1878,52289
395031,0,28765,1878,52289
395081,0,28726,1878,52268
395131,0,28686,1878,52268
395266,0,28580,1867,52268
395316,0,28580,1867,52268
395366,0,28580,1867,52268
395416,0,28580,1867,52268
395508,0,28580,1867,52267
395558,0,28580,1867,52267
395608,0,28580,1867,52267
395658,0,29120,2002,52267
395708,0,29120,2002,52267
395758,0,29120,2002,52267
395808,0,29120,2002,52267
395858,0,29120,2002,52224
395908,0,29120,2002,52224
395958,0,29120,2002,52224
396008,0,29120,2002,52224
396058,0,29120,2002,52224
396108,0,29120,2265,52224
396158,0,29120,2265,52224
396208,0,29120,2265,52224
396258,0,29120,2265,52224
396393,0,29120,2265,52210
396443,0,28580,2265,52210
396535,0,28580,2580,52210
396585,0,28580,2580,52210
396635,0,28580,2580,52210
396685,0,28580,2580,52136
396735,0,28580,2580,52136
396785,0,28580,2580,52136
396835,0,28580,2580,52136
396885,0,28580,3060,52136
396935,0,28580,3060,52136
396985,0,28580,3060,52136
397035,0,28580,3060,52136
397085,0,28580,3060,52071
397135,0,28580,3060,52071
397185,0,28580,3060,52071
397235,0,28071,3060,52071
397285,0,28071,3407,52071
397335,0,28071,3407,52071
397427,0,28580,3407,52071
397563,0,28580,3407,52022
397613,0,28580,3407,52022
397663,0,28071,3407,52022
397713,0,28071,3895,52022
397763,0,28071,3895,52022
397813,0,28071,3895,52022
397863,0,28071,3895,52022
397913,0,28071,3895,51971
397963,0,28071,3895,51971
398013,0,28071,3895,51971
398063,0,28071,3895,51971
398113,0,28071,4323,51971
398163,0,28071,4323,51971
398213,0,28071,4323,51971
398263,0,28071,4323,51971
398313,0,28071,4323,51887
398363,0,28071,4323,51887
398455,0,28071,4323,51887
398505,0,28071,4807,51887
398555,0,28071,4807,51887
398690,0,28071,4807,51770
398740,0,28071,4807,51770
398790,0,28071,4807,51770
398840,0,28173,4807,51770
398890,0,28275,5337,51770
398940,0,28376,5337,51770
398990,0,28478,5337,51770
399040,0,28580,5337,51770
399090,0,28580,5337,51695
399140,0,28580,5337,51695
399190,0,28580,5337,51695
399240,0,28071,5337,51695
399290,0,28071,7500,51695
399340,0,28071,7500,51695
399390,0,28071,7500,51695
399482,0,28071,7500,51695
399617,0,28071,7500,51271
399667,0,28071,7500,51271
399717,0,28071,8481,51271
399767,0,28071,8481,51271
399817,0,28071,8481,51271
399867,0,28071,8481,51271
399917,0,28071,8481,51235
399967,0,28071,8481,51235
400017,0,28071,8481,51235
400067,0,28071,8481,51235
400117,0,28071,12486,51235
400167,0,28071,12486,51235
400217,0,28071,12486,51235
400267,0,28071,12486,51235
400317,0,28071,12486,50506
400367,0,28071,12486,50506
400417,0,28071,12486,50506
400509,0,28580,13037,50506
400559,0,28580,13037,50506
400609,0,28580,13037,50506
400744,0,28580,13037,50567
400794,0,28580,13037,50567
400844,0,28580,13037,50567
400894,0,28580,12690,50567
400944,0,28580,12690,50567
400994,0,28580,12690,50567
401044,0,29120,12690,50567
401094,0,29120,12690,50567
401144,0,29120,12690,50614
401194,0,29120,12690,50614
401244,0,29120,12690,50614
401294,0,29120,12690,50614
401344,0,29120,12328,50614
401394,0,29120,12328,50614
401486,0,28580,12328,50614
401536,0,28580,12328,50648
401586,0,28580,12328,50648
401636,0,29692,12328,50648
401686,0,29692,12328,50648
401736,0,29692,12146,50648
401871,0,29120,12146,50648
401921,0,29120,12146,50653
401971,0,29120,12146,50653
402021,0,29120,12146,50653
402071,0,29692,12146,50653
402121,0,29692,11784,50653
402171,0,29692,11784,50653
402221,0,29692,11784,50653
402271,0,29120,11784,50653
402321,0,29120,11784,50678
402371,0,29120,11784,50678
402463,0,29692,11784,50678
402513,0,29692,11448,50678
402563,0,29692,11448,50678
402613,0,29692,11448,50678
402663,0,29692,11448,50678
402713,0,29692,11448,50661
402763,0,29692,11448,50661
402813,0,29692,11448,50661
402863,0,29692,11448,50661
402999,0,29692,11225,50661
403049,0,29120,11225,50661
403099,0,29120,11225,50661
403149,0,29120,11225,50713
403199,0,29120,11225,50713
403249,0,29120,11225,50713
403299,0,29120,11225,50713
403349,0,29120,11019,50713
403441,0,29120,11019,50713
403491,0,29120,11019,50713
403541,0,29120,11019,50743
403591,0,29120,11019,50743
403641,0,29692,11019,50743
403691,0,29692,11019,50743
403741,0,29692,10829,50743
403791,0,29692,10829,50743
403841,0,29692,10829,50743
403891,0,29692,10829,50743
403941,0,29692,10829,50759
403991,0,29692,10829,50759
404126,0,29120,10545,50759
404176,0,29120,10545,50759
404226,0,29692,10545,50759
404276,0,29692,10545,50759
404326,0,29692,10545,50788
404418,0,29692,10545,50788
404468,0,29692,10545,50788
404518,0,29692,10276,50788
404568,0,29692,10276,50788
404618,0,29692,10276,50788
404668,0,29692,10276,50788
404718,0,29692,10276,50878
404768,0,29692,10276,50878
404818,0,29692,10276,50878
404868,0,29692,10276,50878
404918,0,29692,9691,50878
404968,0,29692,9691,50878
405018,0,29692,9691,50878
405068,0,29692,9691,50878
405118,0,29692,9691,50939
405253,0,29692,9691,50939
405303,0,29692,9691,50939
405395,0,29692,9351,50939
405445,0,29806,9351,50939
405495,0,29920,9351,50939
405545,0,30035,9351,50938
405595,0,30149,9351,50938
405645,0,30263,9351,50938
405695,0,30263,9351,50938
405745,0,30263,9284,50938
405795,0,30263,9284,50938
405845,0,29692,9284,50938
405895,0,29692,9284,50938
405945,0,29692,9284,50982
405995,0,29692,9284,50982
406045,0,30263,9284,50982
406095,0,30263,9284,50982
406145,0,30263,9195,50982
406195,0,30263,9195,50982
406245,0,30263,9195,50982
406423,0,30263,9195,50980
406473,0,30881,9195,50980
406523,0,30881,9195,50980
406573,0,30881,9106,50980
406623,0,30881,9106,50980
406673,0,30263,9106,50980
406723,0,30263,9106,50980
406773,0,30263,9106,50951
406823,0,30263,9106,50951
406873,0,30263,9106,50951
406923,0,30263,9106,50951
406973,0,30263,9044,50951
407023,0,30263,9044,50951
407073,0,30881,9044,50951
407123,0,30881,9044,50951
407173,0,30881,9044,50967
407223,0,30881,9044,50967
407273,0,30881,9044,50967
407365,0,30881,9067,50967
407415,0,30881,9067,50967
407550,0,30263,9067,50998
407600,0,30263,9067,50998
407650,0,30881,9067,50998
407700,0,30881,9067,50998
407750,0,30881,8881,50998
407800,0,30881,8881,50998
407850,0,30263,8881,50998
407900,0,30263,8881,50998
407950,0,30263,8881,51012
408000,0,30263,8881,51012
408050,0,30881,8881,51012
408100,0,30881,8881,51012
408150,0,30881,8766,51012
408200,0,30881,8766,51012
408250,0,30263,8766,51012
408300,0,30263,8766,51012
408392,0,30263,8766,51002
408442,0,30263,8766,51002
408492,0,30263,8766,51002
408542,0,30263,8766,51002
408679,0,30263,8725,51002
408729,0,30263,8725,51002
408779,0,30263,8725,51021
408829,0,30263,8725,51021
408879,0,30263,8725,51021
408929,0,30263,8725,51021
408979,0,30263,8766,51021
409029,0,30263,8766,51021
409079,0,30263,8766,51021
409129,0,30263,8766,51021
409179,0,30263,8766,51042
409229,0,30881,8766,51042
409279,0,30881,8766,51042
409371,0,30881,8615,51042
409421,0,30881,8615,51042
409471,0,30263,8615,51042
409521,0,30263,8615,51042
409571,0,30263,8615,51052
409621,0,30263,8615,51052
409671,0,30881,8615,51052
409806,0,30881,8448,51052
409856,0,30263,8448,51052
409906,0,30263,8448,51052
409956,0,30263,8448,51061
410006,0,30263,8448,51061
410056,0,30881,8448,51061
410106,0,30881,8448,51061
410156,0,30881,8372,51061
410206,0,30881,8372,51061
410256,0,30881,8372,51061
410306,0,30881,8372,51061
410398,0,30881,8372,51092
410448,0,30881,8372,51092
410498,0,30881,8372,51092
410548,0,30881,8372,51092
410598,0,30881,8072,51092
410648,0,30881,8072,51092
410698,0,30881,8072,51092
410748,0,30881,8072,51092
410798,0,30881,8072,51114
410934,0,30881,8072,51114
410984,0,30881,7982,51114
411034,0,30263,7982,51114
411084,0,30263,7982,51114
411134,0,30263,7982,51114
411184,0,30263,7982,51328
411234,0,30881,7982,51328
411284,0,30881,7982,51328
411334,0,30881,7982,51328
411427,0,30263,6262,51328
411477,0,30263,6262,51328
411527,0,30263,6262,51328
411577,0,30263,6262,51380
411627,0,30881,6262,51380
411677,0,30881,6262,51380
411727,0,30881,6262,51380
411777,0,30881,6347,51380
411827,0,30881,6347,51380
411877,0,30881,6347,51380
411927,0,30881,6347,51380
412062,0,30881,6347,51388
412112,0,30881,6347,51388
412162,0,30881,6347,51388
412212,0,30881,6238,51388
412262,0,30881,6238,51388
412312,0,30881,6238,51388
412404,0,30881,6238,51432
412454,0,30881,6238,51432
412504,0,30881,6238,51432
412554,0,30881,6238,51432
412604,0,30881,6035,51432
412654,0,31498,6035,51432
412704,0,31498,6035,51432
412754,0,31498,6035,51432
412804,0,31498,6035,51478
412854,0,30263,6035,51478
412904,0,30263,6035,51478
412954,0,30263,6035,51478
413004,0,30263,5638,51478
413054,0,30881,5638,51478
413189,0,30881,5638,51525
413239,0,30881,5638,51525
413289,0,30881,5638,51525
413339,0,30881,5638,51525
413473,0,30263,5574,51525
413523,0,30263,5574,51525
413573,0,30263,5574,51525
413623,0,30263,5574,51612
413673,0,30881,5574,51612
413723,0,30881,5574,51612
413773,0,30881,5574,51612
413823,0,30881,5018,51612
413873,0,30881,5018,51612
413923,0,30881,5018,51612
413973,0,30881,5018,51612
414023,0,30881,5018,51639
414328,0,30263,4871,51639
414378,0,30263,4871,51639
414428,0,31498,4871,51725
414478,0,31498,4871,51725
414528,0,31498,4871,51725
414578,0,31498,4871,51725
414670,0,30263,4273,51725
414720,0,30263,4273,51725
414770,0,30263,4273,51725
414820,0,30263,4273,51767
414870,0,30881,4273,51767
414920,0,30881,4273,51767
414970,0,30881,4273,51767
415020,0,30881,4177,51767
415070,0,30881,4177,51767
415120,0,30881,4177,51767
415170,0,30881,4177,51767
415220,0,30881,4177,51762
415270,0,30881,4177,51762
415320,0,30881,4177,51762
415497,0,30881,4192,51762
415547,0,30881,4192,51762
415597,0,30881,4192,51798
415690,0,31498,4192,51798
415740,0,31498,4192,51798
415790,0,31498,4192,51798
415840,0,30881,4112,51798
415890,0,30881,4112,51798
415940,0,30881,4112,51798
415990,0,30881,4112,51798
416040,0,30881,4112,51799
416090,0,30881,4112,51799
416140,0,30881,4112,51799
416190,0,30881,4112,51799
416240,0,30881,4139,51799
416290,0,30881,4139,51799
416340,0,30881,4139,51799
416390,0,30881,4139,51799
416440,0,30881,4139,51802
416490,0,30881,4139,51802
416625,0,30263,4067,51802
416717,0,30263,4067,51802
416767,0,30263,4067,51802
416817,0,30263,4067,51831
416867,0,30881,4067,51831
416917,0,30881,4067,51831
416967,0,30881,4067,51831
417017,0,30881,3931,51831
417067,0,30881,3931,51831
417117,0,30881,3931,51831
417167,0,30881,3931,51831
417217,0,30881,3931,51840
417267,0,30263,3931,51840
417317,0,30263,3931,51840
417367,0,30263,3931,51840
417417,0,30263,3891,51840
417467,0,30881,3891,51840
417517,0,30881,3891,51840
417567,0,30881,3891,51840
417659,0,30263,3891,51827
417794,0,30263,3891,51827
417844,0,30263,4070,51827
417894,0,30263,4070,51827
417944,0,30263,4070,51827
417994,0,30263,4070,51827
418044,0,30881,4070,51830
418094,0,30881,4070,51830
418144,0,30881,4070,51830
418194,0,30881,4070,51830
418244,0,30881,4125,51830
418294,0,30881,4125,51830
418344,0,30881,4125,51830
418394,0,30881,4125,51830
418444,0,30881,4125,51820
418494,0,30881,4125,51820
418544,0,30881,4125,51820
418636,0,30263,4230,51820
418686,0,30263,4230,51820
418736,0,30263,4230,51820
418786,0,30263,4230,51820
418922,0,30881,4230,51806
418972,0,30881,4230,51806
419022,0,30881,4236,51806
419072,0,30263,4236,51806
419122,0,30263,4236,51806
419172,0,30263,4236,51806
419222,0,30263,4236,51816
419272,0,30881,4236,51816
419322,0,30881,4236,51816
419372,0,30881,4236,51816
419422,0,30881,4364,51816
419472,0,30263,4364,51816
419522,0,30263,4364,51816
419572,0,30263,4364,51816
419665,0,30881,4364,51775
419715,0,30881,4364,51775
419765,0,30881,4364,51775
419815,0,30881,4364,51775
419865,0,30263,4465,51775
419915,0,30263,4465,51775
420050,0,30263,4465,51806
420100,0,30263,4465,51806
420150,0,30263,4465,51806
420200,0,30263,4465,51806
420250,0,30881,4404,51806
420300,0,30881,4404,51806
420350,0,30881,4404,51806
420400,0,30881,4404,51806
420450,0,30881,4404,51771
420500,0,30881,4404,51771
420550,0,30881,4404,51771
420600,0,30881,4404,51771
420692,0,30263,4621,51771
420742,0,30263,4621,51771
420792,0,30263,4621,51771
420842,0,30263,4621,51744
420892,0,30263,4621,51744
420942,0,30263,4621,51744
420992,0,30263,4621,51744
421042,0,30263,4841,51744
421177,0,30263,4841,51744
421227,0,30263,4841,51744
421277,0,30263,4841,51713
421327,0,30263,4841,51713
421377,0,30263,4841,51713
421427,0,29692,4841,51713
421477,0,29692,4965,51713
421527,0,29692,4965,51713
421577,0,29692,4965,51713
421669,0,30263,4965,51683
421719,0,30263,4965,51683
421769,0,30263,4965,51683
421819,0,30263,4965,51683
421869,0,30263,5199,51683
421919,0,30263,5199,51683
421969,0,30263,5199,51683
422019,0,30263,5199,51683
422069,0,30263,5199,51655
422119,0,30263,5199,51655
422169,0,30263,5199,51655
422305,0,29692,5411,51655
422355,0,29692,5411,51655
422405,0,29692,5411,51655
422455,0,29692,5411,51635
422505,0,29692,5411,51635
422555,0,29692,5411,51635
422605,0,29692,5411,51635
422715,0,30263,5431,51635
422765,0,30263,5431,51635
422815,0,30263,5431,51635
422865,0,30263,5431,51596
422915,0,30263,5431,51596
422965,0,30263,5431,51596
423015,0,30263,5431,51596
423065,0,30263,5789,51596
423115,0,30263,5789,51596
423165,0,30263,5789,51596
423215,0,30263,5789,51596
423265,0,29692,5789,51569
423315,0,29692,5789,51569
423450,0,29692,5838,51569
423500,0,29692,5838,51569
423550,0,29692,5838,51569
423600,0,29692,5838,51569
423650,0,29692,5838,51538
423742,0,29692,5838,51538
423792,0,29692,5838,51538
423842,0,29692,5838,51538
423892,0,29692,6011,51538
423942,0,29692,6011,51538
423992,0,29692,6011,51538
424042,0,29692,6011,51538
424092,0,29692,6011,51463
424142,0,29692,6011,51463
424192,0,29692,6011,51463
424242,0,29692,6011,51463
424292,0,29692,6455,51463
424342,0,29692,6455,51463
424392,0,29692,6455,51463
424442,0,29120,6455,51463
424577,0,29120,6455,51432
424627,0,29692,6455,51432
424719,0,29692,6621,51432
424769,0,29692,6621,51432
424819,0,29692,6621,51432
424869,0,29120,6621,51436
424919,0,29120,6621,51436
424969,0,29120,6621,51436
425019,0,29120,6621,51436
425069,0,29692,6596,51436
425119,0,29692,6596,51436
425169,0,29692,6596,51436
425219,0,29692,6596,51436
425269,0,30263,6596,51388
425319,0,30263,6596,51388
425369,0,30263,6596,51388
425419,0,30263,6596,51388
425469,0,29692,6694,51388
425519,0,29692,6694,51388
425569,0,29692,6694,51388
425747,0,29692,6694,51378
425797,0,29692,6694,51378
425847,0,30263,6694,51378
425897,0,30263,6733,51378
425947,0,30263,6733,51378
425997,0,30263,6733,51378
426047,0,30263,6733,51378
426097,0,30263,6733,51366
426147,0,30263,6733,51366
426197,0,30263,6733,51366
426247,0,29692,6733,51366
426297,0,29692,6779,51366
426347,0,29692,6779,51366
426397,0,29692,6779,51366
426447,0,30263,6779,51366
426497,0,30263,6779,51341
426547,0,30263,6779,51341
426597,0,30263,6779,51341
426689,0,29692,6982,51341
426739,0,29692,6982,51341
426874,0,30263,6982,51347
426924,0,30263,6982,51347
426974,0,30263,6982,51347
427024,0,29692,6982,51347
427074,0,29692,6985,51347
427124,0,29692,6985,51347
427174,0,29692,6985,51347
427224,0,29692,6985,51347
427274,0,29692,6985,51356
427324,0,29692,6985,51356
427374,0,29692,6985,51356
427424,0,29692,6985,51356
427474,0,29692,6910,51356
427524,0,29692,6910,51356
427574,0,29692,6910,51356
427667,0,30263,6910,51356
427717,0,30263,6910,51352
427767,0,30263,6910,51352
427817,0,30263,6910,51352
427867,0,29692,6910,51352
428002,0,29692,6877,51352
428052,0,29692,6877,51352
428102,0,29692,6877,51360
428152,0,29692,6877,51360
428202,0,29692,6877,51360
428252,0,29692,6877,51360
428302,0,29692,6798,51360
428352,0,29692,6798,51360
428402,0,29692,6798,51360
428452,0,29692,6798,51360
428502,0,29692,6798,51380
428552,0,29692,6798,51380
428602,0,29692,6798,51380
428694,0,29692,6694,51380
428744,0,29692,6694,51380
428794,0,29692,6694,51380
428929,0,30263,6694,51420
428979,0,30263,6694,51420
429029,0,29692,6694,51420
429079,0,29692,6694,51420
429129,0,29692,6504,51420
429179,0,29692,6504,51420
429229,0,29692,6504,51420
429279,0,29692,6504,51420
429329,0,29692,6504,51417
429379,0,29692,6504,51417
429429,0,30263,6504,51417
429479,0,30263,6504,51417
429529,0,30263,6486,51417
429579,0,30263,6486,51417
429629,0,29692,6486,51417
429721,0,29692,6486,51410
429771,0,29692,6486,51410
429821,0,29692,6486,51410
429871,0,29692,6486,51410
429921,0,29692,6491,51410
430056,0,30263,6491,51410
430106,0,30263,6491,51419
430156,0,30263,6491,51419
430206,0,30263,6491,51419
430256,0,30263,6491,51419
430306,0,30263,6494,51419
430356,0,30263,6494,51419
430406,0,30263,6494,51419
430456,0,29692,6494,51419
430506,0,29692,6494,51478
430556,0,29692,6494,51478
430606,0,29692,6494,51478
430698,0,29692,6238,51478
430748,0,29692,6238,51478
430798,0,29692,6238,51478
430848,0,30263,6238,51478
430898,0,30263,6238,51491
430948,0,30263,6238,51491
430998,0,30263,6238,51491
431048,0,29692,6238,51491
431183,0,29692,6096,51491
431233,0,30263,6096,51491
431283,0,30263,6096,51491
431333,0,30263,6096,51471
431383,0,30263,6096,51471
431433,0,29692,6096,51471
431483,0,29692,6096,51471
431533,0,29692,6237,51471
431583,0,29692,6237,51471
431633,0,29692,6237,51471
431725,0,29692,6237,51478
431775,0,29692,6237,51478
431825,0,30263,6237,51478
431875,0,30263,6237,51478
431925,0,30263,6147,51478
431975,0,30263,6147,51478
432025,0,29692,6147,51478
432075,0,29692,6147,51478
432125,0,29692,6147,51480
432175,0,29692,6147,51480
432310,0,29692,6161,51480
432360,0,29692,6161,51480
432410,0,29692,6161,51480
432460,0,29692,6161,51480
432510,0,29692,6161,51484
432560,0,29692,6161,51484
432610,0,29692,6161,51484
432702,0,29692,6161,51484
432752,0,29692,6144,51484
432802,0,29692,6144,51484
432852,0,30263,6144,51484
432902,0,30263,6144,51484
432952,0,30263,6144,51479
433002,0,30263,6144,51479
433052,0,30263,6144,51479
433102,0,30263,6144,51479
433152,0,30263,6140,51479
433202,0,30263,6140,51479
433252,0,29692,6140,51479
433302,0,29692,6140,51479
433437,0,30263,6140,51502
433487,0,30263,6140,51502
433537,0,30263,6190,51502
433587,0,30263,6190,51502
433637,0,30263,6190,51502
433729,0,30263,6190,51500
433779,0,30263,6190,51500
433829,0,29692,6190,51500
433879,0,29692,6190,51500
433929,0,29692,5977,51500
433979,0,29692,5977,51500
434029,0,29692,5977,51500
434079,0,29692,5977,51500
434129,0,29692,5977,51497
434179,0,29692,5977,51497
434229,0,30263,5977,51497
434279,0,30263,5977,51497
434329,0,30263,6140,51497
434379,0,30263,6140,51497
434429,0,30263,6140,51497
434564,0,30263,6140,51454
434614,0,30263,6140,51454
434664,0,29692,6140,51454
434756,0,29692,6370,51454
434806,0,29692,6370,51454
434856,0,29692,6370,51454
434906,0,29692,6370,51454
434956,0,29692,6370,51447
435006,0,29692,6370,51447
435056,0,30263,6370,51447
435106,0,30263,6370,51447
435156,0,30263,6428,51447
435206,0,30263,6428,51447
435256,0,30263,6428,51447
435306,0,30263,6428,51447
435356,0,30263,6428,51414
435406,0,30263,6428,51414
435456,0,29692,6428,51414
435506,0,29692,6428,51414
435556,0,29692,6376,51414
435734,0,29692,6376,51417
435784,0,29692,6376,51417
435834,0,30263,6376,51417
435884,0,30263,6376,51417
435934,0,30263,6527,51417
435984,0,30263,6527,51417
436034,0,30263,6527,51417
436084,0,30263,6527,51417
436134,0,30263,6527,51424
436184,0,30263,6527,51424
436234,0,29120,6527,51424
436284,0,29120,6527,51424
436334,0,29120,5329,51424
436384,0,29120,5329,51424
436434,0,29692,5329,51424
436484,0,29692,5329,51424
436534,0,29692,5329,51403
436584,0,29692,5329,51403
436676,0,29692,5329,51403
436726,0,29692,5329,51403
436861,0,29692,6409,51403
436911,0,29692,6409,51403
436961,0,29692,6409,51394
437011,0,29692,6409,51394
437061,0,29692,6409,51394
437111,0,29692,6409,51394
437161,0,29692,6399,51394
437211,0,29692,6399,51394
437261,0,30263,6399,51394
437311,0,30263,6399,51394
437361,0,30263,6399,51425
437411,0,30263,6399,51425
437461,0,29692,6399,51425
437511,0,29692,6399,51425
437561,0,29692,6369,51425
437611,0,29692,6369,51425
437703,0,29692,6369,51425
437753,0,29692,6369,51418
437803,0,29692,6369,51418
437853,0,29120,6369,51418
437988,0,29120,6241,51418
438038,0,29692,6241,51418
438088,0,29692,6241,51418
438138,0,29692,6241,51445
438188,0,29692,6241,51445
438238,0,29692,6241,51445
438288,0,29692,6241,51445
438338,0,29692,6065,51445
438388,0,29692,6065,51445
438438,0,29692,6065,51445
438488,0,29692,6065,51445
438538,0,29692,6065,51445
438588,0,29692,6065,51483
438680,0,29692,6065,51483
438730,0,29692,6065,51483
438780,0,29692,5691,51483
438830,0,29692,5691,51483
438880,0,29692,5691,51483
438930,0,29692,5691,51483
438980,0,29692,5691,51620
439115,0,29692,5691,51620
439165,0,29692,4918,51620
439215,0,29692,4918,51620
439265,0,29720,4918,51620
439315,0,29748,4918,51620
439365,0,29775,4918,51689
439415,0,29803,4918,51689
439465,0,29831,4918,51689
439515,0,29859,4918,51689
439565,0,29887,4419,51689
439615,0,29914,4419,51689
439665,0,29942,4419,51689
439757,0,29993,4419,51750
439807,0,30021,4419,51750
439857,0,30049,4419,51750
439907,0,30077,4419,51750
439957,0,30105,4095,51750
440007,0,30132,4095,51750
440057,0,30160,4095,51750
440107,0,30188,4095,51750
440242,0,30263,4095,51814
440292,0,30263,4095,51814
440342,0,30263,4095,51814
440392,0,30263,3447,51814
440442,0,29692,3447,51814
440492,0,29692,3447,51814
440542,0,29692,3447,51814
440592,0,29692,3447,51889
440642,0,29692,3447,51889
440692,0,29692,3447,51889
440742,0,29692,3447,51889
440836,0,29692,3131,51889
440886,0,29692,3131,51889
440936,0,29692,3131,51889
440986,0,29692,3131,51959
441036,0,29120,3131,51959
441086,0,29120,3131,51959
441136,0,29120,3131,51959
441186,0,29120,2535,51959
441236,0,29120,2535,51959
441371,0,29120,2535,52074
441421,0,29120,2535,52074
441471,0,29692,2535,52074
441521,0,29692,2535,52074
441571,0,29692,2277,52074
441621,0,29692,2277,52074
441671,0,29692,2277,52074
441721,0,29692,2277,52074
441771,0,29692,2277,52098
441913,0,29692,2277,52098
441963,0,29692,2277,52098
442013,0,29692,2168,52098
442063,0,29692,2168,52098
442113,0,29692,2168,52098
442163,0,29692,2168,52098
442213,0,29692,2168,52092
442263,0,29692,2168,52092
442313,0,29692,2168,52092
442363,0,29692,2168,52092
442413,0,29692,2349,52092
442549,0,29692,2349,52092
442599,0,29692,2349,52044
442649,0,29120,2349,52044
442699,0,29120,2349,52044
442749,0,29120,2349,52044
442799,0,29120,2630,52044
442891,0,29120,2630,52044
442941,0,29120,2630,52044
442991,0,29120,2630,52001
443041,0,29692,2630,52001
443091,0,29692,2630,52001
443141,0,29692,2630,52001
443191,0,29692,3367,52001
443241,0,29120,3367,52001
443291,0,29120,3367,52001
443341,0,29120,3367,52001
443476,0,29120,3367,51850
443526,0,29120,3367,51850
443576,0,29120,4539,51850
443626,0,29120,4539,51850
443676,0,29120,4539,51850
443726,0,29120,4539,51850
443776,0,29120,4539,51625
443826,0,29120,4539,51625
443918,0,29120,4539,51625
443968,0,29120,4539,51625
444018,0,29120,5800,51625
444068,0,29120,5800,51625
444118,0,29120,5800,51625
444168,0,29120,5800,51625
444218,0,29120,5800,51418
444268,0,29120,5800,51418
444318,0,29120,5800,51418
444368,0,29120,5800,51418
444418,0,29120,7128,51418
444468,0,29186,7128,51418
444603,0,29363,7128,51254
444653,0,29429,7128,51254
444703,0,29495,7128,51254
444753,0,29561,7128,51254
444803,0,29626,8030,51254
444853,0,29692,8030,51254
444903,0,29692,8030,51254
444995,0,29692,8030,51139
445045,0,29120,8030,51139
445095,0,29120,8030,51139
445145,0,29120,8030,51139
445195,0,29120,8684,51139
445245,0,29120,8684,51139
445295,0,29120,8684,51139
445345,0,29120,8684,51139
445395,0,29120,8684,50979
445445,0,29120,8684,50979
445495,0,29120,8684,50979
445545,0,29120,8684,50979
445595,0,29120,8684,50979
445730,0,29120,9302,50979
445780,0,29120,9302,50979
445830,0,29120,9302,50968
445880,0,29120,9302,50968
446014,0,29120,9542,50968
446064,0,29120,9542,50968
446114,0,29120,9542,50968
446164,0,29120,9542,50968
446214,0,29120,9542,50923
446264,0,29060,9542,50923
446314,0,29000,9542,50923
446364,0,28940,9542,50923
446414,0,28880,9895,50923
446464,0,28820,9895,50923
446514,0,28760,9895,50923
446564,0,28700,9895,50923
446614,0,28640,9895,50824
446664,0,28580,9895,50824
446714,0,28580,9895,50824
446764,0,28580,9895,50824
447069,0,28580,10448,50783
447119,0,28580,10448,50783
447169,0,28580,10448,50783
447261,0,28580,10827,50783
447311,0,28580,10827,50783
447361,0,28580,10827,50783
447411,0,28580,10827,50705
447461,0,28580,10827,50705
447511,0,28580,10827,50705
447561,0,28580,10827,50705
447611,0,28580,11328,50705
447661,0,29120,11328,50705
447711,0,29120,11328,50705
447761,0,29120,11328,50705
447811,0,29120,11328,50632
447861,0,28580,11328,50632
447911,0,28580,11328,50632
447961,0,28580,11328,50632
448011,0,28580,11553,50632
448061,0,28580,11553,50632
448281,0,28580,11553,50592
448331,0,28580,11553,50592
448381,0,28580,11553,50592
448431,0,29120,11539,50592
448481,0,29120,11539,50592
448531,0,29120,11539,50592
448581,0,29120,11539,50592
448631,0,29120,11539,50610
448681,0,29120,11539,50610
448731,0,29120,11539,50610
448781,0,29120,11539,50610
448831,0,29692,11430,50610
448881,0,29692,11430,50610
448931,0,29692,11430,50610
448981,0,29692,11430,50610
449031,0,29692,11430,50630
449081,0,29692,11430,50630
449173,0,29692,11430,50630
449223,0,29692,11066,50630
449273,0,29692,11066,50630
449408,0,29692,11066,50630
449458,0,29692,11066,50642
449508,0,29692,11066,50642
449558,0,29692,11066,50642
449608,0,29692,11066,50642
449658,0,29692,10787,50642
449708,0,29692,10787,50642
449758,0,29692,10787,50642
449808,0,29692,10787,50642
449858,0,29692,10787,50688
449908,0,29692,10787,50688
449958,0,29692,10787,50688
450008,0,29692,10787,50688
450058,0,29120,10511,50688
450150,0,29120,10511,50688
450200,0,29120,10511,50688
450250,0,29692,10511,50732
450300,0,29692,10511,50732
450350,0,29692,10511,50732
450400,0,29692,10511,50732
450535,0,29692,10160,50732
450585,0,29692,10160,50732
450635,0,29692,10160,50768
450685,0,29692,10160,50768
450735,0,29692,10160,50768
450785,0,29692,10160,50768
450835,0,29692,9710,50768
450885,0,29692,9710,50768
450935,0,29692,9710,50768
450985,0,29692,9710,50768
451035,0,29692,9710,50856
451127,0,29692,9710,50856
451177,0,29692,9710,50856
451227,0,29692,9381,50856
451277,0,29692,9381,50856
451327,0,29692,9381,50856
451377,0,29692,9381,50856
451427,0,29792,9381,50938
451477,0,29892,9381,50938
451527,0,29993,9381,50938
451662,0,30263,8824,50938
451712,0,30263,8824,50938
451762,0,30263,8824,50938
451812,0,30263,8824,50938
451862,0,29692,8824,51006
451912,0,29692,8824,51006
451962,0,29692,8824,51006
452012,0,29692,8824,51006
452062,0,29692,8363,51006
452154,0,29692,8363,51006
452204,0,29692,8363,51006
452254,0,29692,8363,51008
452304,0,29692,8363,51008
452354,0,29692,8363,51008
452404,0,29692,8363,51008
452454,0,29692,8254,51008
452504,0,29692,8254,51008
452554,0,29692,8254,51008
452604,0,29692,8254,51008
452654,0,30263,8254,51042
452789,0,30263,8254,51042
452839,0,29692,8254,51042
452889,0,29692,8156,51042
452939,0,29692,8156,51042
452989,0,29692,8156,51042
453039,0,30263,8156,51042
453089,0,30263,8156,51070
453181,0,30263,8156,51070
453231,0,30263,8156,51070
453281,0,30263,7922,51070
453331,0,30263,7922,51070
453381,0,30263,7922,51070
453431,0,30263,7922,51070
453481,0,30263,7922,51089
453531,0,30263,7922,51089
453581,0,30263,7922,51089
453631,0,29692,7922,51089
453681,0,29692,7854,51089
453731,0,29692,7854,51089
453781,0,29692,7854,51089
453916,0,30881,7854,51135
453966,0,30881,7854,51135
454016,0,30881,7854,51135
454066,0,30881,7650,51135
454116,0,30881,7650,51135
454208,0,30881,7650,51135
454258,0,30263,7650,51177
454308,0,30263,7650,51177
454358,0,30263,7650,51177
454408,0,30263,7650,51177
454458,0,30263,7352,51177
454508,0,30263,7352,51177
454558,0,30263,7352,51177
454608,0,30263,7352,51177
454658,0,30263,7352,51177
454708,0,30263,7352,51177
454758,0,30263,7352,51177
454808,0,30263,7352,51177
454858,0,30263,7380,51177
454908,0,30263,7380,51177
455044,0,30881,7380,51177
455094,0,30881,7380,51144
455186,0,30881,7380,51144
455236,0,30263,7380,51144
455286,0,30263,7489,51144
455336,0,30263,7489,51144
455386,0,30263,7489,51144
455436,0,30881,7489,51144
455486,0,30881,7489,51135
455536,0,30881,7489,51135
455586,0,30881,7489,51135
455636,0,30881,7489,51135
455686,0,30881,7602,51135
455736,0,30881,7602,51135
455786,0,30881,7602,51135
455836,0,30263,7602,51135
455886,0,30263,7602,51123
455936,0,30263,7602,51123
455986,0,30263,7602,51123
456036,0,30263,7602,51123
456214,0,30263,7795,51123
456264,0,30881,7795,51095
456314,0,30881,7795,51095
456364,0,30881,7795,51095
456414,0,30881,7795,51095
456464,0,30881,7946,51095
456514,0,30881,7946,51095
456564,0,30881,7946,51095
456614,0,30881,7946,51095
456664,0,30263,7946,51073
456714,0,30263,7946,51073
456764,0,30263,7946,51073
456814,0,30263,7946,51073
456864,0,30263,8244,51073
456914,0,30263,8244,51073
456964,0,30263,8244,51073
457014,0,30263,8244,51073
457064,0,30263,8244,51073
457156,0,30263,8244,51037
457206,0,30263,8244,51037
457341,0,30263,8451,51037
457391,0,30263,8451,51037
457441,0,30263,8451,51037
457491,0,30263,8451,50999
457541,0,30263,8451,50999
457591,0,30263,8451,50999
457641,0,30263,8451,50999
457691,0,30263,8727,50999
457741,0,30263,8727,50999
457791,0,30263,8727,50999
457841,0,29692,8727,50999
457891,0,29692,8727,50923
457941,0,29692,8727,50923
457991,0,29692,8727,50923
458041,0,30263,8727,50923
458133,0,30263,9146,50923
458268,0,30263,9146,50923
458318,0,30263,9146,50882
458368,0,30263,9146,50882
458418,0,30263,9146,50882
458468,0,30263,9146,50882
458518,0,30263,9527,50882
458568,0,30263,9527,50882
458618,0,30263,9527,50882
458668,0,30263,9527,50882
458718,0,30263,9527,50778
458768,0,30263,9527,50778
458818,0,30263,9527,50778
458868,0,30263,9527,50778
458918,0,30263,10285,50778
458968,0,30263,10285,50778
459018,0,30263,10285,50778
459068,0,30263,10285,50778
459162,0,30263,10285,50628
459212,0,30263,10285,50628
459262,0,30394,10285,50628
459397,0,30750,11000,50628
459447,0,30881,11000,50628
459497,0,30881,11000,50553
459547,0,30881,11000,50553
459597,0,30881,11000,50553
459647,0,30263,11000,50553
459697,0,30263,11593,50553
459747,0,30263,11593,50553
459797,0,30263,11593,50553
459847,0,30881,11593,50553
459897,0,30881,11593,50487
459947,0,30881,11593,50487
459997,0,30881,11593,50487
460047,0,30881,11593,50487
460139,0,30881,11575,50487
460189,0,30881,11575,50487
460239,0,30881,11575,50487
460289,0,30881,11575,50487
460339,0,30881,11575,50421
460389,0,30881,11575,50421
460524,0,30263,11771,50421
460574,0,30263,11771,50421
460624,0,30263,11771,50421
460674,0,30263,11771,50421
460724,0,30263,11771,50517
460774,0,30263,11771,50517
460824,0,30263,11771,50517
460874,0,30263,11771,50517
460924,0,30263,11696,50517
460974,0,30263,11696,50517
461024,0,30263,11696,50517
461116,0,30263,11696,50436
461166,0,30263,11696,50436
461216,0,30263,11696,50436
461266,0,30263,11696,50436
461316,0,30263,11408,50436
461366,0,30263,11408,50436
461416,0,30263,11408,50436
461466,0,30263,11408,50436
461516,0,30263,11408,50561
461651,0,30512,11408,50561
461701,0,30604,10802,50561
461751,0,30697,10802,50561
461801,0,30789,10802,50561
461851,0,30881,10802,50561
461901,0,30881,10802,50589
461951,0,30881,10802,50589
462001,0,30881,10802,50589
462051,0,30263,10802,50589
462143,0,30263,10263,50589
462193,0,30263,10263,50589
462243,0,30881,10263,50589
462293,0,30881,10263,50589
462343,0,30881,10263,50718
462393,0,30881,10263,50718
462443,0,30881,10263,50718
462493,0,30881,10263,50718
462543,0,30881,9527,50718
462593,0,30881,9527,50718
462643,0,30881,9527,50718
462778,0,30881,9527,50845
462828,0,30263,9527,50845
462878,0,30263,9527,50845
462928,0,30263,8672,50845
462978,0,30263,8672,50845
463028,0,30881,8672,50845
463120,0,30881,8672,50971
463170,0,30881,8672,50971
463220,0,30881,8672,50971
463270,0,30881,8672,50971
463320,0,30881,7933,50971
463370,0,30881,7933,50971
463420,0,30881,7933,50971
463470,0,30263,7933,50971
463520,0,30263,7933,51039
463570,0,30263,7933,51039
463620,0,30263,7933,51039
463670,0,30263,7933,51039
463720,0,30263,7440,51039
463770,0,30263,7440,51039
463905,0,30263,7440,51039
463955,0,30263,7440,51144
464005,0,30263,7440,51144
464055,0,30263,7440,51144
464147,0,30263,6650,51144
464197,0,30263,6650,51144
464247,0,30881,6650,51144
464297,0,30881,6650,51144
464347,0,30881,6650,51249
464397,0,30881,6650,51249
464447,0,30263,6650,51249
464497,0,30263,6650,51249
464547,0,30263,6064,51249
464597,0,30263,6064,51249
464647,0,30881,6064,51249
464697,0,30881,6064,51249
464747,0,30881,6064,51329
464797,0,30881,6064,51329
464847,0,31498,6064,51329
464897,0,31498,6064,51329
465032,0,30881,5599,51329
465124,0,30881,5599,51329
465174,0,30881,5599,51414
465224,0,30881,5599,51414
465274,0,30881,5599,51414
465324,0,30881,5599,51414
465374,0,30881,5082,51414
465424,0,30881,5082,51414
465474,0,30881,5082,51414
465524,0,30881,5082,51414
465574,0,30881,5082,51501
465624,0,30881,5082,51501
465674,0,30881,5082,51501
465724,0,30881,5082,51501
465774,0,30881,4655,51501
465824,0,31498,4655,51501
465874,0,31498,4655,51501
465924,0,31498,4655,51501
465974,0,31498,4655,51552
466066,0,30881,4655,51552
466201,0,30881,4294,51552
466251,0,30881,4294,51552
466301,0,30881,4294,51552
466351,0,30881,4294,51628
466401,0,30881,4294,51628
466451,0,30881,4294,51628
466501,0,30881,4294,51628
466551,0,30881,4024,51628
466601,0,30881,4024,51628
466651,0,30881,4024,51628
466701,0,30881,4024,51628
466751,0,30881,4024,51664
466801,0,30881,4024,51664
466851,0,30881,4024,51664
466901,0,30881,4024,51664
466951,0,30881,3872,51664
467001,0,30881,3872,51664
467093,0,30881,3872,51664
467143,0,30881,3872,51694
467193,0,30881,3872,51694
467328,0,30981,3872,51694
467378,0,31018,3603,51694
467428,0,31055,3603,51694
467478,0,31092,3603,51694
467528,0,31129,3603,51694
467578,0,31165,3603,51753
467628,0,31202,3603,51753
467678,0,31239,3603,51753
467728,0,31276,3603,51753
467778,0,31313,3446,51753
467828,0,31350,3446,51753
467878,0,31387,3446,51753
467928,0,31424,3446,51753
467978,0,31461,3446,51783
468028,0,31498,3446,51783
468078,0,31498,3446,51783
468170,0,31498,3246,51783
468220,0,31498,3246,51783
468270,0,30881,3246,51783
468320,0,30881,3246,51783
468455,0,31498,3246,51835
468505,0,31498,3246,51835
468555,0,31498,3158,51835
468605,0,31498,3158,51835
468655,0,30881,3158,51835
468705,0,30881,3158,51835
468755,0,30881,3158,51843
468805,0,30881,3158,51843
468855,0,30881,3158,51843
468905,0,30881,3158,51843
468955,0,30881,3012,51843
469005,0,30881,3012,51843
469055,0,30881,3012,51843
469105,0,30881,3012,51843
469197,0,30881,3012,51873
469247,0,30881,3012,51873
469297,0,30881,3012,51873
469347,0,30881,3012,51873
469397,0,30881,2881,51873
469447,0,30881,2881,51873
469582,0,30881,2881,51912
469632,0,30263,2881,51912
469682,0,30263,2881,51912
469732,0,30263,2881,51912
469782,0,30263,2771,51912
469832,0,30881,2771,51912
469882,0,30881,2771,51912
469932,0,30881,2771,51912
469982,0,30881,2771,51925
470032,0,30881,2771,51925
470082,0,30881,2771,51925
470132,0,30881,2771,51925
470224,0,30263,2722,51925
470274,0,30263,2722,51925
470324,0,30263,2722,51925
470374,0,30263,2722,51953
470424,0,30881,2722,51953
470474,0,30881,2722,51953
470524,0,30881,2722,51953
470574,0,30881,2653,51953
470709,0,30881,2653,51953
470759,0,30881,2653,51931
470809,0,30881,2653,51931
470859,0,30263,2653,51931
470909,0,30263,2653,51931
470959,0,30263,2835,51931
471009,0,30263,2835,51931
471059,0,30881,2835,51931
471109,0,30881,2835,51931
471201,0,30881,2835,51897
471251,0,30263,2835,51897
471301,0,30263,2835,51897
471351,0,30263,2835,51897
471401,0,30263,3145,51897
471451,0,30263,3145,51897
471501,0,30263,3145,51897
471551,0,30263,3145,51897
471601,0,30263,3145,51888
471651,0,30263,3145,51888
471701,0,30263,3145,51888
471836,0,29692,3185,51888
471886,0,29692,3185,51888
471936,0,29692,3185,51888
471986,0,29692,3185,51883
472036,0,30263,3185,51883
472086,0,30263,3185,51883
472136,0,30263,3185,51883
472228,0,30263,3225,51883
472278,0,30263,3225,51883
472328,0,30263,3225,51883
472378,0,30263,3225,51860
472428,0,30263,3225,51860
472478,0,30263,3225,51860
472528,0,30263,3225,51860
472578,0,30263,3363,51860
472628,0,30263,3363,51860
472763,0,30263,3363,51860
472813,0,30263,3363,51872
472863,0,30263,3363,51872
472913,0,30263,3363,51872
472963,0,30263,3363,51872
473013,0,30263,3468,51872
473063,0,30881,3468,51872
473113,0,30881,3468,51872
473163,0,30881,3468,51872
473255,0,30263,3468,51843
473305,0,30263,3468,51843
473355,0,30263,3468,51843
473405,0,30263,3553,51843
473455,0,30263,3553,51843
473505,0,30263,3553,51843
473555,0,30263,3553,51843
473605,0,30263,3553,51822
473655,0,29692,3553,51822
473705,0,29692,3553,51822
473755,0,29692,3553,51822
473890,0,30263,3674,51822
473940,0,30263,3674,51822
473990,0,30263,3674,51836
474040,0,29692,3674,51836
474090,0,29692,3674,51836
474140,0,29692,3674,51836
474232,0,29692,3675,51836
474282,0,29692,3675,51836
474332,0,29692,3675,51836
474382,0,29692,3675,51836
474432,0,30263,3675,51846
474482,0,30263,3675,51846
474532,0,30263,3675,51846
474582,0,30263,3675,51846
474632,0,29692,3702,51846
474682,0,29692,3702,51846
474732,0,29692,3702,51846
474782,0,29692,3702,51846
474832,0,29692,3702,51804
474882,0,29692,3702,51804
475017,0,29692,3987,51804
475067,0,30263,3987,51804
475117,0,30263,3987,51804
475167,0,30263,3987,51804
475259,0,30263,3987,52150
475309,0,30263,3987,52150
475359,0,30263,3987,52150
475409,0,30263,342,52150
475459,0,30263,342,52150
475509,0,30263,342,52150
475559,0,30263,342,52150
475609,0,30263,342,52356
475659,0,30263,342,52356
475709,0,30263,342,52356
475759,0,30263,342,52356
475809,0,30263,121,52356
475859,0,29692,121,52356
475909,0,29692,121,52356
475959,0,29692,121,52356
476009,0,29692,121,52371
476144,0,29692,121,52371
476194,0,29692,118,52371
476286,0,29692,118,52371
476336,0,29692,118,52371
476386,0,29692,118,52371
476436,0,29692,118,52382
476486,0,29692,118,52382
476536,0,29692,118,52382
476586,0,29692,118,52382
476636,0,29120,118,52382
476686,0,29120,118,52382
476736,0,29120,118,52382
476786,0,29120,118,52382
476836,0,29120,118,52393
476886,0,29120,118,52393
476936,0,29120,118,52393
476986,0,29120,118,52393
477036,0,29120,117,52393
477086,0,29120,117,52393
477136,0,29120,117,52393
477315,0,29120,117,52402
477365,0,29120,117,52402
477415,0,29120,117,52402
477465,0,28580,117,52402
477515,0,28580,117,52402
477565,0,28580,117,52402
477615,0,28580,117,52410
477665,0,29120,117,52410
477715,0,29120,117,52410
477765,0,29120,117,52410
477815,0,29120,117,52410
477865,0,29120,117,52410
477915,0,29120,117,52410
477965,0,29120,117,52410
478015,0,29120,117,52418
478065,0,29120,117,52418
478115,0,29120,117,52418
478165,0,29120,117,52418
478215,0,29120,116,52418
478349,0,29120,116,52418
478654,0,28580,116,52425
478704,0,28580,116,52425
478754,0,28580,116,52425
478804,0,28580,116,52425
478854,0,28071,116,52433
478904,0,28071,116,52433
478954,0,28071,116,52433
479004,0,28071,116,52433
479054,0,28580,117,52433
479104,0,28580,117,52433
479154,0,28580,117,52433
479204,0,28580,117,52433
479254,0,28580,117,52440
479304,0,28580,117,52440
479354,0,28580,117,52440
479404,0,28580,117,52440
479454,0,28580,117,52440
479546,0,28580,117,52440
479596,0,28580,117,52440
479646,0,28071,117,52446
479823,0,28071,116,52446
479873,0,28580,116,52446
479923,0,28580,116,52446
479973,0,28580,116,52446
480023,0,28580,116,52446
480073,0,28071,116,52453
480123,0,28071,116,52453
480173,0,28071,116,52453
480223,0,28071,116,52453
480273,0,28071,116,52453
480323,0,28071,116,52453
480373,0,28071,116,52453
480423,0,28071,116,52453
480473,0,28071,116,52459
480523,0,28071,116,52459
480615,0,28071,116,52459
480665,0,28071,116,52459
480715,0,28071,116,52459
480765,0,28071,116,52459
480815,0,28071,116,52459
480950,0,27561,116,52465
481000,0,27561,116,52465
481050,0,27561,116,52465
481100,0,27561,116,52465
481150,0,27561,116,52465
481200,0,27561,116,52465
481250,0,27561,116,52470
481300,0,27561,116,52470
481350,0,27561,116,52470
481400,0,27561,116,52470
481450,0,27561,116,52470
481500,0,27561,116,52470
481550,0,27561,116,52470
481600,0,27561,116,52470
481692,0,27561,116,52475
481742,0,27561,116,52475
481792,0,27561,116,52475
481842,0,27561,116,52475
481892,0,27561,116,52475
481942,0,27561,116,52475
482077,0,27428,116,52480
482127,0,27378,116,52480
482177,0,27329,116,52480
482227,0,27280,116,52480
482277,0,27230,116,52480
482327,0,27181,116,52480
482377,0,27131,116,52480
482427,0,27082,116,52480
482477,0,27082,116,52486
482527,0,27082,116,52486
482577,0,27082,116,52486
482627,0,27082,116,52486
482677,0,27082,115,52486
482769,0,27082,115,52486
482819,0,27082,115,52486
482869,0,27082,115,52491
482919,0,27082,115,52491
482969,0,27082,115,52491
483019,0,27082,115,52491
483069,0,26619,117,52491
483204,0,26619,117,52491
483254,0,27082,117,52495
483304,0,27082,117,52495
483354,0,27082,117,52495
483404,0,27082,117,52495
483454,0,27082,116,52495
483504,0,27082,116,52495
483554,0,27082,116,52495
483604,0,27082,116,52495
483654,0,27082,116,52500
483704,0,27082,116,52500
483796,0,27082,116,52500
483846,0,27082,116,52500
483896,0,27082,116,52500
483946,0,27082,116,52500
483996,0,27082,116,52500
484046,0,27082,116,52505
484096,0,27082,116,52505
484146,0,27082,116,52505
484196,0,27082,116,52505
484331,0,26619,116,52505
484381,0,26619,116,52505
484431,0,26619,116,52505
484481,0,26619,116,52509
484531,0,26619,116,52509
484581,0,26619,116,52509
484631,0,26156,116,52509
484681,0,26156,116,52509
484731,0,26156,116,52509
484823,0,26156,116,52509
484873,0,26156,116,52514
484923,0,26156,116,52514
484973,0,26156,116,52514
485023,0,26156,116,52514
485073,0,26619,116,52514
485123,0,26619,116,52514
485173,0,26619,116,52514
485223,0,26619,116,52514
485273,0,26156,116,52518
485323,0,26156,116,52518
485458,0,26156,116,52518
485508,0,26156,116,52518
485558,0,26156,116,52518
485608,0,26156,116,52518
485658,0,26156,116,52518
485708,0,26156,116,52522
485758,0,26156,116,52522
485808,0,26156,116,52522
485900,0,25724,116,52522
485950,0,25724,116,52522
486000,0,25724,116,52522
486050,0,25724,116,52522
486100,0,25724,116,52526
486150,0,25724,116,52526
486200,0,25724,116,52526
486250,0,26156,116,52526
486300,0,26156,116,52526
486350,0,26156,116,52526
486400,0,26156,116,52526
486450,0,26156,116,52526
486585,0,26156,116,52529
486635,0,25724,116,52529
486685,0,25724,116,52529
486735,0,25724,116,52529
486785,0,25724,116,52529
486835,0,25307,116,52529
486927,0,25307,116,52534
486977,0,25307,116,52534
487027,0,25724,116,52534
487077,0,25724,116,52534
487127,0,25724,116,52534
487177,0,25724,116,52534
487227,0,25724,116,52534
487277,0,25724,116,52538
487327,0,25724,116,52538
487377,0,25724,116,52538
487513,0,25724,115,52538
487563,0,25724,115,52538
487613,0,25724,115,52538
487663,0,25724,115,52538
487713,0,25724,115,52542
487763,0,25724,115,52542
487813,0,25724,115,52542
487863,0,25307,115,52542
487955,0,25307,115,52542
488005,0,25307,115,52542
488055,0,25307,115,52542
488105,0,25307,115,52545
488155,0,25307,115,52545
488205,0,25307,115,52545
488255,0,24890,115,52545
488305,0,24890,116,52545
488355,0,24890,116,52545
488405,0,24890,116,52545
488455,0,25307,116,52545
488505,0,25307,116,52548
488640,0,25307,116,52548
488690,0,25307,116,52548
488740,0,25307,116,52548
488790,0,25307,116,52548
488840,0,25307,116,52548
488890,0,25307,116,52553
488940,0,25307,116,52553
489032,0,25307,116,52553
489082,0,25307,115,52553
489132,0,25307,115,52553
489182,0,25307,115,52553
489232,0,24890,115,52553
489282,0,24890,115,52556
489332,0,24890,115,52556
489382,0,24890,115,52556
489432,0,24890,115,52556
489482,0,24890,115,52556
489532,0,24890,115,52556
489582,0,24890,115,52556
489632,0,24890,115,52556
489767,0,24890,115,52559
489817,0,24890,115,52559
489867,0,24890,115,52559
489917,0,24890,115,52559
489967,0,24890,115,52559
490088,0,25307,115,52563
490138,0,25307,115,52563
490188,0,25307,115,52563
490238,0,24504,115,52563
490288,0,24504,115,52563
490338,0,24504,115,52563
490388,0,24504,115,52563
490438,0,24504,115,52563
490488,0,24504,115,52566
490538,0,24504,115,52566
490588,0,24504,115,52566
490638,0,24504,115,52566
490688,0,24504,115,52566
490738,0,24504,116,52566
490788,0,24504,116,52566
490923,0,24504,116,52569
490973,0,24504,116,52569
491023,0,24504,116,52569
491115,0,24890,116,52569
491165,0,24890,116,52569
491215,0,24890,116,52569
491265,0,24118,116,52569
491315,0,24118,116,52572
491365,0,24118,116,52572
491415,0,24118,116,52572
491465,0,24118,116,52572
491515,0,24118,116,52572
491565,0,24118,116,52572
491615,0,24118,116,52572
491665,0,24118,116,52572
491715,0,24118,116,52575
491765,0,24118,116,52575
491815,0,24118,116,52575
491865,0,24504,116,52575
491915,0,24504,115,52575
492050,0,24118,115,52575
492142,0,24118,115,52578
492192,0,24118,115,52578
492242,0,24118,115,52578
492292,0,24118,115,52578
492342,0,24118,115,52578
492392,0,24118,115,52578
492442,0,23747,115,52578
492492,0,23747,115,52578
492542,0,23747,115,52581
492592,0,23747,115,52581
492642,0,24118,115,52581
492692,0,24118,115,52581
492742,0,24118,116,52581
492792,0,24118,116,52581
492842,0,24118,116,52581
492892,0,24118,116,52581
492942,0,24118,116,52584
492992,0,24118,116,52584
493042,0,23747,116,52584
493220,0,23747,116,52584
493270,0,23747,116,52584
493320,0,23747,116,52587
493370,0,23747,116,52587
493420,0,23747,116,52587
493470,0,23747,116,52587
493520,0,23747,115,52587
493570,0,23747,115,52587
493620,0,23747,115,52587
493670,0,23747,115,52587
493720,0,23747,115,52590
493770,0,23747,115,52590
493820,0,23747,115,52590
493870,0,23747,115,52590
493920,0,23747,115,52590
493970,0,23747,115,52590
494020,0,23747,115,52590
494070,0,23392,115,52590
494162,0,23392,115,52592
494212,0,23392,115,52592
494347,0,23392,115,52592
494397,0,23392,115,52592
494447,0,23392,115,52592
494497,0,23392,115,52592
494547,0,23392,115,52595
494597,0,23392,115,52595
494647,0,23392,115,52595
494697,0,23392,115,52595
494747,0,23392,115,52595
494797,0,23392,115,52595
494847,0,23037,115,52595
494897,0,23037,115,52595
494947,0,23037,115,52597
494997,0,23037,115,52597
495047,0,22697,115,52597
495097,0,22697,115,52597
495189,0,22697,115,52597
495239,0,23392,115,52597
495289,0,23392,115,52597
495339,0,23392,115,52600
495474,0,22697,115,52600
495524,0,22697,115,52600
495574,0,22697,115,52600
495624,0,22697,115,52600
495674,0,22697,115,52600
495724,0,22697,115,52600
495774,0,22697,115,52603
495824,0,22373,115,52603
495874,0,22373,115,52603
495924,0,22373,115,52603
495974,0,22373,115,52603
496024,0,22373,115,52603
496074,0,22373,115,52603
496124,0,22373,115,52603
496174,0,22373,115,52605
496266,0,22697,115,52605
496316,0,22697,115,52605
496366,0,22697,115,52605
496416,0,22697,115,52605
496466,0,22373,115,52605
496601,0,22373,115,52607
496651,0,22373,115,52607
496701,0,22373,115,52607
496751,0,22373,116,52607
496801,0,22373,116,52607
496851,0,22049,116,52607
496901,0,22049,116,52607
496951,0,22049,116,52610
497001,0,22049,116,52610
497051,0,22049,116,52610
497101,0,22049,116,52610
497151,0,22049,116,52610
497201,0,22049,116,52610
497293,0,21740,116,52610
497343,0,21740,116,52612
497393,0,21740,116,52612
497443,0,22049,116,52612
497493,0,22049,116,52612
497543,0,22049,114,52612
497593,0,22049,114,52612
497728,0,21740,114,52612
497778,0,21740,114,52615
497828,0,21740,114,52615
497878,0,21740,114,52615
497928,0,21740,114,52615
497978,0,21740,115,52615
498028,0,21740,115,52615
498078,0,21740,115,52615
498128,0,21740,115,52615
498178,0,21740,115,52617
498228,0,21740,115,52617
498320,0,21740,115,52617
498370,0,21740,115,52617
498420,0,21740,115,52617
498470,0,21740,115,52617
498520,0,21740,115,52617
498570,0,21740,115,52620
498620,0,21740,115,52620
498670,0,21431,115,52620
498720,0,21431,115,52620
498855,0,21740,115,52620
498905,0,21740,115,52620
498955,0,21740,115,52622
499005,0,21740,115,52622
499055,0,21431,115,52622
499105,0,21431,115,52622
499155,0,21431,115,52622
499205,0,21431,115,52622
499255,0,21138,115,52622
499347,0,21138,115,52622
499397,0,21138,115,52625
499447,0,21431,115,52625
499497,0,21431,115,52625
499547,0,21431,115,52625
499597,0,21431,115,52625
499647,0,21138,115,52625
499697,0,21138,115,52625
499747,0,21138,115,52625
499797,0,21138,115,52627
499847,0,21138,115,52627
499982,0,21138,116,52627
500032,0,21138,116,52627
500082,0,21138,116,52627
500132,0,21138,116,52627
500182,0,21138,116,52629
500232,0,21138,116,52629
500282,0,21138,116,52629
500332,0,21138,116,52629
500424,0,20860,115,52629
500474,0,20860,115,52629
500524,0,20860,115,52629
500574,0,20860,115,52630
500624,0,20582,115,52630
500674,0,20582,115,52630
500724,0,20582,115,52630
500774,0,20582,115,52630
500824,0,20860,115,52630
500874,0,20860,115,52630
500924,0,20860,115,52630
500974,0,20860,115,52633
501109,0,20582,115,52633
501159,0,20582,115,52633
501209,0,20582,115,52633
501259,0,20304,115,52633
501309,0,20304,115,52633
501359,0,20304,115,52633
501451,0,20860,115,52634
501501,0,20860,115,52634
501551,0,20860,115,52634
501601,0,20860,115,52634
501651,0,20304,115,52634
501701,0,20304,115,52634
501751,0,20304,115,52634
501801,0,20304,115,52637
501851,0,20041,115,52637
501901,0,20041,115,52637
502036,0,20041,115,52637
502086,0,20041,115,52637
502136,0,20041,115,52637
502186,0,20041,115,52638
502236,0,19794,115,52638
502286,0,19794,115,52638
502336,0,19794,115,52638
502386,0,19794,116,52638
502478,0,19794,116,52638
502528,0,19794,116,52638
502578,0,19794,116,52641
502628,0,19794,116,52641
502678,0,19794,116,52641
502728,0,19794,116,52641
502778,0,19794,116,52641
502828,0,19532,116,52641
502878,0,19532,116,52641
502928,0,19532,116,52641
502978,0,19532,116,52642
503028,0,20041,116,52642
503163,0,20041,116,52642
503213,0,20041,115,52642
503263,0,19794,115,52642
503313,0,19794,115,52642
503363,0,19794,115,52642
503413,0,19794,115,52644
503463,0,19532,115,52644
503555,0,19532,115,52644
503605,0,19532,116,52644
503655,0,19794,116,52644
503705,0,19794,116,52644
503755,0,19794,116,52644
503805,0,19794,116,52646
503855,0,19300,116,52646
503905,0,19300,116,52646
503955,0,19300,116,52646
504005,0,19300,115,52646
504055,0,19053,115,52646
504105,0,19053,115,52646
504155,0,19053,115,52646
504290,0,19532,115,52648
504340,0,19532,115,52648
504390,0,19532,116,52648
504440,0,19053,116,52648
504490,0,19053,116,52648
504582,0,19053,116,52649
504632,0,19053,116,52649
504682,0,19053,116,52649
504732,0,19053,116,52649
504782,0,19053,115,52649
504832,0,18822,115,52649
504882,0,18822,115,52649
504932,0,18822,115,52649
504982,0,18822,115,52649
505032,0,18822,115,52651
505082,0,18822,115,52651
505132,0,18822,115,52651
505182,0,18822,115,52651
505232,0,19053,117,52651
505282,0,19053,117,52651
505417,0,19053,117,52652
505467,0,18822,117,52652
505517,0,18822,117,52652
505609,0,18822,116,52652
505659,0,18374,116,52652
505709,0,18374,116,52652
505759,0,18374,116,52652
505809,0,18374,116,52655
505859,0,18590,116,52655
505909,0,18590,116,52655
505959,0,18590,116,52655
506009,0,18590,116,52655
506059,0,18374,116,52655
506109,0,18374,116,52655
506159,0,18374,116,52655
506209,0,18374,116,52656
506259,0,18590,116,52656
506309,0,18590,116,52656
506359,0,18590,116,52656
506409,0,18590,116,52656
506544,0,18374,116,52656
506636,0,18158,116,52658
506686,0,18158,116,52658
506736,0,18158,116,52658
506786,0,18158,116,52658
506836,0,18158,116,52658
506886,0,18158,116,52658
506936,0,18158,116,52658
506986,0,18158,116,52658
507036,0,18158,116,52659
507086,0,18158,116,52659
507136,0,18158,116,52659
507186,0,18158,116,52659
507236,0,18374,116,52659
507286,0,18374,116,52659
507336,0,18374,116,52659
507386,0,18374,116,52659
507436,0,17941,116,52661
507486,0,17941,116,52661
507536,0,17941,116,52661
507714,0,18158,116,52661
507764,0,18158,116,52661
507814,0,18158,116,52663
507864,0,18158,116,52663
507914,0,18158,116,52663
507964,0,18158,116,52663
508014,0,18158,116,52663
508064,0,17741,116,52663
508114,0,17741,116,52663
508164,0,17741,116,52663
508214,0,17741,116,52663
508264,0,17741,116,52663
508314,0,17741,116,52663
508364,0,17741,116,52663
508414,0,17741,116,52663
508464,0,17540,116,52663
508514,0,17540,116,52663
508564,0,17540,116,52663
508658,0,17540,116,52666
508708,0,17540,116,52666
508843,0,17339,115,52666
508893,0,17339,115,52666
508943,0,17339,115,52666
508993,0,17339,115,52666
509043,0,17154,115,52667
509093,0,17154,115,52667
509143,0,17154,115,52667
509193,0,17154,115,52667
509243,0,17154,115,52667
509293,0,17154,115,52667
509343,0,17154,115,52667
509393,0,17154,115,52667
509443,0,17154,115,52669
509493,0,17154,115,52669
509543,0,17154,115,52669
509593,0,17154,115,52669
509685,0,17154,115,52669
509735,0,17154,115,52669
509785,0,17154,115,52669
509835,0,16768,115,52670
509970,0,16768,115,52670
510020,0,16768,115,52670
510070,0,17154,115,52670
510120,0,17154,115,52670
510170,0,17154,115,52670
510220,0,17154,115,52671
510270,0,16598,115,52671
510320,0,16598,115,52671
510370,0,16598,115,52671
510420,0,16598,115,52671
510470,0,16768,115,52671
510520,0,16768,115,52671
510570,0,16768,115,52671
510620,0,16768,115,52671
510670,0,16413,115,52673
510762,0,16413,115,52673
510812,0,16413,115,52673
510862,0,16598,116,52673
510912,0,16598,116,52673
510962,0,16598,116,52673
511097,0,16413,116,52674
511147,0,16413,116,52674
511197,0,16413,116,52674
511247,0,15903,115,52674
511297,0,15903,115,52674
511347,0,15903,115,52674
511397,0,15903,115,52674
511447,0,16073,115,52675
511497,0,16073,115,52675
511547,0,16073,115,52675
511597,0,16073,115,52675
511647,0,15903,116,52675
511697,0,15903,116,52675
511831,0,16073,116,52675
511881,0,16073,116,52676
511931,0,16073,116,52676
511981,0,16073,116,52676
512031,0,15903,116,52676
512081,0,15903,115,52676
512131,0,15903,115,52676
512436,0,15440,115,52677
512486,0,15440,116,52677
512536,0,15440,116,52677
512586,0,15440,116,52677
512636,0,15595,116,52677
512686,0,15595,116,52679
512736,0,15595,116,52679
512786,0,15595,116,52679
512836,0,15286,116,52679
512886,0,15286,116,52679
512936,0,15286,116,52679
513028,0,15595,116,52679
513078,0,15595,116,52680
513128,0,15595,116,52680
513178,0,15595,116,52680
513228,0,15286,116,52680
513278,0,15286,114,52680
513328,0,15286,114,52680
513378,0,15286,114,52680
513428,0,15131,114,52680
513605,0,15131,114,52682
513655,0,15131,115,52682
513705,0,15131,115,52682
513755,0,15131,115,52682
513805,0,15131,115,52682
513855,0,14977,115,52683
513905,0,14977,115,52683
513955,0,14977,115,52683
514005,0,14977,115,52683
514097,0,14838,116,52683
514147,0,14838,116,52683
514197,0,14838,116,52683
514247,0,15131,116,52683
514297,0,15131,116,52683
514347,0,15131,116,52683
514397,0,15131,116,52683
514447,0,14699,116,52683
514497,0,14699,115,52683
514547,0,14699,115,52683
514597,0,14699,115,52683
514732,0,14977,115,52685
514782,0,14977,115,52685
514832,0,14560,115,52685
514882,0,14560,115,52685
514932,0,14560,115,52685
514982,0,14560,115,52685
515032,0,14560,115,52685
515082,0,14560,115,52685
515174,0,14560,115,52685
515224,0,14699,115,52685
515274,0,14699,115,52685
515324,0,14699,115,52685
515374,0,14699,115,52685
515424,0,14560,115,52685
515474,0,14560,115,52687
515524,0,14560,115,52687
515574,0,14560,115,52687
515624,0,14560,115,52687
515674,0,14560,436,52687
515724,0,14560,436,52687
515859,0,14282,436,52687
515909,0,14282,436,52676
515959,0,14282,436,52676
516009,0,14282,436,52676
516059,0,14159,436,52676
516109,0,14159,192,52676
516201,0,14159,192,52676
516251,0,14159,192,52676
516301,0,14159,192,52677
516351,0,14159,192,52677
516401,0,14159,192,52677
516451,0,14035,192,52677
516501,0,14035,190,52677
516551,0,14035,190,52677
516601,0,14035,190,52677
516651,0,14035,190,52677
516786,0,14035,190,52678
516836,0,13896,190,52678
516886,0,13896,270,52678
516936,0,13896,270,52678
516986,0,13896,270,52678
517036,0,13896,270,52678
517086,0,13896,270,52665
517136,0,13896,270,52665
517228,0,13773,270,52665
517278,0,13773,376,52665
517328,0,13773,376,52665
517378,0,13773,376,52665
517428,0,13773,376,52665
517478,0,13773,376,52652
517528,0,13773,376,52652
517578,0,13773,376,52652
517628,0,13541,376,52652
517678,0,13541,368,52652
517728,0,13541,368,52652
517778,0,13541,368,52652
517913,0,13649,368,52653
517963,0,13649,368,52653
518013,0,13649,368,52653
518063,0,13417,368,52653
518113,0,13417,371,52653
518163,0,13417,371,52653
518213,0,13417,371,52653
518305,0,13417,371,52654
518355,0,13417,371,52654
518405,0,13417,371,52654
518455,0,13309,371,52654
518505,0,13309,367,52654
518555,0,13309,367,52654
518605,0,13309,367,52654
518655,0,13186,367,52654
518705,0,13186,367,52655
518755,0,13186,367,52655
518805,0,13186,367,52655
518855,0,12970,367,52655
518905,0,12970,364,52655
519040,0,12970,364,52655
519090,0,12970,364,52656
519140,0,12970,364,52656
519190,0,12970,364,52656
519240,0,12970,364,52656
519332,0,12970,5726,52656
519382,0,12970,5726,52656
519432,0,12862,5726,52656
519482,0,12862,5726,52656
519532,0,12862,5726,51557
519582,0,12862,5726,51557
519632,0,13186,5726,51557
519682,0,13186,5726,51557
519732,0,13186,7728,51557
519782,0,13186,7728,51557
519832,0,13186,7728,51557
519882,0,13186,7728,51557
519932,0,13186,7728,51509
519982,0,13186,7728,51509
520032,0,13417,7728,51509
520167,0,13417,7904,51509
520217,0,13417,7904,51509
520267,0,13649,7904,51509
520359,0,13649,7904,51469
520409,0,13649,7904,51469
520459,0,13649,7904,51469
520509,0,13649,8046,51469
520559,0,13649,8046,51469
520609,0,13649,8046,51469
520659,0,13896,8046,51469
520709,0,13896,8046,51428
520759,0,13896,8046,51428
520809,0,13896,8046,51428
520859,0,14035,8046,51428
520909,0,14035,8182,51428
520959,0,14035,8182,51428
521009,0,14035,8182,51428
521059,0,14159,8182,51428
521109,0,14159,8182,51390
521159,0,14159,8182,51390
521337,0,14159,8317,51390
521387,0,14159,8317,51390
521437,0,14560,8317,51390
521487,0,14560,8317,51390
521537,0,14560,8317,51357
521587,0,14560,8317,51357
521637,0,14699,8317,51357
521687,0,14699,8317,51357
521737,0,14699,8469,51357
521787,0,14699,8469,51357
521837,0,15131,8469,51357
521887,0,15131,8469,51357
521937,0,15131,8469,51319
521987,0,15131,8469,51319
522037,0,14838,8469,51319
522087,0,14838,8469,51319
522137,0,14838,2577,51319
522187,0,14838,2577,51319
522279,0,15131,2577,51319
522329,0,15131,2577,52567
522464,0,14838,2577,52567
522514,0,14838,137,52567
522564,0,14838,137,52567
522614,0,14838,137,52567
522664,0,15131,137,52567
522714,0,15131,137,52588
522764,0,15131,137,52588
522814,0,15131,137,52588
522864,0,14699,137,52588
522914,0,14699,120,52588
522964,0,14699,120,52588
523014,0,14699,120,52588
523064,0,14838,120,52588
523114,0,14838,120,52602
523164,0,14838,120,52602
523214,0,14838,120,52602
523306,0,14699,120,52602
523356,0,14699,118,52602
523406,0,14699,118,52602
523456,0,14699,118,52602
523591,0,14699,118,52611
523641,0,14282,118,52611
523691,0,14282,118,52611
523741,0,14282,117,52611
523791,0,14282,117,52611
523841,0,14560,117,52611
523891,0,14560,117,52611
523941,0,14560,117,52620
523991,0,14560,117,52620
524041,0,14282,117,52620
524091,0,14282,117,52620
524141,0,14282,116,52620
524191,0,14282,116,52620
524241,0,14560,116,52620
524333,0,14560,116,52625
524383,0,14560,116,52625
524433,0,14282,116,52625
524483,0,14282,116,52625
524533,0,14282,117,52625
524583,0,14282,117,52625
524718,0,14282,117,52631
524768,0,14282,117,52631
524818,0,14282,117,52631
524868,0,14282,117,52631
524918,0,14282,117,52631
524968,0,14282,116,52631
525018,0,14282,116,52631
525068,0,14035,116,52631
525118,0,14035,116,52631
525168,0,14035,116,52635
525218,0,14035,116,52635
525268,0,14159,116,52635
525318,0,14159,116,52635
525410,0,14159,116,52635
525460,0,14035,116,52635
525510,0,14035,116,52635
525560,0,14035,116,52640
525610,0,14035,116,52640
525660,0,13896,116,52640
525710,0,13896,116,52640
525847,0,13773,116,52640
525897,0,13773,116,52640
525947,0,13773,116,52644
525997,0,13773,116,52644
526047,0,13773,116,52644
526097,0,13773,116,52644
526147,0,13773,116,52644
526197,0,13773,116,52644
526247,0,13773,116,52644
526297,0,13773,116,52644
526347,0,13773,116,52647
526439,0,13773,116,52647
526489,0,13773,116,52647
526539,0,13773,116,52647
526589,0,13773,116,52647
526639,0,13541,116,52647
526689,0,13541,116,52647
526739,0,13541,116,52650
526789,0,13541,116,52650
526839,0,13541,116,52650
526974,0,13541,116,52650
527024,0,13649,116,52650
527074,0,13649,116,52650
527124,0,13649,116,52650
527174,0,13649,116,52653
527224,0,13417,116,52653
527274,0,13417,116,52653
527324,0,13417,116,52653
527374,0,13417,116,52653
527466,0,13649,116,52653
527516,0,13649,116,52653
527566,0,13649,116,52656
527616,0,13649,116,52656
527666,0,13309,116,52656
527716,0,13309,116,52656
527766,0,13309,116,52656
527816,0,13309,116,52656
527866,0,13309,116,52656
527916,0,13309,116,52656
527966,0,13309,116,52659
528101,0,13078,116,52659
528151,0,13078,116,52659
528201,0,13078,116,52659
528251,0,13309,116,52659
528301,0,13309,116,52659
528351,0,13309,116,52661
528401,0,13309,116,52661
528493,0,13309,116,52661
528543,0,13309,116,52661
528593,0,13309,115,52661
528643,0,13078,115,52661
528693,0,13078,115,52661
528743,0,13078,115,52661
528793,0,13078,115,52664
528843,0,13186,115,52664
528893,0,13186,115,52664
528943,0,13186,115,52664
528993,0,13186,116,52664
529043,0,12862,116,52664
529093,0,12862,116,52664
529228,0,12862,116,52666
529278,0,12862,116,52666
529328,0,12862,116,52666
529378,0,12862,117,52666
529428,0,12753,117,52666
529478,0,12753,117,52666
529570,0,12753,117,52668
529620,0,12753,117,52668
529670,0,12753,117,52668
529720,0,12753,117,52668
529770,0,12753,115,52668
529820,0,12753,115,52668
529870,0,12753,115,52668
529920,0,12753,115,52668
529970,0,12753,115,52670
530020,0,12753,115,52670
530070,0,12553,115,52670
530120,0,12553,115,52670
530170,0,12553,117,52670
530220,0,12553,117,52670
530355,0,12645,117,52672
530405,0,12645,117,52672
530455,0,12445,117,52672
530505,0,12445,117,52672
530597,0,12445,116,52672
530647,0,12553,116,52672
530697,0,12553,116,52672
530747,0,12553,116,52672
530797,0,12553,116,52673
530847,0,12553,116,52673
530897,0,12553,116,52673
530947,0,12553,116,52673
530997,0,12553,116,52673
531047,0,12244,116,52673
531097,0,12244,116,52673
531147,0,12244,116,52673
531282,0,12244,116,52675
531332,0,12244,116,52675
531382,0,12244,116,52675
531432,0,12059,116,52675
531482,0,12059,116,52675
531532,0,12059,116,52675
531624,0,12244,116,52677
531674,0,12244,116,52677
531724,0,12244,116,52677
531774,0,12244,115,52677
531824,0,12244,115,52677
531874,0,12244,115,52677
531924,0,12244,115,52677
531974,0,12244,115,52679
532024,0,12059,115,52679
532074,0,12059,115,52679
532124,0,12059,115,52679
532174,0,12059,115,52679
532224,0,12059,115,52679
532274,0,12059,115,52679
532409,0,12059,115,52681
532459,0,11873,115,52681
532509,0,11873,115,52681
532559,0,11873,115,52681
532609,0,11873,116,52681
532701,0,11873,116,52681
532751,0,11873,116,52681
532801,0,11873,116,52681
532851,0,11966,116,52681
532901,0,11966,116,52681
532951,0,11966,116,52681
533001,0,11966,116,52681
533051,0,11688,116,52681
533101,0,11688,116,52681
533151,0,11688,116,52681
533201,0,11688,116,52683
533251,0,11873,116,52683
533301,0,11873,116,52683
533351,0,11873,116,52683
533401,0,11873,115,52683
533536,0,11873,115,52683
533586,0,11873,115,52685
533636,0,11688,115,52685
533728,0,11688,115,52685
533778,0,11688,115,52685
533828,0,11688,116,52685
533878,0,11688,116,52685
533928,0,11688,116,52685
533978,0,11688,116,52685
534028,0,11518,116,52686
534078,0,11518,116,52686
534128,0,11518,116,52686
534178,0,11518,116,52686
534228,0,11518,115,52686
534278,0,11518,115,52686
534328,0,11518,115,52686
534378,0,11518,115,52686
534428,0,11595,115,52688
534478,0,11595,115,52688
534528,0,11595,115,52688
534663,0,11348,115,52688
534755,0,11348,115,52688
534805,0,11348,115,52689
534855,0,11348,115,52689
534905,0,11348,115,52689
534955,0,11348,115,52689
535005,0,11348,115,52689
535055,0,11348,115,52689
535105,0,11348,115,52689
535155,0,11348,115,52689
535205,0,11348,115,52690
535255,0,11256,115,52690
535305,0,11256,115,52690
535355,0,11256,115,52690
535405,0,11256,114,52690
535455,0,11179,114,52690
535505,0,11179,114,52690
535555,0,11179,114,52690
535605,0,11179,114,52692
535697,0,11101,114,52692
535832,0,11101,115,52692
535882,0,11101,115,52692
535932,0,11101,115,52692
535982,0,11101,115,52692
536032,0,11024,115,52692
536082,0,11024,115,52692
536132,0,11024,115,52692
536182,0,11024,115,52692
536232,0,10947,115,52692
536282,0,10947,115,52692
536332,0,10947,115,52692
536382,0,10947,115,52692
536432,0,10947,115,52694
536482,0,10947,115,52694
536532,0,10947,115,52694
536582,0,10947,115,52694
536632,0,10947,115,52694
536682,0,10947,115,52694
536774,0,10947,115,52694
536824,0,10792,115,52695
536959,0,10792,115,52695
537009,0,10792,115,52695
537059,0,10870,115,52695
537109,0,10870,115,52695
537159,0,10870,115,52695
537209,0,10870,115,52696
537259,0,10870,115,52696
537309,0,10870,115,52696
537359,0,10870,115,52696
537409,0,10870,115,52696
537459,0,10715,115,52696
537509,0,10715,115,52696
537559,0,10715,115,52696
537609,0,10715,115,52697
537659,0,10561,115,52697
537709,0,10561,115,52697
537801,0,10561,115,52697
537851,0,10561,115,52697
537901,0,10561,115,52697
537951,0,10561,115,52697
538086,0,10561,115,52698
538136,0,10561,115,52698
538186,0,10561,115,52698
538236,0,10561,116,52698
538286,0,10561,116,52698
538336,0,10561,116,52698
538386,0,10561,116,52698
538436,0,10561,116,52699
538486,0,10561,116,52699
538536,0,10561,116,52699
538586,0,10561,116,52699
538636,0,10422,116,52699
538686,0,10422,116,52699
538736,0,10422,116,52699
538828,0,10422,116,52700
538878,0,10422,116,52700
538928,0,10422,116,52700
538978,0,10422,116,52700
539028,0,10422,115,52700
539078,0,10422,115,52700
539213,0,10422,115,52700
539263,0,10221,115,52701
539313,0,10221,115,52701
539363,0,10221,115,52701
539413,0,10221,115,52701
539463,0,10221,115,52701
539513,0,10221,115,52701
539563,0,10221,115,52701
539613,0,10221,115,52701
539663,0,10221,115,52702
539713,0,10221,115,52702
539763,0,10221,115,52702
539813,0,10221,115,52702
539905,0,10082,116,52702
539955,0,10082,116,52702
540005,0,10082,116,52702
540055,0,10082,116,52703
540105,0,10082,116,52703
540155,0,10082,116,52703
540205,0,10082,116,52703
540340,0,10082,115,52703
540390,0,10082,115,52703
540440,0,9820,115,52704
540490,0,9820,115,52704
540540,0,9820,115,52704
540590,0,9820,115,52704
540640,0,9820,115,52704
540690,0,9820,115,52704
540740,0,9820,115,52704
540790,0,9820,115,52704
540840,0,9820,115,52705
540932,0,9820,115,52705
540982,0,9820,115,52705
541032,0,9696,116,52705
541082,0,9696,116,52705
541132,0,9696,116,52705
541182,0,9696,116,52705
541232,0,9758,116,52705
541282,0,9758,116,52705
541332,0,9758,116,52705
541467,0,9758,114,52705
541517,0,9758,114,52705
541567,0,9758,114,52705
541617,0,9758,114,52705
541667,0,9403,114,52707
541717,0,9403,114,52707
541767,0,9403,114,52707
541817,0,9403,114,52707
541867,0,9403,116,52707
541917,0,9403,116,52707
542009,0,9403,116,52707
542059,0,9403,116,52707
542109,0,9403,116,52707
542159,0,9403,116,52707
542209,0,9403,116,52707
542259,0,9233,115,52707
542309,0,9233,115,52707
542359,0,9233,115,52707
542409,0,9233,115,52707
542459,0,9233,115,52708
542594,0,9233,115,52708
542644,0,9233,115,52708
542694,0,9233,115,52708
542744,0,9233,115,52708
542794,0,9233,115,52708
542844,0,9233,115,52709
542894,0,9233,115,52709
542944,0,9233,115,52709
542994,0,9233,115,52709
543086,0,9079,115,52709
543136,0,9079,115,52709
543186,0,9079,115,52709
543236,0,8924,115,52709
543286,0,8924,115,52710
543336,0,8924,115,52710
543386,0,8924,115,52710
543436,0,8924,115,52710
543486,0,8924,115,52710
543536,0,8924,115,52710
543586,0,8924,115,52710
543723,0,8816,115,52711
543773,0,8816,115,52711
543823,0,8816,115,52711
543873,0,8816,115,52711
543923,0,8816,115,52711
543973,0,8816,115,52711
544023,0,8816,115,52711
544073,0,8816,115,52712
544165,0,8816,115,52712
544215,0,8816,115,52712
544265,0,8816,115,52712
544315,0,8816,115,52712
544365,0,8816,115,52712
544415,0,8816,115,52712
544465,0,8523,115,52713
544515,0,8523,115,52713
544565,0,8523,115,52713
544615,0,8523,115,52713
544665,0,8523,116,52713
544715,0,8523,116,52713
544850,0,8523,116,52713
544900,0,8523,116,52713
544950,0,8523,116,52713
545000,0,8523,116,52713
545050,0,8291,116,52713
545100,0,8291,115,52713
545150,0,8291,115,52713
545284,0,8291,115,52715
545334,0,8291,115,52715
545384,0,8291,115,52715
545434,0,8337,115,52715
545484,0,8337,115,52715
545534,0,8337,115,52715
545584,0,8337,115,52715
545634,0,8337,115,52715
545684,0,8337,115,52715
545989,0,8121,114,52715
546039,0,8121,114,52715
546089,0,8121,114,52715
546139,0,8121,114,52715
546189,0,8121,114,52715
546239,0,8075,114,52715
546289,0,8075,115,52715
546339,0,8075,115,52715
546389,0,8075,115,52715
546439,0,8075,115,52715
546531,0,8075,115,52716
546581,0,8075,115,52716
546631,0,7905,115,52716
546681,0,7905,115,52716
546731,0,7905,115,52716
546781,0,7905,115,52716
546831,0,7905,115,52716
546881,0,7905,115,52717
546931,0,7905,115,52717
546981,0,7905,115,52717
547158,0,7951,115,52717
547208,0,7951,115,52717
547258,0,7951,115,52717
547308,0,7951,115,52718
547358,0,7951,115,52718
547408,0,7951,115,52718
547458,0,7751,115,52718
547508,0,7751,115,52718
547558,0,7751,115,52718
547650,0,7751,115,52718
547700,0,7751,115,52718
547750,0,7751,115,52718
547800,0,7751,115,52718
547850,0,7673,115,52718
547900,0,7673,115,52718
547950,0,7673,115,52718
548000,0,7673,115,52718
548050,0,7673,115,52718
548100,0,7673,115,52719
548150,0,7673,115,52719
548285,0,7519,116,52719
548335,0,7519,116,52719
548385,0,7519,116,52719
548435,0,7519,116,52719
548485,0,7519,116,52720
548535,0,7519,116,52720
548585,0,7519,116,52720
548635,0,7349,116,52720
548727,0,7349,115,52720
548777,0,7349,115,52720
548827,0,7349,115,52720
548877,0,7349,115,52720
548927,0,7349,115,52721
548977,0,7349,115,52721
549027,0,7241,115,52721
549077,0,7241,115,52721
549127,0,7241,116,52721
549177,0,7241,116,52721
549227,0,7241,116,52721
549277,0,7241,116,52721
549412,0,7241,116,52721
549462,0,7210,116,52721
549512,0,7210,114,52721
549562,0,7210,114,52721
549612,0,7210,114,52721
549662,0,7210,114,52721
549712,0,7210,114,52722
549804,0,7210,114,52722
549854,0,7040,114,52722
549904,0,7040,115,52722
549954,0,7040,115,52722
550004,0,7040,115,52722
550054,0,7040,115,52722
550104,0,7040,115,52722
550154,0,7040,115,52722
550204,0,7040,115,52722
550254,0,6979,115,52722
550304,0,6979,115,52722
550354,0,6979,115,52722
550404,0,6979,115,52722
550539,0,6979,115,52723
550589,0,6979,115,52723
550639,0,6979,115,52723
550689,0,6979,115,52723
550739,0,6979,115,52723
550789,0,6979,115,52723
550881,0,6793,115,52723
550931,0,6793,115,52723
550981,0,6793,115,52723
551031,0,6793,115,52723
551081,0,6793,115,52723
551131,0,6793,384,52723
551181,0,6793,384,52723
551231,0,6701,384,52723
551281,0,6701,384,52723
551331,0,6701,384,52723
551381,0,6701,384,52723
551431,0,6701,384,52723
551481,0,6701,384,52723
551531,0,6701,400,52723
551666,0,6593,400,52723
551716,0,6593,400,52724
551766,0,6593,400,52724
551816,0,6593,400,52724
551866,0,6593,400,52724
551958,0,6593,390,52724
552008,0,6593,390,52724
552058,0,6500,390,52724
552108,0,6500,390,52725
552158,0,6500,390,52725
552208,0,6500,390,52725
552258,0,6500,390,52725
552308,0,6500,390,52725
552358,0,6500,392,52725
552408,0,6500,392,52725
552458,0,6500,392,52725
552508,0,6500,392,52725
552558,0,6500,392,52726
552608,0,6500,392,52726
552658,0,6299,392,52726
552793,0,6299,165,52726
552843,0,6299,165,52726
552893,0,6299,165,52726
552943,0,6299,165,52727
553035,0,6238,165,52727
553085,0,6238,165,52727
553135,0,6238,115,52727
553185,0,6238,115,52727
553235,0,6238,115,52727
553285,0,6238,115,52727
553335,0,6238,115,52727
553385,0,6238,115,52727
553435,0,6238,115,52727
553485,0,6238,115,52727
553535,0,6238,115,52727
553585,0,6238,115,52727
553635,0,6021,115,52727
553685,0,6021,115,52727
553735,0,6021,115,52728
553785,0,6021,115,52728
553920,0,6021,115,52728
553970,0,6021,115,52728
554020,0,6021,115,52728
554112,0,5913,115,52728
554162,0,5913,115,52728
554212,0,5913,115,52728
554262,0,5913,115,52728
554312,0,5913,115,52728
554362,0,5913,115,52728
554412,0,5913,115,52728
554462,0,5913,115,52728
554512,0,5913,115,52728
554562,0,5913,115,52729
554612,0,5913,115,52729
554662,0,5697,115,52729
554712,0,5697,115,52729
554762,0,5697,115,52729
554812,0,5697,115,52729
554862,0,5697,115,52729
554912,0,5697,115,52729
555047,0,5697,115,52730
555097,0,5697,115,52730
555189,0,5697,115,52730
555239,0,5589,115,52730
555289,0,5589,115,52730
555339,0,5589,115,52730
555389,0,5589,115,52730
555439,0,5589,115,52730
555489,0,5589,115,52730
555539,0,5589,176,52730
555589,0,5589,176,52730
555639,0,5589,176,52730
555689,0,5589,176,52730
555739,0,5589,176,52709
555789,0,5589,176,52709
555839,0,4971,176,52709
555889,0,4971,176,52709
555939,0,4971,563,52709
555989,0,4971,563,52709
556039,0,4971,563,52709
556174,0,4971,563,52697
556266,0,4971,563,52697
556316,0,4971,563,52697
556366,0,4971,311,52697
556416,0,4971,311,52697
556466,0,4971,311,52697
556516,0,4971,311,52697
556566,0,4971,311,52696
556616,0,4971,311,52696
556666,0,4971,311,52696
556716,0,4971,311,52696
556766,0,4971,311,52696
556816,0,4971,311,52696
556866,0,4971,311,52696
556916,0,4971,311,52696
556966,0,4971,311,52696
557016,0,4971,311,52696
557066,0,4878,311,52696
557116,0,4786,311,52696
557166,0,4693,292,52696
557344,0,4364,292,52705
557394,0,4271,292,52705
557444,0,4179,292,52705
557494,0,4086,292,52705
557544,0,3994,361,52705
557594,0,3901,361,52705
557644,0,3808,361,52705
557694,0,3716,361,52705
557744,0,3623,361,52690
557794,0,3531,361,52690
557844,0,3438,361,52690
557894,0,3346,361,52690
557944,0,3253,372,52690
557994,0,3160,372,52690
558044,0,3068,372,52690
558094,0,2975,372,52690
558144,0,2883,372,52690
558194,0,2790,372,52691
558244,0,2698,372,52691
558294,0,2605,372,52691
558451,0,2314,370,52691
558543,0,2144,370,52691
558593,0,2052,370,52692
558643,0,1959,370,52692
558693,0,1866,370,52692
558743,0,1774,370,52692
558793,0,1681,366,52692
558843,0,1589,366,52692
558893,0,1496,366,52692
558943,0,1404,366,52692
558993,0,1311,366,52694
559043,0,1219,366,52694
559093,0,1126,366,52694
559143,0,1033,366,52694
559193,0,941,363,52694
559243,0,848,363,52694
559293,0,756,363,52694
559343,0,663,363,52694
559393,0,571,363,52693
559443,0,478,363,52693
559578,0,478,1884,52693
559628,0,478,1884,52693
559720,0,478,1884,52693
559770,0,478,1884,52398
559820,0,478,1884,52398
559870,0,478,1884,52398
559920,0,478,1884,52398
559970,0,478,2357,52398
560020,0,478,2357,52398
560070,0,478,2357,52398
560120,0,478,2357,52398
560170,0,478,2357,52360
560220,0,478,2357,52360
560270,0,478,2357,52360
560320,0,478,2357,52360
560370,0,478,2526,52360
560505,0,478,2526,52360
560555,0,478,2526,52360
560605,0,478,2526,52341
560655,0,539,2526,52341
560705,0,599,2526,52341
560797,0,710,2741,52341
560847,0,771,2741,52341
560897,0,831,2741,52341
560947,0,892,2741,52341
560997,0,952,2741,52297
561047,0,1013,2741,52297
561097,0,1073,2741,52297
561147,0,1134,2741,52297
561197,0,1194,2939,52297
561247,0,1255,2939,52297
561297,0,1315,2939,52297
561347,0,1376,2939,52297
561397,0,1436,2939,52264
561447,0,1497,2939,52264
561497,0,1497,2939,52264
561632,0,1497,3115,52264
561682,0,1497,3115,52264
561732,0,1497,3115,52264
561782,0,1497,3115,52227
561832,0,1497,3115,52227
561924,0,1497,3115,52227
561974,0,1497,3306,52227
562024,0,1497,3306,52227
562074,0,1497,3306,52227
562124,0,1497,3306,52227
562174,0,1497,3306,52196
562224,0,1497,3306,52196
562274,0,1497,3306,52196
562324,0,1497,3306,52196
562374,0,1497,3489,52196
562424,0,1497,3489,52196
562474,0,1497,3489,52196
562524,0,1497,3489,52196
562574,0,1497,3489,52163
562624,0,3103,3489,52163
562759,0,3103,3489,52163
562809,0,3103,3693,52163
562859,0,3103,3693,52163
562951,0,3103,3693,52163
563001,0,3103,3693,52132
563051,0,3103,3693,52132
563101,0,3103,3693,52132
563151,0,3103,3693,52132
563201,0,3103,3875,52132
563251,0,3103,3875,52132
563301,0,3103,3875,52132
563351,0,3103,3875,52132
563401,0,3103,3875,52097
563451,0,3999,3875,52097
563501,0,3999,3875,52097
563551,0,3999,3875,52097
563601,0,3999,4051,52097
563651,0,3999,4051,52097
563701,0,3999,4051,52097
563751,0,3999,4051,52097
563887,0,3999,4051,52061
563937,0,3999,4051,52061
564029,0,4848,4243,52061
564079,0,4848,4243,52061
564129,0,4848,4243,52061
564179,0,4848,4243,52061
564229,0,4848,4243,52027
564279,0,4848,4243,52027
564329,0,4848,4243,52027
564379,0,4848,4243,52027
564429,0,4848,4421,52027
564479,0,4848,4421,52027
564529,0,4848,4421,52027
564579,0,4848,4421,52027
564629,0,5280,4421,52001
564679,0,5280,4421,52001
564729,0,5280,4421,52001
564779,0,5280,4421,52001
564829,0,5280,4587,52001
564879,0,5280,4587,52001
565057,0,5280,4587,51964
565107,0,5280,4587,51964
565157,0,5280,4587,51964
565207,0,5280,4780,51964
565257,0,6021,4780,51964
565307,0,6021,4780,51964
565357,0,6021,4780,51964
565407,0,6021,4780,51928
565457,0,6021,4780,51928
565507,0,6021,4780,51928
565557,0,6021,4780,51928
565607,0,6021,4955,51928
565657,0,6376,4955,51928
565707,0,6376,4955,51928
565757,0,6376,4955,51928
565807,0,6376,4955,51898
565857,0,6376,4955,51898
565907,0,6376,4955,51898
565999,0,6376,4955,51898
566049,0,7071,5129,51898
566184,0,7071,5129,51898
566234,0,7071,5129,51862
566284,0,7071,5129,51862
566334,0,7071,5129,51862
566384,0,7071,5129,51862
566434,0,7071,5314,51862
566484,0,7071,5314,51862
566534,0,7071,5314,51862
566584,0,7071,5314,51862
566634,0,7349,5314,51829
566684,0,7349,5314,51829
566734,0,7349,5314,51829
566784,0,7349,5314,51829
566834,0,7349,5493,51829
566884,0,7349,5493,51829
566934,0,7349,5493,51829
567026,0,7951,5493,51794
567076,0,7951,5493,51794
567126,0,7951,5493,51794
567176,0,7951,5493,51794
567311,0,8121,5673,51794
567361,0,8121,5673,51794
567411,0,8121,5673,51763
567461,0,8121,5673,51763
567511,0,8121,5673,51763
567561,0,8121,5673,51763
567611,0,8121,5836,51763
567661,0,8708,5836,51763
567711,0,8708,5836,51763
567761,0,8708,5836,51763
567811,0,8708,5836,51729
567861,0,8708,5836,51729
567911,0,8708,5836,51729
567961,0,8708,5836,51729
568011,0,8708,6018,51729
568103,0,8862,6018,51729
568153,0,8862,6018,51729
568203,0,8862,6018,51729
568253,0,8862,6018,51694
568303,0,8862,6018,51694
568438,0,9465,6207,51694
568488,0,9465,6207,51694
568538,0,9465,6207,51694
568588,0,9465,6207,51694
568638,0,9650,6207,51660
568688,0,9650,6207,51660
568738,0,9650,6207,51660
568788,0,9650,6207,51660
568838,0,9650,6385,51660
568888,0,9650,6385,51660
568938,0,9650,6385,51660
568988,0,9650,6385,51660
569038,0,10082,6385,51626
569130,0,10082,6385,51626
569180,0,10082,6385,51626
569230,0,10144,6556,51626
569280,0,10144,6556,51626
569330,0,10144,6556,51626
569380,0,10144,6556,51626
569430,0,10144,6556,51591
569565,0,10144,6556,51591
569615,0,10144,6556,51591
569665,0,10715,6729,51591
569715,0,10715,6729,51591
569765,0,10715,6729,51591
569815,0,10715,6729,51591
569865,0,10792,6729,51562
569915,0,10792,6729,51562
569965,0,10792,6729,51562
570015,0,10792,6729,51562
570065,0,10792,6867,51562
570157,0,10792,6867,51562
570207,0,10792,6867,51562
570257,0,11256,6867,51526
570307,0,11256,6867,51526
570357,0,11256,6867,51526
570407,0,11256,6867,51526
570457,0,11256,7037,51526
570507,0,11256,7037,51526
570557,0,11256,7037,51526
570692,0,11873,7037,51494
570742,0,11873,7037,51494
570792,0,11873,7037,51494
570842,0,11873,7224,51494
570892,0,11873,7224,51494
570942,0,11873,7224,51494
570992,0,11873,7224,51494
571042,0,11781,7224,51465
571134,0,11781,7224,51465
571184,0,11781,7224,51465
571234,0,12244,7381,51465
571284,0,12244,7381,51465
571334,0,12244,7381,51465
571384,0,12244,7381,51465
571434,0,12244,7381,51465
571484,0,12244,7381,51434
571534,0,12244,7381,51434
571584,0,12244,7381,51434
571634,0,12244,7381,51434
571684,0,12244,7516,51434
571820,0,12244,7516,51434
571870,0,12645,7516,51401
571920,0,12645,7516,51401
571970,0,12645,7516,51401
572020,0,12645,7516,51401
572070,0,12645,7679,51401
572162,0,12645,7679,51401
572212,0,12645,7679,51401
572262,0,13078,7679,51365
572312,0,13078,7679,51365
572362,0,13078,7679,51365
572412,0,13078,7679,51365
572462,0,13078,7850,51365
572512,0,13078,7850,51365
572562,0,13078,7850,51365
572612,0,13078,7850,51365
572662,0,13541,7850,51335
572712,0,13541,7850,51335
572762,0,13541,7850,51335
572812,0,13541,7850,51335
572947,0,13541,8010,51335
572997,0,13541,8010,51335
573047,0,13541,8010,51300
573097,0,13541,8010,51300
573189,0,13541,8010,51300
573239,0,14035,8010,51300
573289,0,14035,8183,51300
573339,0,14035,8183,51300
573389,0,14035,8183,51300
573439,0,14035,8183,51300
573489,0,14035,8183,51271
573539,0,14035,8183,51271
573589,0,14035,8183,51271
573639,0,14421,8183,51271
573689,0,14421,8350,51271
573739,0,14421,8350,51271
573789,0,14421,8350,51271
573839,0,14282,8350,51271
573889,0,14282,8350,51240
573939,0,14282,8350,51240
574074,0,14838,8516,51240
574166,0,14838,8516,51240
574216,0,14838,8516,51240
574266,0,14699,8516,51201
574316,0,14699,8516,51201
574366,0,14699,8516,51201
574416,0,14699,8516,51201
574466,0,15131,8686,51201
574516,0,15131,8686,51201
574566,0,15131,8686,51201
574616,0,15131,8686,51201
574666,0,15131,8686,51165
574716,0,15131,8686,51165
574766,0,15131,8686,51165
574816,0,15131,8686,51165
574866,0,15595,8851,51165
575001,0,15595,8851,51165
575051,0,15595,8851,51165
575101,0,15595,8851,51134
575193,0,15595,8851,51134
575243,0,15903,8851,51134
575293,0,15903,9031,51134
575343,0,15903,9031,51134
575393,0,15903,9031,51134
575443,0,15749,9031,51134
575493,0,15749,9031,51099
575543,0,15749,9031,51099
575593,0,15749,9031,51099
575643,0,16073,9031,51099
575693,0,16073,9191,51099
575743,0,16073,9191,51099
575793,0,16073,9191,51099
575843,0,16073,9191,51099
575893,0,16073,9191,51069
575943,0,16073,9191,51069
575993,0,16073,9191,51069
576128,0,16598,9344,51069
576222,0,16598,9344,51069
576272,0,16413,9344,51033
576322,0,16413,9344,51033
576372,0,16413,9344,51033
576422,0,16413,9344,51033
576472,0,17154,9507,51033
576522,0,17154,9507,51033
576572,0,17154,9507,51033
576622,0,17154,9507,51033
576672,0,17154,9507,50997
576722,0,17154,9507,50997
576772,0,17154,9507,50997
576822,0,17154,9507,50997
576872,0,17154,9692,50997
576922,0,17154,9692,50997
576972,0,17154,9692,50997
577022,0,17154,9692,50997
577114,0,17339,9692,50961
577164,0,17339,9692,50961
577299,0,17540,9857,50961
577349,0,17540,9857,50961
577399,0,17540,9857,50961
577449,0,17741,9857,50961
577499,0,17741,9857,50926
577549,0,17741,9857,50926
577599,0,17741,9857,50926
577649,0,17741,9857,50926
577699,0,17741,10029,50926
577749,0,17741,10029,50926
577799,0,17741,10029,50926
577849,0,18158,10029,50926
577899,0,18158,10029,50900
577949,0,18158,10029,50900
577999,0,18158,10029,50900
578049,0,18590,10029,50900
578141,0,18590,10184,50900
578191,0,18590,10184,50900
578241,0,18590,10184,50900
578291,0,18590,10184,50861
578426,0,18822,10184,50861
578476,0,18822,10184,50861
578526,0,18822,10359,50861
578576,0,18822,10359,50861
578626,0,18822,10359,50861
578676,0,18822,10359,50861
578726,0,18822,10359,50825
578776,0,18822,10359,50825
578826,0,19053,10359,50825
578876,0,19053,10359,50825
578926,0,19053,10507,50825
578976,0,19053,10507,50825
579026,0,19300,10507,50825
579160,0,19300,10507,50788
579210,0,19300,10507,50788
579260,0,19300,10507,50788
579310,0,19300,10685,50788
579360,0,19300,10685,50788
579410,0,19300,10685,50788
579460,0,19794,10685,50788
579765,0,20041,10881,50761
579815,0,20041,10881,50761
579865,0,19794,10881,50761
579915,0,19794,10881,50694
579965,0,19794,10881,50694
580015,0,19794,10881,50694
580065,0,20041,10881,50694
580115,0,20041,11029,50694
580165,0,20041,11029,50694
580215,0,20041,11029,50694
580307,0,20304,11029,50682
580357,0,20304,11029,50682
580407,0,20304,11029,50682
580457,0,20860,11029,50682
580507,0,20860,11162,50682
580557,0,20860,11162,50682
580607,0,20860,11162,50682
580657,0,20860,11162,50682
580707,0,20860,11162,50659
580757,0,20860,11162,50659
580934,0,20860,11372,50659
580984,0,20860,11372,50659
581034,0,21138,11372,50659
581084,0,21138,11372,50659
581134,0,21138,11372,50620
581184,0,21138,11372,50620
581234,0,21431,11372,50620
581326,0,21431,11503,50620
581376,0,21431,11503,50620
581426,0,21431,11503,50620
581476,0,21431,11503,50620
581526,0,21431,11503,50593
581576,0,21431,11503,50593
581626,0,21431,11503,50593
581676,0,21431,11503,50593
581726,0,21431,11670,50593
581776,0,21431,11670,50593
581826,0,22049,11670,50593
581876,0,22049,11670,50593
581926,0,22049,11670,50559
582061,0,22049,11670,50559
582111,0,22049,11800,50559
582161,0,22049,11800,50559
582211,0,22049,11800,50559
582303,0,22373,11800,50559
582353,0,22373,11800,50518
582403,0,22373,11800,50518
582453,0,22049,11800,50518
582503,0,22049,11800,50518
582553,0,22049,11940,50518
582603,0,22049,11940,50518
582653,0,22373,11940,50518
582703,0,22373,11940,50518
582753,0,22373,11940,50500
582803,0,22373,11940,50500
582853,0,22697,11940,50500
582903,0,22697,11940,50500
582953,0,22697,12116,50500
583003,0,22697,12116,50500
583053,0,22697,12116,50500
583188,0,22697,12116,50457
583280,0,23037,12116,50457
583330,0,23037,12260,50457
583380,0,23037,12260,50457
583430,0,23037,12260,50457
583480,0,23037,12260,50457
583530,0,23037,12260,50435
583580,0,23037,12260,50435
583630,0,23392,12260,50435
583680,0,23392,12260,50435
583730,0,23392,12430,50435
583780,0,23392,12430,50435
583830,0,23392,12430,50435
583880,0,23392,12430,50435
583930,0,23392,12430,50392
583980,0,23392,12430,50392
584030,0,23747,12430,50392
584080,0,23747,12430,50392
584172,0,23747,12583,50392
584222,0,23747,12583,50392
584357,0,23747,12583,50371
584407,0,23747,12583,50371
584457,0,24504,12583,50371
584507,0,24504,12583,50371
584557,0,24504,12728,50371
584607,0,24504,12728,50371
584657,0,24504,12728,50371
584707,0,24504,12728,50371
584757,0,24504,12728,50331
584807,0,24504,12728,50331
584857,0,24118,12728,50331
584907,0,24118,12728,50331
584957,0,24118,12941,50331
585007,0,24118,12941,50331
585057,0,24504,12941,50331
585149,0,24504,12941,50298
585199,0,24504,12941,50298
585249,0,24504,12941,50298
585299,0,24504,12941,50298
585349,0,24504,13042,50298
585484,0,24890,13042,50298
585534,0,24890,13042,50274
585584,0,24890,13042,50274
585634,0,24890,13042,50274
585684,0,24890,13042,50274
585734,0,24890,13204,50274
585784,0,24890,13204,50274
585834,0,24890,13204,50274
585884,0,24890,13204,50274
585934,0,24890,13204,50241
585984,0,24890,13204,50241
586034,0,24890,13204,50241
586126,0,24890,13204,50241
586176,0,24890,13363,50241
586226,0,25307,13363,50241
586276,0,25307,13363,50241
586326,0,25307,13363,50241
586376,0,25307,13363,50201
586426,0,25724,13363,50201
586476,0,25724,13363,50201
586611,0,25724,13459,50201
586661,0,25724,13459,50201
586711,0,25724,13459,50201
586761,0,25724,13459,50182
586811,0,25724,13459,50182
586861,0,26156,13459,50182
586911,0,26156,13459,50182
586961,0,26156,13657,50182
587011,0,26156,13657,50182
587103,0,26156,13657,50182
587153,0,26156,13657,50150
587203,0,26156,13657,50150
587253,0,26619,13657,50150
587303,0,26619,13657,50150
587353,0,26619,13837,50150
587403,0,26619,13837,50150
587453,0,26619,13837,50150
587503,0,26619,13837,50150
587553,0,26619,13837,50095
587603,0,26619,13837,50095
587739,0,27082,13837,50095
587789,0,27082,13905,50095
587839,0,27082,13905,50095
587889,0,27082,13905,50095
587939,0,27082,13905,50095
587989,0,27082,13905,50067
588081,0,27082,13905,50067
588131,0,27082,13905,50067
588181,0,27082,14053,50067
588231,0,27082,14053,50067
588281,0,27082,14053,50067
588331,0,27082,14053,50067
588381,0,27082,14053,50061
588431,0,27561,14053,50061
588481,0,27561,14053,50061
588531,0,27561,14053,50061
588581,0,27561,14193,50061
588631,0,27561,14193,50061
588681,0,27561,14193,50061
588731,0,27561,14193,50061
588866,0,27561,14193,50024
588916,0,27561,14193,50024
588966,0,27561,14367,50024
589058,0,27561,14367,50024
589108,0,27561,14367,50024
589158,0,27561,14367,49996
589208,0,27561,14367,49996
589258,0,27561,14367,49996
589308,0,27561,14367,49996
589358,0,27561,14525,49996
589408,0,27561,14525,49996
589458,0,27561,14525,49996
589508,0,27561,14525,49996
589558,0,27561,14525,49940
589608,0,27561,14525,49940
589658,0,28580,14525,49940
589793,0,28580,14678,49940
589843,0,28580,14678,49940
589893,0,28580,14678,49940
589943,0,28580,14678,49940
590035,0,28580,14678,49894
590085,0,28580,14678,49894
590135,0,28580,14678,49894
590185,0,28580,14760,49894
590235,0,28580,14760,49894
590285,0,28580,14760,49894
590335,0,28580,14760,49894
590385,0,28580,14760,49900
590435,0,29120,14760,49900
590485,0,29120,14760,49900
590535,0,29120,14760,49900
590585,0,29120,14875,49900
590635,0,29120,14875,49900
590685,0,29120,14875,49900
590735,0,29120,14875,49900
590785,0,29120,14875,49880
590920,0,29120,14875,49880
590970,0,29120,15019,49880
591062,0,29120,15019,49880
591112,0,29120,15019,49880
591162,0,29120,15019,49850
591212,0,29120,15019,49850
591262,0,28580,15019,49850
591312,0,28580,15019,49850
591362,0,28580,15019,49850
591412,0,28580,15135,49850
591462,0,29120,15135,49850
591512,0,29120,15135,49850
591562,0,29120,15135,49850
591612,0,29120,15135,49826
591662,0,29120,15135,49826
591712,0,29120,15135,49826
591762,0,29120,15135,49826
591812,0,29120,15258,49826
591862,0,29120,15258,49826
591954,0,29120,15258,49826
592089,0,29692,15258,49803
592139,0,29692,15258,49803
592189,0,29692,15369,49803
592239,0,29692,15369,49803
592289,0,29692,15369,49803
592339,0,29692,15369,49803
592389,0,29692,15369,49774
592439,0,30263,15369,49774
592489,0,30263,15369,49774
592539,0,30263,15369,49774
592589,0,30263,15483,49774
592639,0,29692,15483,49774
592689,0,29692,15483,49774
592739,0,29692,15483,49774
592789,0,29692,15483,49738
592839,0,30263,15483,49738
592931,0,30263,15483,49738
592981,0,30263,15623,49738
593031,0,29692,15623,49738
593081,0,29692,15623,49738
593218,0,29692,15623,49711
593268,0,30263,15623,49711
593318,0,30263,15623,49711
593368,0,30263,15623,49711
593418,0,30263,15754,49711
593468,0,30881,15754,49711
593518,0,30881,15754,49711
593568,0,30881,15754,49711
593618,0,30881,15754,49696
593668,0,30881,15754,49696
593718,0,30881,15754,49696
593768,0,30881,15754,49696
593818,0,30881,15835,49696
593910,0,30881,15835,49696
593960,0,30881,15835,49696
594010,0,30881,15835,49654
594060,0,30881,15835,49654
594110,0,30881,15835,49654
594160,0,30881,15835,49654
594210,0,30881,15968,49654
594345,0,30881,15968,49654
594395,0,30881,15968,49638
594445,0,30881,15968,49638
594495,0,30881,15968,49638
594545,0,30881,15968,49638
594595,0,30881,17172,49638
594645,0,30987,17172,49638
594695,0,31092,17172,49638
594745,0,31198,17172,49638
594795,0,31304,17172,49654
594887,0,31498,17172,49654
594937,0,31498,17172,49654
594987,0,31498,17172,49654
595037,0,31498,16753,49654
595087,0,31498,16753,49654
595137,0,31498,16753,49654
595187,0,31498,16753,49654
595237,0,31498,16753,49875
595287,0,31498,16753,49875
595337,0,31498,16753,49875
595473,0,31498,14927,49875
595523,0,31498,14927,49875
595573,0,31498,14927,49875
595623,0,31498,14927,50980
595673,0,31498,14927,50980
595723,0,31498,14927,50980
595773,0,31498,14927,50980
595865,0,32162,13884,50980
595915,0,32162,13884,50980
595965,0,32162,13884,50980
596015,0,32162,13884,49908
596065,0,31498,13884,49908
596115,0,31498,13884,49908
596165,0,31498,13884,49908
596215,0,31498,13827,49908
596265,0,31498,13827,49908
596315,0,31498,13827,49908
596365,0,31498,13827,49908
596415,0,31498,13827,50046
596465,0,32162,13827,50046
596600,0,32162,12852,50046
596650,0,32162,12852,50046
596700,0,32162,12852,50046
596750,0,32162,12852,50046
596842,0,32842,12852,50227
596892,0,32842,12852,50227
596942,0,32842,12852,50227
596992,0,32842,12852,50227
597042,0,32162,11401,50227
597092,0,32162,11401,50227
597142,0,32162,11401,50227
597192,0,32162,11401,50227
597242,0,32162,11401,50335
597292,0,32162,11401,50335
597342,0,32162,11401,50335
597392,0,32162,11401,50335
597442,0,32162,10790,50335
597492,0,32162,10790,50335
597542,0,32162,10790,50335
597592,0,32162,10790,50335
597727,0,32842,10790,50409
597777,0,32842,10790,50409
597869,0,32842,10486,50409
597919,0,32842,10486,50409
597969,0,32842,10486,50409
598019,0,32842,10486,50458
598069,0,32842,10486,50458
598119,0,32842,10486,50458
598169,0,32842,10486,50458
598219,0,32842,10203,50458
598269,0,32842,10203,50458
598319,0,32842,10203,50458
598369,0,32842,10203,50458
598419,0,32842,10203,50530
598469,0,32842,10203,50530
598519,0,32842,10203,50530
598569,0,32842,10203,50530
598619,0,32842,9854,50530
598669,0,32162,9854,50530
598761,0,32162,9854,50530
598896,0,32842,9854,50598
598946,0,32842,9854,50598
598996,0,32842,9854,50598
599046,0,32162,9528,50598
599096,0,32162,9528,50598
599146,0,32162,9528,50598
599196,0,32162,9528,50598
599246,0,32162,9528,51201
599296,0,32162,9528,51201
599346,0,32162,9528,51201
599396,0,32162,9528,51201
599446,0,32162,5774,51201
599496,0,32162,5774,51201
599546,0,32162,5774,51201
599596,0,32162,5774,51201
599646,0,32842,5774,51182
599738,0,32842,5774,51182
599788,0,32842,5774,51182
599838,0,32162,5776,51182
599888,0,32162,5776,51182
600023,0,32162,5776,51182
600073,0,32162,5776,51741
600123,0,32162,5776,51741
600173,0,32162,5776,51741
600223,0,32162,5776,51741
600273,0,31498,2024,51741
600323,0,31498,2024,51741
600373,0,31498,2024,51741
600423,0,31498,2024,51741
600473,0,32162,2024,51746
600523,0,32162,2024,51746
600573,0,32162,2024,51746
600623,0,32162,2024,51746
600673,0,31498,2159,51746
600765,0,31498,2159,51746
600815,0,31498,2159,51746
600865,0,32162,2159,51735
600915,0,32162,2159,51735
600965,0,32162,2159,51735
601015,0,32162,2159,51735
601150,0,32162,2439,51735
601200,0,32162,2439,51735
601250,0,30881,2439,51665
601300,0,30881,2439,51665
601350,0,30881,2439,51665
601400,0,30881,2439,51665
601450,0,30881,3090,51665
601500,0,30881,3090,51665
601550,0,30881,3090,51665
601600,0,30881,3090,51665
601650,0,31498,3090,51566
601700,0,31498,3090,51566
601792,0,31498,3090,51566
601842,0,31498,3713,51566
601892,0,31498,3713,51566
601942,0,31498,3713,51566
601992,0,31498,3713,51566
602042,0,30881,3713,51524
602092,0,30881,3713,51524
602142,0,30881,3713,51524
602277,0,30881,4052,51524
602327,0,30881,4052,51524
602377,0,30881,4052,51524
602427,0,31498,4052,51524
602477,0,31498,4052,50553
602527,0,31498,4052,50553
602577,0,31498,4052,50553
602627,0,30881,4052,50553
602677,0,30881,10517,50553
602769,0,30881,10517,50553
602819,0,30881,10517,50553
602869,0,30881,10517,50549
602919,0,30881,10517,50549
602969,0,30881,10517,50549
603019,0,30881,10517,50549
603069,0,31498,10328,50549
603119,0,31498,10328,50549
603169,0,31498,10328,50549
603219,0,31498,10328,50549
603269,0,30881,10328,50526
603405,0,30881,10328,50526
603455,0,31498,10422,50526
603505,0,31498,10422,50526
603555,0,31498,10422,50526
603605,0,31498,10422,50526
603655,0,31498,10422,50542
603747,0,31498,10422,50542
603797,0,31498,10422,50542
603847,0,31498,10433,50542
603897,0,31498,10433,50542
603947,0,31498,10433,50542
603997,0,31498,10433,50542
604047,0,31498,10433,50569
604097,0,31498,10433,50569
604147,0,31498,10433,50569
604197,0,31498,10433,50569
604332,0,30881,10314,50569
604382,0,30881,10314,50569
604432,0,31498,10314,50569
604482,0,31498,10314,50605
604532,0,31498,10314,50605
604582,0,31498,10314,50605
604632,0,31498,10314,50605
604724,0,31498,9914,50605
604774,0,31498,9914,50605
604824,0,31498,9914,50605
604874,0,31498,9914,50633
604924,0,31498,9914,50633
604974,0,31498,9914,50633
605024,0,31498,9914,50633
605074,0,31498,9741,50633
605124,0,31498,9741,50633
605174,0,31498,9741,50633
605224,0,31498,9741,50633
605274,0,31498,9741,51048
605324,0,31498,9741,51048
605459,0,31498,9741,51048
605509,0,31498,9625,51048
605559,0,31498,9625,51048
605609,0,31498,9625,51048
605659,0,30881,9625,51048
605751,0,30881,9625,50681
605801,0,30881,9625,50681
605851,0,31498,9625,50681
605901,0,31498,9349,50681
605951,0,31498,9349,50681
606001,0,31498,9349,50681
606051,0,30881,9349,50681
606101,0,30881,9349,50721
606151,0,30881,9349,50721
606201,0,30881,9349,50721
606251,0,31498,9349,50721
606301,0,31498,9242,50721
606351,0,31498,9242,50721
606401,0,31498,9242,50721
606451,0,30881,9242,50721
606586,0,30881,9242,50692
606636,0,30881,9242,50692
606686,0,30881,9214,50692
606778,0,30881,9214,50692
606828,0,30881,9214,50692
606878,0,30881,9214,50711
606928,0,30881,9214,50711
606978,0,30881,9214,50711
607028,0,31498,9214,50711
607078,0,31498,9050,50711
607128,0,31498,9050,50711
607178,0,31498,9050,50711
607228,0,30881,9050,50711
607278,0,30881,9050,50728
607328,0,30881,9050,50728
607378,0,30881,9050,50728
607428,0,31498,9050,50728
607478,0,31498,8831,50728
607528,0,31498,8831,50728
607578,0,31498,8831,50728
607756,0,31498,8831,50771
607806,0,31498,8831,50771
607856,0,31498,8831,50771
607906,0,31498,8531,50771
607956,0,31498,8531,50771
608006,0,31498,8531,50771
608056,0,31498,8531,50771
608106,0,31498,8531,50770
608156,0,31498,8531,50770
608206,0,31498,8531,50770
608256,0,31498,8531,50770
608306,0,31498,8429,50770
608356,0,31498,8429,50770
608406,0,31498,8429,50770
608456,0,31498,8429,50770
608506,0,31498,8429,50815
608556,0,31498,8429,50815
608606,0,31498,8429,50815
608698,0,31451,8278,50815
608748,0,31426,8278,50815
608883,0,31358,8278,50841
608933,0,31332,8278,50841
608983,0,31307,8278,50841
609033,0,31282,8278,50841
609083,0,31257,8159,50841
609133,0,31231,8159,50841
609183,0,31206,8159,50841
609233,0,31181,8159,50841
609283,0,31155,8159,50841
609333,0,31130,8159,50913
609383,0,31105,8159,50913
609433,0,31079,8159,50913
609483,0,31054,8159,50913
609533,0,31029,7746,50913
609583,0,31003,7746,50913
609633,0,30978,7746,50913
609683,0,30953,7746,50913
609733,0,30928,7746,50806
609825,0,30881,7746,50806
609875,0,30881,7746,50806
610010,0,30881,8150,50806
610060,0,30881,8150,50806
610110,0,30881,8150,50856
610160,0,30881,8150,50856
610210,0,30881,8150,50856
610260,0,31498,8150,50856
610310,0,31498,8096,50856
610360,0,31498,8096,50856
610410,0,31498,8096,50856
610460,0,31498,8096,50856
610510,0,31498,8096,50868
610560,0,31498,8096,50868
610610,0,31498,8096,50868
610660,0,30881,8096,50868
610710,0,30881,8119,50868
610760,0,30881,8119,50868
610894,0,30881,8119,50886
610944,0,30881,8119,50886
610994,0,30881,8119,50886
611044,0,31498,8119,50886
611350,0,31498,8070,50888
611400,0,31498,8070,50888
611450,0,31498,8070,50888
611500,0,31498,8070,50888
611550,0,31498,7966,50888
611600,0,31498,7966,50888
611650,0,31498,7966,50888
611700,0,31498,7966,50888
611750,0,31498,7966,50927
611800,0,31498,7966,50927
611850,0,31498,7966,50927
611900,0,31498,7966,50927
611950,0,31498,8019,50927
612000,0,31498,8019,50927
612092,0,31498,8019,50927
612142,0,31498,8019,50938
612192,0,31498,8019,50938
612242,0,31600,8019,50938
612292,0,31701,8019,50938
612342,0,31803,7831,50938
612519,0,32162,7831,50931
612569,0,32162,7831,50931
612619,0,32162,7831,50931
612669,0,31498,7831,50931
612719,0,31498,7735,50931
612769,0,31498,7735,50931
612819,0,31498,7735,50931
612869,0,31498,7735,50931
612919,0,31498,7735,50902
612969,0,31498,7735,50902
613019,0,31498,7735,50902
613069,0,31498,7735,50902
613161,0,31498,7806,50902
613211,0,31498,7806,50902
613261,0,32162,7806,50902
613311,0,32162,7806,50902
613361,0,32162,7806,50904
613411,0,32162,7806,50904
613461,0,30881,7806,50904
613511,0,30881,7806,50904
613646,0,31498,7741,50904
613696,0,31498,7741,50904
613746,0,31498,7741,50948
613796,0,31498,7741,50948
613846,0,31498,7741,50948
613896,0,31498,7741,50948
613946,0,31498,7572,50948
613996,0,31498,7572,50948
614046,0,32162,7572,50948
614138,0,32162,7572,50921
614188,0,32162,7572,50921
614238,0,30881,7572,50921
614288,0,30881,7572,50921
614338,0,30881,7728,50921
614388,0,30881,7728,50921
614438,0,31498,7728,50921
614488,0,31498,7728,50921
614538,0,31498,7728,50905
614588,0,31498,7728,50905
614638,0,32162,7728,50905
614773,0,32162,7725,50905
614823,0,32162,7725,50905
614873,0,31498,7725,50905
614923,0,31498,7725,50879
614973,0,31498,7725,50879
615023,0,31498,7725,50879
615073,0,30881,7725,50879
615165,0,30881,7952,50879
615215,0,30881,7952,50879
615265,0,31498,7952,50879
615315,0,31498,7952,50879
615365,0,31498,7952,50901
615415,0,31498,7952,50901
615465,0,32162,7952,50901
615515,0,32162,7952,50901
615565,0,32162,7803,50901
615615,0,32162,7803,50901
615665,0,31498,7803,50901
615715,0,31498,7803,50901
615765,0,31498,7803,50876
615900,0,30881,7803,50876
615950,0,30881,8093,50876
616000,0,30881,8093,50876
616050,0,31498,8093,50876
616100,0,31498,8093,50876
616192,0,31498,8093,50858
616242,0,30881,8093,50858
616292,0,30881,8093,50858
616342,0,30881,7956,50858
616392,0,30881,7956,50858
616442,0,30881,7956,50858
616492,0,30881,7956,50858
616542,0,30881,7956,50930
616592,0,30881,7956,50930
616642,0,30263,7956,50930
616692,0,30263,7956,50930
616742,0,30263,7873,50930
616792,0,30263,7873,50930
616842,0,31498,7873,50930
616892,0,31498,7873,50930
617027,0,31498,7873,50930
617077,0,31498,7873,50930
617169,0,31498,7793,50930
617219,0,31498,7793,50930
617269,0,30881,7793,50930
617319,0,30881,7793,50930
617369,0,30881,7793,50931
617419,0,30881,7793,50931
617469,0,30881,7793,50931
617519,0,30881,7793,50931
617569,0,30881,7708,50931
617619,0,30881,7708,50931
617669,0,31498,7708,50931
617719,0,31498,7708,50931
617769,0,31498,7708,50970
617819,0,31498,7708,50970
617869,0,30881,7708,50970
617919,0,30881,7708,50970
617969,0,30881,7639,50970
618019,0,30881,7639,50970
618197,0,31498,7639,51012
618247,0,31498,7639,51012
618297,0,31498,7639,51012
618347,0,31498,7639,51012
618397,0,31498,7289,51012
618447,0,31498,7289,51012
618497,0,31498,7289,51012
618547,0,31498,7289,51012
618597,0,31498,7289,51019
618647,0,31498,7289,51019
618697,0,31498,7289,51019
618747,0,31498,7289,51019
618797,0,31498,7147,51019
618847,0,30881,7147,51019
618897,0,30881,7147,51019
618947,0,30881,7147,51019
619082,0,31498,7147,51038
619132,0,31498,7147,51038
619224,0,31498,7085,51038
619274,0,31498,7085,51038
619324,0,31498,7085,51038
619374,0,31498,7085,50993
619424,0,31498,7085,50993
619474,0,31498,7085,50993
619524,0,31498,7085,50993
619574,0,31498,7152,50993
619624,0,31498,7152,50993
619674,0,31498,7152,50993
619724,0,31498,7152,50993
619774,0,31498,7152,51018
619824,0,31498,7152,51018
619874,0,31498,7152,51018
619924,0,31498,7152,51018
619974,0,31498,7246,51018
620024,0,31498,7246,51018
620117,0,31498,7246,51018
620252,0,31432,7246,51000
620302,0,31408,7246,51000
620352,0,31383,7246,51000
620402,0,31359,7148,51000
620452,0,31334,7148,51000
620502,0,31310,7148,51000
620552,0,31285,7148,51000
620602,0,31261,7148,50994
620652,0,31237,7148,50994
620702,0,31212,7148,50994
620752,0,31188,7148,50994
620802,0,31163,7342,50994
620852,0,31139,7342,50994
620902,0,31115,7342,50994
620952,0,31090,7342,50994
621002,0,31066,7342,50958
621052,0,31041,7342,50958
621102,0,31017,7342,50958
621152,0,30992,7342,50958
621202,0,30968,7262,50958
621380,0,30881,7262,50968
621430,0,31498,7262,50968
621480,0,31498,7262,50968
621530,0,31498,7262,50968
621580,0,31498,7474,50968
621630,0,31498,7474,50968
621680,0,31498,7474,50968
621730,0,31498,7474,50968
621780,0,31498,7474,50952
621830,0,30881,7474,50952
621880,0,30881,7474,50952
621930,0,30881,7474,50952
621980,0,30881,7444,50952
622030,0,31498,7444,50952
622080,0,31498,7444,50952
622130,0,31498,7444,50952
622180,0,31498,7444,50959
622272,0,30881,7444,50959
622322,0,30881,7444,50959
622372,0,30881,7255,50959
622507,0,30881,7255,50959
622557,0,30881,7255,50959
622607,0,30881,7255,50995
622657,0,31498,7255,50995
622707,0,31498,7255,50995
622757,0,31498,7255,50995
622807,0,31498,7304,50995
622857,0,31498,7304,50995
622907,0,31498,7304,50995
622957,0,31498,7304,50995
623007,0,31498,7304,51003
623057,0,31498,7304,51003
623107,0,31498,7304,51003
623157,0,31498,7304,51003
623207,0,31498,7349,51003
623299,0,30881,7349,51003
623349,0,30881,7349,51003
623399,0,30881,7349,50946
623449,0,31498,7349,50946
623499,0,31498,7349,50946
623634,0,31498,7200,50946
623684,0,31498,7200,50946
623734,0,31498,7200,50946
623784,0,31498,7200,50973
623834,0,31498,7200,50973
623884,0,31498,7200,50973
623934,0,31498,7200,50973
623984,0,31498,7605,50973
624034,0,31498,7605,50973
624084,0,31498,7605,50973
624134,0,31498,7605,50973
624184,0,31498,7605,50976
624234,0,31498,7605,50976
624326,0,31498,7605,50976
624376,0,31498,7605,50976
624426,0,31498,7512,50976
624476,0,31498,7512,50976
624526,0,31498,7512,50976
624576,0,31498,7512,50976
624626,0,31434,7512,50993
624761,0,31263,7512,50993
624811,0,31199,7438,50993
624861,0,31135,7438,50993
624911,0,31072,7438,50993
624961,0,31008,7438,50993
625011,0,30945,7438,51013
625061,0,30881,7438,51013
625111,0,30881,7438,51013
625161,0,30881,7438,51013
625211,0,30881,7243,51013
625261,0,31498,7243,51013
625353,0,31498,7243,51013
625403,0,31498,7243,51027
625453,0,31498,7243,51027
625503,0,31498,7243,51027
625553,0,31498,7243,51027
625603,0,31498,7148,51027
625653,0,31498,7148,51027
625703,0,31498,7148,51027
625753,0,31498,7148,51027
625910,0,30881,7148,51142
625960,0,30881,7148,51142
626010,0,30881,7053,51142
626060,0,31498,7053,51142
626110,0,31498,7053,51142
626160,0,31498,7053,51142
626210,0,31498,7053,51041
626260,0,30881,7053,51041
626310,0,30881,7053,51041
626402,0,30881,7053,51041
626452,0,30881,7105,51041
626502,0,30881,7105,51041
626552,0,30881,7105,51041
626602,0,30881,7105,51041
626652,0,31498,7105,51035
626702,0,31498,7105,51035
626752,0,31498,7105,51035
626802,0,31498,7105,51035
626852,0,31498,7060,51035
626902,0,31498,7060,51035
627037,0,30881,7060,50989
627087,0,30881,7060,50989
627137,0,30881,7060,50989
627187,0,30881,7060,50989
627237,0,30881,7180,50989
627287,0,30881,7180,50989
627337,0,30881,7180,50989
627429,0,30881,7180,51002
627479,0,30881,7180,51002
627529,0,30881,7180,51002
627579,0,30881,7180,51002
627629,0,30881,7213,51002
627679,0,30881,7213,51002
627729,0,30881,7213,51002
627779,0,30881,7213,51002
627829,0,31498,7213,51013
627879,0,31498,7213,51013
627929,0,31498,7213,51013
627979,0,31498,7213,51013
628029,0,30881,7246,51013
628164,0,30881,7246,51013
628214,0,30881,7246,50986
628264,0,31498,7246,50986
628314,0,31498,7246,50986
628406,0,31498,7246,50986
628456,0,31498,7231,50986
628506,0,31498,7231,50986
628556,0,31498,7231,50986
628606,0,31498,7231,50986
628656,0,30881,7231,51001
628706,0,30881,7231,51001
628756,0,30881,7231,51001
628806,0,30881,7231,51001
628856,0,31498,7149,51001
628906,0,31498,7149,51001
628956,0,31498,7149,51001
629006,0,31498,7149,51001
629056,0,31498,7149,51000
629106,0,31498,7149,51000
629156,0,31498,7149,51000
629291,0,31498,7222,51000
629341,0,31498,7222,51000
629433,0,31498,7222,51014
629483,0,31498,7222,51014
629533,0,31498,7222,51014
629583,0,31498,7222,51014
629633,0,31498,7073,51014
629683,0,31498,7073,51014
629733,0,31498,7073,51014
629783,0,31498,7073,51014
629833,0,31498,7073,51036
629883,0,31498,7073,51036
629933,0,31498,7073,51036
629983,0,31498,7073,51036
630033,0,31375,7042,51036
630083,0,31251,7042,51036
630133,0,31128,7042,51036
630183,0,31004,7042,51036
630233,0,30881,7042,51037
630283,0,30881,7042,51037
630461,0,30881,6703,51037
630511,0,30881,6703,51037
630561,0,30881,6703,51037
630611,0,30881,6703,51037
630661,0,31498,6703,51045
630711,0,31498,6703,51045
630761,0,31498,6703,51045
630811,0,31498,6703,51045
630861,0,31498,6988,51045
630911,0,31498,6988,51045
630961,0,31498,6988,51045
631011,0,31498,6988,51045
631061,0,31498,6988,51025
631111,0,31498,6988,51025
631161,0,31498,6988,51025
631211,0,31498,6988,51025
631261,0,30881,7450,51025
631311,0,30881,7450,51025
631403,0,30881,7450,51025
631453,0,31498,7450,50999
631588,0,31498,7450,50999
631638,0,31498,7450,50999
631688,0,31498,7507,50999
631738,0,31498,7507,50999
631788,0,31498,7507,50999
631838,0,32162,7507,50999
631888,0,32162,7507,50980
631938,0,32162,7507,50980
631988,0,32162,7507,50980
632038,0,31498,7507,50980
632088,0,31498,7606,50980
632138,0,31498,7606,50980
632188,0,31498,7606,50980
632238,0,31498,7606,50980
632288,0,31498,7606,50985
632380,0,31498,7606,50985
632430,0,31498,7606,50985
632480,0,31498,7664,50985
632530,0,31498,7664,50985
632580,0,31498,7664,50985
632715,0,30881,7664,50984
632765,0,30881,7664,50984
632815,0,30881,7664,50984
632865,0,30881,7737,50984
632915,0,30881,7737,50984
632965,0,30881,7737,50984
633015,0,30881,7737,50984
633065,0,30881,7737,50927
633115,0,30881,7737,50927
633165,0,30881,7737,50927
633215,0,30881,7737,50927
633265,0,31498,7826,50927
633315,0,31498,7826,50927
633407,0,31498,7826,50927
633457,0,31498,7826,50934
633507,0,31498,7826,50934
633642,0,30881,7826,50934
633692,0,30881,7755,50934
633742,0,30881,7755,50934
633792,0,30881,7755,50934
633842,0,31498,7755,50934
633892,0,31498,7755,50952
633942,0,31498,7755,50952
633992,0,31498,7755,50952
634042,0,31498,7755,50952
634092,0,31498,7548,50952
634142,0,31498,7548,50952
634192,0,31498,7548,50952
634242,0,31498,7548,50952
634292,0,31498,7548,51004
634342,0,31498,7548,51004
634434,0,31498,7548,51004
634484,0,31498,7119,51004
634534,0,31498,7119,51004
634584,0,31498,7119,51004
634634,0,30881,7119,51004
634769,0,30881,7119,51005
634819,0,30881,7119,51005
634869,0,31498,7050,51005
634919,0,31498,7050,51005
634969,0,31498,7050,51005
635019,0,31498,7050,51005
635069,0,31498,7050,51037
635119,0,31498,7050,51037
635169,0,31498,7050,51037
635219,0,31498,7050,51037
635269,0,30881,6988,51037
635319,0,30881,6988,51037
635411,0,30881,6988,51037
635461,0,31498,6988,51047
635511,0,31498,6988,51047
635561,0,31498,6988,51047
635611,0,31498,6988,51047
635661,0,31498,6672,51047
635711,0,31498,6672,51047
635761,0,31498,6672,51047
635896,0,32162,6672,51081
635946,0,32162,6672,51081
635996,0,32162,6672,51081
636046,0,31498,6672,51081
636096,0,31498,6550,51081
636146,0,31498,6550,51081
636196,0,31498,6550,51081
636246,0,30881,6550,51081
636296,0,30881,6550,51090
636346,0,30881,6550,51090
636438,0,31498,6550,51090
636488,0,31498,6596,51090
636538,0,31498,6596,51090
636588,0,31498,6596,51090
636638,0,31498,6596,51090
636688,0,31498,6596,51086
636738,0,31498,6596,51086
636788,0,31498,6596,51086
636838,0,31498,6596,51086
636888,0,31498,6675,51086
637023,0,31498,6675,51086
637073,0,30881,6675,51090
637123,0,30881,6675,51090
637173,0,30881,6675,51090
637223,0,30881,6675,51090
637273,0,31498,6728,51090
637323,0,31498,6728,51090
637373,0,31498,6728,51090
637465,0,31498,6728,51090
637515,0,31498,6728,51064
637565,0,31498,6728,51064
637615,0,31498,6728,51064
637665,0,30881,6728,51064
637715,0,30881,6907,51064
637765,0,30881,6907,51064
637815,0,30881,6907,51064
637865,0,30881,6907,51064
637915,0,30881,6907,51049
637965,0,30881,6907,51049
638015,0,30881,6907,51049
638150,0,31498,6865,51049
638200,0,31498,6865,51049
638250,0,31498,6865,51049
638300,0,31498,6865,51075
638350,0,31498,6865,51075
638442,0,30881,6865,51075
638492,0,30881,6906,51075
638542,0,30881,6906,51075
638592,0,30881,6906,51075
638642,0,30881,6906,51075
638692,0,30881,6906,51105
638742,0,30881,6906,51105
638792,0,30881,6906,51105
638842,0,30881,6906,51105
638892,0,30881,6720,51105
638942,0,30881,6720,51105
638992,0,30881,6720,51105
639042,0,31498,6720,51105
639092,0,31498,6720,51166
639142,0,31498,6720,51166
639277,0,32162,6720,51166
639327,0,32162,6272,51166
639377,0,32162,6272,51166
639469,0,30881,6272,51166
639519,0,30881,6272,51136
639569,0,30881,6272,51136
639619,0,30881,6272,51136
639669,0,30881,6272,51136
639719,0,30881,6385,51136
639769,0,30881,6385,51136
639819,0,30881,6385,51136
639869,0,31498,6385,51136
639919,0,31498,6385,51178
639969,0,31498,6385,51178
640019,0,31498,6385,51178
640069,0,31498,6385,51178
640119,0,31498,6480,51178
640169,0,31498,6480,51178
640219,0,31498,6480,51178
640269,0,30881,6480,51178
640404,0,30881,6480,51157
640496,0,30881,7118,51157
640546,0,30881,7118,51157
640596,0,30881,7118,51157
640646,0,30881,7118,51157
640696,0,30881,7118,51157
640746,0,30881,7118,51096
640796,0,30881,7118,51096
640846,0,30881,7118,51096
640896,0,30881,7118,51096
640946,0,30881,7911,51096
640996,0,30881,7911,51096
641046,0,31498,7911,51096
641096,0,31498,7911,51096
641146,0,31498,7911,51076
641196,0,31498,7911,51076
641246,0,30881,7911,51076
641296,0,30881,7911,51076
641388,0,30881,8001,51076
641438,0,30881,8001,51076
641573,0,30881,8001,51096
641623,0,30881,8001,51096
641673,0,30881,8001,51096
641723,0,30881,7798,51096
641773,0,30881,7798,51096
641823,0,30881,7798,51096
641873,0,31498,7798,51096
641923,0,31498,7798,51096
641973,0,31498,7798,51096
642023,0,31498,7798,51096
642073,0,31498,7798,51096
642123,0,31498,7529,51096
642173,0,31498,7529,51096
642223,0,31498,7529,51096
642273,0,30881,7529,51096
642323,0,30881,7529,51152
642415,0,30881,7529,51152
642465,0,31498,7529,51152
642515,0,31498,5994,51152
642565,0,31498,5994,51152
642700,0,31498,5994,51152
642750,0,31498,5994,51134
642800,0,31498,5994,51134
642850,0,31498,5994,51134
642900,0,31498,5994,51134
642950,0,31498,6202,51134
643000,0,31498,6202,51134
643050,0,31498,6202,51134
643100,0,31498,6202,51134
643150,0,31498,6202,51045
643200,0,31498,6202,51045
643250,0,31498,6202,51045
643300,0,31498,6202,51045
643350,0,31498,6928,51045
643484,0,32162,6928,51045
643534,0,32162,6928,51018
643584,0,32162,6928,51018
643634,0,32162,6928,51018
643684,0,32162,6928,51018
643734,0,32162,6961,51018
644040,0,31498,6961,51056
644090,0,31498,6961,51056
644140,0,31498,6786,51056
644190,0,31498,6786,51056
644240,0,31498,6786,51056
644290,0,31498,6786,51056
644340,0,31498,6786,51046
644390,0,31498,6786,51046
644440,0,31498,6786,51046
644490,0,31498,6786,51046
644540,0,31498,6936,51046
644632,0,32162,6936,51046
644682,0,32162,6936,51046
644732,0,32162,6936,51022
644782,0,32162,6936,51022
644832,0,32162,6936,51022
644882,0,32162,6936,51022
644932,0,32162,7166,51022
644982,0,32162,7166,51022
645032,0,31498,7166,51022
645209,0,31498,7166,51019
645259,0,31498,7166,51019
645309,0,31498,7166,51019
645359,0,31498,7089,51019
645409,0,31498,7089,51019
645459,0,32162,7089,51019
645509,0,32162,7089,51019
645559,0,32162,7089,50983
645609,0,32162,7089,50983
645701,0,32162,7089,50983
645751,0,32162,7362,50983
645801,0,32162,7362,50983
645851,0,31498,7362,50983
645901,0,31498,7362,50983
645951,0,31498,7362,50979
646001,0,31498,7362,50979
646051,0,31498,7362,50979
646101,0,31498,7362,50979
646151,0,31498,7450,50979
646201,0,31498,7450,50979
646336,0,31498,7450,51009
646386,0,31498,7450,51009
646436,0,31498,7450,51009
646486,0,31498,7450,51009
646536,0,31498,7450,51009
646586,0,31498,7268,51009
646636,0,31498,7268,51009
646728,0,31498,7268,51009
646778,0,31498,7268,51026
646828,0,32162,7268,51026
646878,0,32162,7268,51026
646928,0,32162,7268,51026
646978,0,32162,7312,51026
647028,0,31498,7312,51026
647078,0,31498,7312,51026
647128,0,31498,7312,51026
647178,0,31498,7312,51041
647228,0,32162,7312,51041
647278,0,32162,7312,51041
647328,0,32162,7312,51041
647463,0,31498,7091,51041
647513,0,31498,7091,51041
647563,0,31498,7091,51059
647613,0,31498,7091,51059
647705,0,32162,7091,51059
647755,0,32162,7230,51059
647805,0,32162,7230,51059
647855,0,31498,7230,51059
647905,0,31498,7230,51059
647955,0,31498,7230,51021
648005,0,31498,7230,51021
648055,0,31498,7230,51021
648105,0,31498,7230,51021
648155,0,31498,7331,51021
648205,0,31498,7331,51021
648255,0,31498,7331,51021
648390,0,31498,7331,51025
648440,0,31498,7331,51025
648490,0,31498,7331,51025
648540,0,31498,7331,51025
648590,0,31498,7283,51025
648640,0,31498,7283,51025
648732,0,31498,7283,51025
648782,0,31498,7283,51011
648832,0,32162,7283,51011
648882,0,32162,7283,51011
648932,0,32162,7283,51011
648982,0,32162,7415,51011
649032,0,31498,7415,51011
649082,0,31498,7415,51011
649132,0,31498,7415,51011
649182,0,31498,7415,50979
649232,0,31498,7415,50979
649282,0,31498,7415,50979
649332,0,31498,7415,50979
649382,0,31498,7569,50979
649517,0,31498,7569,50979
649567,0,31498,7569,50981
649617,0,31498,7569,50981
649667,0,31498,7569,50981
649759,0,31498,7631,50981
649809,0,31498,7631,50981
649859,0,31498,7631,50981
649909,0,31498,7631,50981
649959,0,31498,7631,50953
650009,0,31498,7631,50953
650059,0,31498,7631,50953
650109,0,31498,7631,50953
650159,0,31498,7723,50953
650209,0,31498,7723,50953
650259,0,31461,7723,50953
650309,0,31423,7723,50953
650359,0,31386,7723,50908
650409,0,31349,7723,50908
650459,0,31311,7723,50908
650509,0,31274,7723,50908
650644,0,31173,7866,50908
650694,0,31136,7866,50908
650786,0,31068,7866,50875
650836,0,31030,7866,50875
650886,0,30993,7866,50875
650936,0,30956,7866,50875
650986,0,30918,7996,50875
651036,0,30881,7996,50875
651086,0,30881,7996,50875
651136,0,30881,7996,50875
651186,0,30881,7996,50861
651236,0,30881,7996,50861
651286,0,30881,7996,50861
651336,0,30881,7996,50861
651386,0,30881,8116,50861
651436,0,30881,8116,50861
651486,0,30881,8116,50861
651536,0,30881,8116,50861
651586,0,30881,8116,50812
651636,0,30881,8116,50812
651771,0,30881,8116,50812
651863,0,30881,8153,50812
651913,0,30881,8153,50812
651963,0,30881,8153,50812
652013,0,30881,8153,50822
652063,0,30881,8153,50822
652113,0,30881,8153,50822
652163,0,30881,8153,50822
652213,0,30881,8138,50822
652263,0,31498,8138,50822
652313,0,31498,8138,50822
652363,0,31498,8138,50822
652413,0,31498,8138,50804
652463,0,30881,8138,50804
652513,0,30881,8138,50804
652563,0,30881,8138,50804
652613,0,30881,8273,50804
652663,0,31498,8273,50804
652756,0,31498,8273,50804
652806,0,31498,8273,50801
652941,0,31498,8273,50801
652991,0,31498,8152,50801
653041,0,31498,8152,50801
653091,0,31498,8152,50801
653141,0,31498,8152,50801
653191,0,31498,8152,50825
653241,0,31498,8152,50825
653291,0,31498,8152,50825
653341,0,31498,8152,50825
653391,0,31498,8177,50825
653441,0,31498,8177,50825
653491,0,31498,8177,50825
653541,0,31498,8177,50825
653591,0,31498,8177,50850
653641,0,30881,8177,50850
653691,0,30881,8177,50850
653783,0,30881,8177,50850
653833,0,30881,7929,50850
653883,0,30881,7929,50850
653933,0,30881,7929,50850
654068,0,31498,7929,50858
654118,0,31498,7929,50858
654168,0,31498,7929,50858
654218,0,31498,7998,50858
654268,0,30881,7998,50858
654318,0,30881,7998,50858
654368,0,30881,7998,50858
654418,0,30881,7998,50814
654468,0,30881,7998,50814
654518,0,30881,7998,50814
654568,0,30881,7998,50814
654618,0,30881,8152,50814
654668,0,30881,8152,50814
654718,0,30881,8152,50814
654810,0,30881,8152,50828
654860,0,31498,8152,50828
654910,0,31498,8152,50828
654960,0,31498,8152,50828
655010,0,31498,8239,50828
655060,0,30881,8239,50828
655195,0,30881,8239,50825
655245,0,30881,8239,50825
655295,0,30881,8239,50825
655345,0,30881,8239,50825
655395,0,30881,8208,50825
655445,0,30881,8208,50825
655495,0,30881,8208,50825
655545,0,30881,8208,50825
655595,0,30881,8208,50844
655645,0,31498,8208,50844
655695,0,31498,8208,50844
655787,0,31498,8208,50844
655837,0,31498,8165,50844
655887,0,31498,8165,50844
655937,0,31498,8165,50844
655987,0,31498,8165,50844
656037,0,30881,8165,50891
656087,0,30881,8165,50891
656137,0,30881,8165,50891
656187,0,30881,8165,50891
656322,0,31498,8008,50891
656372,0,31498,8008,50891
656422,0,31498,8008,50868
656472,0,30881,8008,50868
656522,0,30881,8008,50868
656572,0,30881,8008,50868
656622,0,30881,7909,50868
656672,0,30881,7909,50868
656722,0,30881,7909,50868
656814,0,30881,7909,50893
656864,0,31498,7909,50893
656914,0,31498,7909,50893
656964,0,31498,7909,50893
657014,0,31498,7955,50893
657064,0,31498,7955,50893
657114,0,31498,7955,50893
657164,0,31498,7955,50893
657214,0,31498,7955,50878
657264,0,30881,7955,50878
657314,0,30881,7955,50878
657449,0,31498,7942,50878
657499,0,31498,7942,50878
657549,0,31498,7942,50878
657599,0,31498,7942,50878
657649,0,31498,7942,50913
657699,0,31498,7942,50913
657749,0,31498,7942,50913
657841,0,31498,7717,50913
657891,0,31498,7717,50913
657941,0,31498,7717,50913
657991,0,31498,7717,50913
658041,0,30881,7717,50893
658091,0,30881,7717,50893
658141,0,30881,7717,50893
658191,0,30881,7717,50893
658241,0,30881,7779,50893
658291,0,30881,7779,50893
658341,0,30881,7779,50893
658391,0,30881,7779,50893
658441,0,30881,7779,50891
658576,0,30881,7779,50891
658626,0,30881,7920,50891
658676,0,30881,7920,50891
658726,0,30881,7920,50891
658818,0,30881,7920,50891
658868,0,31498,7920,50898
658918,0,31498,7920,50898
658968,0,31498,7920,50898
659018,0,31498,7920,50898
659068,0,30881,7728,50898
659118,0,30881,7728,50898
659168,0,30881,7728,50898
659218,0,30881,7728,50898
659268,0,31498,7728,50907
659318,0,31498,7728,50907
659368,0,31498,7728,50907
659418,0,31498,7728,50907
659468,0,32162,7343,50907
659518,0,32162,7343,50907
659568,0,32162,7343,50907
659703,0,32162,7343,50936
659753,0,32162,7343,50936
659845,0,32162,7284,50936
659895,0,32162,7284,50936
659945,0,32162,7284,50936
659995,0,32162,7284,50936
660045,0,31498,7284,50919
660095,0,31498,7284,50919
660145,0,31498,7284,50919
660195,0,31498,7284,50919
660245,0,31498,7419,50919
660295,0,31498,7419,50919
660345,0,31498,7419,50919
660395,0,31498,7419,50919
660445,0,32162,7419,50929
660495,0,32162,7419,50929
660545,0,32162,7419,50929
660595,0,32162,7419,50929
660645,0,31498,7415,50929
660695,0,31498,7415,50929
660874,0,31498,7415,50884
660924,0,31498,7415,50884
660974,0,31498,7415,50884
661024,0,32162,7415,50884
661074,0,32162,7545,50884
661124,0,32162,7545,50884
661174,0,32162,7545,50884
661224,0,31498,7545,50884
661274,0,31498,7545,50893
661324,0,31498,7545,50893
661374,0,31498,7545,50893
661424,0,32162,7545,50893
661474,0,32162,7581,50893
661524,0,32162,7581,50893
661574,0,32162,7581,50893
661624,0,31498,7581,50893
661674,0,31498,7581,50906
661766,0,31498,7581,50906
661816,0,31498,7581,50906
661866,0,32162,7639,50906
662001,0,32162,7639,50906
662051,0,31498,7639,50862
662101,0,31498,7639,50862
662151,0,31498,7639,50862
662201,0,31498,7639,50862
662251,0,32162,7676,50862
662301,0,32162,7676,50862
662351,0,32162,7676,50862
662401,0,32162,7676,50862
662451,0,31498,7676,50871
662501,0,31498,7676,50871
662551,0,31498,7676,50871
662601,0,31498,7676,50871
662651,0,31498,7726,50871
662701,0,31498,7726,50871
662793,0,31498,7726,50871
662928,0,31498,7726,50873
662978,0,31498,7726,50873
663028,0,31498,7726,50873
663078,0,31498,10674,50873
663128,0,31498,10674,50873
663178,0,31498,10674,50873
663228,0,32162,10674,50873
663278,0,32162,10674,50136
663328,0,32162,10674,50136
663378,0,32162,10674,50136
663428,0,31498,10674,50136
663478,0,31498,12641,50136
663528,0,31498,12641,50136
663578,0,31498,12641,50136
663628,0,32162,12641,50136
663678,0,32162,12641,50210
663770,0,32162,12641,50210
663820,0,32162,12641,50210
663870,0,31498,12066,50210
663920,0,31498,12066,50210
664055,0,32162,12066,50236
664105,0,32162,12066,50236
664155,0,32162,12066,50236
664205,0,32162,12066,50236
664255,0,32842,11668,50236
664305,0,32842,11668,50236
664355,0,32842,11668,50236
664405,0,32842,11668,50236
664455,0,32162,11668,50236
664505,0,32162,11668,50294
664555,0,32162,11668,50294
664605,0,32162,11668,50294
664655,0,32162,11668,50294
664747,0,32162,10775,50294
664797,0,32162,10775,50294
664847,0,32162,10775,50294
664897,0,32162,10775,50464
664947,0,32162,10775,50464
664997,0,32162,10775,50464
665047,0,31498,10775,50464
665182,0,31498,10135,50464
665232,0,32162,10135,50464
665282,0,32162,10135,50544
665332,0,32162,10135,50544
665382,0,32162,10135,50544
665432,0,32162,10135,50544
665482,0,32162,9382,50544
665532,0,32162,9382,50544
665582,0,32162,9382,50544
665632,0,32162,9382,50544
665724,0,32162,9382,50630
665774,0,32162,9382,50630
665824,0,32162,9382,50630
665874,0,32162,8759,50630
665924,0,32162,8759,50630
665974,0,32162,8759,50630
666024,0,32162,8759,50630
666074,0,32162,8759,50736
666124,0,32162,8759,50736
666174,0,32162,8759,50736
666309,0,32842,8101,50736
666359,0,32842,8101,50736
666409,0,32842,8101,50736
666459,0,32162,8101,50736
666509,0,32162,8101,50808
666559,0,32162,8101,50808
666609,0,32162,8101,50808
666659,0,32162,8101,50808
666751,0,32162,7770,50808
666801,0,32162,7770,50808
666851,0,32162,7770,50808
666901,0,32162,7770,50878
666951,0,32162,7770,50878
667001,0,32162,7770,50878
667051,0,32842,7770,50878
667101,0,32842,7311,50878
667151,0,32842,7311,50878
667201,0,32842,7311,50878
667251,0,32842,7311,50878
667301,0,32842,7311,50959
667436,0,32842,7311,50959
667486,0,32842,7022,50959
667536,0,32842,7022,50959
667586,0,32842,7022,50959
667636,0,32842,7022,50959
667686,0,32842,7022,51005
667778,0,32842,7022,51005
667828,0,32842,7022,51005
667878,0,32842,6679,51005
667928,0,32842,6679,51005
667978,0,32842,6679,51005
668028,0,32842,6679,51005
668078,0,32842,6679,51005
668128,0,32842,6679,50965
668178,0,32842,6679,50965
668228,0,32792,6679,50965
668278,0,32742,6679,50965
668328,0,32691,6738,50965
668378,0,32641,6738,50965
668428,0,32591,6738,50965
668563,0,32455,6738,50952
668613,0,32405,6738,50952
668663,0,32355,6738,50952
668713,0,32305,6547,50952
668763,0,32254,6547,50952
668855,0,32162,6547,50952
668905,0,32162,6547,51024
668955,0,32162,6547,51024
669005,0,32162,6547,51024
669055,0,32842,6547,51024
669105,0,32842,6254,51024
669155,0,32842,6254,51024
669205,0,32842,6254,51024
669255,0,32162,6254,51024
669305,0,32162,6254,51119
669355,0,32162,6254,51119
669405,0,32162,6254,51119
669455,0,32842,6254,51119
669505,0,32842,5763,51119
669555,0,32842,5763,51119
669690,0,32842,5763,51247
669740,0,32842,5763,51247
669832,0,33552,5763,51247
669882,0,33552,5763,51247
669932,0,33552,5397,51247
669982,0,33552,5397,51247
670032,0,32842,5397,51247
670082,0,32842,5397,51247
670132,0,32842,5397,51290
670182,0,32842,5397,51290
670232,0,32842,5397,51290
670282,0,32842,5397,51290
670332,0,32842,5201,51290
670382,0,32842,5201,51290
670432,0,33552,5201,51290
670482,0,33552,5201,51290
670532,0,33552,5201,51237
670582,0,33552,5201,51237
670632,0,33552,5201,51237
670682,0,33552,5201,51237
670860,0,32162,5317,51237
670910,0,32162,5317,51152
670960,0,32162,5317,51152
671010,0,32162,5317,51152
671060,0,32162,5317,51152
671110,0,32162,5719,51152
671160,0,32162,5719,51152
671210,0,32162,5719,51152
671260,0,32162,5719,51152
671310,0,32162,5719,51090
671360,0,32162,5719,51090
671410,0,32162,5719,51090
671460,0,32162,5719,51090
671510,0,32162,6363,51090
671560,0,32162,6363,51090
671610,0,32162,6363,51090
671660,0,32162,6363,51090
671710,0,32162,6363,51076
671802,0,32162,6363,51076
671852,0,31498,6363,51076
671987,0,31498,6459,51076
672037,0,32842,6459,51076
672087,0,32842,6459,51076
672137,0,32842,6459,51065
672187,0,32842,6459,51065
672237,0,31498,6459,51065
672287,0,31498,6459,51065
672337,0,31498,6846,51065
672387,0,31498,6846,51065
672437,0,32162,6846,51065
672487,0,32162,6846,51065
672537,0,32162,6846,51060
672587,0,32162,6846,51060
672637,0,31498,6846,51060
672687,0,31498,6846,51060
672779,0,31498,6830,51060
672829,0,32162,6830,51060
672879,0,32162,6830,51060
672929,0,32162,6830,50968
672979,0,32162,6830,50968
673114,0,32162,6830,50968
673164,0,32162,7164,50968
673214,0,32162,7164,50968
673264,0,31498,7164,50968
673314,0,31498,7164,50968
673364,0,31498,7164,50864
673414,0,31498,7164,50864
673464,0,31498,7164,50864
673514,0,31498,7164,50864
673564,0,31498,7713,50864
673614,0,31498,7713,50864
673664,0,31498,7713,50864
673714,0,31498,7713,50864
673806,0,31498,7713,50787
673856,0,32162,7713,50787
673906,0,32162,7713,50787
673956,0,32162,8485,50787
674006,0,32162,8485,50787
674056,0,31498,8485,50787
674106,0,31498,8485,50787
674241,0,31498,8485,50690
674291,0,31498,8485,50690
674341,0,31498,9197,50690
674391,0,31498,9197,50690
674441,0,30881,9197,50690
674491,0,30881,9197,50690
674541,0,30881,9197,50565
674591,0,30881,9197,50565
674641,0,31498,9197,50565
674691,0,31498,9197,50565
674741,0,31498,9895,50565
674833,0,31498,9895,50565
674883,0,31498,9895,50565
674933,0,31498,9895,50453
674983,0,31498,9895,50453
675033,0,31498,9895,50453
675083,0,31498,9895,50453
675133,0,31498,10692,50453
675183,0,31498,10692,50453
675233,0,31498,10692,50453
675368,0,31498,10692,50353
675418,0,31498,10692,50353
675468,0,31498,10692,50353
675518,0,31498,10692,50353
675568,0,31498,11917,50353
675618,0,31498,11917,50353
675668,0,30881,11917,50353
675718,0,30881,11917,50353
675852,0,31498,11917,50210
675902,0,31498,11917,50210
675952,0,31498,12549,50210
676002,0,31498,12549,50210
676052,0,31498,12549,50210
676102,0,31498,12549,50210
676152,0,31498,12549,50115
676202,0,31498,12549,50115
676252,0,32162,12549,50115
676302,0,32162,12549,50115
676352,0,32162,12769,50115
676402,0,32162,12769,50115
676707,0,31498,12769,50023
676757,0,31498,13127,50023
676807,0,31498,13127,50023
676857,0,32162,13127,50023
676907,0,32162,13127,50023
676999,0,32162,13127,49971
677049,0,32162,13127,49971
677099,0,32162,13127,49971
677149,0,32162,13045,49971
677199,0,32162,13045,49971
677249,0,32162,13045,49971
677299,0,32162,13045,49971
677349,0,32162,13045,50042
677399,0,32162,13045,50042
677449,0,32162,13045,50042
677499,0,32162,13045,50042
677677,0,31498,12821,50042
677727,0,31498,12821,50042
677777,0,31498,12821,50035
677827,0,31498,12821,50035
677877,0,31498,12821,50035
677927,0,31498,12821,50035
678019,0,31498,12593,50035
678069,0,32162,12593,50035
678119,0,32162,12593,50035
678169,0,32162,12593,50023
678219,0,32162,12593,50023
678269,0,31498,12593,50023
678319,0,31498,12593,50023
678369,0,31498,12452,50023
678419,0,31498,12452,50023
678469,0,32162,12452,50023
678519,0,32162,12452,50023
678569,0,32162,12452,50041
678619,0,32162,12452,50041
678669,0,32162,12452,50041
678804,0,32162,12352,50041
678854,0,32162,12352,50041
678904,0,32162,12352,50041
678996,0,32162,12352,50094
679046,0,32162,12352,50094
679096,0,32162,12352,50094
679146,0,32162,12352,50094
679196,0,32162,12317,50094
679246,0,32842,12317,50094
679296,0,32842,12317,50094
679346,0,32842,12317,50094
679396,0,32842,12317,50074
679446,0,32842,12317,50074
679496,0,32842,12317,50074
679546,0,32842,12317,50074
679596,0,32842,12215,50074
679646,0,33552,12215,50074
679696,0,33552,12215,50074
679746,0,33552,12215,50074
679796,0,33552,12215,50097
679974,0,33552,12085,50097
680024,0,33552,12085,50097
680074,0,33552,12085,50097
680124,0,33552,12085,50097
680174,0,33552,12085,50150
680224,0,32842,12085,50150
680274,0,32842,12085,50150
680324,0,32842,12085,50150
680374,0,32842,11908,50150
680424,0,33552,11908,50150
680474,0,33552,11908,50150
680524,0,33552,11908,50150
680574,0,33552,11908,50218
680624,0,33552,11908,50218
680674,0,33552,11908,50218
680724,0,33552,11908,50218
680774,0,33552,11472,50218
680866,0,33552,11472,50218
680916,0,33552,11472,50218
680966,0,33552,11472,50237
681101,0,32162,11472,50237
681151,0,32162,11472,50237
681201,0,32162,10742,50237
681251,0,32162,10742,50237
681301,0,32162,10742,50237
681351,0,32162,10742,50237
681401,0,32162,10742,50292
681451,0,33552,10742,50292
681501,0,33552,10742,50292
681551,0,33552,10742,50292
681601,0,33552,10395,50292
681651,0,32842,10395,50292
681701,0,32842,10395,50292
681751,0,32842,10395,50292
681843,0,32842,10395,50364
681893,0,32842,10395,50364
681943,0,32842,10395,50364
681993,0,32842,9853,50364
682043,0,32842,9853,50364
682093,0,32842,9853,50364
682228,0,32162,9853,50452
682278,0,32162,9853,50452
682328,0,32162,9853,50452
682378,0,32162,9555,50452
682428,0,32842,9555,50452
682478,0,32842,9555,50452
682528,0,32842,9555,50452
682578,0,32842,9555,50544
682628,0,34309,9555,50544
682678,0,34309,9555,50544
682728,0,34309,9555,50544
682778,0,34309,9074,50544
682870,0,34309,9074,50544
682920,0,34309,9074,50544
682970,0,34309,9074,50544
683020,0,34309,9074,50606
683070,0,33552,9074,50606
683120,0,33552,9074,50606
683170,0,33552,9074,50606
683220,0,33552,8306,50606
683355,0,33552,8306,50606
683405,0,33552,8306,50724
683455,0,34309,8306,50724
683505,0,34309,8306,50724
683555,0,34309,8306,50724
683605,0,34309,7757,50724
683655,0,33552,7757,50724
683705,0,33552,7757,50724
683755,0,33552,7757,50724
683805,0,33552,7757,50762
683897,0,34309,7757,50762
683947,0,34309,7757,50762
683997,0,34309,7387,50762
684047,0,32842,7387,50762
684097,0,32842,7387,50762
684147,0,32842,7387,50762
684197,0,32842,7387,50808
684247,0,32842,7387,50808
684297,0,32842,7387,50808
684347,0,32842,7387,50808
684482,0,32842,7185,50808
684532,0,32842,7185,50808
684582,0,32842,7185,50808
684632,0,33552,7185,50875
684682,0,33552,7185,50875
684732,0,33552,7185,50875
684782,0,33552,7185,50875
684874,0,32842,6956,50875
684924,0,32842,6956,50875
684974,0,32842,6956,50875
685024,0,32842,6956,50879
685074,0,32842,6956,50879
685124,0,32842,6956,50879
685174,0,32842,6956,50879
685224,0,33552,6972,50879
685274,0,33552,6972,50879
685324,0,33552,6972,50879
685374,0,33552,6972,50879
685424,0,33552,6972,50925
685474,0,33552,6972,50925
685609,0,33552,6928,50925
685659,0,34309,6928,50925
685709,0,34309,6928,50925
685759,0,34309,6928,50925
685809,0,34309,6928,50989
685901,0,33552,6928,50989
685951,0,33552,6928,50989
686001,0,33552,6928,50989
686051,0,33552,6377,50989
686101,0,33552,6377,50989
686151,0,33552,6377,50989
686201,0,33552,6377,50989
686251,0,34309,6377,51020
686301,0,34309,6377,51020
686351,0,34309,6377,51020
686401,0,34309,6377,51020
686451,0,33552,6326,51020
686501,0,33552,6326,51020
686551,0,33552,6326,51020
686601,0,33552,6326,51020
686736,0,32842,6326,50955
686786,0,32842,6326,50955
686836,0,33552,6222,50955
686928,0,33552,6222,50955
686978,0,33552,6222,50955
687028,0,32842,6222,51033
687078,0,32842,6222,51033
687128,0,32842,6222,51033
687178,0,32842,6222,51033
687228,0,32842,6010,51033
687278,0,32842,6010,51033
687328,0,32842,6010,51033
687378,0,32842,6010,51033
687428,0,32842,6010,51041
687478,0,32842,6010,51041
687528,0,32842,6010,51041
687578,0,32842,6010,51041
687628,0,32842,5973,51041
687678,0,32842,5973,51041
687728,0,32842,5973,51041
687906,0,32162,5973,51051
687956,0,32162,5973,51051
688006,0,32162,5973,51051
688056,0,33552,5933,51051
688106,0,33552,5933,51051
688156,0,33552,5933,51051
688206,0,33552,5933,51051
688256,0,33552,5933,51081
688306,0,33552,5933,51081
688356,0,33552,5933,51081
688406,0,33552,5933,51081
688456,0,33552,6045,51081
688506,0,33552,6045,51081
688556,0,33552,6045,51081
688606,0,33552,6045,51081
688656,0,33552,6045,51002
688706,0,33552,6045,51002
688756,0,33552,6045,51002
688848,0,33552,6205,51002
688898,0,33552,6205,51002
689033,0,33552,6205,50957
689083,0,33552,6205,50957
689133,0,33552,6205,50957
689183,0,33552,6205,50957
689233,0,33410,6458,50957
689283,0,33268,6458,50957
689333,0,33126,6458,50957
689383,0,32984,6458,50957
689433,0,32842,6458,50965
689483,0,32842,6458,50965
689533,0,32842,6458,50965
689583,0,32842,6458,50965
689633,0,32842,6862,50965
689683,0,32842,6862,50965
689733,0,32842,6862,50965
689783,0,32842,6862,50965
689875,0,32162,6862,50990
689925,0,32162,6862,50990
689975,0,32162,6862,50990
690025,0,32162,6757,50990
690160,0,32162,6757,50990
690210,0,32162,6757,50990
690260,0,32842,6757,50930
690310,0,32842,6757,50930
690360,0,32842,6757,50930
690410,0,32842,6757,50930
690460,0,32162,6962,50930
690510,0,32162,6962,50930
690560,0,32162,6962,50930
690610,0,32162,6962,50930
690660,0,32842,6962,50953
690710,0,32842,6962,50953
690760,0,32842,6962,50953
690810,0,32842,6962,50953
690902,0,32162,7043,50953
690952,0,32162,7043,50953
691002,0,32162,7043,50953
691052,0,32162,7043,50870
691102,0,32162,7043,50870
691152,0,32162,7043,50870
691287,0,31498,7433,50870
691337,0,31498,7433,50870
691387,0,31498,7433,50870
691437,0,33552,7433,50870
691487,0,33552,7433,50772
691537,0,33552,7433,50772
691587,0,33552,7433,50772
691637,0,32842,7433,50772
691687,0,32842,7886,50772
691737,0,32842,7886,50772
691787,0,32842,7886,50772
691879,0,33552,7886,50762
691929,0,33552,7886,50762
691979,0,33552,7886,50762
692029,0,32162,7886,50762
692079,0,32162,7807,50762
692214,0,32162,7807,50762
692264,0,32842,7807,50751
692314,0,32842,7807,50751
692364,0,32842,7807,50751
692414,0,32842,7807,50751
692464,0,32842,8030,50751
692514,0,32842,8030,50751
692564,0,32842,8030,50751
692614,0,32842,8030,50751
692664,0,33552,8030,50762
692714,0,33552,8030,50762
692764,0,33552,8030,50762
692814,0,33552,8030,50762
692928,0,32842,8060,50762
692978,0,32842,8060,50762
693028,0,32842,8060,50762
693078,0,32842,8060,50762
693128,0,32842,8060,50762
693178,0,32842,8060,50762
693228,0,32842,8060,50762
693363,0,32842,8157,50762
693413,0,32842,8157,50762
693463,0,32842,8157,50765
693513,0,32842,8157,50765
693563,0,32842,8157,50765
693613,0,32842,8157,50765
693663,0,32162,8228,50765
693713,0,32162,8228,50765
693763,0,32162,8228,50765
693813,0,32162,8228,50765
693863,0,32162,8228,50718
693955,0,32162,8228,50718
694005,0,32162,8228,50718
694055,0,32162,8338,50718
694105,0,32162,8338,50718
694155,0,32162,8338,50718
694205,0,32162,8338,50718
694255,0,32842,8338,50676
694305,0,32842,8338,50676
694355,0,32842,8338,50676
694490,0,32162,8502,50676
694540,0,32162,8502,50676
694590,0,32162,8502,50676
694640,0,32162,8502,50676
694690,0,32162,8502,50625
694740,0,32162,8502,50625
694790,0,32162,8502,50625
694840,0,32162,8502,50625
694932,0,32162,8817,50625
694982,0,32162,8817,50625
695032,0,32162,8817,50625
695082,0,32162,8817,50600
695132,0,32162,8817,50600
695182,0,32162,8817,50600
695232,0,32162,8817,50600
695282,0,32162,8969,50600
695332,0,32162,8969,50600
695382,0,32162,8969,50600
695432,0,32162,8969,50600
695482,0,32162,8969,50553
695617,0,32162,8969,50553
695667,0,32298,9346,50553
695717,0,32434,9346,50553
695767,0,32570,9346,50553
695817,0,32706,9346,50553
695867,0,32842,9346,50457
695917,0,32842,9346,50457
696009,0,32842,9346,50457
696059,0,32842,9346,50457
696109,0,32842,9676,50457
696159,0,32842,9676,50457
696209,0,32842,9676,50457
696259,0,32842,9676,50457
696309,0,32842,9676,50411
696359,0,32842,9676,50411
696409,0,32842,9676,50411
696459,0,32842,9676,50411
696509,0,32842,10127,50411
696559,0,32842,10127,50411
696609,0,32842,10127,50411
696744,0,32842,10127,50458
696794,0,32842,10127,50458
696844,0,32842,10127,50458
696894,0,32842,9900,50458
696986,0,32842,9900,50458
697036,0,32766,9900,50458
697086,0,32691,9900,50478
697136,0,32615,9900,50478
697186,0,32540,9900,50478
697236,0,32464,9900,50478
697286,0,32389,9842,50478
697336,0,32313,9842,50478
697386,0,32238,9842,50478
697436,0,32162,9842,50478
697486,0,32162,9842,50407
697536,0,32162,9842,50407
697586,0,32162,9842,50407
697636,0,32842,9842,50407
697686,0,32842,10068,50407
697736,0,32842,10068,50407
697871,0,32162,10068,50407
697921,0,32162,10068,50390
697971,0,32162,10068,50390
698063,0,32162,10068,50390
698113,0,32162,10070,50390
698163,0,32162,10070,50390
698213,0,32162,10070,50390
698263,0,32162,10070,50390
698313,0,32162,10070,50422
698363,0,32162,10070,50422
698413,0,32162,10070,50422
698463,0,32162,10070,50422
698513,0,32162,9806,50422
698563,0,32162,9806,50422
698613,0,32162,9806,50422
698663,0,32162,9806,50422
698713,0,32162,9806,50430
698763,0,32162,9806,50430
698813,0,32162,9806,50430
698863,0,32162,9806,50430
699041,0,31498,9824,50430
699091,0,31498,9824,50437
699141,0,31498,9824,50437
699191,0,31498,9824,50437
699241,0,32162,9824,50437
699291,0,32162,9629,50437
699341,0,32162,9629,50437
699391,0,32162,9629,50437
699441,0,32162,9629,50437
699491,0,32162,9629,50437
699541,0,32162,9629,50460
699591,0,32162,9629,50460
699641,0,32162,9629,50460
699691,0,32162,9629,50460
699741,0,32162,9533,50460
699791,0,32162,9533,50460
699841,0,32162,9533,50460
699891,0,32162,9533,50460
699983,0,32162,9533,50505
700033,0,31498,9533,50505
700168,0,31498,9284,50505
700218,0,31498,9284,50505
700268,0,32842,9284,50505
700318,0,32842,9284,50546
700368,0,32842,9284,50546
700418,0,32842,9284,50546
700468,0,32842,9284,50546
700518,0,32842,9172,50546
700568,0,32842,9172,50546
700618,0,32842,9172,50546
700668,0,32842,9172,50546
700718,0,32842,9172,50501
700768,0,32842,9172,50501
700818,0,32842,9172,50501
700868,0,32842,9172,50501
700960,0,32842,9311,50501
701010,0,32842,9311,50501
701060,0,32842,9311,50501
701110,0,32842,9311,50487
701160,0,32842,9311,50487
701295,0,32842,9311,50487
701345,0,32842,9060,50487
701395,0,32842,9060,50487
701445,0,32789,9060,50487
701495,0,32736,9060,50487
701545,0,32683,9060,50571
701595,0,32630,9060,50571
701645,0,32577,9060,50571
701695,0,32524,9060,50571
701745,0,32471,8736,50571
701795,0,32418,8736,50571
701845,0,32365,8736,50571
701895,0,32312,8736,50571
701945,0,32259,8736,50586
702037,0,32162,8736,50586
702087,0,32162,8736,50586
702137,0,32162,8569,50586
702187,0,32162,8569,50586
702237,0,32842,8569,50586
702287,0,32842,8569,50586
702422,0,32842,8569,50609
702472,0,32162,8569,50609
702522,0,32162,8579,50609
702572,0,32162,8579,50609
702622,0,32162,8579,50609
702672,0,31498,8579,50609
702722,0,31498,8579,50639
702772,0,31498,8579,50639
702822,0,31498,8579,50639
702872,0,31498,8579,50639
702922,0,31498,8690,50639
702972,0,31498,8690,50639
703064,0,30881,8690,50639
703114,0,30881,8690,50613
703164,0,30881,8690,50613
703214,0,30881,8690,50613
703264,0,31498,8690,50613
703314,0,31498,8863,50613
703364,0,31498,8863,50613
703414,0,31498,8863,50613
703549,0,32162,8863,50567
703599,0,32162,8863,50567
703649,0,30881,8863,50567
703699,0,30881,8863,50567
703749,0,30881,9072,50567
703799,0,30881,9072,50567
703849,0,30881,9072,50567
703899,0,30881,9072,50567
703949,0,30881,9072,50517
703999,0,30881,9072,50517
704091,0,31498,9072,50517
704141,0,31498,9303,50517
704191,0,31498,9303,50517
704241,0,30881,9303,50517
704291,0,30881,9303,50517
704341,0,30881,9303,50463
704391,0,30881,9303,50463
704441,0,30881,9303,50463
704491,0,30881,9303,50463
704541,0,30881,9475,50463
704676,0,31498,9475,50463
704726,0,31498,9475,50463
704776,0,31498,9475,50423
704826,0,32162,9475,50423
704876,0,32162,9475,50423
704926,0,32162,9475,50423
704976,0,32162,9752,50423
705068,0,30881,9752,50423
705118,0,30881,9752,50423
705168,0,30881,9752,50423
705218,0,30881,9752,50423
705268,0,31498,9752,50423
705318,0,31498,9752,50423
705368,0,31498,9804,50423
705418,0,31498,9804,50423
705468,0,31498,9804,50423
705518,0,31498,9804,50423
705568,0,31498,9804,50441
705618,0,31498,9804,50441
705668,0,31498,9804,50441
705803,0,31498,9698,50441
705853,0,32162,9698,50441
705903,0,32162,9698,50441
705953,0,32162,9698,50447
706003,0,32162,9698,50447
706095,0,31498,9698,50447
706145,0,31498,9557,50447
706195,0,31498,9557,50447
706245,0,31498,9557,50447
706295,0,31498,9557,50447
706345,0,31498,9557,50503
706395,0,31498,9557,50503
706445,0,32162,9557,50503
706495,0,32162,9557,50503
706545,0,32162,9212,50503
706595,0,32162,9212,50503
706730,0,32162,9212,50503
706780,0,32162,9212,50486
706830,0,32842,9212,50486
706880,0,32842,9212,50486
706930,0,32842,9212,50486
706980,0,32842,9247,50486
707030,0,32162,9247,50486
707122,0,32162,9247,50486
707172,0,32162,9247,50427
707222,0,32162,9247,50427
707272,0,32162,9247,50427
707322,0,32162,9247,50427
707372,0,32162,9737,50427
707422,0,32162,9737,50427
707472,0,32842,9737,50427
707522,0,32842,9737,50427
707572,0,32842,9737,50417
707622,0,32842,9737,50417
707672,0,32162,9737,50417
707722,0,32162,9737,50417
707857,0,32162,9960,50417
707907,0,32162,9960,50417
707957,0,32162,9960,50334
708007,0,32162,9960,50334
708141,0,32842,9960,50334
708191,0,32842,10248,50334
708241,0,32842,10248,50334
708291,0,32842,10248,50334
708341,0,32842,10248,50334
708391,0,32842,10248,50315
708441,0,32162,10248,50315
708491,0,32162,10248,50315
708541,0,32162,10248,50315
708591,0,32162,10322,50315
708641,0,32162,10322,50315
708691,0,32162,10322,50315
708741,0,32162,10322,50315
708791,0,32162,10322,50354
708841,0,32842,10322,50354
708891,0,32842,10322,50354
709196,0,32162,10136,50399
709288,0,32162,10136,50399
709338,0,32162,10136,50399
709388,0,32162,9880,50399
709438,0,31498,9880,50399
709488,0,31498,9880,50399
709538,0,31498,9880,50399
709588,0,31498,9880,50411
709638,0,32162,9880,50411
709688,0,32162,9880,50411
709738,0,32162,9880,50411
709788,0,32162,9773,50411
709838,0,31498,9773,50411
709888,0,31498,9773,50411
709938,0,31498,9773,50411
709988,0,31498,9773,50383
710038,0,32162,9773,50383
710088,0,32162,9773,50383
710138,0,32162,9773,50383
710232,0,31498,9646,50383
710409,0,31498,9646,50411
710459,0,32162,9646,50411
710509,0,32162,9646,50411
710559,0,32162,9374,50411
710609,0,32162,9374,50411
710659,0,32842,9374,50411
710709,0,32842,9374,50411
710759,0,32842,9374,50436
710809,0,32842,9374,50436
710859,0,32162,9374,50436
710909,0,32162,9374,50436
710959,0,32162,9374,50436
711009,0,32162,9491,50436
711059,0,32162,9491,50436
711109,0,32162,9491,50436
711159,0,32162,9491,50436
711209,0,32162,9491,50464
711301,0,31498,9491,50464
711351,0,31498,9491,50464
711401,0,31498,9361,50464
711536,0,32162,9361,50464
711586,0,32162,9361,50460
711636,0,31498,9361,50460
711686,0,31498,9361,50460
711736,0,31498,9361,50460
711786,0,31498,9453,50460
711836,0,32842,9453,50460
711886,0,32842,9453,50460
711936,0,32842,9453,50460
711986,0,32842,9453,50430
712036,0,32842,9453,50430
712086,0,32842,9453,50430
712136,0,32842,9453,50430
712186,0,32842,9502,50430
712278,0,32842,9502,50430
712328,0,32842,9502,50430
712378,0,32842,9502,50430
712428,0,33552,9502,50440
712478,0,33552,9502,50440
712528,0,33552,9502,50440
712663,0,32842,9608,50440
712713,0,32842,9608,50440
712763,0,32842,9608,50440
712813,0,32842,9608,50438
712863,0,32842,9608,50438
712913,0,32842,9608,50438
712963,0,32842,9608,50438
713013,0,32842,9504,50438
713063,0,32842,9504,50438
713113,0,32842,9504,50438
713163,0,32842,9504,50438
713213,0,32842,9504,50388
713305,0,32842,9504,50388
713355,0,32842,9504,50388
713405,0,32842,9515,50388
713455,0,33552,9515,50388
713505,0,33552,9515,50388
713555,0,33552,9515,50388
713605,0,33552,9515,50323
713655,0,33552,9515,50323
713790,0,33552,9967,50323
713840,0,32842,9967,50323
713890,0,32842,9967,50323
713940,0,32842,9967,50323
713990,0,32842,9967,50296
714040,0,32842,9967,50296
714090,0,32842,9967,50296
714140,0,32842,9967,50296
714190,0,32842,10224,50296
714240,0,32842,10224,50296
714332,0,32842,10224,50296
714382,0,32842,10224,50296
714432,0,32842,10224,50329
714482,0,32842,10224,50329
714532,0,32842,10224,50329
714582,0,32842,10224,50329
714632,0,32162,10172,50329
714682,0,32162,10172,50329
714732,0,32162,10172,50329
714782,0,32162,10172,50329
714917,0,32842,10172,50323
714967,0,32842,10172,50323
715017,0,32842,10289,50323
715067,0,32842,10289,50323
715117,0,32842,10289,50323
715167,0,32842,10289,50323
715217,0,32842,10289,50346
715309,0,32162,10289,50346
715359,0,32162,10289,50346
715409,0,32162,10070,50346
715459,0,32842,10070,50346
715509,0,32842,10070,50346
715559,0,32842,10070,50346
715609,0,32842,10070,50345
715659,0,32842,10070,50345
715709,0,32842,10070,50345
715759,0,32842,10070,50345
715809,0,32842,10134,50345
715859,0,32842,10134,50345
715909,0,32842,10134,50345
716044,0,33552,10134,50278
716094,0,33552,10134,50278
716144,0,33552,10134,50278
716194,0,33552,10134,50278
716286,0,32842,10399,50278
716336,0,32842,10399,50278
716386,0,32842,10399,50278
716436,0,32842,10399,50239
716486,0,32842,10399,50239
716536,0,32842,10399,50239
716586,0,32842,10399,50239
716636,0,32842,10292,50239
716686,0,32842,10292,50239
716736,0,32842,10292,50239
716786,0,32842,10292,50239
716836,0,32842,10292,50290
716886,0,32842,10292,50290
716936,0,32842,10292,50290
716986,0,32842,10292,50290
717036,0,33552,10146,50290
717171,0,33552,10146,50290
717263,0,32842,10146,50269
717313,0,32842,10146,50269
717363,0,32842,10146,50269
717413,0,32842,10167,50269
717463,0,32842,10167,50269
717513,0,32842,10167,50269
717563,0,32842,10167,50269
717613,0,32842,10167,50269
717663,0,32842,10167,50319
717713,0,32842,10167,50319
717763,0,32842,10167,50319
717813,0,32842,10167,50319
717863,0,32842,9966,50319
717913,0,32842,9966,50319
717963,0,32842,9966,50319
718013,0,32842,9966,50319
718063,0,32842,9966,50357
718155,0,32842,9966,50357
718205,0,32842,9966,50357
718340,0,32162,9982,50357
718390,0,32162,9982,50357
718440,0,32842,9982,50331
718490,0,32842,9982,50331
718540,0,32842,9982,50331
718590,0,32842,9982,50331
718640,0,32842,9890,50331
718690,0,32842,9890,50331
718740,0,32842,9890,50331
718790,0,32842,9890,50331
718840,0,32162,9890,50370
718890,0,32162,9890,50370
718940,0,32162,9890,50370
718990,0,32162,9890,50370
719040,0,33552,9672,50370
719090,0,33552,9672,50370
719182,0,33552,9672,50370
719232,0,32842,9672,50285
719282,0,32842,9672,50285
719332,0,32842,9672,50285
719467,0,32842,10114,50285
719517,0,32842,10114,50285
719567,0,32842,10114,50285
719617,0,32842,10114,50285
719667,0,33552,10114,50240
719717,0,33552,10114,50240
719767,0,33552,10114,50240
719817,0,33552,10114,50240
719867,0,33552,10304,50240
719917,0,33552,10304,50240
719967,0,33552,10304,50240
720017,0,33552,10304,50240
720067,0,32842,10304,50247
720159,0,32842,10304,50247
720209,0,32842,10304,50247
720259,0,32842,10253,50247
720309,0,32842,10253,50247
720359,0,32842,10253,50247
720409,0,32842,10253,50247
720459,0,33552,10253,50220
720594,0,33552,10253,50220
720644,0,32842,10365,50220
720694,0,32842,10365,50220
720744,0,32842,10365,50220
720794,0,32842,10365,50220
720844,0,32162,10365,50279
720894,0,32162,10365,50279
720944,0,32162,10365,50279
720994,0,32162,10365,50279
721044,0,32162,10229,50279
721136,0,32162,10229,50279
721186,0,32162,10229,50279
721236,0,32842,10229,50318
721286,0,32842,10229,50318
721336,0,32842,10229,50318
721386,0,32842,10229,50318
721521,0,32842,10082,50318
721571,0,32842,10082,50318
721621,0,32842,10082,50318
721671,0,32842,10082,50318
721721,0,32842,10082,50318
721771,0,32842,10082,50318
721821,0,32842,10082,50318
721871,0,32842,9896,50318
721921,0,32842,9896,50318
721971,0,32842,9896,50318
722021,0,32842,9896,50318
722113,0,32842,9896,50294
722163,0,32842,9896,50294
722213,0,32842,9896,50294
722263,0,32842,9836,50294
722313,0,32842,9836,50294
722363,0,32842,9836,50294
722413,0,32842,9836,50294
722463,0,32993,9836,50313
722513,0,33144,9836,50313
722648,0,33552,9870,50313
722698,0,33552,9870,50313
722748,0,33552,9870,50313
722798,0,33552,9870,50313
722848,0,33552,9870,50314
722898,0,33552,9870,50314
722948,0,33552,9870,50314
722998,0,33552,9870,50314
723048,0,33552,9874,50314
723140,0,33552,9874,50314
723190,0,33552,9874,50314
723240,0,33552,9874,50314
723290,0,33552,9874,50265
723340,0,33552,9874,50265
723390,0,33552,9874,50265
723440,0,33552,9874,50265
723490,0,33552,10133,50265
723540,0,33552,10133,50265
723590,0,33552,10133,50265
723640,0,33552,10133,50265
723775,0,33552,10133,50232
723825,0,32842,10133,50232
723875,0,32842,10092,50232
723925,0,32842,10092,50232
723975,0,32842,10092,50232
724025,0,32842,10092,50232
724117,0,32842,10092,50255
724167,0,32842,10092,50255
724217,0,32842,10092,50255
724267,0,33552,9873,50255
724317,0,33552,9873,50255
724367,0,33552,9873,50255
724417,0,33552,9873,50255
724467,0,32842,9873,50309
724517,0,32842,9873,50309
724567,0,32842,9873,50309
724617,0,32842,9873,50309
724667,0,32842,9863,50309
724717,0,32842,9863,50309
724767,0,32842,9863,50309
724902,0,32842,9863,50204
724952,0,32842,9863,50204
725002,0,32842,9863,50204
725052,0,32162,9863,50204
725144,0,32162,10229,50204
725194,0,32162,10229,50204
725244,0,32842,10229,50204
725294,0,32842,10229,50212
725344,0,32842,10229,50212
725394,0,32842,10229,50212
725444,0,33552,10229,50212
725494,0,33552,10476,50212
725544,0,33552,10476,50212
725594,0,33552,10476,50212
725644,0,33552,10476,50212
725694,0,33552,10476,50137
725744,0,33552,10476,50137
725794,0,33552,10476,50137
725844,0,33552,10476,50137
725894,0,33552,10743,50137
726029,0,33552,10743,50137
726121,0,33552,10743,50128
726171,0,33552,10743,50128
726221,0,33552,10743,50128
726271,0,33552,10871,50128
726321,0,33552,10871,50128
726371,0,33552,10871,50128
726421,0,33552,10871,50128
726471,0,32842,10871,50128
726521,0,32842,10871,50132
726571,0,32842,10871,50132
726621,0,32842,10871,50132
726671,0,33552,10871,50132
726721,0,33552,10976,50132
726771,0,33552,10976,50132
726821,0,33552,10976,50132
726871,0,32842,10976,50132
726921,0,32842,10976,50135
727013,0,32842,10976,50135
727063,0,33552,10976,50135
727198,0,33552,11205,50135
727248,0,32162,11205,50135
727298,0,32162,11205,50151
727348,0,32162,11205,50151
727398,0,32162,11205,50151
727448,0,32162,11205,50151
727498,0,32162,10788,50151
727548,0,32162,10788,50151
727598,0,32162,10788,50151
727648,0,31498,10788,50151
727698,0,31498,10788,50252
727748,0,31498,10788,50252
727798,0,31498,10788,50252
727848,0,32842,10788,50252
727898,0,32842,10250,50252
727992,0,32842,10250,50252
728042,0,32162,10250,50252
728092,0,32162,10250,50259
728142,0,32162,10250,50259
728192,0,32162,10250,50259
728327,0,32162,10072,50259
728377,0,32162,10072,50259
728427,0,32842,10072,50259
728477,0,32842,10072,50259
728527,0,32842,10072,50246
728577,0,32842,10072,50246
728627,0,32162,10072,50246
728677,0,32162,10072,50246
728727,0,32162,10022,50246
728777,0,32162,10022,50246
728827,0,32162,10022,50246
728877,0,32162,10022,50246
728969,0,32162,10022,50253
729019,0,32162,10022,50253
729069,0,32162,10022,50253
729119,0,32162,9861,50253
729169,0,32162,9861,50253
729219,0,32162,9861,50253
729269,0,33552,9861,50253
729319,0,33552,9861,50270
729454,0,32842,9861,50270
729504,0,32842,9607,50270
729554,0,32842,9607,50270
729604,0,32842,9607,50270
729654,0,32842,9607,50270
729704,0,32842,9607,50345
729754,0,32842,9607,50345
729804,0,32842,9607,50345
729854,0,32842,9607,50345
729904,0,32842,9357,50345
729996,0,32842,9357,50345
730046,0,32842,9357,50345
730096,0,32842,9357,50429
730146,0,32842,9357,50429
730196,0,32842,9357,50429
730246,0,32842,9357,50429
730296,0,32842,9206,50429
730346,0,32842,9206,50429
730396,0,32842,9206,50429
730446,0,32842,9206,50429
730581,0,32842,9206,50460
730631,0,32804,9206,50460
730681,0,32766,9206,50460
730731,0,32728,8885,50460
730781,0,32690,8885,50460
730831,0,32651,8885,50460
730881,0,32613,8885,50460
730931,0,32575,8885,50459
731023,0,32505,8885,50459
731073,0,32467,8885,50459
731123,0,32429,8628,50459
731173,0,32391,8628,50459
731223,0,32353,8628,50459
731273,0,32314,8628,50459
731323,0,32276,8628,50459
731373,0,32238,8628,50459
731423,0,32200,8628,50459
731473,0,32162,8628,50459
731523,0,32162,8531,50459
731573,0,32162,8531,50459
731708,0,32162,8531,50459
731758,0,32162,8531,50481
731808,0,32162,8531,50481
731858,0,32842,8531,50481
731908,0,32842,8531,50481
731958,0,32842,8291,50481
732008,0,32842,8291,50481
732100,0,32842,8291,50481
732150,0,32842,8291,50539
732200,0,32842,8291,50539
732250,0,32162,8291,50539
732300,0,32162,8291,50539
732350,0,32162,8176,50539
732400,0,32162,8176,50539
732450,0,32842,8176,50539
732500,0,32842,8176,50539
732550,0,32842,8176,50617
732600,0,32842,8176,50617
732650,0,32162,8176,50617
732700,0,32162,8176,50617
732835,0,32842,7617,50617
732885,0,32842,7617,50617
732935,0,32842,7617,50671
732985,0,32842,7617,50671
733035,0,33552,7617,50671
733127,0,33552,7208,50671
733177,0,33552,7208,50671
733227,0,34309,7208,50671
733277,0,34309,7208,50671
733327,0,34309,7208,50742
733377,0,34309,7208,50742
733427,0,33552,7208,50742
733477,0,33552,7208,50742
733527,0,33552,6903,50742
733577,0,33552,6903,50742
733627,0,33552,6903,50742
733677,0,33552,6903,50742
733727,0,33552,6903,50726
733777,0,33552,6903,50726
733827,0,33552,6903,50726
733962,0,33552,6812,50726
734012,0,33552,6812,50726
734062,0,33552,6812,50726
734154,0,33552,6812,50746
734204,0,33552,6812,50746
734254,0,34309,6812,50746
734304,0,34309,6812,50746
734354,0,34309,6666,50746
734404,0,34309,6666,50746
734454,0,32842,6666,50746
734504,0,32842,6666,50746
734554,0,32842,6666,50766
734604,0,32842,6666,50766
734654,0,32842,6666,50766
734704,0,32842,6666,50766
734754,0,32842,6645,50766
734804,0,32842,6645,50766
734854,0,32842,6645,50766
734904,0,32842,6645,50766
734954,0,32842,6645,50814
735132,0,32842,6548,50814
735182,0,32842,6548,50814
735232,0,32842,6548,50814
735282,0,32842,6548,50814
735332,0,32842,6548,50855
735382,0,32842,6548,50855
735432,0,33552,6548,50855
735482,0,33552,6548,50855
735532,0,33552,6394,50855
735582,0,33552,6394,50855
735632,0,32842,6394,50855
735682,0,32842,6394,50855
735732,0,32842,6394,50850
735782,0,32842,6394,50850
735832,0,33552,6394,50850
735882,0,33552,6394,50850
736017,0,33552,6318,50850
736067,0,34309,6318,50850
736159,0,34309,6318,50833
736209,0,34309,6318,50833
736259,0,33552,6318,50833
736309,0,33552,6318,50833
736359,0,33552,6338,50833
736409,0,33552,6338,50833
736459,0,34309,6338,50833
736509,0,34309,6338,50833
736559,0,34309,6338,50837
736609,0,34309,6338,50837
736659,0,33552,6338,50837
736709,0,33552,6338,50837
736759,0,33552,5716,50837
736809,0,33552,5716,50837
736859,0,34309,5716,50837
736909,0,34309,5716,50837
736959,0,34309,5716,50974
737009,0,34309,5716,50974
737187,0,33552,5498,50974
737237,0,32842,5498,50974
737287,0,32842,5498,50974
737337,0,32842,5498,51014
737387,0,32842,5498,51014
737437,0,33552,5498,51014
737487,0,33552,5498,51014
737537,0,33552,5498,51014
737587,0,33552,3934,51014
737637,0,32842,3934,51014
737687,0,32842,3934,51014
737737,0,32842,3934,51014
737787,0,32842,3934,51287
737837,0,32842,3934,51287
737887,0,32842,3934,51287
737937,0,32842,3934,51287
737987,0,32842,3674,51287
738079,0,32842,3674,51287
738129,0,32842,3674,51287
738179,0,32842,3674,51266
738314,0,32842,3674,51266
738364,0,32842,1199,51266
738414,0,32842,1199,51266
738464,0,32842,1199,51266
738514,0,32842,1199,51266
738564,0,32842,1199,51798
738614,0,32842,1199,51798
738664,0,33552,1199,51798
738714,0,33552,1199,51798
738764,0,33552,129,51798
738814,0,33552,129,51798
738864,0,33552,129,51798
738914,0,33552,129,51798
738964,0,33552,129,51819
739014,0,33552,129,51819
739106,0,32842,129,51819
739156,0,32842,129,51819
739206,0,32842,119,51819
739256,0,32842,119,51819
739306,0,32842,119,51819
739441,0,32842,119,51836
739491,0,32842,119,51836
739541,0,32842,119,51836
739591,0,32842,118,51836
739641,0,32842,118,51836
739691,0,32842,118,51836
739741,0,32842,118,51836
739791,0,32842,118,51850
739841,0,32842,118,51850
739891,0,32842,118,51850
739941,0,32842,118,51850
739991,0,32842,118,51850
740041,0,32842,118,51850
740175,0,32842,118,51863
740225,0,32731,118,51863
740275,0,32620,118,51863
740325,0,32509,118,51863
740375,0,32398,117,51863
740425,0,32287,117,51863
740475,0,32176,117,51863
740780,0,31498,117,51874
740830,0,31498,117,51874
740880,0,31498,117,51874
740930,0,31498,117,51874
740980,0,31498,117,51886
741030,0,32162,117,51886
741080,0,32162,117,51886
741130,0,32162,117,51886
741180,0,32162,117,51886
741230,0,31498,117,51886
741280,0,31498,117,51886
741330,0,31498,117,51886
741380,0,31498,117,51897
741472,0,32162,117,51897
741522,0,32162,117,51897
741572,0,32162,117,51897
741622,0,32162,117,51897
741672,0,31498,117,51897
741722,0,31498,117,51897
741772,0,31498,117,51907
741949,0,31498,117,51907
741999,0,31498,117,51907
742049,0,31498,117,51907
742099,0,31498,117,51907
742149,0,31498,117,51907
742199,0,31498,117,51916
742249,0,31498,117,51916
742299,0,31498,117,51916
742349,0,31498,117,51916
742399,0,31498,116,51916
742449,0,30881,116,51916
742541,0,30881,116,51916
742591,0,30881,116,51925
742641,0,30881,116,51925
742691,0,30881,116,51925
742741,0,30881,116,51925
742791,0,30881,116,51925
742841,0,31498,116,51925
742891,0,31498,116,51925
742941,0,31498,116,51925
743076,0,30881,116,51934
743126,0,30881,116,51934
743176,0,30881,116,51934
743226,0,30881,117,51934
743276,0,30881,117,51934
743326,0,30881,117,51934
743376,0,30881,117,51934
743426,0,30881,117,51942
743476,0,30881,117,51942
743568,0,30881,117,51942
743618,0,30881,116,51942
743668,0,30881,116,51942
743718,0,30881,116,51942
743768,0,30881,116,51942
743818,0,30881,116,51951
743868,0,30881,116,51951
743918,0,30881,116,51951
743968,0,30881,116,51951
744018,0,30881,116,51951
744068,0,30263,116,51951
744203,0,30263,116,51959
744253,0,30881,116,51959
744303,0,30881,116,51959
744353,0,30881,116,51959
744403,0,30881,116,51959
744453,0,30263,116,51959
744503,0,30263,116,51959
744595,0,30263,116,51959
744645,0,30263,116,51966
744695,0,30263,116,51966
744745,0,30263,116,51966
744795,0,30263,116,51966
744845,0,29692,116,51966
744895,0,29692,116,51966
744945,0,29692,116,51966
744995,0,29692,116,51966
745045,0,30263,116,51974
745095,0,30263,116,51974
745145,0,30263,116,51974
745195,0,30263,116,51974
745332,0,30263,116,51974
745382,0,30263,116,51974
745432,0,30263,116,51981
745482,0,30263,116,51981
745532,0,30263,116,51981
745582,0,30263,116,51981
745674,0,29692,116,51981
745724,0,29692,116,51981
745774,0,29692,116,51981
745824,0,29692,116,51988
745874,0,29692,116,51988
745924,0,29692,116,51988
745974,0,29692,116,51988
746024,0,30263,116,51988
746074,0,30263,116,51988
746124,0,30263,116,51988
746174,0,30263,116,51988
746224,0,29692,116,51995
746274,0,29692,116,51995
746324,0,29692,116,51995
746459,0,30263,116,51995
746509,0,30263,116,51995
746559,0,30263,116,51995
746609,0,30263,116,52002
746701,0,29692,116,52002
746751,0,29692,116,52002
746801,0,29692,116,52002
746851,0,30263,116,52002
746901,0,30263,116,52002
746951,0,30263,116,52002
747001,0,30263,116,52002
747051,0,30263,116,52009
747101,0,30263,116,52009
747151,0,30263,116,52009
747201,0,30263,116,52009
747251,0,30263,115,52009
747301,0,30263,115,52009
747351,0,30263,115,52009
747401,0,30263,115,52009
747451,0,29692,115,52015
747586,0,29692,115,52015
747636,0,30263,117,52015
747728,0,30263,117,52015
747778,0,30263,117,52015
747828,0,29692,117,52021
747878,0,29692,117,52021
747928,0,29692,117,52021
747978,0,29692,117,52021
748028,0,30263,115,52021
748078,0,30263,115,52021
748128,0,30263,115,52021
748178,0,30263,115,52021
748228,0,30263,115,52028
748278,0,30263,115,52028
748328,0,30263,115,52028
748378,0,30263,115,52028
748428,0,30263,117,52028
748478,0,30263,117,52028
748528,0,30263,117,52028
748578,0,30263,117,52028
748713,0,29692,117,52033
748763,0,29692,117,52033
748813,0,29692,117,52033
748863,0,29692,117,52033
748913,0,29692,117,52033
748963,0,29692,117,52033
749013,0,29692,117,52033
749063,0,29692,117,52039
749113,0,29692,117,52039
749163,0,29692,117,52039
749213,0,29692,117,52039
749263,0,29120,116,52039
749313,0,29120,116,52039
749363,0,29120,116,52039
749413,0,29120,116,52039
749463,0,29120,116,52045
749513,0,29120,116,52045
749563,0,29120,116,52045
749613,0,29120,116,52045
749705,0,29120,115,52045
749840,0,29120,115,52051
749890,0,29120,115,52051
749940,0,29120,115,52051
749990,0,29120,115,52051
750040,0,29120,115,52051
750090,0,29120,115,52051
750140,0,29120,115,52051
750190,0,29120,115,52051
750240,0,28580,115,52057
750290,0,28580,115,52057
750340,0,28580,115,52057
750390,0,28580,115,52057
750440,0,28580,116,52057
750490,0,28580,116,52057
750540,0,28580,116,52057
750590,0,28580,116,52057
750725,0,28580,116,52061
750817,0,28580,116,52061
750867,0,28580,116,52061
750917,0,28580,116,52061
750967,0,28580,116,52061
751017,0,28580,116,52061
751067,0,29120,116,52067
751117,0,29120,116,52067
751167,0,29120,116,52067
751217,0,29120,116,52067
751267,0,29120,116,52067
751317,0,29120,116,52067
751367,0,29120,116,52067
751417,0,29120,116,52067
751467,0,29120,116,52073
751517,0,29120,116,52073
751567,0,29120,116,52073
751617,0,29120,116,52073
751667,0,28580,115,52073
751759,0,28580,115,52073
751894,0,28580,115,52078
751944,0,28580,115,52078
751994,0,28580,115,52078
752044,0,29120,115,52078
752094,0,29120,116,52078
752144,0,29120,116,52078
752194,0,29120,116,52078
752244,0,28580,116,52078
752294,0,28580,116,52083
752344,0,28580,116,52083
752394,0,28580,116,52083
752444,0,28071,116,52083
752494,0,28071,116,52083
752544,0,28071,116,52083
752594,0,28071,116,52083
752644,0,28071,116,52083
752694,0,28071,116,52088
752744,0,28071,116,52088
752836,0,28071,116,52088
752886,0,28071,116,52088
753021,0,28071,116,52088
753071,0,27561,116,52093
753121,0,27561,116,52093
753171,0,27561,116,52093
753221,0,27561,116,52093
753271,0,27561,116,52093
753321,0,27561,116,52093
753371,0,27561,116,52093
753421,0,27561,116,52093
753471,0,28580,116,52098
753521,0,28580,116,52098
753571,0,28580,116,52098
753621,0,28580,116,52098
753671,0,28580,115,52098
753721,0,28580,115,52098
753771,0,28580,115,52098
753863,0,28071,115,52102
753913,0,28071,115,52102
753963,0,28071,115,52102
754013,0,28071,115,52102
754148,0,28580,116,52102
754198,0,28580,116,52102
754248,0,28580,116,52102
754298,0,28580,116,52107
754348,0,28580,116,52107
754398,0,28580,116,52107
754448,0,27561,116,52107
754498,0,27561,115,52107
754548,0,27561,115,52107
754598,0,27561,115,52107
754648,0,27561,115,52107
754698,0,27561,115,52111
754748,0,27561,115,52111
754798,0,27561,115,52111
754890,0,27561,116,52111
754940,0,27561,116,52111
754990,0,27561,116,52111
755040,0,27561,116,52111
755090,0,27561,116,52115
755140,0,27561,116,52115
755275,0,27082,116,52115
755325,0,27082,116,52115
755375,0,27082,116,52115
755425,0,28071,116,52115
755475,0,28071,116,52120
755525,0,28071,116,52120
755575,0,28071,116,52120
755625,0,27561,116,52120
755675,0,27561,115,52120
755725,0,27561,115,52120
755775,0,27561,115,52120
755825,0,27561,115,52120
755875,0,27561,115,52125
755967,0,27561,115,52125
756017,0,27561,115,52125
756067,0,27561,115,52125
756117,0,27561,115,52125
756167,0,27561,115,52125
756217,0,27561,115,52125
756267,0,27082,115,52129
756402,0,27082,115,52129
756452,0,26619,115,52129
756502,0,26619,116,52129
756552,0,26619,116,52129
756602,0,26619,116,52129
756652,0,26619,116,52129
756702,0,26619,116,52133
756752,0,26619,116,52133
756802,0,26619,116,52133
756852,0,26619,116,52133
756902,0,26619,116,52133
756994,0,26619,116,52133
757044,0,27082,116,52133
757094,0,27082,116,52137
757144,0,27082,116,52137
757194,0,27082,116,52137
757244,0,27561,116,52137
757294,0,27561,116,52137
757344,0,27561,116,52137
757394,0,27561,116,52137
757529,0,27082,116,52141
757579,0,27082,116,52141
757629,0,26619,116,52141
757679,0,26619,116,52141
757729,0,26619,115,52141
757779,0,26619,115,52141
757829,0,26619,115,52141
757879,0,26619,115,52141
757929,0,26619,115,52146
758021,0,26619,115,52146
758071,0,26619,115,52146
758121,0,26619,115,52146
758171,0,26619,115,52146
758221,0,26619,115,52146
758271,0,25724,115,52146
758321,0,25724,115,52149
758371,0,25724,115,52149
758421,0,25724,115,52149
758471,0,26619,115,52149
758521,0,26619,116,52149
758656,0,26619,116,52149
758706,0,26619,116,52154
758756,0,26619,116,52154
758806,0,26619,116,52154
758856,0,26156,116,52154
758906,0,26156,116,52154
758956,0,26156,116,52154
759048,0,26156,116,52154
759098,0,26156,116,52157
759148,0,26156,116,52157
759198,0,26156,116,52157
759248,0,25724,116,52157
759298,0,25724,115,52157
759348,0,25724,115,52157
759398,0,25724,115,52157
759448,0,25307,115,52157
759498,0,25307,115,52162
759548,0,25307,115,52162
759598,0,25307,115,52162
759648,0,25724,115,52162
759783,0,25724,116,52162
759833,0,25307,116,52162
759883,0,25307,116,52162
759933,0,25307,116,52164
759983,0,25307,116,52164
760033,0,25724,116,52164
760125,0,25724,116,52164
760175,0,25724,116,52164
760225,0,25307,116,52164
760275,0,25307,116,52164
760325,0,25307,116,52168
760375,0,25307,116,52168
760425,0,24890,116,52168
760475,0,24890,116,52168
760525,0,24890,116,52168
760575,0,24890,116,52168
760625,0,24890,116,52168
760675,0,24890,116,52168
760725,0,24890,116,52172
760775,0,24890,116,52172
760932,0,25307,116,52172
760982,0,25307,116,52172
761032,0,25307,116,52172
761082,0,25307,116,52172
761174,0,25307,116,52175
761224,0,24504,116,52175
761274,0,24504,116,52175
761324,0,24504,116,52175
761374,0,24504,116,52175
761424,0,24504,116,52175
761474,0,24504,116,52175
761524,0,24504,116,52179
761574,0,24504,116,52179
761624,0,24504,116,52179
761674,0,24504,116,52179
761724,0,24504,115,52179
761774,0,24504,115,52179
761824,0,24890,115,52179
761874,0,24890,115,52179
761924,0,24890,115,52182
762059,0,24504,115,52182
762109,0,24504,115,52182
762201,0,24504,115,52182
762251,0,24118,115,52182
762301,0,24118,115,52182
762351,0,24118,115,52185
762401,0,24118,115,52185
762451,0,23747,115,52185
762501,0,23747,115,52185
762551,0,23747,117,52185
762601,0,23747,117,52185
762651,0,24504,117,52185
762701,0,24504,117,52185
762751,0,24504,117,52189
762801,0,24504,117,52189
762851,0,24118,117,52189
762901,0,24118,117,52189
762951,0,24118,116,52189
763001,0,24118,116,52189
763051,0,23747,116,52189
763186,0,23747,116,52192
763236,0,23392,116,52192
763286,0,23392,116,52192
763336,0,23392,115,52192
763386,0,23392,115,52192
763436,0,23392,115,52192
763486,0,23392,115,52192
763536,0,23392,115,52195
763586,0,23392,115,52195
763636,0,24118,115,52195
763686,0,24118,115,52195
763736,0,24118,115,52195
763786,0,24118,115,52195
763836,0,23392,115,52195
763886,0,23392,115,52195
763936,0,23392,115,52199
763986,0,23392,115,52199
764036,0,22697,115,52199
764086,0,22697,115,52199
764178,0,22697,115,52199
764313,0,23037,115,52199
764363,0,23037,115,52202
764413,0,23037,115,52202
764463,0,23392,115,52202
764513,0,23392,115,52202
764563,0,23392,115,52202
764613,0,23392,115,52202
764663,0,23392,115,52202
764713,0,23392,115,52202
764763,0,23392,115,52205
764813,0,23392,115,52205
764863,0,22697,115,52205
764913,0,22697,115,52205
764963,0,22697,116,52205
765013,0,22697,116,52205
765063,0,23037,116,52205
765198,0,23037,116,52208
765290,0,22697,116,52208
765340,0,22697,115,52208
765390,0,22697,115,52208
765440,0,22697,115,52208
765490,0,22697,115,52208
765540,0,22697,115,52211
765590,0,22697,115,52211
765640,0,22373,115,52211
765690,0,22373,115,52211
765740,0,22373,116,52211
765790,0,22373,116,52211
765840,0,22373,116,52211
765890,0,22373,116,52211
765940,0,22373,116,52214
765990,0,22373,116,52214
766040,0,22373,116,52214
766090,0,22373,116,52214
766140,0,22373,115,52214
766233,0,21740,115,52214
766368,0,21740,115,52217
766418,0,21740,115,52217
766468,0,21740,115,52217
766518,0,21740,115,52217
766568,0,21740,115,52217
766618,0,21740,115,52217
766668,0,22697,115,52217
766718,0,22697,115,52217
766768,0,22697,115,52220
766818,0,22697,115,52220
766868,0,21740,115,52220
766918,0,21740,115,52220
766968,0,21740,116,52220
767018,0,21740,116,52220
767068,0,21431,116,52220
767118,0,21431,116,52220
767168,0,21431,116,52223
767218,0,21431,116,52223
767310,0,22049,116,52223
767360,0,22049,115,52223
767495,0,22049,115,52223
767545,0,22049,115,52226
767595,0,22049,115,52226
767645,0,21431,115,52226
767695,0,21431,115,52226
767745,0,21431,116,52226
767795,0,21431,116,52226
767845,0,22049,116,52226
767895,0,22049,116,52226
767945,0,22049,116,52226
767995,0,22049,116,52229
768045,0,21431,116,52229
768095,0,21431,116,52229
768145,0,21431,116,52229
768195,0,21431,115,52229
768245,0,20860,115,52229
768337,0,20860,115,52229
768387,0,20860,115,52232
768437,0,21431,115,52232
768487,0,21431,115,52232
768622,0,21431,115,52232
768672,0,21431,115,52232
768722,0,21431,115,52232
768772,0,21431,115,52234
768822,0,21431,115,52234
768872,0,20582,115,52234
768922,0,20582,115,52234
768972,0,20582,116,52234
769022,0,20582,116,52234
769072,0,21138,116,52234
769122,0,21138,116,52234
769172,0,21138,116,52237
769222,0,21138,116,52237
769272,0,20860,116,52237
769364,0,20860,116,52237
769414,0,20860,116,52237
769464,0,20304,116,52237
769514,0,20304,116,52237
769564,0,20304,116,52240
769614,0,20304,116,52240
769749,0,20860,116,52240
769799,0,20860,115,52240
769849,0,20860,115,52240
769899,0,20860,115,52240
769949,0,20860,115,52240
769999,0,20860,115,52242
770049,0,20041,115,52242
770099,0,20041,115,52242
770149,0,20041,115,52242
770199,0,20041,115,52242
770249,0,20582,115,52242
770299,0,20582,115,52242
770349,0,20582,115,52242
770441,0,20582,115,52245
770491,0,20582,115,52245
770541,0,20582,115,52245
770591,0,20582,115,52245
770641,0,20041,115,52245
770691,0,20041,115,52245
770741,0,20041,115,52245
770876,0,20582,115,52248
770926,0,20582,115,52248
770976,0,20582,115,52248
771026,0,20041,115,52248
771076,0,20041,115,52248
771126,0,20041,115,52248
771176,0,20041,115,52251
771226,0,19794,115,52251
771276,0,19794,115,52251
771326,0,19794,115,52251
771376,0,19794,115,52251
771468,0,20041,115,52251
771518,0,20041,115,52251
771568,0,20041,115,52251
771618,0,20041,115,52254
771668,0,19794,115,52254
771718,0,19794,115,52254
771768,0,19794,115,52254
771818,0,19794,115,52254
771868,0,19532,115,52254
772003,0,19532,115,52256
772053,0,19794,115,52256
772103,0,19794,115,52256
772153,0,19794,115,52256
772203,0,19794,115,52256
772253,0,19532,115,52256
772303,0,19532,115,52256
772353,0,19532,115,52256
772403,0,19532,115,52258
772495,0,19794,115,52258
772545,0,19794,115,52258
772595,0,19794,115,52258
772645,0,19794,115,52258
772695,0,19794,115,52258
772745,0,19794,115,52258
772795,0,19794,115,52261
772845,0,19300,115,52261
772895,0,19300,115,52261
772945,0,19300,115,52261
772995,0,19300,116,52261
773130,0,19532,116,52261
773180,0,19532,116,52261
773230,0,19053,116,52263
773280,0,19053,116,52263
773330,0,19053,116,52263
773380,0,19053,116,52263
773430,0,18822,115,52263
773564,0,18822,115,52263
773614,0,18822,115,52266
773664,0,19300,115,52266
773714,0,19300,115,52266
773764,0,19300,115,52266
773814,0,19300,115,52266
773864,0,18822,115,52266
773914,0,18822,115,52266
773964,0,18822,115,52266
774014,0,18822,115,52268
774064,0,19300,115,52268
774114,0,19300,115,52268
774164,0,19300,115,52268
774469,0,18590,115,52271
774519,0,18590,115,52271
774569,0,18590,115,52271
774619,0,18590,115,52271
774669,0,18822,115,52271
774719,0,18822,115,52271
774811,0,18822,115,52273
774861,0,18590,115,52273
774911,0,18590,115,52273
774961,0,18590,115,52273
775011,0,18590,116,52273
775061,0,19053,116,52273
775111,0,19053,116,52273
775161,0,19053,116,52273
775211,0,19053,116,52275
775261,0,18590,116,52275
775311,0,18590,116,52275
775361,0,18590,116,52275
775411,0,18590,116,52275
775461,0,18374,116,52275
775638,0,18822,116,52278
775688,0,18822,116,52278
775738,0,18822,116,52278
775788,0,18822,116,52278
775880,0,18158,115,52278
775930,0,18158,115,52278
775980,0,18158,115,52278
776030,0,18590,115,52281
776080,0,18590,115,52281
776130,0,18590,115,52281
776180,0,18590,115,52281
776230,0,18158,115,52281
776280,0,18158,115,52281
776330,0,18158,115,52281
776380,0,18158,115,52281
776430,0,17941,115,52282
776480,0,17941,115,52282
776530,0,17941,115,52282
776580,0,17941,115,52282
776630,0,18158,115,52282
776765,0,18158,115,52282
776815,0,18158,115,52285
776907,0,17941,115,52285
776957,0,17941,115,52285
777007,0,17941,114,52285
777057,0,18158,114,52285
777107,0,18158,114,52285
777157,0,18158,114,52285
777207,0,18158,114,52287
777257,0,17741,114,52287
777307,0,17741,114,52287
777357,0,17741,114,52287
777407,0,17741,114,52287
777457,0,18158,115,52287
777507,0,18158,115,52287
777557,0,18158,115,52287
777607,0,18158,115,52287
777657,0,18158,115,52290
777707,0,18158,115,52290
777757,0,18158,115,52290
777892,0,17741,115,52290
777942,0,17741,115,52290
777992,0,17741,115,52290
778042,0,17941,115,52291
778092,0,17941,115,52291
778142,0,17941,115,52291
778192,0,17941,115,52291
778242,0,17339,115,52291
778292,0,17339,115,52291
778342,0,17339,115,52291
778392,0,17339,115,52291
778442,0,17741,115,52294
778492,0,17741,115,52294
778542,0,17741,115,52294
778592,0,17741,115,52294
778642,0,17339,115,52294
778692,0,17339,115,52294
778742,0,17339,115,52294
778792,0,17339,115,52294
778886,0,17741,115,52296
779021,0,17741,115,52296
779071,0,17339,115,52296
779121,0,17339,115,52296
779171,0,17339,115,52296
779221,0,17339,115,52296
779271,0,17154,115,52298
779321,0,17154,115,52298
779371,0,17154,115,52298
779421,0,17154,115,52298
779471,0,17540,115,52298
779521,0,17540,115,52298
779571,0,17540,115,52298
779621,0,17540,115,52298
779671,0,16953,115,52301
779721,0,16953,115,52301
779771,0,16953,115,52301
779906,0,17339,115,52301
779998,0,17339,115,52301
780048,0,16953,115,52303
780098,0,16953,115,52303
780148,0,16953,115,52303
780198,0,16953,115,52303
780248,0,17339,115,52303
780298,0,17339,115,52303
780348,0,17339,115,52303
780398,0,17339,115,52303
780448,0,16953,115,52305
780498,0,16953,115,52305
780548,0,16953,115,52305
780598,0,16953,115,52305
780648,0,17339,115,52305
780698,0,17339,115,52305
780748,0,17339,115,52305
780798,0,17339,115,52305
780848,0,16953,115,52307
780940,0,16953,115,52307
781075,0,16768,116,52307
781125,0,16768,116,52307
781175,0,16768,116,52307
781225,0,16953,116,52307
781275,0,16953,116,52308
781325,0,16953,116,52308
781375,0,16953,116,52308
781425,0,16768,116,52308
781475,0,16768,115,52308
781525,0,16768,115,52308
781575,0,16768,115,52308
781625,0,16953,115,52308
781675,0,16953,115,52311
781725,0,16953,115,52311
781775,0,16953,115,52311
781825,0,16413,115,52311
781875,0,16413,115,52311
781925,0,16413,115,52311
782017,0,16413,115,52311
782067,0,16768,115,52313
782203,0,16768,115,52313
782253,0,16243,116,52313
782303,0,16243,116,52313
782353,0,16243,116,52313
782403,0,16243,116,52313
782453,0,16598,116,52315
782503,0,16598,116,52315
782553,0,16598,116,52315
782603,0,16598,116,52315
782653,0,16243,115,52315
782703,0,16243,115,52315
782753,0,16243,115,52315
782803,0,16243,115,52315
782853,0,16598,115,52317
782903,0,16598,115,52317
782953,0,16598,115,52317
783045,0,16243,116,52317
783095,0,16243,116,52317
783145,0,16243,116,52317
783195,0,16243,116,52317
783330,0,16598,116,52319
783380,0,16598,116,52319
783430,0,16243,116,52319
783480,0,16243,115,52319
783530,0,16243,115,52319
783580,0,16243,115,52319
783630,0,16413,115,52319
783680,0,16413,115,52321
783730,0,16413,115,52321
783780,0,16413,115,52321
783830,0,15903,115,52321
783880,0,15903,114,52321
783930,0,15903,114,52321
783980,0,15903,114,52321
784072,0,16413,114,52323
784122,0,16413,114,52323
784172,0,16413,114,52323
784222,0,16413,114,52323
784272,0,15903,115,52323
784322,0,15903,115,52323
784457,0,15749,115,52323
784507,0,15749,115,52325
784557,0,15749,115,52325
784607,0,15749,115,52325
784657,0,16073,115,52325
784707,0,16073,116,52325
784757,0,16073,116,52325
784807,0,16073,116,52325
784857,0,15749,116,52325
784907,0,15749,116,52327
784957,0,15749,116,52327
785007,0,15749,116,52327
785057,0,15903,116,52327
785149,0,15903,115,52327
785199,0,15903,115,52327
785249,0,15749,115,52327
785299,0,15749,115,52329
785349,0,15749,115,52329
785399,0,15749,115,52329
785449,0,15903,115,52329
785584,0,15903,115,52329
785634,0,15595,115,52329
785684,0,15595,115,52331
785734,0,15595,115,52331
785784,0,15595,115,52331
785834,0,15903,115,52331
785884,0,15903,115,52331
785934,0,15903,115,52331
785984,0,15903,115,52331
786034,0,15595,115,52331
786084,0,15595,115,52333
786176,0,15595,115,52333
786226,0,15903,115,52333
786276,0,15903,115,52333
786326,0,15903,115,52333
786376,0,15903,115,52333
786426,0,15286,115,52333
786476,0,15286,115,52335
786526,0,15286,115,52335
786576,0,15286,115,52335
786711,0,15749,116,52335
786761,0,15749,116,52335
786811,0,15749,116,52335
786861,0,15286,116,52335
786911,0,15286,116,52336
786961,0,15286,116,52336
787011,0,15286,116,52336
787061,0,15595,116,52336
787111,0,15595,115,52336
787203,0,15595,115,52336
787253,0,15131,115,52336
787303,0,15131,115,52338
787353,0,15131,115,52338
787403,0,15131,115,52338
787453,0,15440,115,52338
787503,0,15440,115,52338
787553,0,15440,115,52338
787603,0,15440,115,52338
787653,0,14977,115,52338
787703,0,14977,115,52340
787838,0,15440,115,52340
787888,0,15440,114,52340
787938,0,15440,114,52340
787988,0,15440,114,52340
788038,0,14977,114,52340
788088,0,14977,114,52342
788138,0,14977,114,52342
788230,0,15440,114,52342
788280,0,15440,114,52342
788330,0,15440,116,52342
788380,0,15440,116,52342
788430,0,15440,116,52342
788480,0,15440,116,52342
788530,0,15440,116,52344
788580,0,15440,116,52344
788630,0,14977,116,52344
788680,0,14977,116,52344
788730,0,14977,115,52344
788780,0,14977,115,52344
788830,0,15131,115,52344
788965,0,15131,115,52346
789015,0,15131,115,52346
789065,0,14699,115,52346
789115,0,14699,115,52346
789165,0,14699,115,52346
789215,0,14699,115,52346
789307,0,14977,115,52348
789357,0,14977,115,52348
789407,0,14977,115,52348
789457,0,14699,115,52348
789507,0,14699,115,52348
789557,0,14699,115,52348
789607,0,14699,115,52348
789657,0,14977,115,52348
789707,0,14977,115,52350
789757,0,14977,115,52350
789807,0,14977,115,52350
789857,0,14560,115,52350
789907,0,14560,115,52350
789957,0,14560,115,52350
790092,0,14838,115,52351
790142,0,14838,115,52351
790192,0,14838,115,52351
790242,0,14421,115,52351
790334,0,14421,115,52351
790384,0,14421,115,52351
790434,0,14838,115,52351
790484,0,14838,115,52351
790534,0,14838,115,52354
790584,0,14838,115,52354
790634,0,14421,115,52354
790684,0,14421,115,52354
790734,0,14421,116,52354
790784,0,14421,116,52354
790834,0,14699,116,52354
790884,0,14699,116,52354
790934,0,14699,116,52356
790984,0,14699,116,52356
791034,0,14421,116,52356
791084,0,14421,116,52356
791219,0,14421,115,52356
791269,0,14421,115,52356
791361,0,14421,115,52357
791411,0,14421,115,52357
791461,0,14282,115,52357
791511,0,14282,116,52357
791561,0,14282,116,52357
791611,0,14282,116,52357
791661,0,14421,116,52357
791711,0,14421,116,52359
791761,0,14421,116,52359
791811,0,14421,116,52359
791861,0,14421,116,52359
791911,0,14421,115,52359
791961,0,14421,115,52359
792011,0,14421,115,52359
792061,0,14035,115,52359
792111,0,14035,115,52359
792161,0,14035,115,52360
792211,0,14035,115,52360
792346,0,14421,115,52360
792396,0,14421,115,52360
792446,0,14035,115,52360
792496,0,14035,115,52360
792546,0,14035,115,52363
792596,0,14035,115,52363
792646,0,14421,115,52363
792696,0,14421,115,52363
792746,0,14421,115,52363
792796,0,14421,115,52363
792846,0,13896,115,52363
792896,0,13896,115,52363
792946,0,13896,115,52364
792996,0,13896,115,52364
793046,0,14159,115,52364
793096,0,14159,115,52364
793146,0,14159,115,52364
793196,0,14159,115,52364
793246,0,13773,115,52364
793338,0,13773,115,52366
793473,0,14159,115,52366
793523,0,14159,115,52366
793573,0,14159,115,52366
793623,0,14159,115,52366
793673,0,13773,115,52366
793723,0,13773,115,52367
793773,0,13773,115,52367
793823,0,13773,115,52367
793873,0,14035,115,52367
793923,0,14035,115,52367
793973,0,14035,115,52367
794023,0,14035,115,52367
794073,0,14035,115,52367
794123,0,14035,115,52369
794173,0,14035,115,52369
794223,0,14035,115,52369
794358,0,13649,115,52369
794450,0,13896,115,52369
794500,0,13896,115,52369
794550,0,13896,115,52371
794600,0,13896,115,52371
794650,0,13649,115,52371
794700,0,13649,115,52371
794750,0,13649,115,52371
794800,0,13649,115,52371
794850,0,14035,115,52371
794900,0,14035,115,52371
794950,0,14035,115,52373
795000,0,14035,115,52373
795050,0,13541,115,52373
795100,0,13541,115,52373
795150,0,13541,116,52373
795200,0,13541,116,52373
795250,0,13773,116,52373
795300,0,13773,116,52373
795392,0,13773,116,52374
795527,0,13417,116,52374
795577,0,13417,115,52374
795627,0,13773,115,52374
795677,0,13773,115,52374
795727,0,13773,115,52374
795777,0,13773,115,52375
795827,0,13773,115,52375
795877,0,13773,115,52375
795927,0,13773,115,52375
795977,0,13773,115,52375
796027,0,13417,115,52375
796077,0,13417,115,52375
796127,0,13417,115,52375
796177,0,13417,115,52377
796227,0,13649,115,52377
796277,0,13649,115,52377
796327,0,13649,115,52377
796377,0,13649,116,52377
796469,0,13417,116,52377
796519,0,13417,116,52377
796656,0,13541,116,52378
796706,0,13541,116,52378
796756,0,13541,115,52378
796806,0,13541,115,52378
796856,0,13186,115,52378
796906,0,13186,115,52378
796956,0,13186,115,52380
797006,0,13186,115,52380
797056,0,13541,115,52380
797106,0,13541,115,52380
797156,0,13541,116,52380
797206,0,13541,116,52380
797256,0,13541,116,52380
797306,0,13541,116,52380
797356,0,13541,116,52382
797406,0,13541,116,52382
797498,0,13078,116,52382
797548,0,13078,116,52382
797598,0,13078,115,52382
797648,0,13417,115,52382
797783,0,13417,115,52383
797833,0,13078,115,52383
797883,0,13078,115,52383
797933,0,13078,115,52383
797983,0,13078,115,52383
798033,0,13186,115,52383
798083,0,13186,115,52383
798133,0,13186,115,52383
798183,0,13186,115,52385
798233,0,12970,115,52385
798283,0,12970,115,52385
798333,0,12970,115,52385
798383,0,12970,116,52385
798433,0,13309,116,52385
798525,0,13309,116,52385
798575,0,13309,116,52386
798625,0,13309,116,52386
798675,0,13309,116,52386
798725,0,13309,116,52386
798775,0,13309,115,52386
798911,0,12862,115,52386
798961,0,12862,115,52387
799011,0,12862,115,52387
799061,0,13309,115,52387
799111,0,13309,115,52387
799161,0,13309,115,52387
799211,0,13309,115,52387
799261,0,12862,115,52387
799311,0,12862,115,52387
799361,0,12862,115,52389
799411,0,12862,115,52389
799461,0,12970,115,52389
799511,0,12970,115,52389
799603,0,12970,116,52389
799653,0,12753,116,52389
799703,0,12753,116,52389
799753,0,12753,116,52389
799803,0,12753,116,52390
799853,0,12753,116,52390
799903,0,12753,116,52390
800038,0,12970,115,52390
800088,0,12970,115,52390
800138,0,12970,115,52390
800188,0,12970,115,52392
800238,0,12645,115,52392
800288,0,12645,115,52392
800338,0,12645,115,52392
800388,0,12645,116,52392
800438,0,12862,116,52392
800488,0,12862,116,52392
800538,0,12862,116,52392
800630,0,12553,116,52393
800680,0,12553,116,52393
800730,0,12553,116,52393
800780,0,12553,115,52393
800830,0,12553,115,52393
800880,0,12553,115,52393
800930,0,12553,115,52393
800980,0,12553,115,52395
801030,0,12862,115,52395
801165,0,12862,115,52395
801215,0,12862,116,52395
801265,0,12553,116,52395
801315,0,12553,116,52395
801365,0,12553,116,52395
801415,0,12553,116,52396
801465,0,12862,116,52396
801515,0,12862,116,52396
801565,0,12862,116,52396
801657,0,12352,114,52396
801707,0,12352,114,52396
801757,0,12352,114,52396
801807,0,12352,114,52397
801857,0,12753,114,52397
801907,0,12753,114,52397
801957,0,12753,114,52397
802007,0,12753,115,52397
802057,0,12753,115,52397
802107,0,12753,115,52397
802157,0,12753,115,52397
802292,0,12352,115,52398
802342,0,12352,115,52398
802392,0,12352,115,52398
802442,0,12645,115,52398
802492,0,12645,115,52398
802542,0,12645,115,52398
802592,0,12645,115,52400
802684,0,12244,115,52400
802734,0,12244,115,52400
802784,0,12244,115,52400
802834,0,12553,115,52400
802884,0,12553,115,52400
802934,0,12553,115,52400
802984,0,12553,115,52402
803034,0,12553,115,52402
803084,0,12553,115,52402
803134,0,12553,115,52402
803184,0,12553,115,52402
803234,0,12244,115,52402
803284,0,12244,115,52402
803419,0,12244,115,52403
803469,0,12445,115,52403
803519,0,12445,115,52403
803569,0,12445,115,52403
803619,0,12445,115,52403
803669,0,12151,115,52403
803761,0,12151,115,52403
803811,0,12151,115,52404
803861,0,12151,115,52404
803911,0,12151,115,52404
803961,0,12151,115,52404
804011,0,12151,115,52404
804061,0,12352,115,52404
804111,0,12352,115,52404
804161,0,12352,115,52404
804211,0,12352,115,52405
804261,0,12151,115,52405
804311,0,12151,115,52405
804361,0,12151,115,52405
804411,0,12151,115,52405
804546,0,12244,115,52405
804596,0,12244,115,52405
804646,0,11966,115,52407
804696,0,11966,115,52407
804788,0,11966,115,52407
804838,0,11966,115,52407
804888,0,11966,115,52407
804938,0,11966,115,52407
804988,0,11966,115,52407
805038,0,12244,115,52408
805088,0,12244,115,52408
805138,0,12244,115,52408
805188,0,12244,115,52408
805238,0,11966,115,52408
805288,0,11966,115,52408
805338,0,11966,115,52408
805388,0,11966,115,52408
805438,0,12151,115,52410
805488,0,12151,115,52410
805538,0,12151,115,52410
805673,0,12151,115,52410
805723,0,12151,115,52410
805815,0,12151,115,52411
805865,0,11873,115,52411
805915,0,11873,115,52411
805965,0,11873,115,52411
806015,0,11873,115,52411
806065,0,12151,115,52411
806115,0,12151,115,52411
806165,0,12151,115,52411
806215,0,12151,115,52412
806265,0,11688,115,52412
806315,0,11688,115,52412
806365,0,11688,115,52412
806415,0,11688,115,52412
806465,0,12059,115,52412
806515,0,12059,115,52412
806565,0,12059,115,52412
806615,0,12059,115,52414
806665,0,12059,115,52414
806800,0,12059,115,52414
806891,0,11688,115,52414
806941,0,11688,115,52414
806991,0,11688,115,52414
807041,0,11966,115,52415
807091,0,11966,115,52415
807141,0,11966,115,52415
807191,0,11966,115,52415
807241,0,11426,115,52415
807291,0,11426,115,52415
807341,0,11426,115,52415
807391,0,11426,115,52415
807441,0,11426,115,52416
807491,0,11426,115,52416
807541,0,11426,115,52416
807591,0,11426,115,52416
807641,0,11781,115,52416
807691,0,11781,115,52416
807741,0,11781,115,52416
807834,0,11426,115,52418
808139,0,11688,115,52418
808189,0,11688,115,52418
808239,0,11688,115,52419
808289,0,11688,115,52419
808339,0,11688,115,52419
808389,0,11688,115,52419
808439,0,11426,115,52419
808489,0,11426,115,52419
808539,0,11426,115,52419
808589,0,11426,115,52419
808639,0,11688,115,52420
808689,0,11688,115,52420
808739,0,11688,115,52420
808789,0,11688,115,52420
808839,0,11024,115,52420
808889,0,11024,115,52420
809066,0,11024,115,52421
809158,0,11024,115,52421
809208,0,11024,115,52421
809258,0,10792,219,52421
809308,0,10792,219,52421
809358,0,10792,219,52421
809408,0,10792,219,52421
809458,0,10792,219,52401
809508,0,10792,219,52401
809558,0,10792,219,52401
809608,0,10792,219,52401
809658,0,9295,233,52401
809708,0,9295,233,52401
809758,0,9295,233,52401
809808,0,9295,233,52401
809858,0,7828,233,52402
809908,0,7828,233,52402
809958,0,7828,233,52402
810008,0,7828,233,52402
810058,0,7828,235,52402
810236,0,7828,235,52402
810286,0,7828,235,52402
810336,0,7828,235,52402
810386,0,7828,235,52402
810436,0,5404,236,52402
810486,0,5404,236,52402
810536,0,5404,236,52402
810586,0,5404,236,52402
810636,0,5404,236,52402
810686,0,5404,236,52402
810736,0,5404,236,52402
810786,0,5404,236,52402
810836,0,5404,236,52402
810886,0,5404,239,52402
810936,0,5404,239,52402
810986,0,5404,239,52402
811036,0,5404,239,52402
811086,0,5404,239,52403
811136,0,5404,239,52403
811228,0,5404,239,52403
811363,0,5404,720,52403
811413,0,5404,720,52403
811463,0,5404,720,52414
811513,0,5404,720,52414
811563,0,5404,720,52414
811613,0,5404,720,52414
811663,0,5346,197,52414
811713,0,5288,197,52414
811763,0,5230,197,52414
811813,0,5172,197,52414
811863,0,5114,197,52416
811913,0,5056,197,52416
811963,0,4998,197,52416
812013,0,4941,197,52416
812063,0,4883,191,52416
812113,0,4825,191,52416
812163,0,4767,191,52416
812213,0,4709,191,52416
812263,0,4651,191,52417
812355,0,4544,191,52417
812490,0,4388,247,52417
812540,0,4330,247,52417
812590,0,4272,247,52417
812640,0,4214,247,52417
812690,0,4156,247,52404
812740,0,4098,247,52404
812790,0,4040,247,52404
812840,0,3982,247,52404
812890,0,3924,1388,52404
812940,0,3866,1388,52404
812990,0,3808,1388,52404
813040,0,3751,1388,52404
813090,0,3693,1388,52392
813140,0,3635,1388,52392
813190,0,3577,1388,52392
813240,0,3519,1388,52392
813290,0,3461,1481,52392
813340,0,3403,1481,52392
813390,0,3345,1481,52392
813440,0,3287,1481,52392
813618,0,3081,1481,52392
813668,0,3023,1477,52392
813718,0,2965,1477,52392
813768,0,2907,1477,52392
813818,0,2849,1477,52392
813868,0,2791,1477,52395
813918,0,2733,1477,52395
813968,0,2675,1477,52395
814018,0,2617,1477,52395
814068,0,2559,1471,52395
814118,0,2501,1471,52395
814168,0,2444,1471,52395
814218,0,2386,1471,52395
814268,0,2328,1471,52395
814318,0,2270,1471,52395
814368,0,2212,1471,52395
814418,0,2154,1471,52395
814468,0,2096,1483,52395
814518,0,2038,1483,52395
814568,0,1980,1483,52395
814747,0,1773,1483,52395
814797,0,1715,1483,52395
814847,0,1657,1483,52395
814897,0,1599,2806,52395
814947,0,1541,2806,52395
814997,0,1483,2806,52395
815047,0,1425,2806,52395
815097,0,1367,2806,52110
815147,0,1309,2806,52110
815197,0,1251,2806,52110
815247,0,1193,2806,52110
815297,0,1135,3511,52110
815347,0,1077,3511,52110
815397,0,1020,3511,52110
815447,0,962,3511,52110
815497,0,904,3511,52077
815547,0,846,3511,52077
815597,0,788,3511,52077
815647,0,730,3511,52077
815697,0,672,3630,52077
815832,0,515,3630,52077
815924,0,409,3630,52060
815974,0,351,3630,52060
816024,0,293,3630,52060
816074,0,293,2697,52060
816124,0,293,2697,52060
816174,0,293,2697,52060
816224,0,293,2697,52060
816274,0,293,2697,52016
816324,0,293,2697,52016
816374,0,293,2697,52016
816424,0,293,2697,52016
816474,0,293,2872,52016
816524,0,293,2872,52016
816574,0,293,2872,52016
816624,0,293,2872,52016
816674,0,293,2872,51985
816724,0,293,2872,51985
816774,0,293,2872,51985
816824,0,293,2872,51985
817002,0,293,3076,51985
817052,0,293,3076,51985
817102,0,293,3076,51957
817152,0,293,3076,51957
817202,0,293,3076,51957
817252,0,542,3076,51957
817302,0,791,3246,51957
817352,0,1039,3246,51957
817402,0,1288,3246,51957
817452,0,1537,3246,51957
817502,0,1786,3246,51924
817552,0,2034,3246,51924
817602,0,2283,3246,51924
817652,0,2532,3246,51924
817702,0,2532,3457,51924
817752,0,2532,3457,51924
817802,0,2532,3457,51924
817852,0,2532,3457,51924
817902,0,2532,3457,51886
817994,0,2532,3457,51886
818129,0,2532,3636,51886
818179,0,2532,3636,51886
818229,0,2532,3636,51886
818279,0,2532,3636,51886
818329,0,2532,3636,51854
818379,0,2532,3636,51854
818429,0,3767,3636,51854
818479,0,3767,3636,51854
818529,0,3767,3824,51854
818579,0,3767,3824,51854
818629,0,3767,3824,51854
818679,0,3767,3824,51854
818729,0,3767,3824,51820
818779,0,3767,3824,51820
818829,0,3767,3824,51820
818879,0,3767,3824,51820
818929,0,3767,4013,51820
818979,0,3767,4013,51820
819071,0,3767,4013,51820
819121,0,3767,4013,51788
819256,0,4524,4013,51788
819306,0,4524,4193,51788
819356,0,4524,4193,51788
819406,0,4524,4193,51788
819456,0,4524,4193,51788
819506,0,4524,4193,51755
819556,0,4524,4193,51755
819606,0,4524,4193,51755
819656,0,4524,4193,51755
819706,0,4524,4383,51755
819756,0,4524,4383,51755
819806,0,4524,4383,51755
819856,0,5357,4383,51755
819906,0,5357,4383,51719
819956,0,5357,4383,51719
820006,0,5357,4383,51719
820098,0,5357,4565,51719
820148,0,5357,4565,51719
820198,0,5357,4565,51719
820248,0,5836,4565,51719
820383,0,5836,4565,51686
820433,0,5836,4565,51686
820483,0,5836,4565,51686
820533,0,5836,4744,51686
820583,0,5836,4744,51686
820633,0,5836,4744,51686
820683,0,5836,4744,51686
820733,0,5836,4744,51655
820783,0,5836,4744,51655
820833,0,6500,4744,51655
820883,0,6500,4744,51655
820933,0,6500,4918,51655
820983,0,6500,4918,51655
821033,0,6500,4918,51655
821125,0,6500,4918,51622
821175,0,6500,4918,51622
821225,0,6886,4918,51622
821275,0,6886,4918,51622
821325,0,6886,5092,51622
821375,0,6886,5092,51622
821510,0,6886,5092,51588
821560,0,6886,5092,51588
821610,0,6886,5092,51588
821660,0,7488,5092,51588
821710,0,7488,5271,51588
821760,0,7488,5271,51588
821810,0,7488,5271,51588
821860,0,7488,5271,51588
821910,0,7488,5271,51556
821960,0,7488,5271,51556
822010,0,7488,5271,51556
822060,0,7751,5271,51556
822152,0,7751,5462,51556
822202,0,7751,5462,51556
822252,0,7751,5462,51556
822302,0,7751,5462,51556
822352,0,7751,5462,51520
822402,0,7751,5462,51520
822452,0,8291,5462,51520
822502,0,8291,5462,51520
822637,0,8291,5647,51520
822687,0,8291,5647,51520
822737,0,8291,5647,51487
822787,0,8291,5647,51487
822837,0,8569,5647,51487
822887,0,8569,5647,51487
822937,0,8569,5821,51487
822987,0,8569,5821,51487
823037,0,8569,5821,51487
823087,0,8569,5821,51487
823137,0,8569,5821,51454
823229,0,9187,5821,51454
823279,0,9187,5821,51454
823329,0,9187,6016,51454
823379,0,9187,6016,51454
823429,0,9295,6016,51454
823564,0,9295,6016,51417
823614,0,9295,6016,51417
823664,0,9295,6016,51417
823714,0,9295,6016,51417
823764,0,9295,6190,51417
823814,0,9295,6190,51417
823864,0,9897,6190,51417
823914,0,9897,6190,51417
823964,0,9897,6190,51382
824014,0,9897,6190,51382
824064,0,9897,6190,51382
824114,0,9897,6190,51382
824164,0,9897,6374,51382
824256,0,9959,6374,51382
824306,0,9959,6374,51382
824356,0,9959,6374,51346
824406,0,9959,6374,51346
824456,0,10561,6374,51346
824506,0,10561,6374,51346
824556,0,10561,6569,51346
824691,0,10561,6569,51346
824741,0,10561,6569,51307
824791,0,10561,6569,51307
824841,0,10561,6569,51307
824891,0,10561,6569,51307
824941,0,10561,6751,51307
824991,0,10561,6751,51307
825041,0,11256,6751,51307
825091,0,11256,6751,51307
825141,0,11256,6751,51274
825191,0,11256,6751,51274
825283,0,11256,6751,51274
825333,0,11256,6751,51274
825383,0,11256,6932,51274
825433,0,11256,6932,51274
825483,0,11256,6932,51274
825533,0,11256,6932,51274
825583,0,11256,6932,51235
825633,0,11781,6932,51235
825683,0,11781,6932,51235
825818,0,11781,7126,51235
825868,0,11781,7126,51235
825918,0,11781,7126,51235
825968,0,11781,7126,51198
826018,0,11781,7126,51198
826068,0,12445,7126,51198
826118,0,12445,7126,51198
826168,0,12445,7334,51198
826260,0,12352,7334,51198
826310,0,12352,7334,51198
826360,0,12352,7334,51164
826410,0,12352,7334,51164
826460,0,12352,7334,51164
826510,0,12352,7334,51164
826560,0,12352,7493,51164
826610,0,12352,7493,51164
826660,0,12862,7493,51164
826710,0,12862,7493,51164
826760,0,12862,7493,51130
826810,0,12862,7493,51130
826945,0,12970,7679,51130
826995,0,12970,7679,51130
827045,0,13417,7679,51130
827095,0,13417,7679,51130
827145,0,13417,7679,51092
827195,0,13417,7679,51092
827287,0,13417,7679,51092
827337,0,13417,7679,51092
827387,0,13417,7856,51092
827437,0,14035,7856,51092
827487,0,14035,7856,51092
827537,0,14035,7856,51092
827587,0,14035,7856,51053
827637,0,13773,7856,51053
827687,0,13773,7856,51053
827737,0,13773,7856,51053
827787,0,13773,8037,51053
827837,0,13773,8037,51053
827887,0,13773,8037,51053
827937,0,13773,8037,51053
828072,0,14421,8037,51018
828122,0,14421,8037,51018
828172,0,14421,8238,51018
828222,0,14421,8238,51018
828314,0,14282,8238,51018
828364,0,14282,8238,50978
828414,0,14282,8238,50978
828464,0,14977,8238,50978
828514,0,14977,8238,50978
828564,0,14977,8425,50978
828614,0,14977,8425,50978
828664,0,14977,8425,50978
828714,0,14977,8425,50978
828764,0,14977,8425,50946
828814,0,14977,8425,50946
828864,0,15440,8425,50946
828914,0,15440,8425,50946
828964,0,15440,8601,50946
829014,0,15440,8601,50946
829064,0,15131,8601,50946
829199,0,15131,8601,50912
829291,0,15749,8601,50912
829341,0,15749,8601,50912
829391,0,15749,8781,50912
829441,0,15595,8781,50912
829491,0,15595,8781,50912
829541,0,15595,8781,50912
829591,0,15595,8781,50872
829641,0,16073,8781,50872
829691,0,16073,8781,50872
829741,0,16073,8781,50872
829791,0,16073,8963,50872
829841,0,16073,8963,50872
829891,0,16073,8963,50872
829941,0,16073,8963,50872
829991,0,16073,8963,50834
830041,0,16598,8963,50834
830091,0,16598,8963,50834
830141,0,16598,8963,50834
830256,0,17154,9158,50834
830391,0,17154,9158,50801
830441,0,16768,9158,50801
830491,0,16768,9158,50801
830541,0,16768,9158,50801
830591,0,16768,9340,50801
830641,0,17540,9340,50801
830691,0,17540,9340,50801
830741,0,17540,9340,50801
830791,0,17540,9340,50761
830841,0,17339,9340,50761
830891,0,17339,9340,50761
830941,0,17339,9340,50761
830991,0,17339,9525,50761
831041,0,17741,9525,50761
831091,0,17741,9525,50761
831141,0,17741,9525,50761
831191,0,17741,9525,50728
831283,0,17741,9525,50728
831333,0,17741,9525,50728
831383,0,17741,9717,50728
831518,0,18158,9717,50728
831568,0,18158,9717,50728
831618,0,18158,9717,50688
831668,0,17941,9717,50688
831718,0,17941,9717,50688
831768,0,17941,9717,50688
831818,0,17941,9896,50688
831868,0,18374,9896,50688
831918,0,18374,9896,50688
831968,0,18374,9896,50688
832018,0,18374,9896,50653
832068,0,18590,9896,50653
832118,0,18590,9896,50653
832168,0,18590,9896,50653
832260,0,18590,10066,50653
832310,0,18590,10066,50653
832360,0,18590,10066,50653
832410,0,18590,10066,50610
832460,0,19053,10066,50610
832510,0,19053,10066,50610
832645,0,19532,10241,50610
832695,0,19532,10241,50610
832745,0,19532,10241,50610
832795,0,19532,10241,50577
832845,0,19053,10241,50577
832895,0,19053,10241,50577
832945,0,19053,10241,50577
832995,0,19053,10409,50577
833045,0,20041,10409,50577
833095,0,20041,10409,50577
833145,0,20041,10409,50577
833237,0,19794,10409,50549
833287,0,19794,10409,50549
833337,0,19794,10409,50549
833387,0,19794,10574,50549
833437,0,19794,10574,50549
833487,0,19794,10574,50549
833537,0,19794,10574,50549
833587,0,19794,10574,50510
833637,0,20304,10574,50510
833772,0,20304,10574,50510
833822,0,20304,10742,50510
833872,0,20304,10742,50510
833922,0,20304,10742,50510
833972,0,20304,10742,50510
834022,0,20304,10742,50476
834072,0,20582,10742,50476
834122,0,20582,10742,50476
834172,0,20582,10742,50476
834264,0,20860,10917,50476
834314,0,20860,10917,50476
834364,0,20860,10917,50476
834414,0,20860,10917,50440
834464,0,20582,10917,50440
834514,0,20582,10917,50440
834564,0,20582,10917,50440
834614,0,20582,11075,50440
834664,0,21138,11075,50440
834714,0,21138,11075,50440
834764,0,21138,11075,50440
834899,0,22049,11075,50405
834949,0,22049,11075,50405
834999,0,22049,11217,50405
835049,0,21431,11217,50405
835099,0,21431,11217,50405
835149,0,21431,11217,50405
835241,0,21431,11217,50374
835291,0,21431,11217,50374
835341,0,21431,11217,50374
835391,0,21431,11217,50374
835441,0,22373,11392,50374
835491,0,22373,11392,50374
835541,0,22373,11392,50374
835591,0,22373,11392,50374
835641,0,22373,11392,50343
835691,0,22373,11392,50343
835741,0,22373,11392,50343
835791,0,22373,11392,50343
835841,0,22049,11555,50343
835891,0,22049,11555,50343
836026,0,22373,11555,50305
836076,0,22373,11555,50305
836126,0,22373,11555,50305
836218,0,22373,11718,50305
836268,0,23037,11718,50305
836318,0,23037,11718,50305
836368,0,23037,11718,50305
836418,0,23037,11718,50273
836468,0,22697,11718,50273
836518,0,22697,11718,50273
836568,0,22697,11718,50273
836618,0,22697,11894,50273
836668,0,23037,11894,50273
836718,0,23037,11894,50273
836768,0,23037,11894,50273
836818,0,23037,11894,50239
836868,0,23392,11894,50239
836918,0,23392,11894,50239
836968,0,23392,11894,50239
837018,0,23392,12029,50239
837196,0,23747,12029,50239
837246,0,23392,12029,50209
837296,0,23392,12029,50209
837346,0,23392,12029,50209
837396,0,23392,12029,50209
837446,0,23392,12172,50209
837496,0,23392,12172,50209
837546,0,23392,12172,50209
837596,0,23392,12172,50209
837646,0,24118,12172,50181
837696,0,24118,12172,50181
837746,0,24118,12172,50181
837796,0,24118,12172,50181
837846,0,24118,12318,50181
837896,0,24118,12318,50181
837946,0,24118,12318,50181
838081,0,24504,12318,50145
838173,0,24504,12318,50145
838223,0,24504,12450,50145
838273,0,24118,12450,50145
838323,0,24118,12450,50145
838373,0,24118,12450,50145
838423,0,24118,12450,50114
838473,0,24118,12450,50114
838523,0,24118,12450,50114
838573,0,24118,12450,50114
838623,0,24118,12616,50114
838673,0,24504,12616,50114
838723,0,24504,12616,50114
838773,0,24504,12616,50114
838823,0,24504,12616,50114
838873,0,24890,12616,50080
838923,0,24890,12616,50080
838973,0,24890,12616,50080
839065,0,24504,12726,50080
839115,0,24504,12726,50080
839250,0,24890,12726,50059
839300,0,24890,12726,50059
839350,0,24890,12726,50059
839400,0,24890,12726,50059
839450,0,24890,12898,50059
839500,0,24890,12898,50059
839550,0,24890,12898,50059
839600,0,24890,12898,50059
839650,0,25307,12898,50021
839700,0,25307,12898,50021
839750,0,25307,12898,50021
839800,0,25307,12898,50021
839850,0,25724,13044,50021
839900,0,25724,13044,50021
839950,0,25724,13044,50021
840084,0,26156,13044,49983
840134,0,26156,13044,49983
840184,0,26156,13044,49983
840234,0,25307,13173,49983
840284,0,25307,13173,49983
840589,0,25724,13173,49964
840639,0,26156,13334,49964
840689,0,26156,13334,49964
840739,0,26156,13334,49964
840789,0,26156,13334,49964
840839,0,26156,13334,49932
840889,0,26156,13334,49932
840939,0,26156,13334,49932
840989,0,26156,13334,49932
841039,0,27082,13448,49932
841089,0,27082,13448,49932
841139,0,27082,13448,49932
841231,0,27082,13448,49932
841281,0,27082,13448,49883
841331,0,27082,13448,49883
841381,0,27082,13448,49883
841431,0,26619,13448,49883
841481,0,26619,13601,49883
841531,0,26619,13601,49883
841581,0,26619,13601,49883
841758,0,26619,13601,49877
841808,0,26619,13601,49877
841858,0,27082,13740,49877
841908,0,27082,13740,49877
841958,0,27082,13740,49877
842008,0,27082,13740,49877
842058,0,27082,13740,49838
842108,0,27082,13740,49838
842158,0,27082,13740,49838
842250,0,27561,13888,49838
842300,0,27561,13888,49838
842350,0,27561,13888,49838
842400,0,27561,13888,49838
842450,0,28071,13888,49814
842500,0,28071,13888,49814
842550,0,28071,13888,49814
842600,0,28071,13888,49814
842650,0,28071,14016,49814
842700,0,28071,14016,49814
842750,0,28071,14016,49814
842885,0,28071,14016,49778
842935,0,28071,14016,49778
842985,0,28071,14016,49778
843035,0,28580,14016,49778
843085,0,28580,14152,49778
843135,0,28580,14152,49778
843227,0,27561,14152,49778
843277,0,27561,14152,49742
843327,0,27561,14152,49742
843377,0,27561,14152,49742
843427,0,28071,14152,49742
843477,0,28071,14228,49742
843527,0,28071,14228,49742
843577,0,28071,14228,49742
843627,0,28071,14228,49742
843677,0,28071,14228,49723
843727,0,28071,14228,49723
843777,0,28071,14228,49723
843827,0,28580,14228,49723
843877,0,28580,14391,49723
844012,0,28580,14391,49723
844062,0,28071,14391,49689
844112,0,28071,14391,49689
844204,0,28071,14391,49689
844254,0,28580,14391,49689
844304,0,28580,14525,49689
844354,0,28580,14525,49689
844404,0,28580,14525,49689
844454,0,28580,14525,49689
844504,0,28580,14525,49667
844554,0,28580,14525,49667
844604,0,28580,14525,49667
844654,0,29120,14525,49667
844704,0,29120,14670,49667
844754,0,29120,14670,49667
844804,0,29120,14670,49667
844854,0,29692,14670,49667
844904,0,29692,14670,49641
844954,0,29692,14670,49641
845004,0,29692,14670,49641
845182,0,29692,14792,49641
845232,0,29692,14792,49641
845282,0,29692,14792,49614
845332,0,29692,14792,49614
845382,0,29692,14792,49614
845432,0,29692,14792,49614
845482,0,29692,14912,49614
845532,0,29692,14912,49614
845582,0,29692,14912,49614
845632,0,30263,14912,49614
845682,0,30263,14912,49582
845732,0,30263,14912,49582
845782,0,30263,14912,49582
845832,0,30263,14912,49582
845882,0,30263,15036,49582
845932,0,30263,15036,49582
845982,0,30263,15036,49582
846074,0,30881,15036,49552
846124,0,30881,15036,49552
846174,0,30881,15036,49552
846309,0,30881,15188,49552
846359,0,30881,15188,49552
846409,0,30881,15188,49552
846459,0,30881,15188,49552
846509,0,30881,15188,49535
846559,0,30881,15188,49535
846609,0,30881,15188,49535
846659,0,30881,15188,49535
846709,0,30881,15292,49535
846759,0,30881,15292,49535
846809,0,30881,15292,49535
846859,0,30881,15292,49535
846909,0,30881,15292,49498
846959,0,30881,15292,49498
847053,0,31498,15292,49498
847103,0,31498,15407,49498
847153,0,31498,15407,49498
847203,0,31498,15407,49498
847253,0,30881,15407,49498
847303,0,30881,15407,49472
847438,0,31498,15407,49472
847488,0,31498,15519,49472
847538,0,31498,15519,49472
847588,0,31498,15519,49472
847638,0,31498,15519,49472
847688,0,31498,15519,49445
847738,0,31498,15519,49445
847788,0,31498,15519,49445
847838,0,32162,15519,49445
847888,0,32162,15626,49445
847938,0,32162,15626,49445
848030,0,31498,15626,49445
848080,0,31498,15626,49445
848130,0,31498,15626,49422
848180,0,31498,15626,49422
848230,0,31498,15626,49422
848280,0,31498,15626,49422
848330,0,31498,15728,49422
848380,0,31498,15728,49422
848430,0,32162,15728,49422
848565,0,32162,15728,49398
848615,0,32162,15728,49398
848665,0,32162,15728,49398
848715,0,32162,15826,49398
848765,0,32162,15826,49398
848815,0,32162,15826,49398
848865,0,32162,15826,49398
848915,0,32162,15826,49378
848965,0,32162,15826,49378
849057,0,32842,15826,49378
849107,0,32842,15898,49378
849157,0,32842,15898,49378
849207,0,32842,15898,49378
849257,0,32162,15898,49378
849307,0,32162,15898,49351
849357,0,32162,15898,49351
849407,0,32162,15898,49351
849457,0,32842,15898,49351
849507,0,32842,16005,49351
849557,0,32842,16005,49351
849692,0,32162,16005,49331
849742,0,32162,16005,49331
849792,0,32162,16005,49331
849842,0,32842,16005,49331
849892,0,32842,16087,49331
849942,0,32842,16087,49331
850034,0,32842,16087,49331
850084,0,32842,16087,49331
850134,0,32842,16087,49314
850184,0,32842,16087,49314
850234,0,32842,16087,49314
850284,0,32842,16087,49314
850334,0,32842,16166,49314
850384,0,32842,16166,49314
850434,0,32842,16166,49314
850484,0,32842,16166,49314
850534,0,32842,16166,49277
850584,0,32842,16166,49277
850634,0,32842,16166,49277
850684,0,32842,16166,49277
850819,0,32842,16292,49277
850869,0,32162,16292,49277
850919,0,32162,16292,49254
851011,0,32162,16292,49254
851061,0,32842,16292,49254
851111,0,32842,16434,49254
851161,0,32842,16434,49254
851211,0,32842,16434,49254
851261,0,32842,16434,49254
851311,0,32842,16434,49227
851361,0,32842,16434,49227
851411,0,32842,16434,49227
851461,0,32842,16434,49227
851511,0,32842,16528,49227
851561,0,32842,16528,49227
851611,0,32842,16528,49227
851661,0,33552,16528,49227
851711,0,33552,16528,49203
851761,0,33552,16528,49203
851811,0,33552,16528,49203
851989,0,33552,14025,49203
852039,0,33552,14025,49203
852089,0,33552,14025,49203
852139,0,33552,14025,49702
852189,0,33552,14025,49702
852239,0,34309,14025,49702
852289,0,34309,14025,49702
852339,0,34309,12965,49702
852389,0,34309,12965,49702
852439,0,34309,12965,49702
852489,0,34309,12965,49702
852539,0,34309,12965,49814
852589,0,34309,12965,49814
852639,0,33552,12965,49814
852689,0,33552,12965,49814
852739,0,33552,12418,49814
852874,0,34309,12418,49814
852966,0,34309,12418,49859
853016,0,34309,12418,49859
853066,0,33552,12418,49859
853116,0,33552,12418,49859
853166,0,33552,11787,49859
853216,0,33552,11787,49859
853266,0,33552,11787,49859
853316,0,33552,11787,49859
853366,0,33552,11787,49914
853416,0,33552,11787,49914
853466,0,33552,11787,49914
853516,0,33552,11787,49914
853566,0,33552,11433,49914
853616,0,33552,11433,49914
853666,0,32842,11433,49914
853716,0,32842,11433,49914
853766,0,32842,11433,49953
853858,0,33552,11433,49953
853908,0,33552,11433,49953
854043,0,33552,11168,49953
854093,0,33552,11168,49953
854143,0,33552,11168,49993
854193,0,33552,11168,49993
854243,0,34309,11168,49993
854293,0,34309,11168,49993
854343,0,34309,10982,49993
854393,0,34309,10982,49993
854443,0,34309,10982,49993
854493,0,34309,10982,49993
854543,0,34309,10982,50099
854593,0,34309,10982,50099
854643,0,34309,10982,50099
854693,0,34309,10982,50099
854743,0,34309,10557,50099
854835,0,34309,10557,50099
854885,0,34309,10557,50099
854935,0,34309,10557,50196
854985,0,34309,10557,50196
855035,0,35081,10557,50196
855170,0,35081,8474,50196
855220,0,35081,8474,50196
855270,0,34309,8474,50196
855320,0,34309,8474,50196
855370,0,34309,8474,50583
855420,0,34309,8474,50583
855470,0,33552,8474,50583
855520,0,33552,8474,50583
855570,0,33552,6891,50583
855620,0,33552,6891,50583
855670,0,34309,6891,50583
855720,0,34309,6891,50583
855812,0,34309,6891,50627
855862,0,33552,6891,50627
855912,0,33552,6891,50627
855962,0,33552,7009,50627
856012,0,33552,7009,50627
856062,0,33552,7009,50627
856112,0,33552,7009,50627
856162,0,33552,7009,50579
856297,0,33552,7009,50579
856347,0,33552,7296,50579
856397,0,33552,7296,50579
856447,0,32842,7296,50579
856497,0,32842,7296,50579
856547,0,32842,7296,50584
856597,0,32842,7296,50584
856647,0,34309,7296,50584
856697,0,34309,7296,50584
856747,0,34309,7495,50584
856839,0,34309,7495,50584
856889,0,34309,7495,50584
856939,0,34309,7495,50576
856989,0,34309,7495,50576
857039,0,34309,7495,50576
857089,0,34309,7495,50576
857139,0,34309,7495,50576
857189,0,34309,7501,50576
857239,0,34309,7501,50576
857289,0,34309,7501,50576
857424,0,33552,7501,50559
857474,0,33552,7501,50559
857524,0,33552,7501,50559
857574,0,33552,7553,50559
857624,0,33552,7553,50559
857674,0,33552,7553,50559
857724,0,33552,7553,50559
857774,0,33552,7553,50526
857866,0,32842,7553,50526
857916,0,32842,7553,50526
857966,0,32842,7815,50526
858016,0,32842,7815,50526
858066,0,33552,7815,50526
858116,0,33552,7815,50526
858166,0,33552,7815,50492
858216,0,33552,7815,50492
858266,0,32842,7815,50492
858316,0,32842,7815,50492
858366,0,32842,8274,50492
858416,0,32842,8274,50492
858551,0,32842,8274,50492
858601,0,32842,8274,50405
858651,0,33552,8274,50405
858701,0,33552,8274,50405
858751,0,33552,8274,50405
858843,0,32842,8593,50405
858893,0,32842,8593,50405
858943,0,32842,8593,50405
858993,0,32842,8593,50420
859043,0,33552,8593,50420
859093,0,33552,8593,50420
859143,0,33552,8593,50420
859193,0,33552,8354,50420
859243,0,33552,8354,50420
859293,0,33552,8354,50420
859343,0,33552,8354,50420
859393,0,33552,8354,50467
859443,0,34309,8354,50467
859493,0,34309,8354,50467
859543,0,34309,8354,50467
859678,0,33552,8336,50467
859728,0,33552,8336,50467
859778,0,33552,8336,50455
859870,0,33552,8336,50455
859920,0,33552,8336,50455
859970,0,33552,8600,50455
860020,0,33552,8600,50455
860070,0,34309,8600,50455
860120,0,34309,8600,50455
860170,0,34309,8600,50398
860220,0,34309,8600,50398
860270,0,33552,8600,50398
860320,0,33552,8600,50398
860370,0,33552,8921,50398
860420,0,33552,8921,50398
860470,0,32842,8921,50398
860520,0,32842,8921,50398
860570,0,32842,8921,50313
860620,0,32842,8921,50313
860670,0,32842,8921,50313
860805,0,32842,9207,50313
860897,0,32842,9207,50313
860947,0,32842,9207,50313
860997,0,32842,9207,50282
861047,0,32842,9207,50282
861097,0,32842,9207,50282
861147,0,32842,9207,50282
861197,0,32842,9615,50282
861247,0,32162,9615,50282
861297,0,32162,9615,50282
861347,0,32162,9615,50282
861397,0,32162,9615,50240
861447,0,32842,9615,50240
861497,0,32842,9615,50240
861547,0,32842,9615,50240
861597,0,32842,10003,50240
861647,0,32162,10003,50240
861697,0,32162,10003,50240
861789,0,32162,10003,50190
861839,0,32842,10003,50190
861974,0,32842,10055,50190
862024,0,33552,10055,50190
862074,0,33552,10055,50190
862124,0,33552,10055,50190
862174,0,33552,10055,50190
862224,0,33552,10055,50167
862274,0,33552,10055,50167
862324,0,33552,10055,50167
862374,0,33552,10055,50167
862424,0,32842,10019,50167
862474,0,32842,10019,50167
862524,0,32842,10019,50167
862574,0,32842,10019,50167
862624,0,33552,10019,50176
862674,0,33552,10019,50176
862766,0,33552,10019,50176
862816,0,33552,10262,50176
862866,0,32842,10262,50176
862916,0,32842,10262,50176
862966,0,32842,10262,50176
863101,0,32842,10262,50140
863151,0,32842,10262,50140
863201,0,32842,10542,50140
863251,0,32842,10542,50140
863301,0,32842,10542,50140
863351,0,32842,10542,50140
863401,0,32842,10542,50102
863451,0,32842,10542,50102
863501,0,32842,10542,50102
863551,0,32842,10542,50102
863601,0,32842,10853,50102
863651,0,32842,10853,50102
863743,0,32842,10853,50102
863793,0,32842,10853,50102
863843,0,32162,10853,50045
863893,0,32162,10853,50045
863943,0,32162,10853,50045
863993,0,32162,10853,50045
864043,0,32842,11141,50045
864093,0,32842,11141,50045
864228,0,32162,11141,49970
864278,0,32162,11141,49970
864328,0,32162,11141,49970
864378,0,32162,11141,49970
864428,0,32162,11283,49970
864478,0,32162,11283,49970
864528,0,32162,11283,49970
864578,0,32162,11283,49970
864628,0,32162,11283,49976
864722,0,32162,11283,49976
864772,0,32162,11283,49976
864822,0,32162,11292,49976
864872,0,32162,11292,49976
864922,0,32162,11292,49976
864972,0,32162,11292,49976
865022,0,32162,11292,49994
865072,0,31498,11292,49994
865122,0,31498,11292,49994
865172,0,31498,11292,49994
865222,0,31498,10945,49994
865357,0,32162,10945,49994
865407,0,32162,10945,50001
865457,0,31498,10945,50001
865507,0,31498,10945,50001
865557,0,31498,10945,50001
865607,0,31498,11053,50001
865657,0,31498,11053,50001
865749,0,31498,11053,50001
865799,0,31498,11053,50001
865849,0,32162,11053,49995
865899,0,32162,11053,49995
865949,0,32162,11053,49995
865999,0,32162,11053,49995
866049,0,32842,10954,49995
866099,0,32842,10954,49995
866149,0,32842,10954,49995
866199,0,32842,10954,49995
866249,0,32842,10954,49998
866299,0,32842,10954,49998
866349,0,32842,10954,49998
866484,0,32842,11075,49998
866534,0,32842,11075,49998
866584,0,32842,11075,49998
866634,0,32162,11075,49990
866726,0,32162,11075,49990
866776,0,32162,11075,49990
866826,0,32842,11120,49990
866876,0,32842,11120,49990
866926,0,32842,11120,49990
866976,0,32842,11120,49990
867026,0,32162,11120,49989
867076,0,32162,11120,49989
867126,0,32162,11120,49989
867176,0,32162,11120,49989
867226,0,32162,11081,49989
867276,0,32162,11081,49989
867411,0,32162,11081,49989
867461,0,32162,11081,49987
867511,0,32162,11081,49987
867561,0,32162,11081,49987
867611,0,32162,11081,49987
867703,0,32162,11038,49987
867753,0,32162,11038,49987
867803,0,32162,11038,49987
867853,0,32162,11038,50017
867903,0,32162,11038,50017
867953,0,32162,11038,50017
868003,0,32162,11038,50017
868053,0,31498,10972,50017
868103,0,31498,10972,50017
868153,0,31498,10972,50017
868203,0,31498,10972,50017
868253,0,32842,10972,49993
868303,0,32842,10972,49993
868353,0,32842,10972,49993
868403,0,32842,10972,49993
868538,0,32842,11037,49993
868588,0,32842,11037,49993
868680,0,32162,11037,49977
868730,0,32162,11037,49977
868780,0,32162,11037,49977
868830,0,31498,11136,49977
868880,0,31498,11136,49977
868930,0,31498,11136,49977
868980,0,31498,11136,49977
869030,0,32162,11136,49940
869080,0,32162,11136,49940
869130,0,32162,11136,49940
869180,0,32162,11136,49940
869230,0,31498,11158,49940
869280,0,31498,11158,49940
869330,0,31498,11158,49940
869380,0,31498,11158,49940
869430,0,32162,11158,49944
869480,0,32162,11158,49944
869572,0,32162,11158,49944
869707,0,32162,11183,49944
869757,0,32162,11183,49944
869807,0,32162,11183,49944
869857,0,31498,11183,49950
869907,0,31498,11183,49950
869957,0,31498,11183,49950
870007,0,31498,11183,49950
870057,0,31498,10998,49950
870107,0,31498,10998,49950
870157,0,31498,10998,49950
870207,0,31498,10998,49950
870257,0,31498,10998,49941
870307,0,31498,10998,49941
870357,0,31498,10998,49941
870407,0,31498,10998,49941
870457,0,31498,11047,49941
870549,0,31498,11047,49941
870599,0,31498,11047,49941
870649,0,31498,11047,49946
870699,0,31498,11047,49946
870834,0,31498,11047,49946
870884,0,31498,10993,49946
870934,0,31498,10993,49946
870984,0,31498,10993,49946
871034,0,31536,10993,49946
871084,0,31573,10993,49969
871134,0,31611,10993,49969
871184,0,31648,10993,49969
871234,0,31686,10993,49969
871284,0,31723,10825,49969
871334,0,31761,10825,49969
871384,0,31798,10825,49969
871434,0,31836,10825,49969
871484,0,31874,10825,50028
871618,0,31974,10825,50028
871668,0,32012,10842,50028
871718,0,32049,10842,50028
871768,0,32087,10842,50028
871818,0,32124,10842,50028
871868,0,32162,10842,50043
872173,0,31498,10881,50043
872223,0,31498,10881,50043
872273,0,32162,10881,49990
872323,0,32162,10881,49990
872373,0,32162,10881,49990
872423,0,32162,10881,49990
872473,0,32162,10876,49990
872523,0,32162,10876,49990
872573,0,32162,10876,49990
872623,0,32162,10876,49990
872673,0,32162,10876,49942
872723,0,32162,10876,49942
872815,0,32162,10876,49942
872865,0,32162,11154,49942
872915,0,32162,11154,49942
872965,0,32162,11154,49942
873015,0,32162,11154,49942
873065,0,32162,11154,49909
873115,0,32162,11154,49909
873165,0,32162,11154,49909
873342,0,32162,11232,49909
873392,0,32162,11232,49909
873442,0,32136,11232,49909
873492,0,32110,11232,49974
873542,0,32084,11232,49974
873592,0,32058,11232,49974
873642,0,32032,11232,49974
873692,0,32006,10779,49974
873742,0,31980,10779,49974
873792,0,31954,10779,49974
873884,0,31906,10779,49928
873934,0,31880,10779,49928
873984,0,31854,10779,49928
874034,0,31828,10779,49928
874084,0,31802,11084,49928
874134,0,31776,11084,49928
874184,0,31750,11084,49928
874234,0,31724,11084,49928
874284,0,31698,11084,49846
874334,0,31672,11084,49846
874469,0,31602,11634,49846
874519,0,31576,11634,49846
874569,0,31550,11634,49846
874619,0,31524,11634,49846
874669,0,31498,11634,49833
874719,0,31498,11634,49833
874769,0,31498,11634,49833
874819,0,31498,11634,49833
874869,0,32162,11928,49833
874961,0,32162,11928,49833
875011,0,32162,11928,49833
875061,0,31498,11928,49833
875111,0,31498,11928,49790
875161,0,31498,11928,49790
875211,0,31498,11928,49790
875261,0,31498,11928,49790
875311,0,31498,12003,49790
875361,0,31498,12003,49790
875411,0,31498,12003,49790
875461,0,31498,12003,49790
875596,0,31498,12003,49806
875646,0,31498,12003,49806
875696,0,31498,11952,49806
875746,0,31498,11952,49806
875796,0,31498,11952,49806
875846,0,32162,11952,49806
875938,0,32162,11952,49800
875988,0,32162,11952,49800
876038,0,32162,11952,49800
876088,0,32162,11847,49800
876138,0,32162,11847,49800
876188,0,32162,11847,49800
876238,0,32162,11847,49800
876288,0,32162,11847,49851
876338,0,32162,11847,49851
876388,0,32162,11847,49851
876438,0,31498,11847,49851
876488,0,31498,11676,49851
876538,0,31498,11676,49851
876588,0,31498,11676,49851
876723,0,31498,11676,49876
876773,0,31498,11676,49876
876823,0,31498,11676,49876
876915,0,32162,11575,49876
876965,0,32162,11575,49876
877015,0,32162,11575,49876
877065,0,32162,11575,49876
877115,0,32162,11575,49833
877165,0,32162,11575,49833
877215,0,32162,11575,49833
877265,0,32162,11575,49833
877315,0,32162,11717,49833
877365,0,32162,11717,49833
877415,0,32162,11717,49833
877465,0,32162,11717,49833
877515,0,32162,11717,49804
877565,0,32162,11717,49804
877615,0,32162,11717,49804
877665,0,32162,11717,49804
877715,0,32162,11461,49804
877893,0,31498,11461,49840
877943,0,31498,11461,49840
877993,0,31498,11461,49840
878043,0,31498,11461,49840
878093,0,31498,11648,49840
878143,0,31498,11648,49840
878193,0,31498,11648,49840
878243,0,32162,11648,49840
878293,0,32162,11648,49845
878343,0,32162,11648,49845
878393,0,32162,11648,49845
878443,0,31498,11648,49845
878493,0,31498,11637,49845
878543,0,31498,11637,49845
878593,0,31498,11637,49845
878643,0,31498,11637,49845
878693,0,31498,11637,49814
878785,0,31498,11637,49814
878835,0,32162,11637,49814
878885,0,32162,11637,49814
879020,0,32162,11620,49814
879070,0,32162,11620,49814
879120,0,32162,11620,49790
879170,0,32162,11620,49790
879220,0,32162,11620,49790
879270,0,31498,11620,49790
879320,0,31498,11462,49790
879370,0,31498,11462,49790
879420,0,31498,11462,49790
879470,0,32162,11462,49790
879520,0,32162,11462,49775
879570,0,32162,11462,49775
879620,0,32162,11462,49775
879670,0,32162,11462,49775
879762,0,32162,11522,49775
879812,0,32162,11522,49775
879862,0,32162,11522,49775
879912,0,32162,11522,49796
879962,0,32162,11522,49796
880012,0,32162,11522,49796
880148,0,32162,11631,49796
880198,0,32162,11631,49796
880248,0,32162,11631,49796
880298,0,32162,11631,49796
880348,0,32162,11631,49818
880398,0,32162,11631,49818
880448,0,32162,11631,49818
880498,0,32162,11631,49818
880548,0,32162,11416,49818
880598,0,32162,11416,49818
880648,0,32842,11416,49818
880740,0,32842,11416,49835
880790,0,32842,11416,49835
880840,0,32842,11416,49835
880890,0,32842,11416,49835
880940,0,32842,11240,49835
880990,0,32842,11240,49835
881040,0,32842,11240,49835
881090,0,32842,11240,49835
881140,0,32842,11240,49940
881275,0,32842,11240,49940
881325,0,32842,11019,49940
881375,0,32842,11019,49940
881425,0,32842,11019,49940
881475,0,32842,11019,49940
881525,0,32842,11019,49973
881575,0,32842,11019,49973
881625,0,33552,11019,49973
881675,0,33552,11019,49973
881769,0,33552,10331,49973
881819,0,33552,10331,49973
881869,0,32842,10331,49973
881919,0,32842,10331,50017
881969,0,32842,10331,50017
882019,0,32842,10331,50017
882069,0,33552,10331,50017
882204,0,33552,10021,50017
882254,0,33552,10021,50017
882304,0,33552,10021,50017
882354,0,33552,10021,49983
882404,0,33552,10021,49983
882454,0,32842,10021,49983
882504,0,32842,10021,49983
882554,0,32842,10248,49983
882604,0,32842,10248,49983
882654,0,32162,10248,49983
882746,0,32162,10248,50007
882796,0,32162,10248,50007
882846,0,32162,10248,50007
882896,0,32162,10248,50007
882946,0,32162,10144,50007
882996,0,32162,10144,50007
883046,0,32162,10144,50007
883096,0,32162,10144,50007
883146,0,32162,10144,50046
883196,0,32162,10144,50046
883331,0,32842,9862,50046
883381,0,32842,9862,50046
883431,0,32842,9862,50046
883481,0,32842,9862,50046
883531,0,32842,9862,50049
883581,0,32842,9862,50049
883631,0,32842,9862,50049
883723,0,32842,9862,50049
883773,0,32842,9828,50049
883823,0,32842,9828,50049
883873,0,32842,9828,50049
883923,0,32842,9828,50049
883973,0,32842,9828,50065
884023,0,32842,9828,50065
884073,0,33552,9828,50065
884123,0,33552,9828,50065
884173,0,33552,9889,50065
884223,0,33552,9889,50065
884273,0,33552,9889,50065
884323,0,33552,9889,50065
884458,0,34309,9889,50082
884508,0,34309,9889,50082
884558,0,34309,9637,50082
884608,0,34309,9637,50082
884658,0,33552,9637,50082
884750,0,33552,9637,50153
884800,0,33552,9637,50153
884850,0,33552,9637,50153
884900,0,33552,9637,50153
884950,0,33552,9195,50153
885000,0,33552,9195,50153
885050,0,34309,9195,50153
885100,0,34309,9195,50153
885150,0,34309,9195,50175
885200,0,34309,9195,50175
885250,0,33552,9195,50175
885300,0,33552,9195,50175
885350,0,33552,8987,50175
885400,0,33552,8987,50175
885450,0,32842,8987,50175
885585,0,32842,8987,50193
885635,0,32842,8987,50193
885727,0,32842,8987,50193
885777,0,32842,8598,50193
885827,0,32842,8598,50193
885877,0,32842,8598,50193
885927,0,32842,8598,50193
885977,0,32842,8598,50290
886027,0,32842,8598,50290
886077,0,32842,8598,50290
886127,0,32842,8598,50290
886177,0,32842,7982,50290
886227,0,32842,7982,50290
886277,0,32842,7982,50290
886327,0,32842,7982,50290
886377,0,32842,7982,50324
886427,0,32842,7982,50324
886477,0,32842,7982,50324
886527,0,32842,7982,50324
886577,0,32842,8046,50324
886755,0,32162,8046,50361
886805,0,32162,8046,50361
886855,0,33552,8046,50361
886905,0,33552,8046,50361
886955,0,33552,8121,50361
887005,0,33552,8121,50361
887055,0,33552,8121,50361
887105,0,33552,8121,50361
887155,0,33552,8121,50276
887205,0,33552,8121,50276
887255,0,32842,8121,50276
887305,0,32842,8121,50276
887355,0,32842,8536,50276
887405,0,32842,8536,50276
887455,0,32842,8536,50276
887505,0,32842,8536,50276
887555,0,32842,8536,50234
887647,0,32842,8536,50234
887697,0,32842,8536,50234
887747,0,32842,8729,50234
887882,0,32842,8729,50234
887932,0,32842,8729,50234
887982,0,32842,8729,50277
888032,0,32162,8729,50277
888082,0,32162,8729,50277
888132,0,32162,8729,50277
888182,0,32162,8808,50277
888232,0,32842,8808,50277
888282,0,32842,8808,50277
888332,0,32842,8808,50277
888382,0,32842,8808,50238
888432,0,32162,8808,50238
888482,0,32162,8808,50238
888532,0,32162,8808,50238
888582,0,32162,8761,50238
888674,0,32842,8761,50238
888724,0,32842,8761,50238
888774,0,32842,8761,50194
888824,0,32162,8761,50194
888874,0,32162,8761,50194
889009,0,32162,9066,50194
889059,0,32162,9066,50194
889109,0,32162,9066,50194
889159,0,32162,9066,50110
889209,0,32162,9066,50110
889259,0,31498,9066,50110
889309,0,31498,9066,50110
889359,0,31498,9300,50110
889409,0,31498,9300,50110
889459,0,31498,9300,50110
889509,0,31498,9300,50110
889559,0,31498,9300,50052
889609,0,31498,9300,50052
889701,0,31498,9300,50052
889751,0,31498,9300,50052
889801,0,31498,9773,50052
889851,0,31498,9773,50052
889901,0,31498,9773,50052
889951,0,31498,9773,50052
890001,0,31498,9773,50038
890136,0,31498,9773,50038
890186,0,31498,9951,50038
890236,0,32162,9951,50038
890286,0,32162,9951,50038
890336,0,32162,9951,50038
890386,0,32162,9951,50042
890436,0,32162,9951,50042
890486,0,32162,9951,50042
890536,0,32162,9951,50042
890586,0,32162,9900,50042
890678,0,31498,9900,50042
890728,0,31498,9900,50042
890778,0,31498,9900,50022
890828,0,31498,9900,50022
890878,0,31498,9900,50022
890928,0,31498,9900,50022
890978,0,31498,10074,50022
891028,0,32162,10074,50022
891078,0,32162,10074,50022
891128,0,32162,10074,50022
891263,0,31498,10074,50022
891313,0,31498,10074,50022
891363,0,31498,10074,50022
891413,0,31498,10229,50022
891463,0,32162,10229,50022
891513,0,32162,10229,50022
891563,0,32162,10229,50022
891613,0,32162,10229,50016
891705,0,31498,10229,50016
891755,0,31498,10229,50016
891805,0,31498,10219,50016
891855,0,32162,10219,50016
891905,0,32162,10219,50016
891955,0,32162,10219,50016
892005,0,32162,10219,50040
892055,0,32162,10219,50040
892105,0,32162,10219,50040
892155,0,32162,10219,50040
892205,0,32162,10265,50040
892255,0,32842,10265,50040
892390,0,32842,10265,50024
892440,0,32162,10265,50024
892490,0,32162,10265,50024
892540,0,32162,10265,50024
892590,0,32162,10341,50024
892682,0,32162,10341,50024
892732,0,32162,10341,50024
892782,0,32162,10341,50024
892832,0,32162,10341,49990
892882,0,32162,10341,49990
892932,0,32162,10341,49990
892982,0,32162,10341,49990
893032,0,32162,10341,49990
893082,0,32162,10341,49990
893132,0,32162,10341,49990
893182,0,32162,10341,49990
893232,0,32842,10341,49947
893282,0,32842,10341,49947
893332,0,32842,10341,49947
893382,0,32842,10341,49947
893517,0,32842,10658,49947
893567,0,32842,10658,49947
893659,0,32162,10658,49940
893709,0,32162,10658,49940
893759,0,32162,10658,49940
893809,0,32162,10609,49940
893859,0,32162,10609,49940
893909,0,32162,10609,49940
893959,0,32162,10609,49940
894009,0,32162,10609,49908
894059,0,32162,10609,49908
894109,0,32162,10609,49908
894159,0,32162,10609,49908
894209,0,32162,10647,49908
894259,0,32162,10647,49908
894309,0,32162,10647,49908
894359,0,32162,10647,49908
894409,0,32162,10647,49935
894459,0,32162,10647,49935
894551,0,32162,10647,49935
894686,0,32162,10374,49935
894736,0,32162,10374,49935
894786,0,32162,10374,49935
894836,0,31498,10374,49976
894886,0,31498,10374,49976
894936,0,31498,10374,49976
894986,0,31498,10374,49976
895036,0,32842,10027,49976
895086,0,32842,10027,49976
895136,0,32842,10027,49976
895186,0,32842,10027,49976
895236,0,32162,10027,50063
895286,0,32162,10027,50063
895336,0,32162,10027,50063
895386,0,32162,10027,50063
895436,0,32162,9424,50063
895528,0,32162,9424,50063
895578,0,32162,9424,50063
895628,0,31498,9424,50095
895678,0,31498,9424,50095
895813,0,31498,9265,50095
895863,0,32162,9265,50095
895913,0,32162,9265,50095
895963,0,32162,9265,50095
896013,0,32162,9265,50066
896063,0,31498,9265,50066
896113,0,31498,9265,50066
896163,0,31498,9265,50066
896213,0,31498,9697,50066
896263,0,31498,9697,50066
896313,0,31498,9697,50066
896363,0,31498,9697,50066
896413,0,31498,9697,50033
896463,0,31498,9697,50033
896555,0,31498,9697,50033
896605,0,31498,10011,50033
896763,0,30881,10011,50033
896813,0,30881,10011,49963
896863,0,31498,10011,49963
896913,0,31498,10011,49963
896963,0,31498,10011,49963
897013,0,31498,10011,49963
897063,0,31498,10211,49963
897113,0,31498,10211,49963
897163,0,31498,10211,49963
897213,0,31498,10211,49963
897263,0,31498,10211,49881
897313,0,31498,10211,49881
897363,0,31498,10211,49881
897413,0,31498,10211,49881
897463,0,31498,10485,49881
897555,0,31498,10485,49881
897605,0,31498,10485,49881
897655,0,31498,10485,49818
897705,0,31498,10485,49818
897755,0,31498,10485,49818
897890,0,30881,11291,49818
897940,0,30881,11291,49818
897990,0,30881,11291,49818
898040,0,31498,11291,49763
898090,0,31498,11291,49763
898140,0,31498,11291,49763
898190,0,31498,11291,49763
898240,0,30881,11690,49763
898290,0,30881,11690,49763
898340,0,30881,11690,49763
898390,0,30881,11690,49763
898440,0,31498,11690,49689
898532,0,31498,11690,49689
898582,0,31498,11690,49689
898632,0,31498,11986,49689
898682,0,31498,11986,49689
898732,0,31498,11986,49689
898782,0,31498,11986,49689
898832,0,31498,11986,49674
898882,0,31498,11986,49674
899017,0,31498,11986,49674
899067,0,32162,11957,49674
899117,0,32162,11957,49674
899167,0,32162,11957,49674
899217,0,32162,11957,49674
899267,0,32162,11957,49700
899317,0,32162,11957,49700
899367,0,32162,11957,49700
899417,0,32162,11957,49700
899509,0,31498,11719,49700
899559,0,31498,11719,49700
899609,0,31498,11719,49700
899659,0,30881,11719,49767
899709,0,30881,11719,49767
899759,0,30881,11719,49767
899809,0,30881,11719,49767
899859,0,31498,11368,49767
899909,0,31498,11368,49767
899959,0,31498,11368,49767
900009,0,31498,11368,49767
900144,0,31498,11368,49789
900194,0,31498,11368,49789
900244,0,31498,11136,49789
900294,0,31498,11136,49789
900344,0,31498,11136,49789
900394,0,31498,11136,49789
900486,0,32162,11136,49835
900536,0,32162,11136,49835
900586,0,32162,11136,49835
900636,0,31498,10794,49835
900686,0,31498,10794,49835
900736,0,31498,10794,49835
900786,0,31498,10794,49835
900836,0,31498,10794,49869
900886,0,31498,10794,49869
900936,0,31498,10794,49869
900986,0,31498,10794,49869
901036,0,31498,10794,49869
901086,0,31498,10579,49869
901136,0,31498,10579,49869
901271,0,31498,10579,49934
901321,0,31498,10579,49934
901371,0,31498,10579,49934
901463,0,31498,10263,49934
901513,0,31498,10263,49934
901563,0,31498,10263,49934
901613,0,31498,10263,49934
901663,0,32162,10263,49986
901713,0,32162,10263,49986
901763,0,32162,10263,49986
901813,0,32162,10263,49986
901863,0,31498,9872,49986
901913,0,31498,9872,49986
901963,0,31498,9872,49986
902013,0,31498,9872,49986
902063,0,31498,9872,50023
902113,0,31498,9872,50023
902163,0,31498,9872,50023
902213,0,31498,9872,50023
902263,0,31498,9597,50023
902441,0,32162,9597,50023
902491,0,32162,9597,50056
902541,0,32162,9597,50056
902591,0,32162,9597,50056
902641,0,32162,9597,50056
902691,0,32162,9353,50056
902741,0,32162,9353,50056
902791,0,32162,9353,50056
902841,0,32162,9353,50056
902891,0,32162,9353,50090
902941,0,32162,9353,50090
902991,0,32162,9353,50090
903041,0,32842,9353,50090
903091,0,32842,9036,50090
903141,0,32842,9036,50090
903191,0,32842,9036,50090
903241,0,32842,9036,50090
903291,0,32842,9036,50119
903425,0,32162,9036,50119
903475,0,32162,8946,50119
903780,0,32842,8946,50137
903830,0,32842,8946,50137
903880,0,32842,8681,50137
903930,0,32842,8681,50137
903980,0,32842,8681,50137
904030,0,32842,8681,50137
904080,0,32842,8681,50196
904130,0,32842,8681,50196
904180,0,32842,8681,50196
904230,0,32842,8681,50196
904280,0,32842,8392,50196
904330,0,32842,8392,50196
904380,0,32842,8392,50196
904430,0,32842,8392,50196
904480,0,32842,8392,50272
904530,0,32842,8392,50272
904622,0,32842,8392,50272
904672,0,32842,8158,50272
904722,0,32842,8158,50272
904772,0,32842,8158,50272
904949,0,32590,8158,50316
904999,0,32518,8158,50316
905049,0,32447,8158,50316
905099,0,32376,7749,50316
905149,0,32305,7749,50316
905199,0,32233,7749,50316
905249,0,32162,7749,50316
905299,0,32162,7749,50311
905349,0,32162,7749,50311
905399,0,32162,7749,50311
905449,0,32162,7749,50311
905499,0,32162,7567,50311
905549,0,32162,7567,50311
905599,0,32162,7567,50311
905691,0,32162,7567,50284
905741,0,32162,7567,50284
905791,0,32162,7567,50284
905841,0,32162,7567,50284
905891,0,32162,7669,50284
905941,0,32162,7669,50284
906076,0,32162,7669,50322
906126,0,32162,7669,50322
906176,0,32162,7669,50322
906226,0,31498,7669,50322
906276,0,31498,7667,50322
906326,0,31498,7667,50322
906376,0,31498,7667,50322
906426,0,32162,7667,50322
906476,0,32162,7667,50308
906526,0,32162,7667,50308
906576,0,32162,7667,50308
906626,0,32842,7667,50308
906718,0,32842,7823,50308
906768,0,32842,7823,50308
906818,0,32842,7823,50308
906868,0,32162,7823,50308
906918,0,32162,7823,50316
906968,0,32162,7823,50316
907018,0,32162,7823,50316
907068,0,32162,7823,50316
907203,0,32162,7629,50316
907253,0,32842,7629,50316
907303,0,32842,7629,50376
907353,0,32842,7629,50376
907403,0,32842,7629,50376
907453,0,32842,7629,50376
907503,0,32842,7359,50376
907553,0,32842,7359,50376
907603,0,32842,7359,50376
907653,0,32842,7359,50376
907745,0,32842,7359,50395
907795,0,32842,7359,50395
907845,0,32842,7359,50395
907895,0,32842,7400,50395
907945,0,32842,7400,50395
907995,0,32842,7400,50395
908045,0,32842,7400,50395
908095,0,32842,7400,50451
908145,0,32842,7400,50451
908195,0,32842,7400,50451
908330,0,32162,7250,50451
908380,0,32162,7250,50451
908430,0,32162,7250,50451
908480,0,32162,7250,50451
908530,0,32162,7250,50378
908580,0,32162,7250,50378
908630,0,32842,7250,50378
908722,0,32842,7289,50378
908772,0,32842,7289,50378
908822,0,32842,7289,50378
908872,0,32842,7289,50378
908922,0,32842,7289,50400
908972,0,32842,7289,50400
909022,0,32842,7289,50400
909072,0,33552,7289,50400
909122,0,33552,7119,50400
909172,0,33552,7119,50400
909222,0,33552,7119,50400
909272,0,32842,7119,50400
909322,0,32842,7119,50403
909457,0,32162,7119,50403
909507,0,32162,7031,50403
909557,0,32162,7031,50403
909607,0,32162,7031,50403
909657,0,32162,7031,50403
909749,0,32162,7031,50448
909799,0,32162,7031,50448
909849,0,32162,7031,50448
909899,0,32162,6903,50448
909949,0,32162,6903,50448
909999,0,32162,6903,50448
910049,0,32162,6903,50448
910099,0,32162,6903,50504
910149,0,32162,6903,50504
910199,0,32162,6903,50504
910249,0,32162,6903,50504
910299,0,32162,6903,50504
910349,0,32162,6464,50504
910399,0,32162,6464,50504
910449,0,32162,6464,50504
910584,0,32162,6464,50560
910634,0,32302,6464,50560
910684,0,32443,6464,50560
910776,0,32702,6170,50560
910826,0,32842,6170,50560
910876,0,32842,6170,50560
910926,0,32842,6170,50595
910976,0,32842,6170,50595
911026,0,32162,6170,50595
911076,0,32162,6170,50595
911126,0,32162,6046,50595
911176,0,32162,6046,50595
911226,0,32162,6046,50595
911276,0,32162,6046,50595
911326,0,32162,6046,50616
911376,0,32162,6046,50616
911511,0,32842,6054,50616
911561,0,32842,6054,50616
911611,0,32842,6054,50616
911661,0,32842,6054,50616
911711,0,32842,6054,50616
911803,0,32842,6054,50605
911853,0,33552,6054,50605
911903,0,33552,6054,50605
911953,0,33552,5768,50605
912003,0,33552,5768,50605
912053,0,32842,5768,50605
912103,0,32842,5768,50605
912153,0,32842,5768,50649
912203,0,32842,5768,50649
912253,0,32842,5768,50649
912303,0,32842,5768,50649
912353,0,32842,5692,50649
912403,0,32842,5692,50649
912453,0,33552,5692,50649
912503,0,33552,5692,50649
912638,0,32842,5692,50671
912688,0,32842,5692,50671
912780,0,32842,5510,50671
912830,0,32842,5510,50671
912880,0,32842,5510,50671
912930,0,32842,5510,50677
912980,0,32842,5510,50677
913030,0,32842,5510,50677
913080,0,32842,5510,50677
913130,0,32842,5499,50677
913180,0,32842,5499,50677
913230,0,32162,5499,50677
913280,0,32162,5499,50677
913330,0,32162,5499,50698
913380,0,32162,5499,50698
913430,0,32842,5499,50698
913480,0,32842,5499,50698
913530,0,32842,5305,50698
913580,0,32842,5305,50698
913630,0,32162,5305,50698
913810,0,32162,5305,50735
913860,0,32842,5305,50735
913910,0,32842,5305,50735
913960,0,32842,5137,50735
914010,0,32842,5137,50735
914060,0,32162,5137,50735
914110,0,32162,5137,50735
914160,0,32162,5137,50774
914210,0,32162,5137,50774
914260,0,32842,5137,50774
914310,0,32842,5137,50774
914360,0,32842,5025,50774
914410,0,32842,5025,50774
914460,0,32162,5025,50774
914510,0,32162,5025,50774
914560,0,32162,5025,50828
914610,0,32162,5025,50828
914660,0,32162,5025,50828
914752,0,32162,4758,50828
914802,0,32162,4758,50828
914937,0,32162,4758,50857
914987,0,32162,4758,50857
915037,0,32842,4758,50857
915087,0,32842,4758,50857
915137,0,32842,4399,50857
915187,0,32842,4399,50857
915237,0,32842,4399,50857
915287,0,32842,4399,50857
915337,0,32842,4399,50912
915387,0,32842,4399,50912
915437,0,33552,4399,50912
915487,0,33552,4399,50912
915537,0,33552,4003,50912
915587,0,33552,4003,50912
915637,0,33552,4003,50912
915729,0,33552,4003,50912
915779,0,33552,4003,50930
915829,0,32842,4003,50930
915879,0,32842,4003,50930
915929,0,32842,4003,50930
916064,0,33552,3875,50930
916114,0,33552,3875,50930
916164,0,33552,3875,50960
916214,0,33552,3875,50960
916264,0,32842,3875,50960
916314,0,32842,3875,50960
916364,0,32842,3737,50960
916414,0,32842,3737,50960
916464,0,33552,3737,50960
916514,0,33552,3737,50960
916564,0,33552,3737,51013
916614,0,33552,3737,51013
916664,0,32842,3737,51013
916756,0,32842,3590,51013
916806,0,32842,3590,51013
916856,0,32842,3590,51013
916906,0,32842,3590,51013
916956,0,32842,3590,51041
917006,0,32842,3590,51041
917056,0,32842,3590,51041
917191,0,32842,3293,51041
917241,0,33552,3293,51041
917291,0,33552,3293,51041
917341,0,33552,3293,51041
917391,0,33552,3293,51116
917441,0,32162,3293,51116
917491,0,32162,3293,51116
917541,0,32162,3293,51116
917591,0,32162,2925,51116
917641,0,32162,2925,51116
917733,0,32162,2925,51116
917783,0,32162,2925,51146
917833,0,32162,2925,51146
917883,0,32162,2925,51146
917933,0,32162,2925,51146
917983,0,32162,2752,51146
918033,0,32842,2752,51146
918083,0,32842,2752,51146
918133,0,32842,2752,51146
918183,0,32842,2752,51156
918318,0,32842,2752,51156
918368,0,32842,2712,51156
918418,0,32842,2712,51156
918468,0,33552,2712,51156
918518,0,33552,2712,51156
918568,0,33552,2712,51183
918618,0,33552,2712,51183
918668,0,33552,2712,51183
918760,0,33552,2748,51183
918810,0,33552,2748,51183
918860,0,32842,2748,51183
918910,0,32842,2748,51183
918960,0,32842,2748,51179
919010,0,32842,2748,51179
919060,0,33552,2748,51179
919110,0,33552,2748,51179
919160,0,33552,2748,51179
919210,0,33552,2524,51179
919260,0,32842,2524,51179
919310,0,32842,2524,51179
919445,0,32842,2524,51224
919495,0,32842,2524,51224
919545,0,32842,2524,51224
919595,0,32842,2371,51224
919645,0,33552,2371,51224
919695,0,33552,2371,51224
919787,0,33552,2371,51263
919837,0,32162,2371,51263
919887,0,32162,2371,51263
919937,0,32162,2371,51263
919987,0,32162,2221,51263
920037,0,32842,2221,51263
920087,0,32842,2221,51263
920137,0,32842,2221,51263
920187,0,32842,2221,51277
920237,0,32842,2221,51277
920287,0,32842,2221,51277
920337,0,32842,2221,51277
920387,0,32842,2136,51277
920437,0,32842,2136,51277
920572,0,32842,2136,51274
920622,0,32842,2136,51274
920672,0,32162,2136,51274
920764,0,32162,2136,51274
920814,0,32162,2228,51274
920864,0,32162,2228,51274
920914,0,32162,2228,51274
920964,0,32162,2228,51274
921014,0,32162,2228,51248
921064,0,32842,2228,51248
921114,0,32842,2228,51248
921164,0,32842,2228,51248
921214,0,32842,2257,51248
921264,0,32162,2257,51248
921314,0,32162,2257,51248
921364,0,32162,2257,51248
921414,0,32162,2257,51286
921464,0,32162,2257,51286
921514,0,32162,2257,51286
921564,0,32162,2257,51286
921699,0,32842,2199,51286
921791,0,32842,2199,51299
921841,0,32842,2199,51299
921891,0,32842,2199,51299
921941,0,32842,2199,51299
921991,0,32842,2188,51299
922041,0,32842,2188,51299
922091,0,32842,2188,51299
922141,0,32842,2188,51299
922191,0,32842,2188,51298
922241,0,32842,2188,51298
922291,0,32842,2188,51298
922341,0,32842,2188,51298
922391,0,32842,2254,51298
922441,0,32842,2254,51298
922491,0,32842,2254,51298
922541,0,32842,2254,51298
922591,0,32842,2254,51290
922641,0,33552,2254,51290
922733,0,33552,2254,51290
922868,0,32842,2377,51290
922918,0,32842,2377,51290
922968,0,32842,2377,51290
923018,0,32842,2377,51267
923068,0,32842,2377,51267
923118,0,32842,2377,51267
923168,0,32842,2377,51267
923218,0,32842,2511,51267
923268,0,32842,2511,51267
923318,0,32842,2511,51267
923368,0,32842,2511,51267
923418,0,32842,2511,51246
923468,0,32842,2511,51246
923518,0,32842,2511,51246
923568,0,32842,2511,51246
923618,0,32842,2869,51246
923710,0,32162,2869,51246
923760,0,32162,2869,51246
923810,0,32162,2869,51178
923860,0,32162,2869,51178
923995,0,32162,2869,51178
924045,0,32162,3221,51178
924095,0,32162,3221,51178
924145,0,32162,3221,51178
924195,0,32162,3221,51178
924245,0,31498,3221,51141
924295,0,31498,3221,51141
924345,0,31498,3221,51141
924395,0,31498,3221,51141
924445,0,32162,3406,51141
924495,0,32162,3406,51141
924545,0,32162,3406,51141
924595,0,32162,3406,51141
924645,0,31498,3406,51109
924737,0,31498,3406,51109
924787,0,31498,3406,51109
924837,0,31498,3692,51109
924887,0,31498,3692,51109
924937,0,31498,3692,51109
924987,0,31498,3692,51109
925122,0,31498,3692,51056
925172,0,31498,3692,51056
925222,0,31498,4067,51056
925272,0,31498,4067,51056
925322,0,31498,4067,51056
925372,0,31498,4067,51056
925422,0,31498,4067,50980
925472,0,32162,4067,50980
925522,0,32162,4067,50980
925572,0,32162,4067,50980
925622,0,32162,4651,50980
925672,0,31498,4651,50980
925764,0,31498,4651,50980
925814,0,31498,4651,50891
925864,0,31498,4651,50891
925914,0,31498,4651,50891
926049,0,31498,5113,50891
926099,0,31498,5113,50891
926149,0,31498,5113,50891
926199,0,31498,5113,50891
926249,0,31498,5113,50805
926299,0,31498,5113,50805
926349,0,31498,5113,50805
926399,0,31498,5113,50805
926449,0,31498,5731,50805
926499,0,31498,5731,50805
926549,0,31498,5731,50805
926599,0,31498,5731,50805
926649,0,30881,5731,50729
926741,0,30881,5731,50729
926791,0,30881,5731,50729
926841,0,31498,6375,50729
926891,0,31498,6375,50729
926941,0,31498,6375,50729
926991,0,31498,6375,50729
927041,0,31498,6375,50647
927176,0,31498,6375,50647
927226,0,30881,7010,50647
927276,0,30881,7010,50647
927326,0,30881,7010,50647
927376,0,30881,7010,50647
927426,0,30881,7010,50585
927476,0,30881,7010,50585
927526,0,30881,7010,50585
927576,0,30881,7010,50585
927626,0,30881,7410,50585
927676,0,30881,7410,50585
927768,0,30881,7410,50585
927818,0,30881,7410,50530
927868,0,30881,7410,50530
927918,0,30881,7410,50530
927968,0,30881,7410,50530
928018,0,30881,7642,50530
928068,0,30881,7642,50530
928118,0,30881,7642,50530
928168,0,30881,7642,50530
928303,0,32162,7642,50490
928353,0,32162,7642,50490
928403,0,32162,7642,50490
928453,0,31498,7937,50490
928503,0,31498,7937,50490
928553,0,31498,7937,50490
928603,0,31498,7937,50490
928653,0,30881,7937,50433
928703,0,30881,7937,50433
928795,0,30881,7937,50433
928845,0,31498,8340,50433
928895,0,31498,8340,50433
928945,0,31498,8340,50433
928995,0,31498,8340,50433
929045,0,31498,8340,50414
929095,0,31498,8340,50414
929145,0,31498,8340,50414
929195,0,31498,8340,50414
929245,0,31498,8440,50414
929295,0,31498,8440,50414
929430,0,31498,8440,50368
929480,0,31498,8440,50368
929530,0,31498,8440,50368
929580,0,31498,8440,50368
929630,0,31498,8513,50368
929680,0,31498,8513,50368
929772,0,31498,8513,50368
929822,0,31498,8513,50368
929872,0,32162,8513,50343
929922,0,32162,8513,50343
929972,0,32162,8513,50343
930022,0,32162,8513,50343
930072,0,31498,8596,50343
930122,0,31498,8596,50343
930172,0,31498,8596,50343
930222,0,31498,8596,50343
930272,0,31498,8596,50334
930322,0,31498,8596,50334
930372,0,31498,8596,50334
930422,0,31498,8596,50334
930557,0,31498,8613,50334
930607,0,31498,8613,50334
930657,0,31498,8613,50314
930707,0,31498,8613,50314
930799,0,31498,8613,50314
930849,0,31498,8587,50314
930899,0,31498,8587,50314
930949,0,31498,8587,50314
930999,0,31498,8587,50314
931049,0,31498,8587,50293
931099,0,31498,8587,50293
931149,0,31498,8587,50293
931199,0,31498,8587,50293
931249,0,31538,8643,50293
931299,0,31578,8643,50293
931349,0,31618,8643,50293
931399,0,31658,8643,50293
931449,0,31698,8643,50273
931499,0,31738,8643,50273
931549,0,31778,8643,50273
931686,0,31888,8831,50273
931736,0,31928,8831,50273
931786,0,31968,8831,50273
931878,0,32042,8831,50284
931928,0,32082,8831,50284
931978,0,32122,8831,50284
932028,0,32162,8831,50284
932078,0,32162,8819,50284
932128,0,32162,8819,50284
932178,0,32162,8819,50284
932228,0,31498,8819,50284
932278,0,31498,8819,50272
932328,0,31498,8819,50272
932378,0,31498,8819,50272
932428,0,32162,8819,50272
932478,0,32162,8761,50272
932528,0,32162,8761,50272
932578,0,32162,8761,50272
932628,0,32162,8761,50272
932678,0,32162,8761,50250
932813,0,32162,8761,50250
932905,0,32162,8612,50250
932955,0,32162,8612,50250
933005,0,32162,8612,50250
933055,0,31498,8612,50287
933105,0,31498,8612,50287
933155,0,31498,8612,50287
933205,0,31498,8612,50287
933255,0,32162,8480,50287
933305,0,32162,8480,50287
933355,0,32162,8480,50287
933405,0,32162,8480,50287
933455,0,31498,8480,50280
933505,0,31498,8480,50280
933555,0,31498,8480,50280
933605,0,31498,8480,50280
933655,0,31498,8651,50280
933705,0,31498,8651,50280
933755,0,31498,8651,50280
933847,0,32162,8651,50280
933982,0,32162,8651,50270
934032,0,31498,8651,50270
934082,0,31498,8687,50270
934132,0,31498,8687,50270
934182,0,31498,8687,50270
934232,0,31498,8687,50270
934282,0,31498,8687,50238
934332,0,31498,8687,50238
934382,0,31498,8687,50238
934432,0,32162,8687,50238
934482,0,32162,8992,50238
934532,0,32162,8992,50238
934582,0,32162,8992,50238
934632,0,32162,8992,50238
934682,0,32162,8992,50194
934732,0,32162,8992,50194
934824,0,32162,8992,50194
934874,0,32162,9384,50194
934924,0,32162,9384,50194
934974,0,32162,9384,50194
935109,0,31498,9384,50167
935159,0,31498,9384,50167
935209,0,31498,9384,50167
935259,0,31498,9403,50167
935309,0,31498,9403,50167
935359,0,31498,9403,50167
935409,0,31498,9403,50167
935459,0,31498,9403,50176
935509,0,31498,9403,50176
935559,0,31498,9403,50176
935609,0,31498,9403,50176
935659,0,31498,9330,50176
935709,0,31498,9330,50176
935759,0,31498,9330,50176
935893,0,32162,9330,50151
935943,0,32162,9330,50151
935993,0,32162,9330,50151
936043,0,32162,9330,50151
936093,0,32162,9598,50151
936143,0,32162,9598,50151
936448,0,31498,9598,50119
936498,0,31498,9746,50119
936548,0,31498,9746,50119
936598,0,31498,9746,50119
936648,0,30881,9746,50119
936698,0,30881,9746,50123
936748,0,30881,9746,50123
936798,0,30881,9746,50123
936848,0,30881,9746,50123
936898,0,30881,9513,50123
936948,0,30881,9513,50123
936998,0,30881,9513,50123
937090,0,31498,9513,50114
937140,0,31498,9513,50114
937190,0,31498,9513,50114
937240,0,31498,9513,50114
937290,0,31498,9468,50114
937340,0,31498,9468,50114
937390,0,31498,9468,50114
937440,0,31498,9468,50114
937617,0,31498,9468,50053
937667,0,31498,9468,50053
937717,0,31498,9654,50053
937767,0,31498,9654,50053
937817,0,31498,9654,50053
937867,0,31498,9654,50053
937917,0,31498,9654,50070
937967,0,31498,9654,50070
938017,0,31498,9654,50070
938109,0,30881,9615,50070
938159,0,30881,9615,50070
938209,0,30881,9615,50070
938259,0,30881,9615,50070
938309,0,30881,9615,50091
938359,0,30881,9615,50091
938409,0,30881,9615,50091
938459,0,31498,9615,50091
938509,0,31498,9591,50091
938559,0,31498,9591,50091
938609,0,31498,9591,50091
938744,0,31498,9591,50067
938794,0,31498,9591,50067
938844,0,31498,9591,50067
938894,0,31498,9593,50067
938944,0,31498,9593,50067
938994,0,31498,9593,50067
939044,0,31498,9593,50067
939136,0,31498,9593,50082
939186,0,31498,9593,50082
939236,0,31498,9593,50082
939286,0,31498,9628,50082
939336,0,31498,9628,50082
939386,0,31498,9628,50082
939436,0,30881,9628,50082
939486,0,30881,9628,50016
939536,0,30881,9628,50016
939586,0,30881,9628,50016
939636,0,30881,9628,50016
939686,0,30881,9818,50016
939736,0,30881,9818,50016
939871,0,31498,9818,50016
939921,0,31498,9818,50033
939971,0,31498,9818,50033
940021,0,31498,9818,50033
940071,0,31498,9818,50033
940163,0,31498,9658,50033
940213,0,31498,9658,50033
940263,0,31498,9658,50033
940313,0,31498,9658,50064
940363,0,31498,9658,50064
940413,0,31498,9658,50064
940463,0,31498,9658,50064
940513,0,31498,9339,50064
940563,0,31498,9339,50064
940613,0,31498,9339,50064
940663,0,31498,9339,50064
940798,0,31498,9339,50133
940848,0,31498,9339,50133
940898,0,31498,8667,50133
940948,0,31498,8667,50133
940998,0,31498,8667,50133
941048,0,31776,8667,50133
941140,0,32287,8667,50214
941190,0,32564,8667,50214
941240,0,32842,8667,50214
941290,0,32842,8347,50214
941340,0,32842,8347,50214
941390,0,32842,8347,50214
941440,0,32162,8347,50214
941490,0,32162,8347,50306
941540,0,32162,8347,50306
941590,0,32162,8347,50306
941640,0,32162,8347,50306
941690,0,32162,8347,50306
941740,0,32162,7892,50306
941790,0,32162,7892,50306
941925,0,31498,7892,50355
941975,0,31498,7892,50355
942025,0,32162,7892,50355
942075,0,32162,7892,50355
942167,0,32162,7512,50355
942217,0,32162,7512,50355
942267,0,32162,7512,50355
942317,0,32162,7512,50380
942367,0,32162,7512,50380
942417,0,32162,7512,50380
942467,0,32162,7512,50380
942517,0,32162,7144,50380
942567,0,32162,7144,50380
942617,0,32162,7144,50380
942667,0,32162,7144,50380
942717,0,32162,7144,50408
942767,0,32162,7144,50408
942817,0,32162,7144,50408
942867,0,32162,7144,50408
942917,0,32162,7009,50408
943052,0,32162,7009,50408
943102,0,32162,7009,50408
943194,0,32162,7009,50449
943244,0,32202,7009,50449
943294,0,32242,7009,50449
943344,0,32282,6776,50449
943394,0,32322,6776,50449
943444,0,32362,6776,50449
943494,0,32402,6776,50449
943544,0,32442,6776,50480
943594,0,32482,6776,50480
943644,0,32522,6776,50480
943694,0,32562,6776,50480
943744,0,32602,6573,50480
943794,0,32642,6573,50480
943844,0,32682,6573,50480
943894,0,32722,6573,50480
943944,0,32762,6573,50545
943994,0,32802,6573,50545
944044,0,32842,6573,50545
944179,0,32842,6242,50545
944229,0,32162,6242,50545
944321,0,32162,6242,50590
944371,0,32162,6242,50590
944421,0,32162,6242,50590
944471,0,31498,6242,50590
944521,0,31498,5994,50590
944571,0,31498,5994,50590
944621,0,31498,5994,50590
944671,0,32162,5994,50590
944721,0,32162,5994,50637
944771,0,32162,5994,50637
944821,0,32162,5994,50637
944871,0,32842,5994,50637
944921,0,32842,5736,50637
944971,0,32842,5736,50637
945021,0,32842,5736,50637
945071,0,32162,5736,50637
945121,0,32162,5736,50664
945171,0,32162,5736,50664
945349,0,32842,5507,50664
945399,0,32842,5507,50664
945449,0,32162,5507,50664
945499,0,32162,5507,50664
945549,0,32162,5507,50660
945599,0,32162,5507,50660
945649,0,32842,5507,50660
945699,0,32842,5507,50660
945749,0,32842,5326,50660
945799,0,32842,5326,50660
945849,0,32842,5326,50660
945899,0,32842,5326,50660
945949,0,32842,5326,50702
945999,0,32842,5326,50702
946049,0,32842,5326,50702
946099,0,32842,5326,50702
946149,0,32842,5231,50702
946241,0,32842,5231,50702
946291,0,32842,5231,50702
946341,0,32842,5231,50732
946476,0,32842,5231,50732
946526,0,32842,5148,50732
946576,0,32842,5148,50732
946626,0,32842,5148,50732
946676,0,32842,5148,50732
946726,0,32842,5148,50739
946776,0,32842,5148,50739
946826,0,32766,5148,50739
946876,0,32691,5148,50739
946926,0,32615,5148,50739
946976,0,32540,5029,50739
947026,0,32464,5029,50739
947076,0,32389,5029,50739
947126,0,32313,5029,50739
947176,0,32238,5029,50744
947226,0,32162,5029,50744
947318,0,32162,5029,50744
947368,0,32162,5128,50744
947418,0,32162,5128,50744
947468,0,32162,5128,50744
947603,0,32162,5128,50751
947653,0,32842,5128,50751
947703,0,32842,5128,50751
947753,0,32842,5055,50751
947803,0,32842,5055,50751
947853,0,32162,5055,50751
947903,0,32162,5055,50751
947953,0,32162,5055,50745
948003,0,32162,5055,50745
948053,0,31498,5055,50745
948103,0,31498,5055,50745
948153,0,31498,5224,50745
948203,0,31498,5224,50745
948253,0,32842,5224,50745
948345,0,32842,5224,50736
948395,0,32842,5224,50736
948445,0,32842,5224,50736
948495,0,32842,5224,50736
948545,0,32842,5299,50736
948595,0,32842,5299,50736
948732,0,32162,5299,50736
948782,0,32162,5299,50717
948832,0,32162,5299,50717
948882,0,32162,5299,50717
948932,0,32162,5299,50717
948982,0,32162,5268,50717
949032,0,32162,5268,50717
949082,0,32162,5268,50717
949132,0,32162,5268,50717
949182,0,32162,5268,50696
949232,0,32842,5268,50696
949324,0,32842,5268,50696
949374,0,32842,5437,50696
949424,0,32842,5437,50696
949474,0,32842,5437,50696
949524,0,32842,5437,50696
949574,0,32842,5437,50682
949624,0,32162,5437,50682
949674,0,32162,5437,50682
949724,0,32162,5437,50682
949859,0,32162,5599,50682
949909,0,32162,5599,50682
949959,0,32162,5599,50678
950009,0,32162,5599,50678
950059,0,32842,5599,50678
950109,0,32842,5599,50678
950159,0,32842,5568,50678
950209,0,32842,5568,50678
950259,0,32162,5568,50678
950351,0,32162,5568,50678
950401,0,32162,5568,50636
950451,0,32162,5568,50636
950501,0,32162,5568,50636
950551,0,32162,5568,50636
950601,0,32162,5991,50636
950651,0,32162,5991,50636
950701,0,32162,5991,50636
950751,0,32162,5991,50636
950801,0,32162,5991,50593
950851,0,32162,5991,50593
950986,0,32162,6272,50593
951036,0,32162,6272,50593
951086,0,32162,6272,50593
951136,0,32162,6272,50593
951186,0,32162,6272,50549
951236,0,32162,6272,50549
951286,0,32162,6272,50549
951378,0,32162,6749,50549
951428,0,31498,6749,50549
951478,0,31498,6749,50549
951528,0,31498,6749,50549
951578,0,31498,6749,50505
951628,0,31498,6749,50505
951678,0,31498,6749,50505
951728,0,31498,6749,50505
951778,0,31498,7096,50505
951828,0,31498,7096,50505
951878,0,31498,7096,50505
951928,0,31498,7096,50505
951978,0,31498,7096,50485
952113,0,32162,7096,50485
952163,0,32162,7096,50485
952213,0,32162,6984,50485
952263,0,31498,6984,50485
952355,0,31498,6984,50485
952405,0,31498,6984,50427
952455,0,32162,6984,50427
952505,0,32162,6984,50427
952555,0,32162,6984,50427
952605,0,32162,7232,50427
952655,0,31498,7232,50427
952705,0,31498,7232,50427
952755,0,31498,7232,50427
952805,0,31498,7232,50360
952855,0,32162,7232,50360
952905,0,32162,7232,50360
952955,0,32162,7232,50360
953005,0,32162,7488,50360
953055,0,32162,7488,50360
953105,0,32162,7488,50360
953240,0,32162,7488,50385
953290,0,32162,7488,50385
953382,0,32162,7784,50385
953432,0,31498,7784,50385
953482,0,31498,7784,50385
953532,0,31498,7784,50385
953582,0,31498,7784,50283
953632,0,32162,7784,50283
953682,0,32162,7784,50283
953732,0,32162,7784,50283
953782,0,32162,8216,50283
953832,0,31498,8216,50283
953882,0,31498,8216,50283
953932,0,31498,8216,50283
953982,0,31498,8216,50236
954032,0,31498,8216,50236
954082,0,31498,8216,50236
954132,0,31498,8216,50236
954182,0,31498,8217,50236
954232,0,31498,8217,50236
954410,0,31498,8217,50297
954460,0,31498,8217,50297
954510,0,31498,8217,50297
954560,0,31498,8217,50297
954610,0,31498,8131,50297
954660,0,31498,8131,50297
954710,0,31498,8131,50297
954760,0,31498,8131,50297
954810,0,31498,8131,50276
954860,0,32162,8131,50276
954910,0,32162,8131,50276
954960,0,32162,8131,50276
955010,0,32162,8132,50276
955060,0,32162,8132,50276
955110,0,32162,8132,50276
955160,0,32162,8132,50276
955295,0,32162,8132,50243
955387,0,32162,8353,50243
955437,0,32842,8353,50243
955487,0,32842,8353,50243
955537,0,32842,8353,50243
955587,0,32842,8353,50257
955637,0,32162,8353,50257
955687,0,32162,8353,50257
955737,0,32162,8353,50257
955787,0,32162,8353,50257
955837,0,32162,8290,50257
955887,0,32162,8290,50257
955937,0,32162,8290,50257
955987,0,32162,8290,50257
956037,0,32842,8290,50285
956087,0,32842,8290,50285
956137,0,32842,8290,50285
956187,0,32842,8290,50285
956237,0,32162,8165,50285
956329,0,32162,8165,50285
956464,0,32162,8165,50302
956514,0,32162,8165,50302
956564,0,32162,8165,50302
956614,0,32162,8082,50302
956664,0,32162,8082,50302
956714,0,32162,8082,50302
956764,0,32162,8082,50302
956814,0,32162,8082,50350
956864,0,32162,8082,50350
956914,0,32162,8082,50350
956964,0,32162,8082,50350
957014,0,32162,7931,50350
957064,0,32162,7931,50350
957114,0,32162,7931,50350
957164,0,32162,7931,50350
957214,0,32162,7931,50306
957264,0,32162,7931,50306
957356,0,32162,7931,50306
957406,0,32162,7766,50306
957456,0,32842,7766,50306
957591,0,32842,7766,50306
957641,0,32162,7766,50317
957691,0,32162,7766,50317
957741,0,32162,7766,50317
957791,0,32162,7766,50317
957841,0,32842,7673,50317
957891,0,32842,7673,50317
957941,0,32842,7673,50317
957991,0,32842,7673,50317
958041,0,32162,7673,50315
958091,0,32162,7673,50315
958141,0,32162,7673,50315
958191,0,32162,7673,50315
958241,0,32842,7676,50315
958333,0,32842,7676,50315
958383,0,32842,7676,50315
958433,0,31498,7676,50322
958483,0,31498,7676,50322
958533,0,31498,7676,50322
958583,0,31498,7676,50322
958718,0,32162,7570,50322
958768,0,32162,7570,50322
958818,0,32162,7570,50329
958868,0,32162,7570,50329
958918,0,32162,7570,50329
958968,0,32162,7570,50329
959018,0,32162,7459,50329
959068,0,32162,7459,50329
959118,0,32162,7459,50329
959168,0,32162,7459,50329
959218,0,32162,7459,50370
959268,0,31498,7459,50370
959360,0,31498,7459,50370
959410,0,31498,7459,50370
959460,0,32162,7366,50370
959510,0,32162,7366,50370
959560,0,32162,7366,50370
959610,0,32162,7366,50370
959660,0,32162,7366,50371
959710,0,32162,7366,50371
959845,0,31498,7508,50371
959895,0,31498,7508,50371
959945,0,31498,7508,50371
959995,0,31498,7508,50371
960045,0,31498,7508,50354
960095,0,31498,7508,50354
960145,0,31498,7508,50354
960195,0,31498,7508,50354
960245,0,32162,7472,50354
960295,0,32162,7472,50354
960387,0,32162,7472,50354
960437,0,31498,7472,50358
960487,0,31498,7472,50358
960537,0,31498,7472,50358
960587,0,31498,7472,50358
960637,0,31498,7524,50358
960687,0,31498,7524,50358
960737,0,31498,7524,50358
960787,0,31498,7524,50358
960837,0,32162,7524,50338
960973,0,32162,7524,50338
961023,0,32162,7592,50338
961073,0,32162,7592,50338
961123,0,32162,7592,50338
961173,0,32162,7592,50338
961223,0,32162,7592,50359
961273,0,32162,7592,50359
961365,0,32162,7592,50359
961415,0,32162,7592,50359
961465,0,32162,7587,50359
961515,0,32162,7587,50359
961565,0,32162,7587,50359
961615,0,32162,7587,50359
961665,0,32162,7587,50350
961715,0,32162,7587,50350
961765,0,32162,7587,50350
961815,0,32162,7587,50350
961865,0,32842,7514,50350
961915,0,32842,7514,50350
961965,0,32842,7514,50350
962100,0,32162,7514,50335
962150,0,32162,7514,50335
962200,0,32162,7514,50335
962250,0,32162,7409,50335
962300,0,32162,7409,50335
962392,0,32162,7409,50335
962442,0,32162,7409,50313
962492,0,32162,7409,50313
962542,0,32162,7409,50313
962592,0,32162,7409,50313
962642,0,32162,7341,50313
962692,0,32162,7341,50313
962742,0,32162,7341,50313
962792,0,32162,7341,50313
962842,0,32162,7341,51371
962892,0,32162,7341,51371
962942,0,32162,7341,51371
962992,0,32162,7341,51371
963042,0,32842,381,51371
963092,0,32842,381,51371
963227,0,32842,381,51371
963277,0,32842,381,51402
963327,0,32842,381,51402
963419,0,32842,381,51402
963469,0,32162,265,51402
963519,0,32162,265,51402
963569,0,32162,265,51402
963619,0,32162,265,51402
963669,0,32162,265,51422
963719,0,32162,265,51422
963769,0,32162,265,51422
963819,0,32162,265,51422
963869,0,32162,143,51422
963919,0,32162,143,51422
963969,0,32162,143,51422
964019,0,32162,143,51422
964069,0,31498,143,51459
964119,0,31498,143,51459
964169,0,31498,143,51459
964219,0,31498,143,51459
964378,0,32162,119,51459
964470,0,31498,119,51473
964520,0,31498,119,51473
964570,0,31498,119,51473
964620,0,31498,119,51473
964670,0,30881,118,51473
964720,0,30881,118,51473
964770,0,30881,118,51473
964820,0,30881,118,51473
964870,0,30881,118,51485
964920,0,30881,118,51485
964970,0,30881,118,51485
965020,0,30881,118,51485
965070,0,31498,118,51485
965120,0,31498,118,51485
965170,0,31498,118,51485
965220,0,31498,118,51485
965270,0,31498,118,51497
965320,0,31498,118,51497
965412,0,31498,118,51497
965547,0,30263,117,51497
965597,0,30263,117,51497
965647,0,30881,117,51497
965697,0,30881,117,51507
965747,0,30881,117,51507
965797,0,30881,117,51507
965847,0,30881,117,51507
965897,0,30881,116,51507
965947,0,30881,116,51507
965997,0,30881,116,51507
966047,0,30263,116,51507
966097,0,30263,116,51334
966147,0,30263,116,51334
966197,0,30263,116,51334
966247,0,30881,116,51334
966297,0,30881,228,51334
966347,0,30881,228,51334
966439,0,30263,228,51334
966489,0,30263,228,51515
966539,0,30263,228,51515
966674,0,30263,190,51515
966724,0,30263,190,51515
966774,0,30263,190,51515
966824,0,30263,190,51515
966874,0,30263,190,51523
966924,0,30263,190,51523
966974,0,30263,190,51523
967024,0,30263,190,51523
967074,0,30263,191,51523
967124,0,30263,191,51523
967174,0,30263,191,51523
967224,0,30263,191,51523
967274,0,30263,191,51515
967324,0,30263,191,51515
967374,0,30263,191,51515
967424,0,30263,191,51515
967516,0,30263,285,51515
967566,0,30263,285,51515
967616,0,30263,285,51515
967666,0,29692,285,51512
967801,0,29692,285,51512
967851,0,29692,285,51512
967901,0,29692,373,51512
967951,0,29692,373,51512
968001,0,29692,373,51512
968051,0,29692,373,51512
968101,0,29692,373,51519
968151,0,29692,373,51519
968201,0,29692,373,51519
968251,0,30263,373,51519
968301,0,30263,368,51519
968351,0,30263,368,51519
968401,0,30263,368,51519
968451,0,30263,368,51519
968585,0,30263,368,51526
968635,0,30263,368,51526
968685,0,30263,363,51526
968735,0,30263,363,51526
968785,0,30263,363,51526
968835,0,30263,363,51526
969140,0,29692,364,51533
969190,0,29692,364,51533
969240,0,29692,364,51533
969290,0,29692,364,51539
969340,0,29692,364,51539
969390,0,29692,364,51539
969440,0,29692,364,51539
969490,0,29692,364,51539
969540,0,29692,364,51539
969590,0,29692,364,51539
969640,0,29692,364,51539
969690,0,29692,364,51038
969782,0,29692,364,51038
969832,0,29692,364,51038
969882,0,29692,364,51038
969932,0,29692,6000,51038
970109,0,29692,6000,50515
970159,0,29692,6000,50515
970209,0,29692,6000,50515
970259,0,29720,6000,50515
970309,0,29748,8077,50515
970359,0,29775,8077,50515
970409,0,29803,8077,50515
970459,0,29831,8077,50515
970509,0,29859,8077,50305
970559,0,29887,8077,50305
970609,0,29914,8077,50305
970659,0,29942,8077,50305
970709,0,29970,9334,50305
970759,0,29998,9334,50305
970809,0,30026,9334,50305
970859,0,30053,9334,50305
970951,0,30105,9334,50104
971001,0,30132,9334,50104
971051,0,30160,9334,50104
971101,0,30188,10402,50104
971236,0,30263,10402,50104
971286,0,30263,10402,50104
971336,0,30263,10402,49975
971386,0,30263,10402,49975
971436,0,30263,10402,49975
971486,0,30263,10402,49975
971536,0,30263,11435,49975
971586,0,30263,11435,49975
971636,0,30263,11435,49975
971686,0,30263,11435,49975
971736,0,30263,11435,49828
971786,0,30263,11435,49828
971836,0,30263,11435,49828
971886,0,30263,11435,49828
971978,0,30263,12083,49828
972028,0,30263,12083,49828
972078,0,30263,12083,49828
972128,0,30263,12083,49765
972178,0,30263,12083,49765
972228,0,30881,12083,49765
972363,0,30881,12157,49765
972413,0,30881,12157,49765
972463,0,30881,12157,49765
972513,0,30881,12157,49754
972563,0,30881,12157,49754
972613,0,30881,12157,49754
972663,0,30881,12157,49754
972713,0,30881,12411,49754
972763,0,30881,12411,49754
972813,0,30881,12411,49754
972863,0,30263,12411,49754
972955,0,30263,12411,49654
973005,0,30263,12411,49654
973055,0,30881,12411,49654
973105,0,30881,13054,49654
973155,0,30881,13054,49654
973205,0,30881,13054,49654
973255,0,30263,13054,49654
973305,0,30263,13054,49567
973355,0,30263,13054,49567
973490,0,30263,13054,49567
973540,0,30263,13222,49567
973590,0,30263,13222,49567
973640,0,30881,13222,49567
973690,0,30881,13222,49567
973740,0,30881,13222,49519
973790,0,30881,13222,49519
973840,0,30263,13222,49519
973932,0,30263,13657,49519
973982,0,30263,13657,49519
974032,0,30881,13657,49519
974082,0,30881,13657,49519
974132,0,30881,13657,49449
974182,0,30881,13657,49449
974232,0,30881,13657,49449
974282,0,30881,13657,49449
974332,0,30881,14103,49449
974382,0,30881,14103,49449
974432,0,30263,14103,49449
974482,0,30263,14103,49449
974617,0,30263,14103,49411
974667,0,30881,14103,49411
974717,0,30881,14082,49411
974767,0,30881,14082,49411
974817,0,30881,14082,49411
974909,0,31498,14082,49411
974959,0,31498,14082,49375
975009,0,31498,14082,49375
975059,0,30881,14082,49375
975109,0,30881,14082,49375
975159,0,30881,13685,49375
975209,0,30881,13685,49375
975259,0,30881,13685,49375
975309,0,30881,13685,49375
975359,0,30881,13685,49473
975409,0,30881,13685,49473
975459,0,30263,13685,49473
975509,0,30263,13685,49473
975559,0,30263,13368,49473
975609,0,30263,13368,49473
975744,0,30881,13368,49496
975794,0,30881,13368,49496
975886,0,30881,13368,49496
975936,0,30881,12949,49496
975986,0,30881,12949,49496
976036,0,30263,12949,49496
976086,0,30263,12949,49496
976136,0,30263,12949,49558
976186,0,30263,12949,49558
976236,0,30881,12949,49558
976286,0,30881,12949,49558
976336,0,30881,12585,49558
976386,0,30881,12585,49558
976436,0,30881,12585,49558
976486,0,30881,12585,49558
976536,0,30881,12585,49585
976586,0,30881,12585,49585
976636,0,30881,12585,49585
976686,0,30881,12585,49585
976778,0,30881,12119,49585
976914,0,30881,12119,49585
976964,0,30881,12119,49697
977014,0,30881,12119,49697
977064,0,30881,12119,49697
977114,0,30881,12119,49697
977164,0,30881,11431,49697
977214,0,30881,11431,49697
977264,0,32162,11431,49697
977314,0,32162,11431,49697
977364,0,32162,11431,49782
977414,0,32162,11431,49782
977464,0,32162,11431,49782
977514,0,32162,11431,49782
977564,0,32162,11073,49782
977614,0,32162,11073,49782
977664,0,32162,11073,49782
977756,0,32162,11073,49808
977806,0,32162,11073,49808
977856,0,32162,11073,49808
977906,0,32162,11073,49808
978041,0,32162,10522,49808
978091,0,32162,10522,49808
978141,0,32162,10522,49885
978191,0,32162,10522,49885
978241,0,32162,10522,49885
978291,0,32162,10522,49885
978341,0,32162,9910,49885
978391,0,32162,9910,49885
978441,0,32842,9910,49885
978491,0,32842,9910,49885
978541,0,32842,9910,49960
978591,0,32842,9910,49960
978641,0,32842,9910,49960
978733,0,32842,9910,49960
978783,0,32842,9460,49960
978833,0,32842,9460,49960
978883,0,32842,9460,49960
978933,0,32842,9460,49960
978983,0,32842,9460,50027
979033,0,32842,9460,50027
979168,0,32842,8909,50027
979218,0,32842,8909,50027
979268,0,32842,8909,50027
979318,0,32842,8909,50027
979368,0,32842,8909,50094
979418,0,32842,8909,50094
979468,0,33552,8909,50094
979518,0,33552,8909,50094
979568,0,33552,8497,50094
979618,0,33552,8497,50094
979668,0,32842,8497,50094
979760,0,32842,8497,50122
979810,0,32842,8497,50122
979860,0,32842,8497,50122
979910,0,32842,8497,50122
979960,0,32842,8011,50122
980010,0,32842,8011,50122
980060,0,32162,8011,50122
980110,0,32162,8011,50122
980160,0,32162,8011,50217
980295,0,32842,8011,50217
980345,0,32842,8011,50217
980395,0,32842,7658,50217
980445,0,32162,7658,50217
980495,0,32162,7658,50217
980545,0,32162,7658,50217
980595,0,32162,7658,50264
980645,0,32162,7658,50264
980695,0,32162,7658,50264
980787,0,32162,7398,50264
980837,0,32162,7398,50264
980887,0,32162,7398,50264
980937,0,32162,7398,50264
980987,0,32162,7398,50251
981037,0,32842,7398,50251
981087,0,32842,7398,50251
981137,0,32842,7398,50251
981187,0,32842,7424,50251
981237,0,32842,7424,50251
981287,0,32842,7424,50251
981424,0,32842,7424,50220
981474,0,32842,7424,50220
981524,0,32842,7424,50220
981574,0,32842,7575,50220
981624,0,32842,7575,50220
981674,0,32842,7575,50220
981766,0,32842,7575,50225
981816,0,32842,7575,50225
981866,0,33552,7575,50225
981916,0,33552,7575,50225
981966,0,33552,7855,50225
982016,0,33552,7855,50225
982066,0,32842,7855,50225
982116,0,32842,7855,50225
982166,0,32842,7855,50245
982216,0,32842,7855,50245
982266,0,33552,7855,50245
982316,0,33552,7855,50245
982366,0,33552,7855,50245
982416,0,33552,7916,50245
982551,0,32842,7916,50245
982601,0,32842,7916,50203
982651,0,33552,7916,50203
982701,0,33552,7916,50203
982793,0,33552,7871,50203
982843,0,32842,7871,50203
982893,0,32842,7871,50203
982943,0,32842,7871,50203
982993,0,32842,7871,50157
983043,0,33552,7871,50157
983093,0,33552,7871,50157
983143,0,33552,7871,50157
983193,0,33552,8126,50157
983243,0,32162,8126,50157
983293,0,32162,8126,50157
983343,0,32162,8126,50157
983393,0,32162,8126,50110
983443,0,32842,8126,50110
983493,0,32842,8126,50110
983543,0,32842,8126,50110
983679,0,32842,8461,50110
983729,0,32842,8461,50110
983821,0,32842,8461,50055
983871,0,32162,8461,50055
983921,0,32162,8461,50055
983971,0,32162,8461,50055
984021,0,32162,8619,50055
984071,0,32842,8619,50055
984121,0,32842,8619,50055
984171,0,32842,8619,50055
984221,0,32842,8619,50069
984271,0,32842,8619,50069
984321,0,32842,8619,50069
984371,0,32842,8619,50069
984421,0,32842,8842,50069
984471,0,32842,8842,50069
984606,0,32842,8842,49936
984656,0,32842,8842,49936
984706,0,32842,8842,49936
984798,0,32842,9872,49936
984848,0,33552,9872,49936
984898,0,33552,9872,49936
984948,0,33552,9872,49936
984998,0,33552,9872,49846
985048,0,33552,9872,49846
985098,0,33552,9872,49846
985148,0,33552,9872,49846
985198,0,33552,10417,49846
985248,0,33552,10417,49846
985298,0,33552,10417,49846
985348,0,33552,10417,49846
985398,0,33552,10417,49778
985448,0,33552,10417,49778
985498,0,33552,10417,49778
985548,0,33552,10417,49778
985598,0,33552,10828,49778
985733,0,33552,10828,49778
985825,0,33552,10828,49707
985875,0,33552,10828,49707
985925,0,33552,10828,49707
985975,0,33552,10828,49707
986025,0,33473,11230,49707
986075,0,33394,11230,49707
986125,0,33315,11230,49707
986175,0,33236,11230,49707
986225,0,33158,11230,49635
986275,0,33079,11230,49635
986325,0,33000,11230,49635
986375,0,32921,11230,49635
986425,0,32842,11184,49635
986475,0,32842,11184,49635
986525,0,32842,11184,49635
986575,0,32842,11184,49635
986625,0,32842,11184,49654
986675,0,32842,11184,49654
986767,0,32842,11184,49654
986902,0,32842,11282,49654
986952,0,32842,11282,49654
987002,0,32842,11282,49716
987052,0,32162,11282,49716
987102,0,32162,11282,49716
987152,0,32162,11282,49716
987202,0,32162,10835,49716
987252,0,32842,10835,49716
987302,0,32842,10835,49716
987352,0,32842,10835,49716
987402,0,32842,10835,49771
987452,0,32162,10835,49771
987502,0,32162,10835,49771
987552,0,32162,10835,49771
987602,0,32162,10491,49771
987652,0,32162,10491,49771
987744,0,32162,10491,49771
987794,0,32162,10491,49771
987844,0,32162,10491,49731
987894,0,32162,10491,49731
988029,0,32842,10017,49731
988079,0,32842,10017,49731
988129,0,32842,10017,49731
988179,0,32842,10017,49731
988229,0,32842,10017,49875
988279,0,32842,10017,49875
988329,0,32842,10017,49875
988379,0,32842,10017,49875
988429,0,33552,9416,49875
988479,0,33552,9416,49875
988529,0,33552,9416,49875
988579,0,33552,9416,49875
988629,0,33552,9416,49979
988721,0,33552,9416,49979
988771,0,33552,9416,49979
988821,0,33552,8713,49979
988871,0,32842,8713,49979
988921,0,32842,8713,49979
988971,0,32842,8713,49979
989021,0,32842,8713,50076
989156,0,32842,8713,50076
989206,0,32842,8713,50076
989256,0,32842,8080,50076
989306,0,32842,8080,50076
989356,0,32842,8080,50076
989406,0,32842,8080,50076
989456,0,32842,8080,50154
989506,0,32842,8080,50154
989556,0,32842,8080,50154
989606,0,32842,8080,50154
989656,0,32842,7334,50154
989748,0,32842,7334,50154
989798,0,32842,7334,50154
989848,0,32842,7334,50259
989898,0,32842,7334,50259
989948,0,32842,7334,50259
989998,0,32842,7334,50259
990048,0,32162,6785,50259
990098,0,32162,6785,50259
990148,0,32162,6785,50259
990283,0,32162,6785,50369
990333,0,32162,6785,50369
990383,0,32162,6785,50369
990433,0,32842,6475,50369
990483,0,32842,6475,50369
990533,0,32842,6475,50369
990583,0,32842,6475,50369
990633,0,32162,6475,50394
990725,0,32162,6475,50394
990775,0,32162,6475,50394
990825,0,32842,6475,50394
990875,0,32842,6099,50394
990925,0,32842,6099,50394
990975,0,32842,6099,50394
991025,0,32842,6099,50394
991075,0,32842,6099,50438
991125,0,32842,6099,50438
991175,0,32842,6099,50438
991225,0,32842,6099,50438
991275,0,32842,5701,50438
991410,0,32842,5701,50438
991460,0,32842,5701,50448
991510,0,32842,5701,50448
991560,0,32842,5701,50448
991610,0,32842,5701,50448
991660,0,32162,5614,50448
991752,0,32162,5614,50448
991802,0,32162,5614,50448
991852,0,32842,5614,50474
991902,0,32842,5614,50474
991952,0,32842,5614,50474
992002,0,32842,5614,50474
992052,0,32842,5575,50474
992102,0,32842,5575,50474
992152,0,32842,5575,50474
992202,0,32842,5575,50474
992252,0,33552,5575,50522
992302,0,33552,5575,50522
992352,0,33552,5575,50522
992402,0,33552,5575,50522
992537,0,33552,5416,50522
992587,0,33552,5416,50522
992637,0,32842,5416,50551
992687,0,32842,5416,50551
992779,0,32842,5416,50551
992829,0,33552,5416,50551
992879,0,33552,5092,50551
992929,0,33552,5092,50551
992979,0,33552,5092,50551
993029,0,33552,5092,50551
993079,0,33552,5092,50599
993129,0,33552,5092,50599
993179,0,33552,5092,50599
993229,0,33552,5092,50599
993279,0,33552,4812,50599
993329,0,33552,4812,50599
993379,0,33552,4812,50599
993429,0,32842,4812,50599
993479,0,32842,4812,50658
993529,0,32842,4812,50658
993665,0,32842,4650,50658
993757,0,32842,4650,50658
993807,0,32842,4650,50658
993857,0,32162,4650,50662
993907,0,32162,4650,50662
993957,0,32162,4650,50662
994007,0,32162,4650,50662
994057,0,32842,4469,50662
994107,0,32842,4469,50662
994157,0,32842,4469,50662
994207,0,32842,4469,50662
994257,0,32842,4469,50661
994307,0,32842,4469,50661
994357,0,32842,4469,50661
994407,0,32842,4469,50661
994457,0,32842,4418,50661
994507,0,32842,4418,50661
994557,0,32842,4418,50661
994607,0,32842,4418,50661
994699,0,32842,4418,50702
994834,0,32842,4418,50702
994884,0,32842,4171,50702
994934,0,32842,4171,50702
994984,0,32842,4171,50702
995034,0,32842,4171,50702
995084,0,32842,4171,50734
995134,0,32842,4171,50734
995184,0,32842,4171,50734
995234,0,33552,4171,50734
995284,0,33552,4009,50734
995334,0,33552,4009,50734
995384,0,33552,4009,50734
995434,0,33552,4009,50734
995484,0,33552,4009,50774
995534,0,33552,4009,50774
995584,0,33552,4009,50774
995634,0,32842,4009,50774
995726,0,32842,4022,50774
995776,0,32842,4022,50774
995826,0,33552,4022,50774
995961,0,33552,4022,50742
996011,0,33552,4022,50742
996061,0,33552,4022,50742
996111,0,33552,4318,50742
996161,0,33552,4318,50742
996211,0,33552,4318,50742
996261,0,32842,4318,50742
996311,0,32842,4318,50746
996361,0,32842,4318,50746
996411,0,32842,4318,50746
996461,0,32842,4318,50746
996511,0,32842,4355,50746
996561,0,32842,4355,50746
996611,0,32842,4355,50746
996703,0,32842,4355,50712
996753,0,32842,4355,50712
996803,0,32842,4355,50712
996853,0,32842,4355,50712
996903,0,32842,4473,50712
996953,0,32842,4473,50712
997088,0,31498,4473,50682
997138,0,31498,4473,50682
997188,0,31498,4473,50682
997238,0,32162,4473,50682
997288,0,32162,4589,50682
997338,0,32162,4589,50682
997388,0,32162,4589,50682
997438,0,32162,4589,50682
997488,0,32162,4589,50658
997538,0,32162,4589,50658
997588,0,32162,4589,50658
997638,0,32162,4589,50658
997730,0,32162,4712,50658
997780,0,32162,4712,50658
997830,0,32162,4712,50658
997880,0,32162,4712,50671
997930,0,32162,4712,50671
997980,0,32162,4712,50671
998030,0,32162,4712,50671
998080,0,32162,4878,50671
998215,0,32162,4878,50671
998265,0,32162,4878,50671
998315,0,32162,4878,50631
998365,0,32162,4878,50631
998415,0,32162,4878,50631
998465,0,32195,4878,50631
998515,0,32228,5013,50631
998565,0,32261,5013,50631
998615,0,32294,5013,50631
998665,0,32327,5013,50631
998757,0,32388,5013,50637
998807,0,32421,5013,50637
998857,0,32454,5013,50637
998907,0,32487,5151,50637
998957,0,32520,5151,50637
999007,0,32553,5151,50637
999144,0,32644,5151,50645
999194,0,32677,5151,50645
999244,0,32710,5151,50645
999294,0,32743,4943,50645
999344,0,32776,4943,50645
999394,0,32809,4943,50645
999444,0,32842,4943,50645
999494,0,32842,4943,50628
999544,0,32842,4943,50628
999594,0,32842,4943,50628
999644,0,32162,4943,50628
999694,0,32162,5097,50628
999744,0,32162,5097,50628
999794,0,32162,5097,50628
999886,0,32842,5097,50658
999936,0,32842,5097,50658
999986,0,32842,5097,50658
1000036,0,32162,5097,50658
1000086,0,32162,4978,50658
1000136,0,32162,4978,50658
1000271,0,32162,4978,50658
1000321,0,32162,4978,50646
1000371,0,32162,4978,50646
1000421,0,32162,4978,50646
1000471,0,32162,4978,50646
1000521,0,32162,5042,50646
1000571,0,32162,5042,50646
1000621,0,32162,5042,50646
1000671,0,32162,5042,50646
1000721,0,32162,5042,50699
1000771,0,32162,5042,50699
1000905,0,32162,4656,50699
1000955,0,32162,4656,50699
1001005,0,32162,4656,50699
1001055,0,32162,4656,50699
1001105,0,32162,4656,50678
1001155,0,32162,4656,50678
1001205,0,32162,4656,50678
1001255,0,32141,4656,50678
1001305,0,32120,4691,50678
1001610,0,31991,4691,50721
1001660,0,31970,4691,50721
1001710,0,31949,4348,50721
1001760,0,31928,4348,50721
1001810,0,31907,4348,50721
1001860,0,31886,4348,50721
1001910,0,31865,4348,50717
1001960,0,31843,4348,50717
1002010,0,31822,4348,50717
1002102,0,31784,4540,50717
1002152,0,31763,4540,50717
1002202,0,31741,4540,50717
1002252,0,31720,4540,50717
1002302,0,31699,4540,50717
1002352,0,31678,4540,51347
1002402,0,31657,4540,51347
1002452,0,31636,4540,51347
1002502,0,31615,4540,51347
1002552,0,31594,178,51347
1002602,0,31573,178,51347
1002779,0,31498,178,51369
1002829,0,31498,178,51369
1002879,0,31498,178,51369
1002929,0,31498,120,51369
1002979,0,31498,120,51369
1003029,0,30881,120,51369
1003079,0,30881,120,51369
1003129,0,30881,120,51383
1003221,0,30881,120,51383
1003271,0,30881,120,51383
1003321,0,30881,117,51383
1003371,0,30881,117,51383
1003421,0,30881,117,51383
1003471,0,31498,117,51383
1003521,0,31498,117,51396
1003571,0,31498,117,51396
1003621,0,31498,117,51396
1003671,0,31498,117,51396
1003721,0,31498,116,51396
1003771,0,31498,116,51396
1003906,0,30881,116,51396
1003956,0,30881,116,51407
1004006,0,30881,116,51407
1004056,0,30881,116,51407
1004106,0,30881,116,51407
1004156,0,30881,118,51407
1004248,0,30881,118,51407
1004298,0,30881,118,51407
1004348,0,30881,118,51416
1004398,0,30881,118,51416
1004448,0,30881,118,51416
1004498,0,30881,118,51416
1004548,0,30881,117,51416
1004598,0,30881,117,51416
1004648,0,30881,117,51416
1004698,0,30881,117,51416
1004748,0,30881,117,51424
1004798,0,30881,117,51424
1004848,0,30881,117,51424
1004898,0,30881,117,51424
1005033,0,30766,117,51424
1005083,0,30724,117,51424
1005133,0,30681,117,51433
1005183,0,30639,117,51433
1005275,0,30561,117,51433
1005325,0,30518,116,51433
1005375,0,30476,116,51433
1005425,0,30433,116,51433
1005475,0,30391,116,51433
1005525,0,30348,116,51440
1005575,0,30306,116,51440
1005625,0,30263,116,51440
1005675,0,30263,116,51440
1005725,0,30263,116,51440
1005775,0,30263,116,51440
1005825,0,30881,116,51440
1005875,0,30881,116,51440
1005925,0,30881,116,51448
1005975,0,30881,116,51448
1006025,0,30263,116,51448
1006160,0,30263,116,51448
1006210,0,30263,116,51448
1006260,0,30881,116,51448
1006352,0,30881,116,51455
1006402,0,30881,116,51455
1006452,0,30881,116,51455
1006502,0,30881,116,51455
1006552,0,30881,116,51455
1006602,0,30881,116,51455
1006652,0,30263,116,51455
1006702,0,30263,116,51455
1006752,0,30263,116,51461
1006802,0,30263,116,51461
1006852,0,30881,116,51461
1006902,0,30881,116,51461
1006952,0,30881,116,51461
1007002,0,30881,116,51461
1007052,0,30881,116,51461
1007102,0,30881,116,51461
1007152,0,30881,116,51468
1007330,0,30881,116,51468
1007380,0,30881,116,51468
1007430,0,30881,116,51468
1007480,0,30881,116,51468
1007530,0,30881,116,51468
1007580,0,30881,116,51474
1007630,0,30881,116,51474
1007680,0,30881,116,51474
1007730,0,30881,116,51474
1007780,0,30881,115,51474
1007830,0,30881,115,51474
1007880,0,30881,115,51474
1007930,0,30881,115,51474
1007980,0,30881,115,51480
1008030,0,30775,115,51480
1008080,0,30669,115,51480
1008130,0,30564,115,51480
1008180,0,30458,115,51480
1008272,0,30263,115,51480
1008322,0,30263,115,51480
1008457,0,30263,115,51486
1008507,0,30263,115,51486
1008557,0,30263,116,51486
1008607,0,30263,116,51486
1008657,0,30263,116,51486
1008707,0,30263,116,51486
1008757,0,30263,116,51491
1008807,0,30263,116,51491
1008857,0,30881,116,51491
1008907,0,30881,116,51491
1008957,0,30881,115,51491
1009007,0,30881,115,51491
1009057,0,30263,115,51491
1009107,0,30263,115,51491
1009157,0,30263,115,51497
1009207,0,30263,115,51497
1009299,0,30263,115,51497
1009349,0,30263,115,51497
1009399,0,30263,115,51497
1009449,0,30263,115,51497
1009585,0,30263,115,51503
1009635,0,30263,115,51503
1009685,0,30263,115,51503
1009735,0,30263,115,51503
1009785,0,30263,116,51503
1009835,0,30263,116,51503
1009885,0,30263,116,51503
1009935,0,30263,116,51503
1009985,0,30263,116,51508
1010035,0,29692,116,51508
1010085,0,29692,116,51508
1010135,0,29692,116,51508
1010185,0,29692,116,51508
1010235,0,29120,116,51508
1010327,0,29120,116,51508
1010377,0,29120,116,51513
1010427,0,29120,116,51513
1010477,0,29120,116,51513
1010527,0,29120,116,51513
1010577,0,29120,116,51513
1010712,0,29120,116,51513
1010762,0,29120,116,51518
1010812,0,29120,116,51518
1010862,0,29120,116,51518
1010912,0,29120,116,51518
1010962,0,29120,116,51518
1011012,0,29120,116,51518
1011062,0,29120,116,51518
1011112,0,29120,116,51518
1011162,0,29120,116,51524
1011212,0,29120,116,51524
1011304,0,29120,116,51524
1011354,0,29120,116,51524
1011404,0,29120,115,51524
1011454,0,29058,115,51524
1011504,0,28996,115,51524
1011554,0,28934,115,51524
1011604,0,28872,115,51527
1011654,0,28810,115,51527
1011704,0,28748,115,51527
1011840,0,28580,115,51527
1011890,0,28580,115,51527
1011940,0,28580,115,51527
1011990,0,28580,115,51532
1012040,0,29120,115,51532
1012090,0,29120,115,51532
1012140,0,29120,115,51532
1012190,0,29120,115,51532
1012240,0,29692,115,51532
1012290,0,29692,115,51532
1012382,0,29692,115,51536
1012432,0,28580,115,51536
1012482,0,28580,115,51536
1012532,0,28580,115,51536
1012582,0,28580,115,51536
1012632,0,29120,115,51536
1012682,0,29120,115,51536
1012732,0,29120,115,51536
1012782,0,29120,115,51541
1012832,0,29120,115,51541
1012967,0,29120,115,51541
1013017,0,29120,115,51541
1013067,0,29120,115,51541
1013117,0,29120,115,51541
1013167,0,29120,115,51541
1013217,0,29120,115,51546
1013267,0,29120,115,51546
1013317,0,29120,115,51546
1013409,0,29120,115,51546
1013459,0,28580,115,51546
1013509,0,28580,115,51546
1013559,0,28580,115,51546
1013609,0,28580,115,51550
1013659,0,28071,115,51550
1013709,0,28071,115,51550
1013759,0,28071,115,51550
1013894,0,28071,115,51550
1013944,0,28071,115,51550
1013994,0,28071,115,51553
1014044,0,28071,115,51553
1014094,0,28071,115,51553
1014144,0,28071,115,51553
1014194,0,28071,115,51553
1014244,0,28071,115,51553
1014294,0,28071,115,51553
1014386,0,28071,115,51558
1014436,0,27561,115,51558
1014486,0,27561,115,51558
1014536,0,27561,115,51558
1014586,0,27561,115,51558
1014636,0,28580,115,51558
1014686,0,28580,115,51558
1014736,0,28580,115,51558
1014786,0,28580,115,51562
1014836,0,28580,115,51562
1014886,0,28580,115,51562
1015021,0,28580,116,51562
1015071,0,28071,116,51562
1015121,0,28071,116,51562
1015171,0,28071,116,51562
1015221,0,28071,116,51566
1015271,0,28071,116,51566
1015321,0,28071,116,51566
1015413,0,28071,115,51566
1015463,0,28071,115,51566
1015513,0,28071,115,51566
1015563,0,28071,115,51566
1015613,0,28071,115,51570
1015663,0,28071,115,51570
1015713,0,28071,115,51570
1015763,0,28071,115,51570
1015813,0,28071,115,51570
1015863,0,27561,115,51570
1015913,0,27561,115,51570
1015963,0,27561,115,51570
1016013,0,27561,115,51574
1016150,0,28071,115,51574
1016200,0,28071,115,51574
1016250,0,27561,115,51574
1016300,0,27561,115,51574
1016350,0,27561,115,51574
1016442,0,27082,115,51578
1016492,0,27082,115,51578
1016542,0,27082,115,51578
1016592,0,27082,115,51578
1016642,0,28580,115,51578
1016692,0,28580,115,51578
1016742,0,28580,115,51578
1016792,0,28580,115,51578
1016842,0,28071,115,51581
1016892,0,28071,115,51581
1016942,0,28071,115,51581
1016992,0,28071,115,51581
1017042,0,28071,115,51581
1017092,0,28071,115,51581
1017142,0,28071,115,51581
1017277,0,28071,115,51585
1017327,0,28071,115,51585
1017419,0,28071,115,51585
1017469,0,27082,115,51585
1017519,0,27082,115,51585
1017569,0,27082,115,51585
1017619,0,27082,115,51588
1017669,0,27082,115,51588
1017719,0,27082,115,51588
1017769,0,27082,115,51588
1017819,0,27082,115,51588
1017869,0,27082,115,51588
1017919,0,27082,115,51588
1017969,0,27082,115,51588
1018019,0,27082,115,51591
1018069,0,26619,115,51591
1018119,0,26619,115,51591
1018169,0,26619,115,51591
1018219,0,26619,115,51591
1018269,0,27082,115,51591
1018447,0,27082,115,51595
1018497,0,27082,115,51595
1018547,0,27082,115,51595
1018597,0,27082,115,51595
1018647,0,27082,116,51595
1018697,0,27082,116,51595
1018747,0,27082,116,51595
1018797,0,27082,116,51595
1018847,0,27082,116,51598
1018897,0,27082,116,51598
1018947,0,27082,116,51598
1018997,0,27082,116,51598
1019047,0,26619,115,51598
1019097,0,26619,115,51598
1019147,0,26619,115,51598
1019197,0,26619,115,51598
1019247,0,26619,115,51601
1019297,0,26619,115,51601
1019389,0,26619,115,51601
1019439,0,26156,114,51601
1019574,0,26156,114,51601
1019624,0,26619,114,51605
1019674,0,26619,114,51605
1019724,0,26619,114,51605
1019774,0,26619,114,51605
1019824,0,26619,115,51605
1019874,0,26619,115,51605
1019924,0,26619,115,51605
1019974,0,26619,115,51605
1020024,0,26619,115,51607
1020074,0,26619,115,51607
1020124,0,26619,115,51607
1020174,0,26619,115,51607
1020224,0,26619,114,51607
1020274,0,26619,114,51607
1020366,0,26619,114,51607
1020416,0,26619,114,51607
1020466,0,26156,114,51611
1020516,0,26156,114,51611
1020566,0,26156,114,51611
1020701,0,25724,115,51611
1020751,0,25724,115,51611
1020801,0,25724,115,51611
1020851,0,26156,115,51614
1020901,0,26156,115,51614
1020951,0,26156,115,51614
1021001,0,26156,115,51614
1021051,0,26156,115,51614
1021101,0,26156,115,51614
1021151,0,26156,115,51614
1021201,0,26156,115,51614
1021251,0,26156,115,51616
1021301,0,26156,115,51616
1021393,0,26156,115,51616
1021443,0,25724,116,51616
1021493,0,25724,116,51616
1021543,0,25724,116,51616
1021593,0,25724,116,51616
1021643,0,25307,116,51620
1021693,0,25307,116,51620
1021828,0,25307,115,51620
1021878,0,25307,115,51620
1021928,0,25307,115,51620
1021978,0,25307,115,51620
1022028,0,24890,115,51623
1022078,0,24890,115,51623
1022128,0,24890,115,51623
1022178,0,24890,115,51623
1022228,0,25724,115,51623
1022278,0,25724,115,51623
1022370,0,25724,115,51623
1022420,0,25724,115,51623
1022470,0,25724,115,51626
1022520,0,25724,115,51626
1022570,0,25724,115,51626
1022620,0,25724,115,51626
1022670,0,25307,115,51626
1022720,0,25307,115,51626
1022770,0,25307,115,51626
1022820,0,25307,115,51626
1022955,0,24890,115,51628
1023005,0,24890,115,51628
1023055,0,24890,115,51628
1023105,0,24890,115,51628
1023155,0,24890,115,51628
1023205,0,24890,115,51628
1023255,0,25307,115,51632
1023305,0,25307,115,51632
1023397,0,25307,115,51632
1023447,0,25307,114,51632
1023497,0,25307,114,51632
1023547,0,25307,114,51632
1023597,0,25307,114,51632
1023647,0,24504,114,51634
1023697,0,24504,114,51634
1023747,0,24504,114,51634
1023797,0,24504,114,51634
1023847,0,24504,115,51634
1023897,0,24504,115,51634
1023947,0,24504,115,51634
1024082,0,24118,115,51637
1024132,0,24118,115,51637
1024182,0,24118,115,51637
1024232,0,24504,115,51637
1024282,0,24504,115,51637
1024332,0,24504,115,51637
1024424,0,24504,115,51637
1024474,0,24504,115,51640
1024524,0,24504,115,51640
1024574,0,24504,115,51640
1024624,0,24118,115,51640
1024674,0,24118,114,51640
1024724,0,24118,114,51640
1024774,0,24118,114,51640
1024824,0,24118,114,51640
1024874,0,24118,114,51642
1024924,0,24118,114,51642
1024974,0,24118,114,51642
1025024,0,24504,114,51642
1025074,0,24504,115,51642
1025209,0,24504,115,51642
1025259,0,24118,115,51644
1025309,0,24118,115,51644
1025401,0,24118,115,51644
1025451,0,24118,115,51644
1025501,0,24118,115,51644
1025551,0,24118,115,51644
1025601,0,24118,115,51644
1025651,0,23392,115,51648
1025701,0,23392,115,51648
1025751,0,23392,115,51648
1025801,0,23392,115,51648
1025851,0,23392,115,51648
1025901,0,23392,115,51648
1025951,0,23392,115,51648
1026001,0,23392,115,51648
1026051,0,23747,115,51650
1026101,0,23747,115,51650
1026151,0,23747,115,51650
1026201,0,23747,115,51650
1026336,0,24118,115,51650
1026428,0,23392,115,51650
1026478,0,23392,115,51653
1026528,0,23392,115,51653
1026578,0,23392,115,51653
1026628,0,23392,115,51653
1026678,0,23392,116,51653
1026728,0,23392,116,51653
1026778,0,23392,116,51653
1026828,0,23747,116,51653
1026878,0,23747,116,51655
1026928,0,23747,116,51655
1026978,0,23747,116,51655
1027028,0,23747,116,51655
1027078,0,23747,115,51655
1027128,0,23747,115,51655
1027178,0,23747,115,51655
1027228,0,23037,115,51655
1027278,0,23037,115,51657
1027370,0,23037,115,51657
1027505,0,23037,116,51657
1027555,0,23037,116,51657
1027605,0,23037,116,51657
1027655,0,23392,116,51657
1027705,0,23392,116,51660
1027755,0,23392,116,51660
1027805,0,23392,116,51660
1027855,0,23392,116,51660
1027905,0,23392,115,51660
1027955,0,23392,115,51660
1028005,0,23392,115,51660
1028055,0,23037,115,51660
1028105,0,23037,115,51663
1028155,0,23037,115,51663
1028205,0,23037,115,51663
1028255,0,23037,115,51663
1028433,0,23037,115,51663
1028483,0,23037,115,51665
1028533,0,23037,115,51665
1028583,0,23037,115,51665
1028633,0,23037,115,51665
1028683,0,23037,116,51665
1028733,0,23037,116,51665
1028783,0,23037,116,51665
1028833,0,22697,116,51665
1028883,0,22697,116,51667
1028933,0,22697,116,51667
1028983,0,22697,116,51667
1029033,0,22373,116,51667
1029083,0,22373,115,51667
1029133,0,22373,115,51667
1029183,0,22373,115,51667
1029233,0,22697,115,51667
1029283,0,22697,115,51670
1029375,0,22697,115,51670
1029425,0,22049,115,51670
1029560,0,22049,115,51670
1029610,0,22049,115,51670
1029660,0,22373,115,51670
1029710,0,22373,115,51672
1029760,0,22373,115,51672
1029810,0,22373,115,51672
1029860,0,22697,115,51672
1029910,0,22697,115,51672
1029960,0,22697,115,51672
1030010,0,22697,115,51672
1030060,0,22373,115,51672
1030110,0,22373,115,51674
1030160,0,22373,115,51674
1030210,0,22373,115,51674
1030260,0,21740,115,51674
1030310,0,21740,115,51674
1030402,0,21740,115,51674
1030452,0,22049,115,51674
1030502,0,22049,115,51676
1030552,0,22049,115,51676
1030687,0,22049,115,51676
1030737,0,22049,115,51676
1030787,0,22049,115,51676
1030837,0,21431,115,51676
1030887,0,21431,115,51678
1030937,0,21431,115,51678
1030987,0,21431,115,51678
1031037,0,21138,115,51678
1031087,0,21138,116,51678
1031137,0,21138,116,51678
1031187,0,21138,116,51678
1031237,0,21431,116,51678
1031287,0,21431,116,51681
1031404,0,21431,116,51681
1031454,0,21138,116,51681
1031504,0,21138,116,51681
1031554,0,21138,116,51681
1031604,0,21138,116,51681
1031654,0,21138,116,51681
1031704,0,21138,116,51683
1031839,0,21138,116,51683
1031889,0,21138,114,51683
1031939,0,21138,114,51683
1031989,0,21138,114,51683
1032039,0,21138,114,51683
1032089,0,21138,114,51685
1032139,0,21138,114,51685
1032189,0,21138,114,51685
1032239,0,20582,114,51685
1032289,0,20582,115,51685
1032339,0,20582,115,51685
1032431,0,21138,115,51685
1032481,0,21138,115,51685
1032531,0,21138,115,51687
1032581,0,21138,115,51687
1032631,0,20860,115,51687
1032681,0,20860,115,51687
1032731,0,20860,115,51687
1032781,0,20860,115,51687
1032831,0,20582,115,51687
1032966,0,20582,115,51689
1033016,0,20582,115,51689
1033066,0,20860,115,51689
1033116,0,20860,115,51689
1033166,0,20860,115,51689
1033216,0,20860,115,51689
1033266,0,20304,115,51689
1033316,0,20304,115,51691
1033366,0,20304,115,51691
1033500,0,20041,115,51691
1033550,0,20041,115,51691
1033600,0,20041,115,51691
1033650,0,20582,115,51691
1033700,0,20582,115,51693
1033750,0,20582,115,51693
1033800,0,20582,115,51693
1033850,0,20304,115,51693
1033900,0,20304,116,51693
1033950,0,20304,116,51693
1034000,0,20304,116,51693
1034305,0,20304,115,51695
1034355,0,20304,115,51695
1034405,0,20304,115,51695
1034455,0,19794,115,51695
1034505,0,19794,115,51697
1034555,0,19794,115,51697
1034647,0,19794,115,51697
1034697,0,19794,115,51697
1034747,0,19794,115,51697
1034797,0,19794,115,51697
1034847,0,19794,115,51697
1034897,0,19794,115,51697
1034947,0,19794,115,51699
1034997,0,19794,115,51699
1035047,0,19300,115,51699
1035097,0,19300,115,51699
1035147,0,19300,115,51699
1035197,0,19300,115,51699
1035247,0,19794,115,51699
1035297,0,19794,115,51699
1035474,0,19532,115,51702
1035524,0,19532,114,51702
1035574,0,19532,114,51702
1035624,0,19532,114,51702
1035716,0,19532,114,51703
1035766,0,19532,114,51703
1035816,0,19532,114,51703
1035866,0,19532,114,51703
1035916,0,19532,114,51703
1035966,0,19532,114,51703
1036016,0,19532,114,51703
1036066,0,19300,114,51703
1036116,0,19300,114,51705
1036166,0,19300,114,51705
1036216,0,19300,114,51705
1036266,0,19300,114,51705
1036316,0,19300,115,51705
1036366,0,19300,115,51705
1036416,0,19300,115,51705
1036466,0,19300,115,51705
1036601,0,19300,115,51707
1036651,0,18822,115,51707
1036743,0,18822,115,51707
1036793,0,18822,115,51707
1036843,0,19300,115,51707
1036893,0,19300,115,51707
1036943,0,19300,115,51709
1036993,0,19300,115,51709
1037043,0,19053,115,51709
1037093,0,19053,115,51709
1037143,0,19053,115,51709
1037193,0,19053,115,51709
1037243,0,18590,115,51709
1037293,0,18590,115,51709
1037343,0,18590,115,51711
1037393,0,18590,115,51711
1037443,0,18822,115,51711
1037493,0,18822,115,51711
1037543,0,18822,115,51711
1037635,0,18590,115,51711
1037770,0,18590,115,51713
1037820,0,18590,115,51713
1037870,0,18822,115,51713
1037920,0,18822,115,51713
1037970,0,18822,114,51713
1038020,0,18822,114,51713
1038070,0,18590,114,51713
1038120,0,18590,114,51713
1038170,0,18590,114,51715
1038220,0,18590,114,51715
1038270,0,18158,114,51715
1038320,0,18158,114,51715
1038370,0,18158,114,51715
1038420,0,18158,114,51715
1038470,0,18374,114,51715
1038520,0,18374,114,51715
1038570,0,18374,114,51716
1038662,0,18158,114,51716
1038712,0,18158,114,51716
1038762,0,18158,116,51716
1038897,0,18374,116,51716
1038947,0,18374,116,51718
1038997,0,18374,116,51718
1039047,0,17741,116,51718
1039097,0,17741,116,51718
1039147,0,17741,116,51718
1039197,0,17741,116,51718
1039247,0,17741,116,51718
1039297,0,17741,116,51718
1039347,0,17741,116,51720
1039397,0,17741,116,51720
1039447,0,18158,116,51720
1039497,0,18158,116,51720
1039547,0,18158,114,51720
1039597,0,18158,114,51720
1039689,0,17741,114,51720
1039739,0,17741,114,51722
1039789,0,17741,114,51722
1039839,0,17941,114,51722
1039889,0,17941,114,51722
1040024,0,17339,115,51722
1040074,0,17339,115,51722
1040124,0,17339,115,51722
1040174,0,17339,115,51724
1040224,0,17540,115,51724
1040274,0,17540,115,51724
1040324,0,17540,115,51724
1040374,0,17540,115,51724
1040424,0,17339,115,51724
1040474,0,17339,115,51724
1040524,0,17339,115,51724
1040574,0,17339,115,51725
1040666,0,17540,115,51725
1040716,0,17540,115,51725
1040766,0,17540,115,51725
1040816,0,17540,115,51725
1040866,0,17540,115,51725
1040916,0,17540,115,51725
1040966,0,17540,115,51727
1041016,0,17540,115,51727
1041151,0,17154,115,51727
1041201,0,17154,115,51727
1041251,0,17339,115,51727
1041301,0,17339,115,51727
1041351,0,17339,115,51729
1041401,0,17339,115,51729
1041451,0,17154,115,51729
1041501,0,17154,115,51729
1041551,0,17154,115,51729
1041601,0,17154,115,51729
1041693,0,17339,115,51729
1041743,0,17339,115,51729
1041793,0,17339,115,51730
1041843,0,16953,115,51730
1041893,0,16953,115,51730
1041943,0,16953,115,51730
1041993,0,16953,115,51730
1042043,0,17154,115,51730
1042093,0,17154,115,51730
1042143,0,17154,115,51730
1042279,0,16768,115,51731
1042329,0,16768,115,51731
1042379,0,16768,115,51731
1042429,0,17154,115,51731
1042479,0,17154,115,51731
1042529,0,17154,115,51731
1042579,0,17154,115,51733
1042629,0,16598,115,51733
1042721,0,16598,115,51733
1042771,0,16598,115,51733
1042821,0,16598,115,51733
1042871,0,16768,115,51733
1042921,0,16768,115,51733
1042971,0,16768,115,51734
1043021,0,16768,115,51734
1043071,0,16768,115,51734
1043206,0,16768,115,51734
1043256,0,16413,115,51734
1043306,0,16413,115,51734
1043356,0,16413,115,51734
1043406,0,16413,115,51736
1043456,0,16768,115,51736
1043506,0,16768,115,51736
1043556,0,16768,115,51736
1043606,0,16768,115,51736
1043698,0,16413,115,51736
1043748,0,16413,115,51736
1043798,0,16413,115,51738
1043848,0,16598,115,51738
1043898,0,16598,115,51738
1043948,0,16598,115,51738
1043998,0,16598,115,51738
1044048,0,16413,115,51738
1044098,0,16413,115,51738
1044148,0,16413,115,51738
1044198,0,16413,115,51740
1044333,0,16768,115,51740
1044383,0,16768,116,51740
1044433,0,16073,116,51740
1044483,0,16073,116,51740
1044533,0,16073,116,51740
1044583,0,16073,116,51741
1044633,0,16413,116,51741
1044725,0,16413,116,51741
1044775,0,16413,116,51741
1044825,0,16073,116,51741
1044875,0,16073,116,51741
1044925,0,16073,116,51741
1044975,0,16073,116,51742
1045025,0,16073,116,51742
1045075,0,16073,116,51742
1045125,0,16073,116,51742
1045175,0,16073,115,51742
1045225,0,15903,115,51742
1045275,0,15903,115,51742
1045325,0,15903,115,51742
1045460,0,16073,115,51744
1045510,0,16073,115,51744
1045560,0,16073,115,51744
1045610,0,16073,115,51744
1045660,0,15749,115,51744
1045752,0,15749,115,51744
1045802,0,15749,115,51746
1045852,0,15903,115,51746
1045902,0,15903,115,51746
1045952,0,15903,115,51746
1046002,0,15903,115,51746
1046052,0,15440,115,51746
1046102,0,15440,115,51746
1046152,0,15440,115,51746
1046202,0,15440,115,51747
1046252,0,15903,115,51747
1046302,0,15903,115,51747
1046352,0,15903,115,51747
1046402,0,15903,116,51747
1046452,0,15440,116,51747
1046587,0,15440,116,51749
1046637,0,15749,116,51749
1046729,0,15749,116,51749
1046779,0,15749,115,51749
1046829,0,15286,115,51749
1046879,0,15286,115,51749
1046929,0,15286,115,51749
1046979,0,15286,115,51750
1047029,0,15440,115,51750
1047079,0,15440,115,51750
1047129,0,15440,115,51750
1047179,0,15440,115,51750
1047229,0,15286,116,51750
1047279,0,15286,116,51750
1047329,0,15286,116,51750
1047379,0,15286,116,51750
1047429,0,15440,116,51751
1047479,0,15440,116,51751
1047529,0,15440,116,51751
1047579,0,15440,116,51751
1047757,0,14977,116,51751
1047807,0,14977,116,51753
1047857,0,15286,116,51753
1047907,0,15286,116,51753
1047957,0,15286,116,51753
1048007,0,15286,114,51753
1048057,0,14977,114,51753
1048107,0,14977,114,51753
1048157,0,14977,114,51753
1048207,0,14977,114,51754
1048257,0,15131,114,51754
1048307,0,15131,114,51754
1048357,0,15131,114,51754
1048407,0,15131,114,51754
1048457,0,14838,114,51754
1048507,0,14838,114,51754
1048557,0,14838,114,51754
1048607,0,14838,114,51756
1048701,0,15131,114,51756
1048751,0,15131,114,51756
1048886,0,14699,115,51756
1048936,0,14699,115,51756
1048986,0,14699,115,51756
1049036,0,14838,115,51758
1049086,0,14838,115,51758
1049136,0,14838,115,51758
1049186,0,14838,115,51758
1049236,0,14560,116,51758
1049286,0,14560,116,51758
1049336,0,14560,116,51758
1049386,0,14560,116,51758
1049436,0,14838,116,51758
1049486,0,14838,116,51758
1049536,0,14838,116,51758
1049586,0,14838,116,51758
1049678,0,14421,115,51758
1049728,0,14421,115,51758
1049778,0,14421,115,51758
1049828,0,14699,115,51760
1049878,0,14699,115,51760
1050013,0,14699,115,51760
1050063,0,14282,115,51760
1050113,0,14282,115,51760
1050163,0,14282,115,51760
1050213,0,14282,115,51762
1050263,0,14421,115,51762
1050313,0,14421,115,51762
1050363,0,14421,115,51762
1050413,0,14421,116,51762
1050463,0,14421,116,51762
1050513,0,14421,116,51762
1050563,0,14421,116,51762
1050613,0,14421,116,51762
1050705,0,14282,116,51762
1050755,0,14282,116,51762
1050805,0,14282,116,51762
1050855,0,14560,116,51762
1050905,0,14560,116,51762
1050955,0,14560,116,51762
1051005,0,14560,116,51762
1051140,0,14035,116,51764
1051190,0,14035,116,51764
1051240,0,14421,115,51764
1051290,0,14421,115,51764
1051340,0,14421,115,51764
1051390,0,14421,115,51764
1051440,0,14035,115,51766
1051490,0,14035,115,51766
1051540,0,14035,115,51766
1051590,0,14035,115,51766
1051682,0,14159,115,51766
1051732,0,14159,115,51766
1051782,0,14159,115,51766
1051832,0,13896,115,51767
1051882,0,13896,115,51767
1051932,0,13896,115,51767
1051982,0,13896,115,51767
1052032,0,14035,115,51767
1052082,0,14035,115,51767
1052132,0,14035,115,51767
1052267,0,13649,115,51768
1052317,0,13649,115,51768
1052367,0,13649,115,51768
1052417,0,13649,115,51768
1052467,0,13896,115,51768
1052517,0,13896,115,51768
1052567,0,13896,115,51768
1052617,0,13896,115,51768
1052709,0,13896,115,51770
1052759,0,13896,115,51770
1052809,0,13896,115,51770
1052859,0,13541,116,51770
1052909,0,13541,116,51770
1052959,0,13541,116,51770
1053009,0,13541,116,51770
1053059,0,13649,116,51771
1053109,0,13649,116,51771
1053159,0,13649,116,51771
1053209,0,13649,116,51771
1053259,0,13541,114,51771
1053395,0,13541,114,51771
1053445,0,13541,114,51772
1053495,0,13541,114,51772
1053545,0,13541,114,51772
1053595,0,13541,114,51772
1053645,0,13186,115,51772
1053737,0,13186,115,51772
1053787,0,13186,115,51772
1053837,0,13541,115,51774
1053887,0,13541,115,51774
1053937,0,13541,115,51774
1053987,0,13541,115,51774
1054037,0,13541,115,51774
1054087,0,13541,115,51774
1054137,0,13541,115,51774
1054187,0,13541,115,51774
1054237,0,13078,115,51775
1054287,0,13078,115,51775
1054337,0,13078,115,51775
1054387,0,13078,115,51775
1054522,0,13309,115,51775
1054572,0,13309,115,51775
1054622,0,13309,115,51775
1054714,0,13078,115,51776
1054764,0,13078,115,51776
1054814,0,13078,115,51776
1054864,0,13186,115,51776
1054914,0,13186,115,51776
1054964,0,13186,115,51776
1055014,0,13186,115,51776
1055064,0,12862,115,51778
1055114,0,12862,115,51778
1055164,0,12862,115,51778
1055214,0,12862,115,51778
1055264,0,13078,115,51778
1055314,0,13078,115,51778
1055364,0,13078,115,51778
1055414,0,13078,115,51778
1055464,0,13078,115,51779
1055514,0,13078,115,51779
1055649,0,12645,115,51779
1055741,0,12645,115,51779
1055791,0,12645,115,51779
1055841,0,12862,115,51779
1055891,0,12862,115,51780
1055941,0,12862,115,51780
1055991,0,12862,115,51780
1056041,0,12553,115,51780
1056091,0,12553,115,51780
1056141,0,12553,115,51780
1056191,0,12553,115,51780
1056241,0,12753,115,51780
1056291,0,12753,115,51782
1056341,0,12753,115,51782
1056391,0,12753,115,51782
1056441,0,12753,115,51782
1056491,0,12753,115,51782
1056541,0,12753,115,51782
1056591,0,12753,115,51782
1056683,0,12352,115,51783
1056818,0,12352,115,51783
1056868,0,12645,115,51783
1056918,0,12645,115,51783
1056968,0,12645,115,51783
1057018,0,12645,115,51783
1057068,0,12151,115,51784
1057118,0,12151,115,51784
1057168,0,12151,115,51784
1057218,0,12151,115,51784
1057268,0,12352,115,51784
1057318,0,12352,115,51784
1057368,0,12352,115,51784
1057418,0,12352,115,51784
1057468,0,12352,115,51785
1057518,0,12352,115,51785
1057568,0,12352,115,51785
1057746,0,12151,116,51785
1057796,0,12151,116,51785
1057846,0,12151,116,51785
1057896,0,12151,116,51787
1057946,0,12151,116,51787
1057996,0,12151,116,51787
1058046,0,11966,116,51787
1058096,0,11966,115,51787
1058146,0,11966,115,51787
1058196,0,11966,115,51787
1058246,0,12059,115,51787
1058296,0,12059,115,51788
1058346,0,12059,115,51788
1058396,0,12059,115,51788
1058446,0,12059,115,51788
1058496,0,12059,116,51788
1058546,0,12059,116,51788
1058596,0,12059,116,51788
1058688,0,11781,116,51789
1058738,0,11781,116,51789
1058873,0,11873,115,51789
1058923,0,11873,115,51789
1058973,0,11873,115,51789
1059023,0,11873,115,51789
1059073,0,11595,115,51790
1059123,0,11595,115,51790
1059173,0,11595,115,51790
1059223,0,11595,115,51790
1059273,0,11595,114,51790
1059323,0,11595,114,51790
1059373,0,11595,114,51790
1059423,0,11595,114,51790
1059473,0,11781,114,51792
1059523,0,11781,114,51792
1059573,0,11781,114,51792
1059623,0,11781,114,51792
1059715,0,11518,115,51792
1059765,0,11518,115,51792
1059815,0,11518,115,51792
1059865,0,11595,115,51792
1060000,0,11595,115,51793
1060050,0,11595,115,51793
1060100,0,11595,116,51793
1060150,0,11595,116,51793
1060200,0,11595,116,51793
1060250,0,11348,116,51793
1060300,0,11348,116,51794
1060350,0,11348,116,51794
1060400,0,11348,116,51794
1060450,0,11595,116,51794
1060500,0,11595,115,51794
1060550,0,11595,115,51794
1060600,0,11595,115,51794
1060692,0,11595,115,51795
1060742,0,11595,115,51795
1060792,0,11595,115,51795
1060842,0,11179,115,51795
1060892,0,11179,115,51795
1060942,0,11179,115,51795
1060992,0,11179,115,51795
1061128,0,11348,115,51796
1061178,0,11348,115,51796
1061228,0,11024,115,51796
1061278,0,11024,115,51796
1061328,0,11024,115,51796
1061378,0,11024,115,51796
1061428,0,11024,115,51796
1061478,0,11024,115,51796
1061528,0,11024,115,51797
1061578,0,11024,115,51797
1061628,0,11101,115,51797
1061720,0,11101,115,51797
1061770,0,11101,115,51797
1061820,0,11101,115,51797
1061870,0,10870,115,51797
1061920,0,10870,115,51800
1061970,0,10870,115,51800
1062020,0,10870,115,51800
1062070,0,10870,115,51800
1062120,0,10870,115,51800
1062255,0,11024,115,51800
1062305,0,11024,115,51800
1062355,0,11024,115,51800
1062405,0,11024,115,51800
1062455,0,10638,115,51800
1062505,0,10638,115,51800
1062555,0,10638,115,51800
1062605,0,10638,115,51800
1062655,0,10561,115,51800
1062747,0,10561,115,51801
1062797,0,10561,115,51801
1062847,0,10561,115,51801
1062897,0,10561,215,51801
1062947,0,10561,215,51801
1062997,0,10561,215,51801
1063047,0,9650,215,51801
1063097,0,9650,215,51781
1063147,0,9650,215,51781
1063197,0,9650,215,51781
1063247,0,9650,215,51781
1063382,0,9650,233,51781
1063432,0,8615,233,51781
1063482,0,8615,233,51781
1063532,0,8615,233,51782
1063582,0,8615,233,51782
1063632,0,8615,233,51782
1063682,0,8615,233,51782
1063774,0,8615,235,51782
1063824,0,6593,235,51782
1063874,0,6593,235,51782
1063924,0,6593,235,51783
1063974,0,6593,235,51783
1064024,0,6593,235,51783
1064074,0,6593,235,51783
1064124,0,6593,237,51783
1064174,0,6593,237,51783
1064224,0,6593,237,51783
1064274,0,6593,237,51783
1064324,0,6593,237,51784
1064374,0,6593,237,51784
1064510,0,6593,238,51784
1064560,0,6593,238,51784
1064610,0,6593,238,51784
1064660,0,3227,238,51784
1064710,0,3227,238,51784
1064802,0,3227,238,51784
1064852,0,3227,238,51784
1064902,0,3227,653,51784
1064952,0,3227,653,51784
1065002,0,3227,653,51784
1065052,0,3227,653,51784
1065102,0,3227,653,51784
1065152,0,3227,653,51796
1065202,0,3227,653,51796
1065252,0,3227,653,51796
1065302,0,3227,653,51796
1065352,0,3227,193,51796
1065402,0,3227,193,51796
1065452,0,3227,193,51796
1065502,0,3227,193,51796
1065637,0,3227,193,51797
1065687,0,3227,193,51797
1065737,0,3227,191,51797
1065871,0,3194,191,51797
1065921,0,3182,191,51798
1065971,0,3170,191,51798
1066021,0,3157,191,51798
1066071,0,3145,191,51798
1066121,0,3133,251,51798
1066171,0,3120,251,51798
1066221,0,3108,251,51798
1066271,0,3096,251,51798
1066321,0,3084,251,51785
1066371,0,3071,251,51785
1066421,0,3059,251,51785
1066471,0,3047,251,51785
1066521,0,3034,386,51785
1066571,0,3022,386,51785
1066621,0,3010,386,51785
1066671,0,2998,386,51785
1066977,0,2922,373,51773
1067027,0,2910,373,51773
1067077,0,2898,373,51773
1067127,0,2886,373,51774
1067219,0,2863,373,51774
1067269,0,2851,373,51774
1067319,0,2838,371,51774
1067369,0,2826,371,51774
1067419,0,2814,371,51774
1067469,0,2802,371,51774
1067519,0,2789,371,51776
1067569,0,2777,371,51776
1067619,0,2765,371,51776
1067669,0,2752,371,51776
1067719,0,2740,371,51776
1067769,0,2728,364,51776
1067819,0,2716,364,51776
1067869,0,2703,364,51776
1067919,0,2691,364,51776
1067969,0,2679,364,51776
1068146,0,2635,364,51776
1068196,0,2623,364,51776
1068246,0,2611,364,51776
1068296,0,2598,364,51776
1068388,0,2576,364,51777
1068438,0,2563,364,51777
1068488,0,2551,364,51777
1068538,0,2539,1765,51777
1068588,0,2527,1765,51777
1068638,0,2514,1765,51777
1068688,0,2502,1765,51777
1068738,0,2490,1765,51486
1068788,0,2477,1765,51486
1068838,0,2465,1765,51486
1068888,0,2453,1765,51486
1068938,0,2441,2414,51486
1068988,0,2428,2414,51486
1069038,0,2416,2414,51486
1069088,0,2404,2414,51486
1069138,0,2391,2414,51451
1069273,0,2358,2414,51451
1069323,0,2346,2414,51451
1069373,0,2334,2839,51451
1069423,0,2321,2839,51451
1069515,0,2299,2839,51451
1069565,0,2287,2839,51435
1069615,0,2274,2839,51435
1069665,0,2262,2839,51435
1069715,0,2250,2839,51435
1069765,0,2237,3712,51435
1069815,0,2225,3712,51435
1069865,0,2213,3712,51435
1069915,0,2201,3712,51435
1069965,0,2188,3712,51388
1070015,0,2176,3712,51388
1070065,0,2164,3712,51388
1070115,0,2151,3712,51388
1070165,0,2139,3940,51388
1070215,0,2127,3940,51388
1070265,0,2115,3940,51388
1070400,0,2081,3940,51360
1070450,0,2069,3940,51360
1070500,0,2057,3940,51360
1070550,0,2045,4152,51360
1070642,0,2022,4152,51360
1070692,0,2022,4152,51360
1070742,0,2022,4152,51319
1070792,0,2022,4152,51319
1070842,0,2022,4152,51319
1070892,0,2022,4152,51319
1070942,0,2022,4152,51319
1070992,0,2022,4360,51319
1071042,0,2022,4360,51319
1071092,0,2022,4360,51319
1071142,0,2022,4360,51319
1071192,0,2022,4360,51287
1071242,0,2022,4360,51287
1071292,0,2022,4360,51287
1071342,0,2022,4360,51287
1071392,0,2022,4560,51287
1071527,0,2022,4560,51287
1071619,0,2022,4560,51259
1071669,0,2022,4560,51259
1071719,0,2022,4560,51259
1071769,0,2022,4743,51259
1071819,0,2022,4743,51259
1071869,0,3381,4743,51259
1071919,0,3381,4743,51259
1071969,0,3381,4743,51228
1072019,0,3381,4743,51228
1072069,0,3381,4743,51228
1072119,0,3381,4743,51228
1072169,0,3381,4942,51228
1072219,0,3381,4942,51228
1072269,0,3381,4942,51228
1072319,0,3381,4942,51228
1072455,0,4184,4942,51194
1072505,0,4184,4942,51194
1072555,0,4184,5114,51194
1072647,0,4184,5114,51194
1072697,0,4184,5114,51194
1072747,0,4184,5114,51194
1072797,0,4184,5114,51160
1072847,0,4184,5114,51160
1072897,0,4184,5114,51160
1072947,0,4184,5114,51160
1072997,0,4184,5343,51160
1073047,0,4184,5343,51160
1073097,0,4184,5343,51160
1073147,0,4184,5343,51160
1073197,0,4184,5343,51126
1073247,0,5018,5343,51126
1073297,0,5018,5343,51126
1073347,0,5018,5343,51126
1073397,0,5018,5527,51126
1073447,0,5018,5527,51126
1073582,0,5018,5527,51097
1073674,0,5018,5527,51097
1073724,0,5018,5527,51097
1073774,0,5018,5751,51097
1073824,0,5481,5751,51097
1073874,0,5481,5751,51097
1073924,0,5481,5751,51097
1073974,0,5481,5751,51061
1074024,0,5481,5751,51061
1074074,0,5481,5751,51061
1074124,0,5481,5751,51061
1074174,0,5481,5042,51061
1074224,0,6222,5042,51061
1074274,0,6222,5042,51061
1074324,0,6222,5042,51061
1074374,0,6222,5042,51028
1074424,0,6222,5042,51028
1074474,0,6222,5042,51028
1074566,0,6222,5042,51028
1074616,0,6222,5076,51028
1074752,0,6222,5076,51028
1074802,0,6222,5076,50996
1074852,0,6531,5076,50996
1074902,0,6531,5076,50996
1074952,0,6531,5076,50996
1075002,0,6531,5251,50996
1075052,0,6531,5251,50996
1075102,0,6531,5251,50996
1075152,0,6531,5251,50996
1075202,0,6531,5251,50961
1075252,0,7179,5251,50961
1075302,0,7179,5251,50961
1075352,0,7179,5251,50961
1075402,0,7179,5445,50961
1075452,0,7179,5445,50961
1075502,0,7179,5445,50961
1075594,0,7179,5445,50927
1075644,0,7488,5445,50927
1075694,0,7488,5445,50927
1075744,0,7488,5445,50927
1075879,0,7488,5640,50927
1075929,0,7488,5640,50927
1075979,0,7488,5640,50927
1076029,0,8168,5640,50891
1076079,0,8168,5640,50891
1076129,0,8168,5640,50891
1076179,0,8168,5640,50891
1076229,0,8168,5818,50891
1076279,0,8168,5818,50891
1076329,0,8168,5818,50891
1076379,0,8168,5818,50891
1076429,0,8291,5818,50862
1076479,0,8291,5818,50862
1076529,0,8291,5818,50862
1076621,0,8291,5973,50862
1076671,0,8770,5973,50862
1076721,0,8770,5973,50862
1076771,0,8770,5973,50862
1076821,0,8770,5973,50829
1076871,0,8770,5973,50829
1077007,0,8770,6159,50829
1077057,0,9017,6159,50829
1077107,0,9017,6159,50829
1077157,0,9017,6159,50829
1077207,0,9017,6159,50795
1077257,0,9017,6159,50795
1077307,0,9017,6159,50795
1077357,0,9017,6159,50795
1077407,0,9017,6361,50795
1077457,0,9588,6361,50795
1077507,0,9588,6361,50795
1077599,0,9588,6361,50757
1077649,0,9588,6361,50757
1077699,0,9588,6361,50757
1077749,0,9588,6361,50757
1077799,0,9588,6539,50757
1077849,0,9588,6539,50757
1077899,0,9588,6539,50757
1077949,0,9588,6539,50757
1077999,0,9588,6539,50720
1078134,0,10144,6539,50720
1078184,0,10144,6539,50720
1078234,0,10144,6734,50720
1078284,0,10144,6734,50720
1078334,0,10144,6734,50720
1078384,0,10144,6734,50720
1078434,0,10360,6734,50688
1078484,0,10360,6734,50688
1078534,0,10360,6734,50688
1078626,0,10715,6902,50688
1078676,0,10715,6902,50688
1078726,0,10715,6902,50688
1078776,0,10715,6902,50688
1078826,0,10870,6902,50659
1078876,0,10870,6902,50659
1078926,0,10870,6902,50659
1078976,0,10870,6902,50659
1079026,0,10870,7053,50659
1079076,0,10870,7053,50659
1079126,0,10870,7053,50659
1079261,0,11426,7053,50625
1079311,0,11426,7053,50625
1079361,0,11426,7053,50625
1079411,0,11426,7213,50625
1079461,0,11426,7213,50625
1079511,0,11426,7213,50625
1079603,0,11426,7213,50591
1079653,0,11426,7213,50591
1079703,0,11426,7213,50591
1079753,0,11426,7213,50591
1079803,0,11426,7396,50591
1079853,0,11873,7396,50591
1079903,0,11873,7396,50591
1079953,0,11873,7396,50591
1080003,0,11873,7396,50561
1080053,0,11873,7396,50561
1080103,0,11873,7396,50561
1080153,0,11873,7396,50561
1080203,0,11873,7566,50561
1080253,0,12352,7566,50561
1080388,0,12352,7566,50561
1080438,0,12244,7566,50525
1080488,0,12244,7566,50525
1080580,0,12244,7566,50525
1080630,0,12244,7712,50525
1080680,0,12244,7712,50525
1080730,0,12244,7712,50525
1080780,0,12244,7712,50525
1080830,0,12753,7712,50496
1080880,0,12753,7712,50496
1080930,0,12753,7712,50496
1080980,0,12753,7712,50496
1081030,0,12753,7887,50496
1081080,0,12753,7887,50496
1081130,0,12753,7887,50496
1081180,0,12753,7887,50496
1081230,0,13186,7887,50460
1081280,0,13186,7887,50460
1081330,0,13186,7887,50460
1081380,0,13186,7887,50460
1081558,0,13186,8059,50460
1081608,0,13186,8059,50427
1081658,0,13649,8059,50427
1081708,0,13649,8059,50427
1081758,0,13649,8059,50427
1081808,0,13649,8059,50427
1081858,0,13773,8230,50427
1081908,0,13773,8230,50427
1081958,0,13773,8230,50427
1082008,0,13773,8230,50427
1082058,0,13773,8230,50396
1082108,0,13773,8230,50396
1082158,0,13773,8230,50396
1082208,0,13773,8230,50396
1082258,0,14159,8408,50396
1082308,0,14159,8408,50396
1082358,0,14159,8408,50396
1082450,0,14159,8408,50359
1082500,0,14159,8408,50359
1082550,0,14159,8408,50359
1082685,0,14699,8575,50359
1082735,0,14699,8575,50359
1082785,0,14699,8575,50359
1082835,0,14421,8575,50326
1082885,0,14421,8575,50326
1082935,0,14421,8575,50326
1082985,0,14421,8575,50326
1083035,0,14699,8753,50326
1083085,0,14699,8753,50326
1083135,0,14699,8753,50326
1083185,0,14699,8753,50326
1083235,0,14699,8753,50289
1083285,0,14699,8753,50289
1083335,0,14699,8753,50289
1083427,0,15286,8936,50289
1083477,0,15286,8936,50289
1083527,0,15286,8936,50289
1083577,0,15286,8936,50289
1083627,0,15131,8936,50289
1083677,0,15131,8936,50252
1083814,0,15131,8936,50252
1083864,0,15749,9113,50252
1083914,0,15749,9113,50252
1083964,0,15749,9113,50252
1084014,0,15749,9113,50252
1084064,0,15595,9113,50216
1084114,0,15595,9113,50216
1084164,0,15595,9113,50216
1084214,0,15595,9113,50216
1084264,0,16073,9293,50216
1084314,0,16073,9293,50216
1084406,0,16073,9293,50216
1084456,0,15903,9293,50179
1084506,0,15903,9293,50179
1084556,0,15903,9293,50179
1084606,0,15903,9293,50179
1084656,0,16243,9464,50179
1084706,0,16243,9464,50179
1084756,0,16243,9464,50179
1084806,0,16243,9464,50179
1084941,0,16413,9464,50150
1084991,0,16413,9464,50150
1085041,0,16598,9634,50150
1085091,0,16598,9634,50150
1085141,0,16598,9634,50150
1085191,0,16598,9634,50150
1085241,0,16598,9634,50105
1085291,0,16598,9634,50105
1085383,0,16598,9634,50105
1085433,0,16953,9634,50105
1085483,0,16953,9833,50105
1085533,0,16953,9833,50105
1085583,0,16953,9833,50105
1085633,0,17154,9833,50105
1085683,0,17154,9833,50074
1085733,0,17154,9833,50074
1085783,0,17154,9833,50074
1085833,0,17154,9833,50074
1085883,0,17154,9947,50074
1085933,0,17154,9947,50074
1086068,0,17540,9947,50051
1086118,0,17540,9947,50051
1086168,0,17540,9947,50051
1086218,0,17540,9947,50051
1086268,0,17540,10106,50051
1086360,0,17540,10106,50051
1086410,0,17540,10106,50051
1086460,0,17741,10106,50007
1086510,0,17741,10106,50007
1086560,0,17741,10106,50007
1086610,0,17741,10106,50007
1086660,0,17941,10300,50007
1086710,0,17941,10300,50007
1086760,0,17941,10300,50007
1086810,0,17941,10300,50007
1086860,0,18158,10300,49981
1086995,0,18158,10300,49981
1087045,0,18374,10451,49981
1087095,0,18374,10451,49981
1087145,0,18374,10451,49981
1087195,0,18374,10451,49981
1087245,0,18374,10451,49981
1087337,0,18374,10451,49947
1087387,0,18374,10451,49947
1087437,0,19053,10451,49947
1087487,0,19053,10614,49947
1087537,0,19053,10614,49947
1087587,0,19053,10614,49947
1087637,0,18822,10614,49947
1087687,0,18822,10614,49907
1087737,0,18822,10614,49907
1087787,0,18822,10614,49907
1087837,0,19300,10614,49907
1087887,0,19300,10772,49907
1087937,0,19300,10772,49907
1087987,0,19300,10772,49907
1088123,0,19300,10772,49876
1088173,0,19300,10772,49876
1088265,0,19300,10955,49876
1088315,0,19300,10955,49876
1088365,0,19300,10955,49876
1088415,0,19300,10955,49876
1088465,0,19532,10955,49840
1088515,0,19532,10955,49840
1088565,0,19532,10955,49840
1088615,0,19532,10955,49840
1088665,0,19794,11158,49840
1088715,0,19794,11158,49840
1088765,0,19794,11158,49840
1088815,0,19794,11158,49840
1088865,0,20041,11158,49812
1088915,0,20041,11158,49812
1088965,0,20041,11158,49812
1089015,0,20041,11158,49812
1089065,0,20041,11290,49812
1089157,0,20041,11290,49812
1089292,0,20582,11290,49775
1089342,0,20582,11290,49775
1089392,0,20582,11290,49775
1089442,0,20582,11290,49775
1089492,0,20582,11418,49775
1089542,0,20582,11418,49775
1089592,0,20582,11418,49775
1089642,0,20582,11418,49775
1089692,0,20582,11418,49742
1089742,0,20582,11418,49742
1089792,0,20582,11418,49742
1089842,0,21138,11418,49742
1089892,0,21138,11607,49742
1089942,0,21138,11607,49742
1089992,0,21138,11607,49742
1090084,0,20860,11607,49703
1090134,0,20860,11607,49703
1090184,0,20860,11607,49703
1090234,0,20860,11607,49703
1090284,0,20860,11762,49703
1090419,0,20860,11762,49703
1090469,0,21138,11762,49703
1090519,0,21138,11762,49672
1090569,0,21138,11762,49672
1090619,0,21138,11762,49672
1090669,0,21740,11762,49672
1090719,0,21740,11946,49672
1090769,0,21740,11946,49672
1090819,0,21740,11946,49672
1090869,0,21740,11946,49672
1090919,0,21740,11946,49638
1090969,0,21740,11946,49638
1091061,0,21740,11946,49638
1091111,0,21740,12108,49638
1091161,0,21740,12108,49638
1091211,0,21740,12108,49638
1091261,0,22373,12108,49638
1091311,0,22373,12108,49605
1091361,0,22373,12108,49605
1091411,0,22373,12108,49605
1091546,0,22049,12273,49605
1091596,0,22049,12273,49605
1091646,0,22373,12273,49605
1091696,0,22373,12273,49573
1091746,0,22373,12273,49573
1091796,0,22373,12273,49573
1091846,0,22373,12273,49573
1091896,0,22373,12432,49573
1091988,0,22373,12432,49573
1092038,0,23037,12432,49573
1092088,0,23037,12432,49535
1092138,0,23037,12432,49535
1092188,0,23037,12432,49535
1092238,0,22697,12432,49535
1092288,0,22697,12599,49535
1092338,0,22697,12599,49535
1092388,0,22697,12599,49535
1092438,0,23037,12599,49535
1092488,0,23037,12599,49510
1092538,0,23037,12599,49510
1092673,0,23392,12599,49510
1092723,0,23392,12736,49510
1092773,0,23392,12736,49510
1092823,0,23392,12736,49510
1092873,0,23037,12736,49510
1092965,0,23037,12736,49471
1093015,0,23037,12736,49471
1093065,0,23392,12736,49471
1093115,0,23392,12916,49471
1093165,0,23392,12916,49471
1093215,0,23392,12916,49471
1093265,0,23747,12916,49471
1093315,0,23747,12916,49441
1093365,0,23747,12916,49441
1093415,0,23747,12916,49441
1093465,0,24118,12916,49441
1093515,0,24118,13050,49441
1093565,0,24118,13050,49441
1093615,0,24118,13050,49441
1093665,0,24118,13050,49441
1093800,0,24118,13050,49404
1093892,0,24118,13251,49404
1093942,0,24118,13251,49404
1093992,0,24118,13251,49404
1094042,0,23747,13251,49404
1094092,0,23747,13251,49364
1094142,0,23747,13251,49364
1094192,0,23747,13251,49364
1094242,0,24504,13251,49364
1094292,0,24504,13379,49364
1094342,0,24504,13379,49364
1094392,0,24504,13379,49364
1094442,0,24890,13379,49364
1094492,0,24890,13379,49340
1094542,0,24890,13379,49340
1094592,0,24890,13379,49340
1094642,0,24890,13379,49340
1094692,0,24890,13379,49340
1094784,0,24890,13509,49340
1094834,0,24890,13509,49340
1094969,0,24890,13509,49311
1095019,0,24890,13509,49311
1095069,0,24890,13509,49311
1095119,0,24890,13621,49311
1095169,0,24890,13621,49311
1095219,0,24890,13621,49311
1095269,0,25307,13621,49311
1095319,0,25307,13621,49284
1095369,0,25307,13621,49284
1095419,0,25307,13621,49284
1095469,0,25307,13621,49284
1095519,0,25307,13758,49284
1095569,0,25307,13758,49284
1095619,0,25307,13758,49284
1095711,0,26156,13758,49258
1095761,0,26156,13758,49258
1095811,0,26156,13758,49258
1095861,0,25724,13758,49258
1095911,0,25724,13893,49258
1095961,0,25724,13893,49258
1096096,0,25724,13893,49258
1096146,0,25724,13893,49232
1096196,0,25724,13893,49232
1096246,0,25724,13893,49232
1096296,0,25724,13893,49232
1096346,0,25724,14048,49232
1096396,0,25724,14048,49232
1096446,0,26156,14048,49232
1096496,0,26156,14048,49232
1096546,0,26156,14048,49196
1096596,0,26156,14048,49196
1096688,0,26156,14048,49196
1096738,0,26156,14172,49196
1096788,0,26156,14172,49196
1096838,0,26619,14172,49196
1096888,0,26619,14172,49196
1096938,0,26619,14172,49167
1096988,0,26619,14172,49167
1097038,0,26619,14172,49167
1097088,0,26619,14172,49167
1097223,0,26619,14268,49167
1097273,0,27082,14268,49167
1097323,0,27082,14268,49148
1097373,0,27082,14268,49148
1097423,0,27082,14268,49148
1097473,0,27082,14268,49148
1097523,0,27082,14420,49148
1097657,0,26619,14420,49148
1097707,0,26619,14420,49148
1097757,0,26619,14420,49103
1097807,0,26619,14420,49103
1097857,0,27082,14420,49103
1097907,0,27082,14420,49103
1097957,0,27082,14565,49103
1098007,0,27082,14565,49103
1098057,0,26619,14565,49103
1098107,0,26619,14565,49103
1098157,0,26619,14565,49084
1098207,0,26619,14565,49084
1098257,0,27082,14565,49084
1098586,0,27561,14743,49038
1098636,0,28071,14743,49038
1098686,0,28071,14743,49038
1098736,0,28071,14851,49038
1098828,0,28071,14851,49038
1098878,0,28071,14851,49038
1098928,0,28071,14851,49019
1098978,0,28071,14851,49019
1099028,0,28071,14851,49019
1099078,0,28071,14851,49019
1099128,0,28071,15005,49019
1099178,0,28071,15005,49019
1099228,0,28071,15005,49019
1099278,0,28071,15005,49019
1099328,0,28071,15005,48984
1099378,0,28071,15005,48984
1099428,0,28071,15005,48984
1099478,0,28071,15005,48984
1099528,0,28071,15105,48984
1099578,0,28071,15105,48984
1099755,0,28071,15105,48965
1099805,0,28071,15105,48965
1099855,0,28281,15105,48965
1099905,0,28491,15105,48965
1099955,0,28700,15239,48965
1100005,0,28910,15239,48965
1100055,0,29120,15239,48965
1100105,0,29120,15239,48965
1100155,0,29120,15239,48935
1100205,0,29120,15239,48935
1100255,0,28580,15239,48935
1100305,0,28580,15239,48935
1100355,0,28580,15335,48935
1100405,0,28580,15335,48935
1100455,0,29120,15335,48935
1100505,0,29120,15335,48935
1100555,0,29120,15335,48896
1100605,0,29120,15335,48896
1100697,0,29120,15335,48896
1100747,0,29120,15483,48896
1100883,0,29120,15483,48896
1100933,0,29120,15483,48896
1100983,0,29120,15483,48891
1101033,0,29120,15483,48891
1101083,0,29120,15483,48891
1101133,0,29120,15483,48891
1101183,0,29120,15555,48891
1101233,0,29692,15555,48891
1101283,0,29692,15555,48891
1101333,0,29692,15555,48891
1101383,0,29692,15555,48853
1101433,0,29692,15555,48853
1101483,0,29692,15555,48853
1101533,0,29692,15555,48853
1101625,0,30263,15672,48853
1101675,0,30263,15672,48853
1101810,0,30263,15672,48827
1101860,0,30263,15672,48827
1101910,0,30263,15672,48827
1101960,0,30263,15833,48827
1102010,0,30263,15833,48827
1102060,0,30263,15833,48827
1102110,0,30263,15833,48827
1102160,0,30263,15833,48793
1102210,0,30263,15833,48793
1102260,0,30263,15833,48793
1102310,0,30263,15833,48793
1102360,0,30263,16014,48793
1102410,0,30263,16014,48793
1102460,0,30881,16014,48793
1102510,0,30881,16014,48793
1102602,0,30881,16014,48757
1102652,0,30263,16014,48757
1102702,0,30263,16014,48757
1102752,0,30263,16014,48757
1102802,0,30263,16102,48757
1102937,0,30263,16102,48757
1102987,0,30263,16102,48724
1103037,0,30881,16102,48724
1103087,0,30881,16102,48724
1103137,0,30881,16102,48724
1103187,0,30881,16224,48724
1103237,0,30881,16224,48724
1103287,0,30881,16224,48724
1103337,0,30881,16224,48724
1103387,0,30881,16224,48708
1103437,0,31498,16224,48708
1103529,0,31498,16224,48708
1103579,0,31498,16294,48708
1103629,0,30881,16294,48708
1103679,0,30881,16294,48708
1103729,0,30881,16294,48708
1103779,0,30881,16294,48689
1103829,0,31498,16294,48689
1103879,0,31498,16294,48689
1103929,0,31498,16294,48689
1104065,0,31498,16392,48689
1104115,0,31498,16392,48689
1104165,0,31498,16392,48659
1104215,0,31498,16392,48659
1104265,0,30881,16392,48659
1104315,0,30881,16392,48659
1104365,0,30881,16499,48659
1104415,0,30881,16499,48659
1104507,0,31498,16499,48659
1104557,0,31498,16499,48659
1104607,0,31498,16499,48555
1104657,0,31498,16499,48555
1104707,0,31498,16499,48555
1104757,0,31498,16499,48555
1104807,0,31498,16009,48555
1104857,0,32842,16009,48555
1104907,0,32842,16009,48555
1104957,0,32842,16009,48555
1105007,0,32842,16009,48597
1105057,0,33552,16009,48597
1105192,0,33552,16661,48597
1105242,0,32162,16661,48597
1105292,0,32162,16661,48597
1105342,0,32162,16661,48597
1105434,0,31498,16661,48597
1105484,0,31498,16661,48597
1105534,0,31498,16661,48597
1105584,0,31498,16782,48597
1105634,0,32842,16782,48597
1105684,0,32842,16782,48597
1105734,0,32842,16782,48597
1105784,0,32842,16782,48563
1105834,0,32842,16782,48563
1105884,0,32842,16782,48563
1105934,0,32842,16782,48563
1105984,0,32842,16895,48563
1106034,0,32162,16895,48563
1106084,0,32162,16895,48563
1106134,0,32162,16895,48563
1106184,0,32162,16895,48532
1106319,0,32162,16895,48532
1106411,0,32162,17000,48532
1106461,0,32162,17000,48532
1106511,0,32162,17000,48532
1106561,0,32162,17000,48532
1106611,0,32162,17000,48503
1106661,0,32162,17000,48503
1106711,0,32162,17000,48503
1106761,0,32162,17000,48503
1106811,0,32162,17152,48503
1106861,0,33552,17152,48503
1106911,0,33552,17152,48503
1106961,0,33552,17152,48503
1107011,0,33552,17152,48481
1107061,0,33552,17152,48481
1107111,0,33552,17152,48481
1107161,0,33552,17152,48481
1107253,0,33552,17244,48481
1107303,0,33552,17244,48481
1107353,0,33552,17244,48481
1107488,0,33552,17244,48455
1107538,0,33552,17244,48455
1107588,0,33552,17352,48455
1107638,0,34309,17352,48455
1107688,0,34309,17352,48455
1107738,0,34309,17352,48455
1107788,0,34309,17352,48434
1107838,0,33552,17352,48434
1107888,0,33552,17352,48434
1107938,0,33552,17352,48434
1107988,0,33552,17432,48434
1108038,0,33552,17432,48434
1108088,0,33552,17432,48434
1108138,0,33552,17432,48434
1108230,0,33552,17432,48417
1108280,0,33552,17432,48417
1108330,0,33552,17432,48417
1108380,0,33552,17432,48417
1108430,0,34309,17550,48417
1108480,0,34309,17550,48417
1108615,0,34309,17550,48372
1108665,0,34309,17550,48372
1108715,0,34309,17550,48372
1108765,0,34309,17550,48372
1108815,0,34309,17682,48372
1108865,0,34309,17682,48372
1108915,0,34309,17682,48372
1108965,0,34309,17682,48372
1109015,0,34309,17682,48354
1109065,0,35081,17682,48354
1109157,0,35081,17682,48354
1109207,0,35081,17786,48354
1109257,0,35081,17786,48354
1109307,0,35081,17786,48354
1109357,0,35081,17786,48354
1109407,0,35081,17786,49306
1109457,0,35081,17786,49306
1109507,0,35081,17786,49306
1109557,0,35081,17786,49306
1109607,0,35081,10256,49306
1109742,0,35081,10256,49306
1109792,0,35081,10256,49306
1109842,0,35081,10256,49550
1109892,0,35081,10256,49550
1109942,0,35081,10256,49550
1109992,0,35081,10256,49550
1110042,0,35081,9740,49550
1110134,0,35081,9740,49550
1110184,0,35081,9740,49550
1110234,0,34309,9740,49519
1110284,0,34309,9740,49519
1110334,0,34309,9740,49519
1110384,0,34309,9740,49519
1110434,0,34309,8822,49519
1110484,0,34309,8822,49519
1110534,0,34309,8822,49519
1110584,0,34309,8822,49519
1110634,0,34309,8822,49679
1110684,0,34309,8822,49679
1110734,0,34309,8822,49679
1110869,0,35081,8605,49679
1110919,0,35081,8605,49679
1110969,0,35081,8605,49679
1111019,0,35081,8605,49750
1111111,0,34309,8605,49750
1111161,0,34309,8605,49750
1111211,0,34309,8168,49750
1111261,0,35081,8168,49750
1111311,0,35081,8168,49750
1111361,0,35081,8168,49750
1111411,0,35081,8168,49794
1111461,0,35081,8168,49794
1111511,0,35081,8168,49794
1111561,0,35081,8168,49794
1111611,0,35081,7856,49794
1111661,0,34309,7856,49794
1111711,0,34309,7856,49794
1111761,0,34309,7856,49794
1111811,0,34309,7856,49820
1111861,0,34309,7856,49820
1111996,0,34309,7856,49820
1112088,0,34309,7833,49820
1112138,0,34309,7833,49820
1112188,0,34309,7833,49820
1112238,0,34309,7833,49815
1112288,0,34309,7833,49815
1112338,0,34309,7833,49815
1112388,0,34309,7833,49815
1112438,0,34309,7968,49815
1112488,0,34309,7968,49815
1112538,0,34309,7968,49815
1112588,0,34309,7968,49815
1112638,0,35081,7968,49825
1112688,0,35081,7968,49825
1112738,0,35081,7968,49825
1112788,0,35081,7968,49825
1112838,0,34309,7895,49825
1112888,0,34309,7895,49825
1112980,0,34309,7895,49825
1113030,0,34309,7895,49856
1113165,0,34309,7895,49856
1113215,0,34309,7895,49856
1113265,0,35081,7737,49856
1113315,0,35081,7737,49856
1113365,0,35081,7737,49856
1113415,0,35081,7737,49856
1113465,0,34309,7737,49858
1113515,0,34309,7737,49858
1113565,0,34309,7737,49858
1113615,0,34309,7737,49858
1113665,0,33552,7637,49858
1113715,0,33552,7637,49858
1113765,0,33552,7637,49858
1113815,0,33552,7637,49858
1113865,0,34309,7637,50161
1113957,0,34309,7637,50161
1114007,0,34309,7637,50161
1114057,0,33552,7887,50161
1114107,0,33552,7887,50161
1114157,0,33552,7887,50161
1114293,0,33552,7887,49798
1114343,0,33552,7887,49798
1114393,0,33552,7887,49798
1114443,0,33552,8026,49798
1114493,0,33552,8026,49798
1114543,0,33552,8026,49798
1114593,0,33552,8026,49798
1114643,0,33552,8026,49839
1114693,0,33552,8026,49839
1114743,0,33552,8026,49839
1114793,0,33552,8026,49839
1114843,0,34309,7976,49839
1114935,0,34309,7976,49839
1114985,0,34309,7976,49839
1115035,0,34309,7976,49871
1115085,0,34309,7976,49871
1115135,0,34309,7976,49871
1115185,0,34309,7976,49871
1115235,0,34309,7976,49871
1115285,0,34309,7831,49871
1115422,0,34309,7831,49871
1115472,0,34309,7831,49836
1115522,0,34309,7831,49836
1115572,0,34309,7831,49836
1115622,0,34309,7831,49836
1115672,0,34309,7884,49836
1115722,0,34309,7884,49836
1115772,0,34309,7884,49836
1115822,0,34309,7884,49836
1115914,0,34309,7884,49841
1115964,0,34309,7884,49841
1116014,0,34309,7884,49841
1116064,0,33552,7826,49841
1116114,0,33552,7826,49841
1116164,0,33552,7826,49841
1116214,0,33552,7826,49841
1116349,0,33552,7826,49857
1116399,0,33552,7826,49857
1116449,0,33552,7807,49857
1116499,0,33552,7807,49857
1116549,0,33552,7807,49857
1116599,0,33552,7807,49857
1116649,0,33552,7807,49919
1116699,0,33552,7807,49919
1116749,0,33552,7807,49919
1116799,0,33552,7807,49919
1116891,0,34309,7577,49919
1116941,0,34309,7577,49919
1116991,0,34309,7577,49919
1117041,0,33552,7577,49919
1117091,0,33552,7577,49940
1117141,0,33552,7577,49940
1117191,0,33552,7577,49940
1117241,0,33552,7577,49940
1117291,0,33552,7451,49940
1117341,0,33552,7451,49940
1117477,0,33552,7451,49909
1117527,0,33552,7451,49909
1117577,0,33552,7451,49909
1117627,0,33552,7451,49909
1117677,0,33552,7315,49909
1117727,0,33552,7315,49909
1117777,0,33552,7315,49909
1117869,0,32842,7315,50106
1117919,0,32842,7315,50106
1117969,0,32842,7315,50106
1118019,0,32842,7315,50106
1118069,0,33552,7692,50106
1118119,0,33552,7692,50106
1118169,0,33552,7692,50106
1118219,0,33552,7692,50106
1118269,0,33552,7692,50705
1118319,0,33552,7692,50705
1118369,0,33552,7692,50705
1118419,0,33552,7692,50705
1118469,0,32842,2030,50705
1118605,0,32842,2030,50705
1118655,0,32842,2030,50705
1118705,0,32842,2030,50996
1118755,0,32842,2030,50996
1118847,0,32842,2030,50996
1118897,0,32842,150,50996
1118947,0,32842,150,50996
1118997,0,32842,150,50996
1119047,0,32842,150,50996
1119097,0,32842,150,51021
1119147,0,32842,150,51021
1119197,0,32842,150,51021
1119247,0,32842,150,51021
1119297,0,32842,120,51021
1119347,0,32842,120,51021
1119397,0,32842,120,51021
1119447,0,32842,120,51021
1119497,0,32842,120,51040
1119547,0,32842,120,51040
1119597,0,32842,120,51040
1119732,0,32511,118,51040
1119782,0,32388,118,51040
1119874,0,32162,118,51057
1119924,0,32162,118,51057
1119974,0,32162,118,51057
1120024,0,32162,118,51057
1120074,0,32162,118,51057
1120124,0,32162,118,51057
1120174,0,32162,118,51057
1120224,0,32842,118,51057
1120274,0,32842,118,51071
1120324,0,32842,118,51071
1120374,0,32842,118,51071
1120424,0,32162,118,51071
1120474,0,32162,117,51071
1120524,0,32162,117,51071
1120574,0,32162,117,51071
1120624,0,32162,117,51071
1120674,0,32162,117,51084
1120724,0,32162,117,51084
1120902,0,32162,118,51084
1120952,0,32162,118,51084
1121002,0,32162,118,51084
1121052,0,31498,118,51084
1121102,0,31498,118,51096
1121152,0,31498,118,51096
1121202,0,31498,118,51096
1121252,0,31498,118,51096
1121302,0,31498,117,51096
1121352,0,31498,117,51096
1121402,0,31498,117,51096
1121452,0,31498,117,51096
1121502,0,31498,117,51107
1121552,0,31498,117,51107
1121602,0,31498,117,51107
1121652,0,31498,117,51107
1121702,0,31498,118,51107
1121752,0,31498,118,51107
1121844,0,31498,118,51107
1121894,0,31498,118,51118
1122030,0,30881,118,51118
1122080,0,30881,118,51118
1122130,0,30881,117,51118
1122180,0,30881,117,51118
1122230,0,31498,117,51118
1122280,0,31498,117,51118
1122330,0,31498,117,51128
1122380,0,31498,117,51128
1122430,0,30881,117,51128
1122480,0,30881,117,51128
1122530,0,30881,116,51128
1122580,0,30881,116,51128
1122630,0,30881,116,51128
1122680,0,30881,116,51128
1122730,0,30881,116,51138
1122822,0,30881,116,51138
1122872,0,30881,116,51138
1122922,0,30881,116,51138
1122972,0,30881,116,51138
1123022,0,30881,116,51138
1123158,0,30881,116,51147
1123208,0,30881,116,51147
1123258,0,30881,116,51147
1123308,0,30881,116,51147
1123358,0,30881,116,51147
1123408,0,30881,116,51147
1123458,0,30881,116,51147
1123508,0,30881,116,51156
1123558,0,30881,116,51156
1123608,0,30881,116,51156
1123658,0,30753,116,51156
1123708,0,30626,116,51156
1123758,0,30498,116,51156
1123850,0,30263,116,51156
1123900,0,30263,116,51164
1123950,0,30263,116,51164
1124000,0,30263,116,51164
1124050,0,30263,116,51164
1124100,0,30263,115,51164
1124150,0,30263,115,51164
1124285,0,30263,115,51164
1124335,0,30263,115,51172
1124385,0,30263,115,51172
1124435,0,30263,115,51172
1124485,0,30263,115,51172
1124535,0,30263,117,51172
1124585,0,30263,117,51172
1124635,0,29692,117,51172
1124685,0,29692,117,51172
1124735,0,29692,117,51180
1124785,0,29692,117,51180
1124877,0,30263,117,51180
1124927,0,30263,116,51180
1124977,0,30263,116,51180
1125027,0,29692,116,51180
1125077,0,29692,116,51180
1125127,0,29692,116,51188
1125177,0,29692,116,51188
1125227,0,29120,116,51188
1125277,0,29120,116,51188
1125412,0,29120,115,51188
1125462,0,30263,115,51188
1125512,0,30263,115,51195
1125562,0,30263,115,51195
1125612,0,30263,115,51195
1125662,0,29692,115,51195
1125712,0,29692,116,51195
1125762,0,29692,116,51195
1125812,0,29692,116,51195
1125904,0,29692,116,51202
1125954,0,29692,116,51202
1126004,0,29692,116,51202
1126054,0,29692,116,51202
1126104,0,29692,116,51202
1126154,0,29692,116,51202
1126204,0,29692,116,51202
1126254,0,29692,116,51202
1126304,0,29692,116,51202
1126354,0,29692,116,51209
1126404,0,29692,116,51209
1126539,0,29692,116,51209
1126589,0,29692,116,51209
1126639,0,29120,116,51209
1126689,0,29120,116,51209
1126739,0,29120,116,51215
1126789,0,29120,116,51215
1126881,0,29120,116,51215
1126931,0,29120,116,51215
1126981,0,29120,116,51215
1127031,0,29120,116,51215
1127081,0,29120,116,51215
1127131,0,29120,116,51222
1127181,0,29120,116,51222
1127231,0,28580,116,51222
1127281,0,28580,116,51222
1127331,0,28580,115,51222
1127381,0,28580,115,51222
1127431,0,29120,115,51222
1127481,0,29120,115,51222
1127531,0,29120,115,51228
1127666,0,28580,115,51228
1127716,0,28580,115,51228
1127766,0,28580,115,51228
1127816,0,28580,115,51228
1127908,0,28580,115,51228
1127958,0,28580,115,51234
1128008,0,28580,115,51234
1128058,0,28580,115,51234
1128108,0,28580,115,51234
1128158,0,28580,116,51234
1128208,0,28580,116,51234
1128258,0,28580,116,51234
1128308,0,28580,116,51234
1128358,0,28580,116,51240
1128408,0,28580,116,51240
1128458,0,28580,116,51240
1128508,0,28580,116,51240
1128558,0,28580,115,51240
1128608,0,28580,115,51240
1128658,0,28071,115,51240
1128793,0,28071,115,51246
1128843,0,28071,115,51246
1128977,0,28071,116,51246
1129027,0,28071,116,51246
1129077,0,28071,116,51246
1129127,0,28071,116,51246
1129177,0,28071,116,51252
1129227,0,28071,116,51252
1129277,0,28071,116,51252
1129327,0,28071,116,51252
1129377,0,28071,115,51252
1129427,0,27561,115,51252
1129477,0,27561,115,51252
1129527,0,27561,115,51252
1129577,0,27561,115,51257
1129627,0,27561,115,51257
1129677,0,27561,115,51257
1129727,0,27561,115,51257
1129777,0,27561,115,51257
1129869,0,27561,115,51257
1130174,0,27082,116,51263
1130224,0,27561,116,51263
1130274,0,27561,116,51263
1130324,0,27561,116,51263
1130374,0,27561,116,51268
1130424,0,27082,116,51268
1130474,0,27082,116,51268
1130524,0,27082,116,51268
1130574,0,27082,115,51268
1130624,0,27561,115,51268
1130674,0,27561,115,51268
1130724,0,27561,115,51268
1130774,0,27561,115,51273
1130824,0,27561,115,51273
1130874,0,27561,115,51273
1130924,0,27561,115,51273
1131101,0,27561,116,51273
1131193,0,27561,116,51278
1131243,0,27082,116,51278
1131293,0,27082,116,51278
1131343,0,27082,116,51278
1131393,0,27082,116,51278
1131443,0,27561,116,51278
1131493,0,27561,116,51278
1131543,0,27561,116,51283
1131593,0,27561,116,51283
1131643,0,26619,116,51283
1131693,0,26619,116,51283
1131743,0,26619,116,51283
1131793,0,26619,116,51283
1131843,0,27082,116,51283
1131893,0,27082,116,51283
1131943,0,27082,116,51283
1131993,0,27082,116,51289
1132085,0,26619,116,51289
1132135,0,26619,116,51289
1132272,0,26619,116,51289
1132322,0,26619,116,51289
1132372,0,26619,116,51293
1132422,0,26619,116,51293
1132472,0,26619,116,51293
1132522,0,26619,116,51293
1132572,0,26619,115,51293
1132622,0,26619,115,51293
1132672,0,27082,115,51293
1132722,0,27082,115,51293
1132772,0,27082,115,51298
1132822,0,27082,115,51298
1132872,0,26156,115,51298
1132922,0,26156,115,51298
1132972,0,26156,116,51298
1133022,0,26156,116,51298
1133114,0,26619,116,51298
1133164,0,26619,116,51303
1133214,0,26619,116,51303
1133264,0,26156,116,51303
1133399,0,26156,115,51303
1133449,0,26156,115,51303
1133499,0,26156,115,51303
1133549,0,26156,115,51303
1133599,0,26156,115,51308
1133649,0,26156,115,51308
1133699,0,26156,115,51308
1133749,0,26156,115,51308
1133799,0,26156,115,51308
1133849,0,25724,115,51308
1133899,0,25724,115,51308
1133949,0,25724,115,51308
1133999,0,25724,115,51311
1134049,0,26156,115,51311
1134141,0,26156,115,51311
1134191,0,26156,115,51311
1134241,0,26156,115,51311
1134291,0,26156,115,51311
1134341,0,26156,115,51311
1134391,0,26156,115,51316
1134526,0,26156,115,51316
1134576,0,26156,116,51316
1134626,0,26156,116,51316
1134676,0,26156,116,51316
1134726,0,26156,116,51316
1134776,0,26156,116,51320
1134826,0,25724,116,51320
1134876,0,25724,116,51320
1134926,0,25724,116,51320
1134976,0,25724,115,51320
1135026,0,25724,115,51320
1135118,0,25724,115,51320
1135168,0,25724,115,51320
1135218,0,25724,115,51325
1135268,0,25724,115,51325
1135318,0,25724,115,51325
1135368,0,25724,115,51325
1135418,0,25724,114,51325
1135468,0,26156,114,51325
1135518,0,26156,114,51325
1135653,0,25724,114,51328
1135703,0,25724,114,51328
1135753,0,25724,114,51328
1135803,0,25724,116,51328
1135853,0,25724,116,51328
1135903,0,25724,116,51328
1135953,0,25724,116,51328
1136003,0,25724,116,51333
1136053,0,25307,116,51333
1136145,0,25307,116,51333
1136195,0,25307,116,51333
1136245,0,25307,116,51333
1136295,0,25307,116,51333
1136345,0,25307,116,51333
1136395,0,25307,116,51337
1136445,0,25307,116,51337
1136495,0,25307,116,51337
1136545,0,25307,116,51337
1136595,0,25307,115,51337
1136645,0,24890,115,51337
1136780,0,24890,115,51341
1136830,0,24890,115,51341
1136880,0,24890,115,51341
1136930,0,24890,115,51341
1136980,0,24890,115,51341
1137030,0,24890,361,51341
1137080,0,24890,361,51341
1137172,0,24890,361,51341
1137222,0,24890,361,51334
1137272,0,25307,361,51334
1137322,0,25307,361,51334
1137372,0,25307,361,51334
1137422,0,25307,193,51334
1137472,0,24890,193,51334
1137522,0,24890,193,51334
1137572,0,24890,193,51334
1137622,0,24890,193,51337
1137672,0,24504,193,51337
1137722,0,24504,193,51337
1137772,0,24504,193,51337
1137907,0,24890,190,51337
1137957,0,24890,190,51337
1138007,0,24890,190,51352
1138057,0,24504,190,51352
1138149,0,24504,190,51352
1138199,0,24504,116,51352
1138249,0,24504,116,51352
1138299,0,24504,116,51352
1138349,0,24504,116,51352
1138399,0,24504,116,51355
1138449,0,24890,116,51355
1138499,0,24890,116,51355
1138549,0,24890,116,51355
1138599,0,24890,114,51355
1138649,0,24504,114,51355
1138699,0,24504,114,51355
1138749,0,24504,114,51355
1138799,0,24504,114,51359
1138849,0,24504,114,51359
1138899,0,24504,114,51359
1139034,0,24504,114,51359
1139084,0,24504,114,51359
1139176,0,24504,114,51359
1139226,0,24118,114,51363
1139276,0,24118,114,51363
1139326,0,24118,114,51363
1139376,0,24118,114,51363
1139426,0,24504,115,51363
1139476,0,24504,115,51363
1139526,0,24504,115,51363
1139576,0,24504,115,51363
1139626,0,24118,115,51365
1139676,0,24118,115,51365
1139726,0,24118,115,51365
1139776,0,24118,115,51365
1139826,0,23747,115,51365
1139876,0,23747,115,51365
1139926,0,23747,115,51365
1139976,0,23747,115,51365
1140026,0,23747,115,51369
1140204,0,23747,116,51369
1140254,0,23747,116,51369
1140304,0,23747,116,51369
1140354,0,23747,116,51369
1140404,0,23747,116,51373
1140454,0,23747,116,51373
1140504,0,23747,116,51373
1140554,0,23747,116,51373
1140604,0,23747,115,51373
1140654,0,23747,115,51373
1140704,0,23747,115,51373
1140754,0,23747,115,51373
1140804,0,23747,115,51376
1140854,0,23747,115,51376
1140904,0,23747,115,51376
1140954,0,23747,115,51376
1141004,0,23747,115,51376
1141096,0,23392,115,51376
1141146,0,23392,115,51376
1141196,0,23392,115,51376
1141331,0,23747,115,51380
1141381,0,23747,115,51380
1141431,0,23392,114,51380
1141481,0,23392,114,51380
1141531,0,23392,114,51380
1141581,0,23392,114,51380
1141631,0,23392,114,51382
1141681,0,23392,114,51382
1141731,0,23392,114,51382
1141781,0,23392,114,51382
1141831,0,23037,115,51382
1141881,0,23037,115,51382
1141931,0,23037,115,51382
1141981,0,23037,115,51382
1142031,0,23747,115,51386
1142123,0,23747,115,51386
1142173,0,23747,115,51386
1142223,0,23747,115,51386
1142273,0,23392,115,51386
1142323,0,23392,115,51386
1142458,0,23037,115,51390
1142508,0,23037,115,51390
1142558,0,23037,115,51390
1142608,0,23037,115,51390
1142658,0,22697,115,51390
1142708,0,22697,115,51390
1142758,0,22697,115,51390
1142808,0,22697,115,51390
1142858,0,23037,115,51393
1142908,0,23037,115,51393
1142958,0,23037,115,51393
1143008,0,23037,115,51393
1143058,0,23392,115,51393
1143150,0,23392,115,51393
1143200,0,23392,115,51393
1143250,0,22697,115,51381
1143300,0,22697,115,51381
1143350,0,22697,115,51381
1143400,0,22697,115,51381
1143450,0,22697,216,51381
1143586,0,22697,216,51381
1143636,0,22697,216,51387
1143686,0,22697,216,51387
1143736,0,22697,216,51387
1143786,0,22697,216,51387
1143836,0,22373,190,51387
1143886,0,22373,190,51387
1143936,0,22373,190,51387
1143986,0,22373,190,51387
1144036,0,22049,190,51390
1144128,0,22049,190,51390
1144178,0,22049,190,51390
1144228,0,22697,190,51390
1144278,0,22697,191,51390
1144328,0,22697,191,51390
1144378,0,22697,191,51390
1144428,0,22697,191,51390
1144478,0,22697,191,51378
1144528,0,22697,191,51378
1144578,0,22697,191,51378
1144713,0,22049,288,51378
1144763,0,22049,288,51378
1144813,0,22049,288,51378
1144863,0,22049,288,51370
1144913,0,22049,288,51370
1144963,0,22049,288,51370
1145013,0,22049,288,51370
1145063,0,22373,370,51370
1145155,0,22373,370,51370
1145205,0,22373,370,51370
1145255,0,22373,370,51372
1145305,0,22373,370,51372
1145355,0,22373,370,51372
1145405,0,22373,370,51372
1145455,0,21740,369,51372
1145505,0,21740,369,51372
1145640,0,22373,369,51374
1145690,0,22373,369,51374
1145740,0,22373,369,51374
1145790,0,22373,369,51374
1145840,0,22049,363,51374
1145890,0,22049,363,51374
1145940,0,22049,363,51374
1145990,0,22049,363,51374
1146040,0,21740,363,51376
1146090,0,21740,363,51376
1146182,0,21740,363,51376
1146232,0,21740,363,51376
1146282,0,21740,363,51376
1146332,0,21740,363,51376
1146382,0,21740,363,51376
1146432,0,21740,363,51376
1146482,0,21740,363,51380
1146532,0,21740,363,51380
1146582,0,21740,363,51380
1146632,0,22049,363,51380
1146767,0,22049,364,51380
1146817,0,22049,364,51380
1146867,0,21431,364,49952
1146917,0,21431,364,49952
1146967,0,21431,364,49952
1147017,0,21431,364,49952
1147067,0,21740,10975,49952
1147159,0,21740,10975,49952
1147209,0,21740,10975,49952
1147259,0,22049,10975,49761
1147309,0,22049,10975,49761
1147359,0,22049,10975,49761
1147409,0,22049,10975,49761
1147459,0,21740,11508,49761
1147509,0,21740,11508,49761
1147559,0,21740,11508,49761
1147609,0,21740,11508,49761
1147659,0,22049,11508,49703
1147709,0,22049,11508,49703
1147759,0,22049,11508,49703
1147895,0,22373,11727,49703
1147945,0,22373,11727,49703
1147995,0,22373,11727,49703
1148045,0,22373,11727,49703
1148137,0,22373,11727,49654
1148187,0,22373,11727,49654
1148237,0,22697,11727,49654
1148287,0,22697,11863,49654
1148337,0,22697,11863,49654
1148387,0,22697,11863,49654
1148437,0,23392,11863,49654
1148487,0,23392,11863,49610
1148537,0,23392,11863,49610
1148587,0,23392,11863,49610
1148637,0,23037,11863,49610
1148687,0,23037,12084,49610
1148737,0,23037,12084,49610
1148787,0,23037,12084,49610
1148837,0,23037,12084,49610
1148887,0,23037,12084,49558
1149065,0,23392,12173,49558
1149115,0,23392,12173,49558
1149165,0,23392,12173,49558
1149215,0,23392,12173,49558
1149265,0,24118,12173,49531
1149315,0,24118,12173,49531
1149365,0,24118,12173,49531
1149415,0,24118,12173,49531
1149465,0,23747,12173,49531
1149515,0,23747,12381,49531
1149565,0,23747,12381,49531
1149615,0,23747,12381,49531
1149665,0,24118,12381,49531
1149715,0,24118,12381,49479
1149765,0,24118,12381,49479
1149815,0,24118,12381,49479
1149865,0,24118,12381,49479
1149957,0,24118,12496,49479
1150007,0,24118,12496,49479
1150057,0,24118,12496,49479
1150194,0,24118,12496,49455
1150244,0,24504,12496,49455
1150294,0,24504,12659,49455
1150344,0,24504,12659,49455
1150394,0,24504,12659,49455
1150444,0,24890,12659,49455
1150494,0,24890,12659,49406
1150544,0,24890,12659,49406
1150594,0,24890,12659,49406
1150644,0,23747,12659,49406
1150694,0,23747,12821,49406
1150744,0,23747,12821,49406
1150794,0,23747,12821,49406
1150886,0,24504,12821,49374
1150936,0,24504,12821,49374
1150986,0,24504,12821,49374
1151036,0,24890,12821,49374
1151086,0,24890,12914,49374
1151136,0,24890,12914,49374
1151186,0,24890,12914,49374
1151321,0,24890,12914,49343
1151371,0,24890,12914,49343
1151421,0,24890,12914,49343
1151471,0,24890,12914,49343
1151521,0,24890,13096,49343
1151571,0,24890,13096,49343
1151621,0,24890,13096,49343
1151671,0,25724,13096,49343
1151721,0,25724,13096,49293
1151771,0,25724,13096,49293
1151863,0,25724,13096,49293
1151913,0,25724,13254,49293
1151963,0,25724,13254,49293
1152013,0,25724,13254,49293
1152063,0,25724,13254,49293
1152113,0,25724,13254,49270
1152163,0,25724,13254,49270
1152213,0,25724,13254,49270
1152263,0,25724,13254,49270
1152313,0,25724,13407,49270
1152448,0,26156,13407,49270
1152498,0,26156,13407,49225
1152548,0,26156,13407,49225
1152598,0,26156,13407,49225
1152648,0,26619,13407,49225
1152698,0,26619,13612,49225
1152790,0,26619,13612,49225
1152840,0,26619,13612,49225
1152890,0,26619,13612,49192
1152940,0,26619,13612,49192
1152990,0,26619,13612,49192
1153040,0,26156,13612,49192
1153090,0,26156,13791,49192
1153140,0,26156,13791,49192
1153190,0,26156,13791,49192
1153240,0,26619,13791,49192
1153290,0,26619,13791,49125
1153340,0,26619,13791,49125
1153390,0,26619,13791,49125
1153440,0,26619,13791,49125
1153576,0,26619,14005,49125
1153626,0,27082,14005,49125
1153676,0,27082,14005,49125
1153768,0,27082,14005,49100
1153818,0,27082,14005,49100
1153868,0,27082,14005,49100
1153918,0,27082,14110,49100
1153968,0,27082,14110,49100
1154018,0,27082,14110,49100
1154068,0,27561,14110,49100
1154118,0,27561,14110,49073
1154168,0,27561,14110,49073
1154218,0,27561,14110,49073
1154268,0,27561,14110,49073
1154318,0,27561,14295,49073
1154368,0,27561,14295,49073
1154418,0,27561,14295,49073
1154468,0,28071,14295,49073
1154518,0,28071,14295,49028
1154610,0,28071,14295,49028
1154746,0,28071,14439,49028
1154796,0,28071,14439,49028
1154846,0,28071,14439,49028
1154896,0,28071,14439,49006
1154946,0,28071,14439,49006
1154996,0,28071,14439,49006
1155046,0,28580,14439,49006
1155096,0,28580,14439,49006
1155146,0,28580,14605,49006
1155196,0,28580,14605,49006
1155246,0,28580,14605,49006
1155296,0,28580,14605,49006
1155346,0,28580,14605,48962
1155396,0,28580,14605,48962
1155446,0,28580,14605,48962
1155496,0,28580,14605,48962
1155588,0,28580,14723,48962
1155638,0,28580,14723,48962
1155688,0,28580,14723,48962
1155738,0,28580,14723,48918
1155874,0,28580,14723,48918
1155924,0,28580,14820,48918
1155974,0,28580,14820,48918
1156024,0,29120,14820,48918
1156074,0,29120,14820,48918
1156124,0,29120,14820,48883
1156174,0,29120,14820,48883
1156224,0,29120,14820,48883
1156274,0,29120,14820,48883
1156324,0,29120,15084,48883
1156374,0,29120,15084,48883
1156424,0,29120,15084,48883
1156516,0,29120,15084,48792
1156566,0,29120,15084,48792
1156616,0,29120,15084,48792
1156666,0,29120,15084,48792
1156716,0,29120,15131,48792
1156766,0,29120,15131,48792
1156816,0,29120,15131,48792
1156866,0,29692,15131,48792
1157002,0,29692,15131,48829
1157052,0,29692,15131,48829
1157102,0,29692,15131,48829
1157152,0,29692,15218,48829
1157202,0,29692,15218,48829
1157252,0,30263,15218,48829
1157302,0,30263,15218,48829
1157352,0,30263,15218,48793
1157402,0,30263,15218,48793
1157494,0,30263,15218,48793
1157544,0,30263,15405,48793
1157594,0,30263,15405,48793
1157644,0,30881,15405,48793
1157694,0,30881,15405,48793
1157744,0,30881,15405,48758
1157794,0,30881,15405,48758
1157844,0,30881,15405,48758
1157894,0,30881,15405,48758
1157944,0,30881,15537,48758
1157994,0,30881,15537,48758
1158130,0,30881,15537,48736
1158180,0,30881,15537,48736
1158230,0,30881,15537,48736
1158280,0,30881,15537,48736
1158330,0,30881,15668,48736
1158422,0,30881,15668,48736
1158472,0,30881,15668,48736
1158522,0,30881,15668,48700
1158572,0,30881,15668,48700
1158622,0,30881,15668,48700
1158672,0,30881,15668,48700
1158722,0,30881,15668,48700
1158772,0,30881,15777,48700
1158822,0,30881,15777,48700
1158872,0,30952,15777,48700
1158922,0,31023,15777,48700
1158972,0,31094,15777,48686
1159022,0,31165,15777,48686
1159072,0,31236,15777,48686
1159122,0,31307,15777,48686
1159257,0,31498,15904,48686
1159307,0,31498,15904,48686
1159357,0,31498,15904,48647
1159449,0,31498,15904,48647
1159499,0,31498,15904,48647
1159549,0,31498,16029,48647
1159599,0,31498,16029,48647
1159649,0,30881,16029,48647
1159699,0,30881,16029,48647
1159749,0,30881,16029,48603
1159799,0,30881,16029,48603
1159849,0,32162,16029,48603
1159899,0,32162,16029,48603
1159949,0,32162,16178,48603
1159999,0,32162,16178,48603
1160049,0,32162,16178,48603
1160184,0,32162,16178,48564
1160234,0,31498,16178,48564
1160284,0,31498,16178,48564
1160418,0,31498,16304,48564
1160468,0,32162,16304,48564
1160518,0,32162,16304,48564
1160568,0,32162,16304,48541
1160618,0,32162,16304,48541
1160668,0,32162,16304,48541
1160718,0,32162,16304,48541
1160768,0,32162,16474,48541
1160818,0,32162,16474,48541
1160868,0,32162,16474,48541
1160918,0,32162,16474,48541
1160968,0,32162,16474,48514
1161018,0,32162,16474,48514
1161068,0,32842,16474,48514
1161118,0,32842,16474,48514
1161168,0,32842,16579,48514
1161218,0,32842,16579,48514
1161566,0,32842,6955,48867
1161616,0,32842,6955,48867
1161666,0,32842,6955,48867
1161716,0,32842,6955,48867
1161766,0,32842,6955,50087
1161816,0,32842,6955,50087
1161866,0,32842,6955,50087
1161916,0,32842,6955,50087
1161966,0,32842,5384,50087
1162016,0,32842,5384,50087
1162066,0,32162,5384,50087
1162116,0,32162,5384,50087
1162166,0,32162,5384,50177
1162216,0,32162,5384,50177
1162266,0,32162,5384,50177
1162316,0,32162,5384,50177
1162366,0,32162,5523,50177
1162458,0,32842,5523,50177
1162508,0,32842,5523,50177
1162558,0,32842,5523,50153
1162735,0,32842,5523,50153
1162785,0,32842,5371,50153
1162835,0,32162,5371,50153
1162885,0,32162,5371,50153
1162935,0,32162,5371,50153
1162985,0,32162,5371,50170
1163035,0,32162,5371,50170
1163085,0,32162,5371,50170
1163135,0,32162,5371,50170
1163185,0,32162,7288,50170
1163235,0,33552,7288,50170
1163285,0,33552,7288,50170
1163335,0,33552,7288,50170
1163385,0,33552,7288,49847
1163477,0,32842,7288,49847
1163527,0,32842,7288,49847
1163577,0,32842,7517,49847
1163627,0,32842,7517,49847
1163677,0,32842,7517,49847
1163727,0,32842,7517,49847
1163863,0,32842,7517,49822
1163913,0,32842,7517,49822
1163963,0,32842,8268,49822
1164013,0,32842,8268,49822
1164063,0,32842,8268,49822
1164113,0,32842,8268,49822
1164163,0,32842,8268,49717
1164213,0,32842,8268,49717
1164263,0,32162,8268,49717
1164313,0,32162,8268,49717
1164363,0,32162,8309,49717
1164480,0,32162,8309,49717
1164530,0,32162,8309,49717
1164580,0,32162,8309,49772
1164630,0,32842,8309,49772
1164680,0,32842,8309,49772
1164730,0,32842,8309,49772
1164780,0,32842,7839,49772
1164830,0,32162,7839,49772
1164880,0,32162,7839,49772
1165016,0,32162,7839,49848
1165066,0,32842,7839,49848
1165116,0,32842,7839,49848
1165166,0,32842,7839,49848
1165216,0,32842,7476,49848
1165266,0,32842,7476,49848
1165316,0,32842,7476,49848
1165366,0,32842,7476,49848
1165458,0,32162,7476,49914
1165508,0,32162,7476,49914
1165558,0,32162,7476,49914
1165608,0,32162,7339,49914
1165658,0,32842,7339,49914
1165708,0,32842,7339,49914
1165758,0,32842,7339,49914
1165808,0,32842,7339,49931
1165858,0,32842,7339,49931
1165908,0,32842,7339,49931
1165958,0,32842,7339,49931
1166008,0,32842,7044,49931
1166144,0,32842,7044,49931
1166194,0,32842,7044,49964
1166244,0,32842,7044,49964
1166294,0,32842,7044,49964
1166344,0,32842,7044,49964
1166436,0,32842,6611,49964
1166486,0,32842,6611,49964
1166536,0,32842,6611,49964
1166586,0,32842,6611,50016
1166636,0,32842,6611,50016
1166686,0,32842,6611,50016
1166736,0,32842,6611,50016
1166786,0,32842,6379,50016
1166836,0,32162,6379,50016
1166886,0,32162,6379,50016
1166936,0,32162,6379,50016
1166986,0,32162,6379,50039
1167036,0,32162,6379,50039
1167086,0,32162,6379,50039
1167136,0,32162,6379,50039
1167272,0,32842,6367,50039
1167322,0,32842,6367,50039
1167414,0,32842,6367,50033
1167464,0,32842,6367,50033
1167514,0,32842,6367,50033
1167564,0,32842,6367,50033
1167614,0,32842,6314,50033
1167664,0,32842,6314,50033
1167714,0,32842,6314,50033
1167764,0,32842,6314,50033
1167814,0,32842,6314,50048
1167864,0,32162,6314,50048
1167914,0,32162,6314,50048
1167964,0,32162,6314,50048
1168014,0,32162,6319,50048
1168064,0,32842,6319,50048
1168114,0,32842,6319,50048
1168164,0,32842,6319,50048
1168214,0,32842,6319,50055
1168306,0,31498,6319,50055
1168442,0,32162,6323,50055
1168492,0,32162,6323,50055
1168542,0,32162,6323,50055
1168592,0,32162,6323,50055
1168642,0,32162,6323,50079
1168692,0,32162,6323,50079
1168742,0,32162,6323,50079
1168792,0,32162,6323,50079
1168842,0,32162,6152,50079
1168892,0,32162,6152,50079
1168942,0,32162,6152,50079
1168992,0,32162,6152,50079
1169042,0,32162,6152,50076
1169092,0,32162,6152,50076
1169142,0,32162,6152,50076
1169192,0,32162,6152,50076
1169284,0,32162,6186,50076
1169334,0,32162,6186,50076
1169384,0,32162,6186,50076
1169434,0,32162,6186,50935
1169570,0,32162,6186,50935
1169620,0,32162,224,50935
1169670,0,32842,224,50935
1169720,0,32842,224,50935
1169770,0,32842,224,50935
1169820,0,32842,224,50963
1169870,0,32842,224,50963
1169920,0,32842,224,50963
1169970,0,32842,224,50963
1170020,0,32842,121,50963
1170070,0,31498,121,50963
1170120,0,31498,121,50963
1170170,0,31498,121,50963
1170220,0,31498,121,50982
1170312,0,32162,121,50982
1170362,0,32162,121,50982
1170412,0,32162,119,50982
1170462,0,32162,119,50982
1170512,0,32162,119,50982
1170562,0,32162,119,50982
1170698,0,32162,119,50997
1170748,0,32162,119,50997
1170798,0,32162,119,50997
1170848,0,31498,118,50997
1170898,0,31498,118,50997
1170948,0,31498,118,50997
1170998,0,31498,118,50997
1171048,0,31498,118,51010
1171098,0,31498,118,51010
1171148,0,31498,118,51010
1171198,0,31498,118,51010
1171290,0,31498,117,51010
1171340,0,31498,117,51010
1171390,0,31498,117,51010
1171440,0,31498,117,51022
1171490,0,31498,117,51022
1171540,0,31498,117,51022
1171590,0,31498,117,51022
1171640,0,31498,117,51022
1171690,0,31498,117,51022
1171825,0,31498,117,51033
1171875,0,31498,117,51033
1171925,0,31498,117,51033
1171975,0,31498,117,51033
1172025,0,31375,116,51033
1172075,0,31251,116,51033
1172125,0,31128,116,51033
1172175,0,31004,116,51033
1172225,0,30881,116,51044
1172275,0,30881,116,51044
1172367,0,30881,116,51044
1172417,0,30881,116,51044
1172467,0,30881,116,51044
1172517,0,30881,116,51044
1172567,0,30881,116,51044
1172617,0,30881,116,51053
1172667,0,30881,116,51053
1172717,0,30881,116,51053
1172767,0,30881,116,51053
1172817,0,30881,116,51053
1172953,0,30881,116,51053
1173003,0,30881,116,51053
1173053,0,30263,116,51062
1173103,0,30263,116,51062
1173153,0,30263,116,51062
1173203,0,30263,116,51062
1173253,0,30263,115,51062
1173345,0,30263,115,51062
1173395,0,30263,115,51062
1173445,0,30263,115,51070
1173495,0,30263,115,51070
1173545,0,30263,115,51070
1173595,0,30263,115,51070
1173645,0,29692,116,51070
1173695,0,29692,116,51070
1173745,0,29692,116,51070
1173795,0,29692,116,51070
1173845,0,30263,116,51079
1173895,0,30263,116,51079
1173945,0,30263,116,51079
1174081,0,30263,116,51079
1174131,0,30263,116,51079
1174181,0,30263,116,51079
1174231,0,30263,116,51087
1174281,0,30263,116,51087
1174373,0,30263,116,51087
1174423,0,30263,116,51087
1174473,0,30263,116,51087
1174523,0,30263,116,51087
1174573,0,30263,116,51087
1174623,0,30263,116,51087
1174673,0,30263,116,51094
1174723,0,30263,116,51094
1174773,0,30263,116,51094
1174823,0,30263,116,51094
1174873,0,29692,116,51094
1175008,0,29692,116,51094
1175058,0,29692,116,51100
1175108,0,29692,116,51100
1175158,0,29692,116,51100
1175208,0,29692,116,51100
1175258,0,29120,117,51100
1175308,0,29120,117,51100
1175400,0,29120,117,51100
1175450,0,29692,117,51109
1175500,0,29692,117,51109
1175550,0,29692,117,51109
1175600,0,29692,117,51109
1175650,0,29120,116,51109
1175700,0,29120,116,51109
1175750,0,29120,116,51109
1175800,0,29120,116,51109
1175850,0,29120,116,51115
1175900,0,29120,116,51115
1175950,0,29120,116,51115
1176000,0,29120,116,51115
1176135,0,29120,116,51115
1176185,0,29120,116,51115
1176235,0,29120,116,51115
1176285,0,29120,116,51121
1176377,0,29120,116,51121
1176427,0,29120,116,51121
1176477,0,28580,116,51121
1176527,0,28580,116,51121
1176577,0,28580,116,51121
1176627,0,28580,116,51121
1176677,0,28580,116,51127
1176727,0,28580,116,51127
1176777,0,28580,116,51127
1176827,0,28580,116,51127
1176877,0,28580,116,51127
1176927,0,28580,116,51127
1176977,0,28580,116,51127
1177027,0,28580,116,51127
1177077,0,29120,116,51134
1177127,0,29120,116,51134
1177262,0,28580,115,51134
1177312,0,28580,115,51134
1177404,0,28580,115,51134
1177454,0,28580,115,51140
1177504,0,28580,115,51140
1177554,0,28580,115,51140
1177604,0,28580,115,51140
1177654,0,28580,115,51140
1177704,0,28580,115,51140
1177754,0,28580,115,51140
1177804,0,28580,115,51140
1177854,0,28580,115,51145
1177904,0,28580,115,51145
1177954,0,28580,115,51145
1178004,0,28580,115,51145
1178054,0,28071,116,51145
1178104,0,28071,116,51145
1178154,0,28071,116,51145
1178204,0,28071,116,51145
1178254,0,28071,116,51145
1178432,0,28071,116,51151
1178482,0,28580,115,51151
1178532,0,28580,115,51151
1178582,0,28580,115,51151
1178632,0,28580,115,51151
1178682,0,28071,115,51156
1178732,0,28071,115,51156
1178782,0,28071,115,51156
1178832,0,28071,115,51156
1178882,0,28071,115,51156
1178932,0,28071,115,51156
1178982,0,28071,115,51156
1179032,0,28071,115,51156
1179082,0,28071,115,51162
1179132,0,28071,115,51162
1179182,0,28071,115,51162
1179232,0,28071,115,51162
1179324,0,28071,115,51162
1179374,0,28071,115,51162
1179424,0,28071,115,51162
1179560,0,28071,115,51167
1179610,0,28071,115,51167
1179660,0,28071,115,51167
1179710,0,28071,115,51167
1179760,0,28071,115,51167
1179810,0,28071,115,51167
1179860,0,29120,115,51167
1179910,0,29120,115,51171
1179960,0,29120,115,51171
1180010,0,29120,115,51171
1180060,0,28071,115,51171
1180110,0,28071,116,51171
1180160,0,28071,116,51171
1180210,0,28071,116,51171
1180260,0,28580,116,51171
1180352,0,28580,116,51177
1180402,0,28580,116,51177
1180452,0,28071,116,51177
1180502,0,28071,115,51177
1180552,0,28071,115,51177
1180688,0,28071,115,51181
1180738,0,28071,115,51181
1180788,0,28071,115,51181
1180838,0,28071,115,51181
1180888,0,28071,115,51181
1180938,0,28071,115,51181
1180988,0,28071,115,51181
1181038,0,28071,115,51181
1181088,0,27561,115,51187
1181138,0,27561,115,51187
1181188,0,27561,115,51187
1181238,0,27561,115,51187
1181288,0,28071,115,51187
1181380,0,28071,115,51187
1181430,0,28071,115,51187
1181480,0,28071,115,51191
1181530,0,28071,115,51191
1181580,0,28071,115,51191
1181630,0,28071,115,51191
1181680,0,28071,115,51191
1181815,0,28071,116,51191
1181865,0,28580,116,51191
1181915,0,28580,116,51196
1181965,0,28580,116,51196
1182015,0,28580,116,51196
1182065,0,28071,116,51196
1182115,0,28071,115,51196
1182165,0,28071,115,51196
1182215,0,28071,115,51196
1182265,0,28071,115,51196
1182359,0,28071,115,51200
1182409,0,28071,115,51200
1182459,0,28580,115,51200
1182509,0,28580,114,51200
1182559,0,28580,114,51200
1182609,0,28580,114,51200
1182659,0,28071,114,51200
1182709,0,28071,114,51204
1182759,0,28071,114,51204
1182809,0,28071,114,51204
1182945,0,28071,115,51204
1182995,0,28071,115,51204
1183045,0,27561,115,51204
1183095,0,27561,115,51208
1183145,0,27561,115,51208
1183195,0,27561,115,51208
1183245,0,27082,115,51208
1183295,0,27082,115,51208
1183387,0,27082,115,51208
1183437,0,27082,115,51208
1183487,0,27561,115,51208
1183537,0,27561,115,51213
1183587,0,27561,115,51213
1183637,0,27561,115,51213
1183687,0,28071,115,51213
1183737,0,28071,115,51213
1183787,0,28071,115,51213
1183837,0,28071,115,51213
1183887,0,28071,115,51213
1183937,0,28071,115,51217
1184072,0,27561,115,51217
1184122,0,27561,115,51217
1184172,0,27561,115,51217
1184222,0,27561,115,51217
1184272,0,28071,115,51217
1184364,0,28071,115,51221
1184414,0,28071,115,51221
1184464,0,28071,115,51221
1184514,0,28071,115,51221
1184564,0,28071,115,51221
1184614,0,28071,115,51221
1184664,0,27561,115,51221
1184714,0,27561,115,51225
1184764,0,27561,115,51225
1184814,0,27561,115,51225
1184864,0,27082,115,51225
1184914,0,27082,115,51225
1184964,0,27082,115,51225
1185014,0,27082,115,51225
1185064,0,27082,115,51225
1185200,0,27082,115,51228
1185250,0,27082,115,51228
1185300,0,27082,115,51228
1185392,0,27082,115,51228
1185442,0,27561,115,51228
1185492,0,27561,115,51228
1185542,0,27561,115,51233
1185592,0,27561,115,51233
1185642,0,27561,115,51233
1185692,0,27561,115,51233
1185742,0,27561,115,51233
1185792,0,27561,115,51233
1185842,0,27082,115,51233
1185892,0,27082,115,51233
1185942,0,27082,115,51235
1185992,0,27082,115,51235
1186042,0,27561,115,51235
1186092,0,27561,115,51235
1186142,0,27561,115,51235
1186192,0,27561,115,51235
1186328,0,27082,115,51239
1186420,0,27082,115,51239
1186470,0,27082,115,51239
1186520,0,27082,116,51239
1186570,0,27082,116,51239
1186620,0,27082,116,51239
1186670,0,26619,116,51239
1186720,0,26619,116,51243
1186770,0,26619,116,51243
1186820,0,26619,116,51243
1186870,0,26156,116,51243
1186920,0,26156,115,51243
1186970,0,26156,115,51243
1187020,0,26156,115,51243
1187070,0,26619,115,51243
1187120,0,26619,115,51247
1187170,0,26619,115,51247
1187220,0,26619,115,51247
1187312,0,26619,116,51247
1187362,0,26619,116,51247
1187497,0,26156,116,51247
1187547,0,26156,116,51250
1187597,0,26156,116,51250
1187647,0,26156,116,51250
1187697,0,26156,116,51250
1187747,0,26156,115,51250
1187797,0,26156,115,51250
1187847,0,25724,115,51250
1187897,0,25724,115,51250
1187947,0,25724,115,51253
1187997,0,25724,115,51253
1188047,0,25724,115,51253
1188097,0,25724,115,51253
1188147,0,25724,115,51253
1188197,0,25724,115,51253
1188247,0,25724,115,51253
1188339,0,25724,115,51257
1188389,0,25724,115,51257
1188439,0,25724,115,51257
1188489,0,26156,115,51257
1188624,0,26156,115,51257
1188674,0,25724,115,51257
1188724,0,25724,115,51257
1188774,0,25724,115,51260
1188824,0,25724,115,51260
1188874,0,25307,115,51260
1188924,0,25307,115,51260
1188974,0,25307,116,51260
1189024,0,25307,116,51260
1189074,0,25307,116,51260
1189124,0,25307,116,51260
1189174,0,25307,116,51251
1189224,0,25307,116,51251
1189274,0,25307,116,51251
1189366,0,25307,210,51251
1189416,0,25307,210,51251
1189552,0,25307,210,51256
1189602,0,25307,210,51256
1189652,0,25307,210,51256
1189702,0,25307,210,51256
1189752,0,25307,191,51256
1189802,0,25307,191,51256
1189852,0,24890,191,51256
1189902,0,24890,191,51256
1189952,0,24890,191,51259
1190002,0,24890,191,51259
1190052,0,24504,191,51259
1190102,0,24504,191,51259
1190152,0,24504,191,51259
1190202,0,24504,191,51259
1190252,0,24504,191,51259
1190344,0,24504,191,51247
1190394,0,24504,191,51247
1190444,0,24504,191,51247
1190494,0,24504,191,51247
1190544,0,24504,288,51247
1190679,0,24504,288,51247
1190729,0,24504,288,51247
1190779,0,24504,288,51237
1190829,0,24504,288,51237
1190879,0,24118,288,51237
1190929,0,24118,288,51237
1190979,0,24118,378,51237
1191029,0,24118,378,51237
1191079,0,23747,378,51237
1191129,0,23747,378,51237
1191179,0,23747,378,51242
1191229,0,23747,378,51242
1191279,0,23747,378,51242
1191371,0,23747,370,51242
1191421,0,23747,370,51242
1191471,0,24118,370,51242
1191521,0,24118,370,51242
1191571,0,24118,370,51244
1191621,0,24118,370,51244
1191671,0,24118,370,51244
1191806,0,24118,363,51244
1191856,0,23392,363,51244
1191906,0,23392,363,51244
1191956,0,23392,363,51245
1192006,0,23392,363,51245
1192056,0,23037,363,51245
1192106,0,23037,363,51245
1192156,0,23037,363,51245
1192206,0,23037,363,51245
1192256,0,23392,363,51245
1192306,0,23392,363,51245
1192440,0,23392,363,51249
1192490,0,23392,363,51249
1192540,0,23392,363,51249
1192590,0,23392,364,51249
1192640,0,23037,364,51249
1192690,0,23037,364,51249
1192740,0,23037,364,51249
1192790,0,23037,364,49551
1192840,0,23037,364,49551
1193145,0,23392,11820,49551
1193195,0,23392,11820,49527
1193245,0,23392,11820,49527
1193295,0,23392,11820,49527
1193345,0,23392,11820,49527
1193395,0,23392,12189,49527
1193445,0,23392,12189,49527
1193495,0,23392,12189,49527
1193587,0,23392,12189,49489
1193637,0,23392,12189,49489
1193687,0,23392,12189,49489
1193737,0,23392,12189,49489
1193787,0,23392,12309,49489
1193837,0,23392,12309,49489
1193887,0,23392,12309,49489
1193937,0,23392,12309,49489
1193987,0,23392,12309,49445
1194037,0,23392,12309,49445
1194087,0,23747,12309,49445
1194137,0,23747,12309,49445
1194314,0,23392,12362,49445
1194364,0,23392,12362,49416
1194414,0,23392,12362,49416
1194464,0,23747,12362,49416
1194556,0,23747,12503,49416
1194606,0,23747,12503,49416
1194656,0,24118,12503,49416
1194706,0,24118,12503,49416
1194756,0,24118,12503,49375
1194806,0,24118,12503,49375
1194856,0,24118,12503,49375
1194906,0,24118,12503,49375
1194956,0,24118,12503,49375
1195006,0,24118,12582,49375
1195056,0,24118,12582,49375
1195106,0,24118,12582,49375
1195156,0,24118,12582,49375
1195206,0,24118,12582,49340
1195256,0,23747,12582,49340
1195306,0,23747,12582,49340
1195442,0,24118,12712,49340
1195534,0,24118,12712,49340
1195584,0,24118,12712,49300
1195634,0,24118,12712,49300
1195684,0,24504,12712,49300
1195734,0,24504,12712,49300
1195784,0,24504,12848,49300
1195834,0,24504,12848,49300
1195884,0,24890,12848,49300
1195934,0,24890,12848,49300
1195984,0,24890,12848,49272
1196034,0,24890,12848,49272
1196084,0,24504,12848,49272
1196134,0,24504,12848,49272
1196184,0,24504,12956,49272
1196234,0,24504,12956,49272
1196284,0,24890,12956,49272
1196376,0,24890,12956,49231
1196426,0,24890,12956,49231
1196476,0,25307,12956,49231
1196611,0,25307,13096,49231
1196661,0,25307,13096,49231
1196711,0,25307,13096,49231
1196761,0,25307,13096,49231
1196811,0,25307,13096,49197
1196861,0,25724,13096,49197
1196911,0,25724,13096,49197
1196961,0,25724,13096,49197
1197011,0,25724,13174,49197
1197061,0,25724,13174,49197
1197111,0,25724,13174,49197
1197161,0,25724,13174,49197
1197211,0,25724,13174,49174
1197261,0,25307,13174,49174
1197353,0,25307,13174,49174
1197403,0,25307,13281,49174
1197453,0,25724,13281,49174
1197503,0,25724,13281,49174
1197553,0,25724,13281,49174
1197603,0,25724,13281,49150
1197738,0,26156,13281,49150
1197788,0,26156,13456,49150
1197838,0,26156,13456,49150
1197888,0,27082,13456,49150
1197938,0,27082,13456,49150
1197988,0,27082,13456,49108
1198038,0,27082,13456,49108
1198088,0,27082,13456,49108
1198138,0,27082,13456,49108
1198188,0,27082,13536,49108
1198280,0,26619,13536,49108
1198330,0,26619,13536,49108
1198380,0,26619,13536,49108
1198430,0,26619,13536,49077
1198480,0,27561,13536,49077
1198530,0,27561,13536,49077
1198580,0,27561,13536,49077
1198630,0,27561,13660,49077
1198680,0,27082,13660,49077
1198730,0,27082,13660,49077
1198866,0,26619,13660,49045
1198916,0,26619,13660,49045
1198966,0,26619,13660,49045
1199016,0,26619,13813,49045
1199066,0,27561,13813,49045
1199116,0,27561,13813,49045
1199166,0,27561,13813,49045
1199260,0,27561,13813,49015
1199310,0,27561,13813,49015
1199360,0,27561,13813,49015
1199410,0,27561,13976,49015
1199460,0,28071,13976,49015
1199510,0,28071,13976,49015
1199560,0,28071,13976,49015
1199610,0,28071,13976,48963
1199660,0,28071,13976,48963
1199710,0,28071,13976,48963
1199760,0,28071,13976,48963
1199810,0,28071,14130,48963
1199860,0,28071,14130,48963
1199995,0,28071,14130,48944
1200045,0,28071,14130,48944
1200095,0,28071,14130,48944
1200187,0,28071,14130,48944
1200237,0,28071,14300,48944
1200287,0,28071,14300,48944
1200337,0,28071,14300,48944
1200387,0,28071,14300,48944
1200437,0,28071,14300,48909
1200487,0,27561,14300,48909
1200537,0,27561,14300,48909
1200587,0,27561,14300,48909
1200637,0,27561,14464,48909
1200687,0,27561,14464,48909
1200737,0,27561,14464,48909
1200787,0,27561,14464,48909
1200837,0,27561,14464,48862
1200887,0,28071,14464,48862
1200937,0,28071,14464,48862
1200987,0,28071,14464,48862
1201165,0,28580,14644,48862
1201215,0,28580,14644,48832
1201265,0,28580,14644,48832
1201315,0,28580,14644,48832
1201365,0,28580,14644,48832
1201415,0,28580,14869,48832
1201465,0,29120,14869,48832
1201515,0,29120,14869,48832
1201565,0,29120,14869,48832
1201615,0,29120,14869,48777
1201665,0,29120,14869,48777
1201715,0,29120,14869,48777
1201765,0,29120,14869,48777
1201815,0,29120,15039,48777
1201865,0,29692,15039,48777
1201915,0,29692,15039,48777
1201965,0,29692,15039,48777
1202057,0,29692,15039,48736
1202107,0,29692,15039,48736
1202157,0,29692,15039,48736
1202293,0,30263,15212,48736
1202343,0,30263,15212,48736
1202393,0,30263,15212,48736
1202443,0,30263,15212,48689
1202493,0,30263,15212,48689
1202543,0,30263,15212,48689
1202593,0,30263,15212,48689
1202643,0,30263,15386,48689
1202693,0,30263,15386,48689
1202743,0,30263,15386,48689
1202793,0,30263,15386,48689
1202843,0,30263,15386,48673
1202893,0,30263,15386,48673
1202985,0,30263,15386,48673
1203035,0,30263,15575,48673
1203085,0,30881,15575,48673
1203135,0,30881,15575,48673
1203185,0,30881,15575,48673
1203235,0,30881,15575,48624
1203285,0,30881,15575,48624
1203420,0,30881,15701,48624
1203470,0,30881,15701,48624
1203520,0,30881,15701,48624
1203570,0,30881,15701,48624
1203620,0,30881,15701,48589
1203670,0,31498,15701,48589
1203720,0,31498,15701,48589
1203770,0,31498,15701,48589
1203820,0,31498,15701,48589
1203870,0,31498,15876,48589
1203962,0,31498,15876,48589
1204012,0,31498,15876,48589
1204062,0,30881,15876,48553
1204112,0,30881,15876,48553
1204162,0,30881,15876,48553
1204212,0,30881,15876,48553
1204347,0,31498,16033,48553
1204397,0,31498,16033,48553
1204447,0,31498,16033,48504
1204497,0,31498,16033,48504
1204547,0,31498,16033,48504
1204597,0,31498,16033,48504
1204647,0,32162,16243,48504
1204697,0,32162,16243,48504
1204747,0,32162,16243,48504
1204797,0,32162,16243,48504
1204889,0,32162,16243,48460
1204939,0,32162,16243,48460
1204989,0,32162,16243,48460
1205039,0,32162,16377,48460
1205089,0,32162,16377,48460
1205139,0,32162,16377,48460
1205189,0,32162,16377,48460
1205239,0,32162,16377,48445
1205289,0,32842,16377,48445
1205339,0,32842,16377,48445
1205474,0,32162,16569,48445
1205524,0,32162,16569,48445
1205574,0,32162,16569,48445
1205624,0,32162,16569,48445
1205674,0,32842,16569,48411
1205724,0,32842,16569,48411
1205774,0,32842,16569,48411
1205866,0,32842,16673,48411
1205916,0,32842,16673,48411
1205966,0,32842,16673,48411
1206016,0,32842,16673,48411
1206066,0,32162,16673,48373
1206116,0,32162,16673,48373
1206166,0,32162,16673,48373
1206216,0,32162,16673,48373
1206266,0,32842,16855,48373
1206316,0,32842,16855,48373
1206366,0,32842,16855,48373
1206416,0,32842,16855,48373
1206466,0,32842,16855,48342
1206602,0,32842,16855,48342
1206652,0,32842,16959,48342
1206702,0,32842,16959,48342
1206794,0,32842,16959,48342
1206844,0,32842,16959,48300
1206894,0,32842,16959,48300
1206944,0,32842,16959,48300
1206994,0,32842,16959,48300
1207044,0,33552,17150,48300
1207094,0,33552,17150,48300
1207144,0,33552,17150,48300
1207194,0,33552,17150,48300
1207244,0,33552,17150,48257
1207294,0,33552,17150,48257
1207344,0,33552,17150,48257
1207394,0,33552,17150,48257
1207444,0,35081,17306,48257
1207494,0,35081,17306,48257
1207544,0,35081,17306,48257
1207594,0,35081,17306,48257
1207772,0,34309,17306,48244
1207822,0,34309,17306,48244
1207872,0,35081,17447,48244
1207922,0,35081,17447,48244
1207972,0,35081,17447,48244
1208022,0,35081,17447,48244
1208072,0,34309,17447,48209
1208122,0,34309,17447,48209
1208172,0,34309,17447,48209
1208222,0,34309,17447,48209
1208272,0,35081,17542,48209
1208322,0,35081,17542,48209
1208372,0,35081,17542,48209
1208422,0,35081,17542,48209
1208472,0,34309,17542,48248
1208522,0,34309,17542,48248
1208614,0,34309,17542,48248
1208664,0,34309,16400,48248
1208714,0,34309,16400,48248
1208764,0,34309,16400,48248
1208900,0,34309,16400,48482
1208950,0,34309,16400,48482
1209000,0,34309,16400,48482
1209050,0,35081,16400,48482
1209100,0,35081,15016,48482
1209150,0,35081,15016,48482
1209200,0,35081,15016,48482
1209250,0,35899,15016,48482
1209300,0,35899,15016,48665
1209350,0,35899,15016,48665
1209400,0,35899,15016,48665
1209450,0,35899,15016,48665
1209500,0,35899,7754,48665
1209592,0,35899,7754,48665
1209642,0,35081,7754,48665
1209692,0,35081,7754,49889
1209742,0,35081,7754,49889
1209792,0,35081,7754,49889
1209842,0,35899,7754,49889
1209892,0,35899,5565,49889
1210028,0,35899,5565,49889
1210078,0,35081,5565,49950
1210128,0,35081,5565,49950
1210178,0,35081,5565,49950
1210228,0,35081,5565,49950
1210278,0,34309,5519,49950
1210328,0,34309,5519,49950
1210378,0,34309,5519,49950
1210428,0,34309,5519,49950
1210478,0,34309,5519,49935
1210570,0,34309,5519,49935
1210620,0,34309,5519,49935
1210670,0,34309,5643,49935
1210720,0,34309,5643,49935
1210770,0,34309,5643,49935
1210820,0,34309,5643,49935
1210870,0,35081,5643,49936
1210920,0,35081,5643,49936
1210970,0,35081,5643,49936
1211020,0,35081,5643,49936
1211156,0,34309,5737,49936
1211206,0,34309,5737,49936
1211256,0,35081,5737,49936
1211306,0,35081,5737,49964
1211356,0,35081,5737,49964
1211406,0,35081,5737,49964
1211456,0,35081,5737,49964
1211548,0,35081,5691,49964
1211598,0,35081,5691,49964
1211648,0,34309,5691,49964
1211698,0,34309,5691,49961
1211748,0,34309,5691,49961
1211798,0,34309,5691,49961
1211848,0,34309,5691,49961
1211898,0,34309,5840,49961
1211948,0,34309,5840,49961
1211998,0,34309,5840,49961
1212048,0,34309,5840,49961
1212098,0,34309,5840,49919
1212148,0,34309,5840,49919
1212284,0,34309,5899,49919
1212334,0,34309,5899,49919
1212384,0,34309,5899,49919
1212434,0,34309,5899,49919
1212526,0,34309,5899,49942
1212576,0,34309,5899,49942
1212626,0,34309,5899,49942
1212676,0,35081,5397,49942
1212726,0,35081,5397,49942
1212776,0,35081,5397,49942
1212826,0,35081,5397,49942
1212876,0,35081,5397,50189
1212926,0,35081,5397,50189
1212976,0,35081,5397,50189
1213026,0,35081,5397,50189
1213076,0,35081,4441,50189
1213126,0,35081,4441,50189
1213176,0,35081,4441,50189
1213226,0,35081,4441,50189
1213276,0,35081,4441,50174
1213411,0,35081,4441,50174
1213504,0,34309,2922,50174
1213554,0,34309,2922,50174
1213604,0,34309,2922,50174
1213654,0,34309,2922,50174
1213704,0,34309,2922,50519
1213754,0,34309,2922,50519
1213804,0,34309,2922,50519
1213854,0,33552,2922,50519
1213904,0,33552,1977,50519
1213954,0,33552,1977,50519
1214004,0,33552,1977,50519
1214054,0,34309,1977,50519
1214104,0,34309,1977,50527
1214154,0,34309,1977,50527
1214204,0,34309,1977,50527
1214254,0,33552,1977,50527
1214304,0,33552,2109,50527
1214396,0,33552,2109,50527
1214446,0,33552,2109,50527
1214581,0,33552,2109,50525
1214631,0,33552,2109,50525
1214681,0,33552,2109,50525
1214731,0,33552,2298,50525
1214781,0,33552,2298,50525
1214831,0,33552,2298,50525
1214881,0,34309,2298,50525
1214931,0,34309,2298,50485
1214981,0,34309,2298,50485
1215031,0,34309,2298,50485
1215081,0,34309,2298,50485
1215131,0,34309,2652,50485
1215181,0,34309,2652,50485
1215231,0,34309,2652,50485
1215281,0,33552,2652,50485
1215373,0,33552,2652,50474
1215423,0,33552,2652,50474
1215473,0,33552,2652,50474
1215523,0,33552,2931,50474
1215573,0,33552,2931,50474
1215708,0,33552,2931,50379
1215758,0,33552,2931,50379
1215808,0,33552,2931,50379
1215858,0,32842,2931,50379
1215908,0,32842,3401,50379
1215958,0,32842,3401,50379
1216008,0,32842,3401,50379
1216058,0,32162,3401,50379
1216108,0,32162,3401,50323
1216158,0,32162,3401,50323
1216208,0,32162,3401,50323
1216258,0,32162,3401,50323
1216350,0,32162,3775,50323
1216400,0,32162,3775,50323
1216450,0,32842,3775,50323
1216500,0,32842,3775,50285
1216550,0,32842,3775,50285
1216600,0,32842,3775,50285
1216650,0,32842,3775,50285
1216700,0,32842,4223,50285
1216837,0,32842,4223,50285
1216887,0,32162,4223,50285
1216937,0,32162,4223,50243
1216987,0,32162,4223,50243
1217037,0,32162,4223,50243
1217087,0,32162,4223,50243
1217137,0,32162,4575,50243
1217187,0,32162,4575,50243
1217237,0,32162,4575,50243
1217329,0,32162,4575,50219
1217379,0,32162,4575,50219
1217429,0,32162,4575,50219
1217479,0,32162,4575,50219
1217529,0,32162,4636,50219
1217579,0,32162,4636,50219
1217629,0,32162,4636,50219
1217679,0,32162,4636,50219
1217729,0,32162,4636,50209
1217779,0,32162,4636,50209
1217829,0,32162,4636,50209
1217965,0,32842,4722,50209
1218015,0,32842,4722,50209
1218065,0,32842,4722,50209
1218115,0,32842,4722,50188
1218165,0,32842,4722,50188
1218215,0,32842,4722,50188
1218307,0,32162,4566,50188
1218357,0,32162,4566,50188
1218407,0,32162,4566,50188
1218457,0,32842,4566,50188
1218507,0,32842,4566,50841
1218557,0,32842,4566,50841
1218607,0,32842,4566,50841
1218657,0,32842,4566,50841
1218707,0,32842,313,50841
1218757,0,32842,313,50841
1218893,0,32162,313,50841
1218943,0,32162,313,50866
1218993,0,32162,313,50866
1219043,0,32842,313,50866
1219093,0,32842,313,50866
1219143,0,32842,120,50866
1219193,0,32842,120,50866
1219243,0,31498,120,50866
1219335,0,31498,120,50881
1219385,0,31498,120,50881
1219435,0,31498,120,50881
1219485,0,32162,120,50881
1219535,0,32162,118,50881
1219585,0,32162,118,50881
1219635,0,32162,118,50881
1219685,0,32162,118,50881
1219735,0,32162,118,50895
1219785,0,32162,118,50895
1219835,0,32162,118,50895
1219885,0,32162,118,50895
1220020,0,32162,117,50895
1220070,0,31498,117,50895
1220120,0,31498,117,50904
1220170,0,31498,117,50904
1220220,0,31498,117,50904
1220312,0,31498,117,50904
1220362,0,31498,117,50904
1220412,0,31498,117,50904
1220462,0,30881,117,50904
1220512,0,30881,117,50904
1220562,0,30881,117,50915
1220612,0,30881,117,50915
1220662,0,31498,117,50915
1220712,0,31498,117,50915
1220762,0,31498,116,50915
1220812,0,31498,116,50915
1220862,0,31498,116,50915
1220912,0,31498,116,50915
1220962,0,31498,116,50925
1221012,0,31498,116,50925
1221147,0,30881,117,50925
1221197,0,30881,117,50925
1221247,0,30263,117,50925
1221339,0,30263,117,50933
1221389,0,30263,117,50933
1221439,0,30263,117,50933
1221489,0,30881,117,50933
1221539,0,30881,117,50933
1221589,0,30881,117,50933
1221639,0,30881,117,50933
1221689,0,30263,117,50933
1221739,0,30263,117,50941
1221789,0,30263,117,50941
1221839,0,30263,117,50941
1221889,0,30263,117,50941
1221939,0,30263,116,50941
1221989,0,30263,116,50941
1222039,0,30263,116,50941
1222089,0,30263,116,50941
1222139,0,30263,116,50948
1222274,0,30263,116,50948
1222366,0,30263,116,50948
1222416,0,30263,116,50948
1222466,0,30263,116,50948
1222516,0,30263,116,50948
1222566,0,30263,116,50956
1222616,0,30263,116,50956
1222666,0,29120,116,50956
1222716,0,29120,116,50956
1222766,0,29120,116,50956
1222816,0,29120,116,50956
1222866,0,28580,116,50956
1222916,0,28580,116,50956
1222966,0,28580,116,50962
1223016,0,28580,116,50962
1223066,0,29120,116,50962
1223116,0,29120,116,50962
1223166,0,29120,117,50962
1223300,0,28580,117,50962
1223350,0,28580,117,50968
1223655,0,28580,117,50968
1223705,0,28580,117,50968
1223755,0,28580,117,50976
1223805,0,28580,117,50976
1223855,0,28580,117,50976
1223905,0,28580,117,50976
1223955,0,28580,115,50976
1224005,0,28580,115,50976
1224055,0,28580,115,50976
1224105,0,28580,115,50976
1224155,0,28580,115,50982
1224205,0,28580,115,50982
1224255,0,29120,115,50982
1224305,0,29120,115,50982
1224355,0,29120,116,50982
1224405,0,29120,116,50982
1224497,0,29120,116,50982
1224547,0,29120,116,50988
1224597,0,29120,116,50988
1224647,0,29120,116,50988
1224824,0,29120,115,50988
1224874,0,28580,115,50988
1224924,0,28580,115,50988
1224974,0,28580,115,50994
1225024,0,28580,115,50994
1225074,0,28071,115,50994
1225124,0,28071,115,50994
1225174,0,28071,117,50994
1225224,0,28071,117,50994
1225274,0,28071,117,50994
1225324,0,28071,117,50994
1225374,0,28071,117,51000
1225424,0,28071,117,51000
1225474,0,28071,117,51000
1225566,0,28071,115,51000
1225616,0,28071,115,51000
1225666,0,27561,115,51000
1225716,0,27561,115,51000
1225766,0,27561,115,51006
1225816,0,27561,115,51006
1225951,0,27561,247,51006
1226001,0,27561,247,51006
1226051,0,27082,247,51006
1226101,0,27082,247,51006
1226151,0,27082,247,50999
1226201,0,27082,247,50999
1226251,0,27561,247,50999
1226301,0,27561,247,50999
1226351,0,27561,192,50999
1226401,0,27561,192,50999
1226451,0,27561,192,50999
1226543,0,27561,192,50999
1226593,0,27561,192,51005
1226643,0,27082,192,51005
1226693,0,27082,192,51005
1226743,0,27082,192,51005
1226793,0,27082,191,51005
1226843,0,27082,191,51005
1226893,0,27082,191,51005
1226943,0,27082,191,51005
1227163,0,26619,191,50999
1227213,0,26619,289,50999
1227263,0,26619,289,50999
1227313,0,26619,289,50999
1227363,0,26619,289,50999
1227413,0,26619,289,50989
1227463,0,26619,289,50989
1227513,0,26619,289,50989
1227563,0,26619,289,50989
1227655,0,26156,375,50989
1227705,0,26156,375,50989
1227755,0,26156,375,50989
1227805,0,26156,375,50993
1227855,0,26619,375,50993
1227905,0,26619,375,50993
1227955,0,26619,375,50993
1228005,0,26619,369,50993
1228055,0,26619,369,50993
1228105,0,26619,369,50993
1228155,0,26619,369,50993
1228290,0,26619,369,50998
1228340,0,26619,369,50998
1228390,0,26619,365,50998
1228440,0,25724,365,50998
1228490,0,25724,365,50998
1228540,0,25724,365,50998
1228590,0,25724,365,51003
1228682,0,25724,365,51003
1228732,0,25724,365,51003
1228782,0,25724,363,51003
1228832,0,25724,363,51003
1228882,0,25307,363,51003
1228932,0,25307,363,51003
1228982,0,25307,363,51007
1229032,0,25307,363,51007
1229082,0,26156,363,51007
1229132,0,26156,363,51007
1229182,0,26156,365,51007
1229232,0,26156,365,51007
1229282,0,25724,365,51007
1229417,0,25724,365,50595
1229467,0,26156,365,50595
1229517,0,26156,365,50595
1229567,0,26156,365,50595
1229659,0,25307,12456,50595
1229709,0,25307,12456,50595
1229759,0,25307,12456,50595
1229809,0,25307,12456,49111
1229859,0,25307,12456,49111
1229909,0,25307,12456,49111
1229959,0,25307,12456,49111
1230009,0,25307,13549,49111
1230059,0,25724,13549,49111
1230109,0,25724,13549,49111
1230159,0,25724,13549,49111
1230209,0,25724,13549,49058
1230259,0,26619,13549,49058
1230309,0,26619,13549,49058
1230359,0,26619,13549,49058
1230409,0,26619,13670,49058
1230544,0,26156,13670,49058
1230636,0,26156,13670,49020
1230686,0,26156,13670,49020
1230736,0,26156,13670,49020
1230786,0,26156,13772,49020
1230836,0,26156,13772,49020
1230886,0,26156,13772,49020
1230936,0,26156,13772,49020
1230986,0,26156,13772,48980
1231036,0,26156,13772,48980
1231086,0,26156,13772,48980
1231136,0,26156,13772,48980
1231186,0,26156,13919,48980
1231236,0,26156,13919,48980
1231286,0,26619,13919,48980
1231336,0,26619,13919,48980
1231386,0,26619,13919,48980
1231503,0,27082,13919,48932
1231553,0,27082,13919,48932
1231603,0,27082,14009,48932
1231739,0,26619,14009,48932
1231789,0,26619,14009,48910
1231839,0,26619,14009,48910
1231889,0,27082,14009,48910
1231939,0,27082,14009,48910
1231989,0,27082,14009,48910
1232039,0,27082,14094,48910
1232089,0,27082,14094,48910
1232139,0,27082,14094,48910
1232189,0,27082,14094,48910
1232239,0,27082,14094,48875
1232289,0,26619,14094,48875
1232339,0,26619,14094,48875
1232389,0,26619,14094,48875
1232481,0,27082,14211,48875
1232531,0,27082,14211,48875
1232581,0,27082,14211,48875
1232631,0,27082,14211,48841
1232681,0,27561,14211,48841
1232731,0,27561,14211,48841
1232866,0,27561,14352,48841
1232916,0,27561,14352,48841
1232966,0,27561,14352,48841
1233016,0,27561,14352,48808
1233066,0,28071,14352,48808
1233116,0,28071,14352,48808
1233166,0,28071,14352,48808
1233216,0,28071,14453,48808
1233266,0,28071,14453,48808
1233316,0,28071,14453,48808
1233408,0,28071,14453,48770
1233458,0,28580,14453,48770
1233508,0,28580,14453,48770
1233558,0,28580,14453,48770
1233608,0,28580,14545,48770
1233658,0,28580,14545,48770
1233793,0,28580,14545,48770
1233843,0,28580,14545,48738
1233893,0,28580,14545,48738
1233943,0,28580,14545,48738
1233993,0,28580,14545,48738
1234043,0,28580,14659,48738
1234093,0,28580,14659,48738
1234143,0,28580,14659,48738
1234193,0,28580,14659,48738
1234243,0,28071,14659,48699
1234293,0,28071,14659,48699
1234385,0,28071,14659,48699
1234435,0,28071,14772,48699
1234485,0,28580,14772,48699
1234535,0,28580,14772,48699
1234585,0,28580,14772,48699
1234635,0,28580,14772,48675
1234685,0,28580,14772,48675
1234735,0,28580,14772,48675
1234785,0,28580,14772,48675
1234920,0,28580,14901,48675
1234970,0,28580,14901,48675
1235020,0,28580,14901,48655
1235070,0,29120,14901,48655
1235120,0,29120,14901,48655
1235170,0,29120,14901,48655
1235220,0,29120,14994,48655
1235312,0,28580,14994,48655
1235362,0,28580,14994,48655
1235412,0,28580,14994,48655
1235462,0,28580,14994,48624
1235512,0,28580,14994,48624
1235562,0,28580,14994,48624
1235612,0,28580,14994,48624
1235662,0,29692,15106,48624
1235712,0,29692,15106,48624
1235762,0,29692,15106,48624
1235812,0,29692,15106,48624
1235862,0,30263,15106,48588
1235912,0,30263,15106,48588
1236047,0,29692,15239,48588
1236097,0,29692,15239,48588
1236147,0,29692,15239,48588
1236197,0,29692,15239,48588
1236289,0,30263,15239,48568
1236339,0,30263,15239,48568
1236389,0,30263,15239,48568
1236439,0,30263,15339,48568
1236489,0,30263,15339,48568
1236539,0,30263,15339,48568
1236589,0,30263,15339,48568
1236639,0,30263,15339,48524
1236689,0,30263,15339,48524
1236739,0,30263,15339,48524
1236789,0,30263,15339,48524
1236839,0,30263,15463,48524
1236889,0,30263,15463,48524
1236939,0,30263,15463,48524
1236989,0,30263,15463,48524
1237039,0,30263,15463,48497
1237217,0,30881,15463,48497
1237267,0,30263,15580,48497
1237317,0,30263,15580,48497
1237367,0,30263,15580,48497
1237417,0,30263,15580,48497
1237467,0,30881,15580,48472
1237517,0,30881,15580,48472
1237567,0,30881,15580,48472
1237617,0,30881,15580,48472
1237667,0,30881,15646,48472
1237717,0,30881,15646,48472
1237767,0,30881,15646,48472
1237817,0,30881,15646,48472
1237867,0,30881,15646,48448
1237917,0,30881,15646,48448
1237967,0,30881,15646,48448
1238017,0,30881,15646,48448
1238109,0,30881,15759,48448
1238159,0,30881,15759,48448
1238209,0,30881,15759,48448
1238344,0,31498,15759,48416
1238394,0,31498,15759,48416
1238444,0,31498,15885,48416
1238494,0,31498,15885,48416
1238544,0,31498,15885,48416
1238594,0,31498,15885,48416
1238644,0,31498,15885,48383
1238694,0,31498,15885,48383
1238744,0,31498,15885,48383
1238794,0,31498,15885,48383
1238844,0,31498,16013,48383
1238894,0,31498,16013,48383
1238944,0,31498,16013,48383
1239036,0,31498,16013,48367
1239086,0,31498,16013,48367
1239136,0,31498,16013,48367
1239186,0,31498,16013,48367
1239236,0,31498,16013,48367
1239286,0,31498,16073,48367
1239336,0,31498,16073,48367
1239471,0,32162,16073,48348
1239521,0,32162,16073,48348
1239571,0,32162,16073,48348
1239621,0,32162,16073,48348
1239671,0,32162,16163,48348
1239721,0,32162,16163,48348
1239771,0,32162,16163,48348
1239821,0,32162,16163,48348
1239871,0,32162,16163,48320
1239921,0,32162,16163,48320
1240013,0,32162,16163,48320
1240063,0,32842,16240,48320
1240113,0,32842,16240,48320
1240163,0,32842,16240,48320
1240213,0,32842,16240,48320
1240263,0,31498,16240,48306
1240313,0,31498,16240,48306
1240363,0,31498,16240,48306
1240413,0,31498,16240,48306
1240463,0,32162,16315,48306
1240598,0,32162,16315,48306
1240648,0,32162,16315,48306
1240698,0,32162,16315,48289
1240748,0,32162,16315,48289
1240798,0,32162,16315,48289
1240848,0,32842,16315,48289
1240940,0,32842,16409,48289
1240990,0,32842,16409,48289
1241040,0,32162,16409,48289
1241090,0,32162,16409,48258
1241140,0,32162,16409,48258
1241190,0,32162,16409,48258
1241240,0,32842,16409,48258
1241290,0,32842,16429,48258
1241340,0,32842,16429,48258
1241390,0,32842,16429,48258
1241440,0,31498,16429,48258
1241490,0,31498,16429,48238
1241540,0,31498,16429,48238
1241590,0,31498,16429,48238
1241725,0,31498,16499,48238
1241775,0,31498,16499,48238
1241825,0,31498,16499,48238
1241917,0,32162,16499,48199
1241967,0,32162,16499,48199
1242017,0,32162,16499,48199
1242067,0,32162,16571,48199
1242117,0,32162,16571,48199
1242167,0,32162,16571,48199
1242217,0,32162,16571,48199
1242267,0,32162,16571,48180
1242317,0,32162,16571,48180
1242367,0,32162,16571,48180
1242417,0,32162,16571,48180
1242467,0,32842,16697,48180
1242517,0,32842,16697,48180
1242567,0,32842,16697,48180
1242617,0,32842,16697,48180
1242667,0,32162,16697,48161
1242759,0,32162,16697,48161
1242894,0,32842,16784,48161
1242944,0,32842,16784,48161
1242994,0,32842,16784,48161
1243044,0,32842,16784,48161
1243094,0,32842,16784,49474
1243144,0,32842,16784,49474
1243194,0,32842,16784,49474
1243244,0,32842,16784,49474
1243294,0,32842,6605,49474
1243344,0,32842,6605,49474
1243394,0,32842,6605,49474
1243444,0,33552,6605,49474
1243494,0,33552,6605,49683
1243544,0,33552,6605,49683
1243594,0,33552,6605,49683
1243644,0,33552,6605,49683
1243736,0,33552,6225,49683
1243786,0,33552,6225,49683
1243836,0,33552,6225,49683
1243886,0,33552,6225,49690
1244021,0,33552,6225,49690
1244071,0,32842,6225,49690
1244121,0,32842,6112,49690
1244171,0,32842,6112,49690
1244221,0,32842,6112,49690
1244271,0,33552,6112,49690
1244321,0,33552,6112,49649
1244371,0,33552,6112,49649
1244421,0,33552,6112,49649
1244471,0,32842,6112,49649
1244521,0,32842,6562,49649
1244571,0,32842,6562,49649
1244621,0,32842,6562,49649
1244713,0,32842,6562,49712
1244763,0,32842,6562,49712
1244813,0,32842,6562,49712
1244863,0,32162,6562,49712
1244913,0,32162,6618,49712
1244963,0,32162,6618,49712
1245013,0,32162,6618,49712
1245148,0,32842,6618,49708
1245198,0,32842,6618,49708
1245248,0,32162,6618,49708
1245298,0,32162,6712,49708
1245348,0,32162,6712,49708
1245398,0,32162,6712,49708
1245448,0,32162,6712,49708
1245498,0,32162,6712,49605
1245548,0,32162,6712,49605
1245598,0,32162,6712,49605
1245690,0,32162,7462,49605
1245740,0,32162,7462,49605
1245790,0,32162,7462,49605
1245840,0,31498,7462,49605
1245890,0,31498,7462,49468
1245940,0,31498,7462,49468
1245990,0,31498,7462,49468
1246040,0,32162,7462,49468
1246090,0,32162,8224,49468
1246140,0,32162,8224,49468
1246275,0,31498,8224,49468
1246325,0,31498,8224,49451
1246375,0,31498,8224,49451
1246425,0,31498,8224,49451
1246475,0,32162,8224,49451
1246525,0,32162,8666,49451
1246575,0,32162,8666,49451
1246667,0,31498,8666,49451
1246717,0,31498,8666,49399
1246767,0,31498,8666,49399
1246817,0,31498,8666,49399
1246867,0,31498,8666,49399
1246917,0,31498,8798,49399
1246967,0,31498,8798,49399
1247017,0,31498,8798,49399
1247067,0,31498,8798,49399
1247117,0,31498,8798,49375
1247167,0,31498,8798,49375
1247217,0,31498,8798,49375
1247267,0,30881,8798,49375
1247402,0,30881,9002,49375
1247452,0,30881,9002,49375
1247502,0,30881,9002,49266
1247552,0,30881,9002,49266
1247644,0,30881,9002,49266
1247694,0,30881,9002,49266
1247744,0,30881,9503,49266
1247794,0,30881,9503,49266
1247844,0,30881,9503,49266
1247894,0,30881,9503,49266
1247944,0,30881,9503,49228
1247994,0,30881,9503,49228
1248044,0,30263,9503,49228
1248094,0,30263,9503,49228
1248144,0,30263,9804,49228
1248194,0,30263,9804,49228
1248329,0,30881,9804,49223
1248379,0,30881,9804,49223
1248429,0,30881,9804,49223
1248479,0,30881,9804,49223
1248529,0,30881,9643,49223
1248579,0,30881,9643,49223
1248673,0,30263,9643,49223
1248723,0,30263,9643,49292
1248773,0,30263,9643,49292
1248823,0,30263,9643,49292
1248873,0,30263,9643,49292
1248923,0,30263,9105,49292
1248973,0,30263,9105,49292
1249023,0,30263,9105,49292
1249073,0,30881,9105,49292
1249123,0,30881,9105,49302
1249173,0,30881,9105,49302
1249223,0,30881,9105,49302
1249273,0,30263,9105,49302
1249323,0,30263,9028,49302
1249458,0,30263,9028,49302
1249508,0,30263,9028,49302
1249558,0,30263,9028,49335
1249650,0,30263,9028,49335
1249700,0,30263,9028,49335
1249750,0,30263,8951,49335
1249800,0,30263,8951,49335
1249850,0,30263,8951,49335
1249900,0,30263,8951,49335
1249950,0,30263,8951,49360
1250000,0,30263,8951,49360
1250050,0,30263,8951,49360
1250100,0,30263,8951,49360
1250150,0,30263,8550,49360
1250200,0,30263,8550,49360
1250250,0,29692,8550,49360
1250300,0,29692,8550,49360
1250350,0,29692,8550,49383
1250400,0,29692,8550,49383
1250450,0,29692,8550,49383
1250628,0,29692,8513,49383
1250678,0,30263,8513,49383
1250728,0,30263,8513,49365
1250778,0,30263,8513,49365
1250828,0,30263,8513,49365
1250878,0,29692,8513,49365
1250928,0,29692,8542,49365
1250978,0,29692,8542,49365
1251028,0,29692,8542,49365
1251078,0,30263,8542,49365
1251128,0,30263,8542,49386
1251178,0,30263,8542,49386
1251228,0,30263,8542,49386
1251278,0,29692,8542,49386
1251328,0,29692,8466,49386
1251378,0,29692,8466,49386
1251428,0,29692,8466,49386
1251520,0,29692,8466,49386
1251570,0,29692,8466,49421
1251620,0,29692,8466,49421
1251755,0,29692,869,49421
1251805,0,29692,869,49421
1251855,0,29692,869,49421
1251905,0,29692,869,49421
1251955,0,29692,869,50609
1252005,0,29692,869,50609
1252055,0,29692,869,50609
1252105,0,29692,869,50609
1252155,0,29692,128,50609
1252205,0,29692,128,50609
1252255,0,29692,128,50609
1252305,0,29692,128,50609
1252355,0,29692,128,50637
1252405,0,29692,128,50637
1252497,0,30263,128,50637
1252547,0,30263,120,50637
1252597,0,30263,120,50637
1252647,0,30881,120,50637
1252697,0,30881,120,50637
1252747,0,30881,120,50658
1252882,0,30263,120,50658
1252932,0,30263,118,50658
1252982,0,30263,118,50658
1253032,0,30263,118,50658
1253082,0,29692,118,50658
1253132,0,29692,118,50674
1253182,0,29692,118,50674
1253232,0,29692,118,50674
1253282,0,30263,118,50674
1253332,0,30263,118,50674
1253382,0,30263,118,50674
1253432,0,30263,118,50674
1253524,0,30263,118,50674
1253574,0,30263,118,50689
1253624,0,30263,118,50689
1253674,0,29692,118,50689
1253724,0,29692,118,50689
1253774,0,29692,117,50689
1253824,0,29692,117,50689
1253874,0,30263,117,50689
1254009,0,30263,117,50702
1254059,0,30263,117,50702
1254109,0,30263,117,50702
1254159,0,30263,116,50702
1254209,0,30263,116,50702
1254259,0,29692,116,50702
1254309,0,29692,116,50702
1254359,0,29692,116,50714
1254409,0,29692,116,50714
1254459,0,29692,116,50714
1254593,0,29692,116,50714
1254643,0,28580,116,50714
1254693,0,28580,116,50714
1254743,0,28580,116,50714
1254793,0,28580,116,50725
1254843,0,29120,116,50725
1254893,0,29120,116,50725
1254943,0,29120,116,50725
1254993,0,29120,117,50725
1255043,0,28580,117,50725
1255348,0,28580,117,50736
1255398,0,28580,117,50736
1255448,0,29120,117,50736
1255498,0,29120,117,50736
1255548,0,29120,117,50736
1255598,0,29120,117,50745
1255648,0,28580,117,50745
1255740,0,28580,117,50745
1255790,0,28580,117,50745
1255840,0,28580,117,50745
1255890,0,28580,117,50745
1255940,0,28580,117,50745
1255990,0,28580,117,50755
1256040,0,28071,117,50755
1256090,0,28071,117,50755
1256140,0,28071,117,50755
1256190,0,28071,116,50755
1256240,0,28580,116,50755
1256290,0,28580,116,50755
1256340,0,28580,116,50755
1256517,0,28580,116,50764
1256567,0,28580,472,50764
1256617,0,28580,472,50764
1256667,0,29120,472,50764
1256717,0,29120,472,50764
1256809,0,29120,472,50761
1256859,0,28580,472,50761
1256909,0,28580,472,50761
1256959,0,28580,193,50761
1257009,0,28580,193,50761
1257059,0,28071,193,50761
1257109,0,28071,193,50761
1257159,0,28071,193,50761
1257209,0,28071,193,50769
1257259,0,28071,193,50769
1257309,0,28071,193,50769
1257359,0,28071,193,50769
1257409,0,28071,192,50769
1257459,0,27561,192,50769
1257509,0,27561,192,50769
1257644,0,27561,192,50777
1257694,0,27561,192,50777
1257744,0,27561,192,50777
1257836,0,27561,266,50777
1257886,0,27561,266,50777
1257936,0,27561,266,50777
1257986,0,27561,266,50771
1258036,0,27561,266,50771
1258086,0,27561,266,50771
1258136,0,27561,266,50771
1258186,0,27561,358,50771
1258236,0,27561,358,50771
1258286,0,28071,358,50771
1258336,0,28071,358,50771
1258386,0,28071,358,50766
1258436,0,28071,358,50766
1258486,0,28071,358,50766
1258536,0,28071,358,50766
1258586,0,28071,366,50766
1258636,0,28071,366,50766
1258814,0,27561,366,50771
1258864,0,27561,366,50771
1258914,0,27561,366,50771
1258964,0,27561,366,50771
1259014,0,27561,368,50771
1259064,0,27561,368,50771
1259114,0,27561,368,50771
1259164,0,27561,368,50771
1259214,0,27561,368,50780
1259264,0,27082,368,50780
1259314,0,27082,368,50780
1259364,0,27082,368,50780
1259414,0,27082,364,50780
1259464,0,26156,364,50780
1259514,0,26156,364,50780
1259564,0,26156,364,50780
1259614,0,26156,364,50785
1259664,0,26619,364,50785
1259756,0,26619,364,50785
1259806,0,26619,362,50785
1259941,0,27561,362,50785
1259991,0,27561,362,50792
1260041,0,27082,362,50792
1260091,0,27082,362,50792
1260141,0,27082,362,50792
1260191,0,27082,5934,50792
1260241,0,27082,5934,50792
1260291,0,27082,5934,50792
1260341,0,27082,5934,50792
1260391,0,27082,5934,48852
1260441,0,27561,5934,48852
1260491,0,27561,5934,48852
1260541,0,27561,5934,48852
1260591,0,27561,14018,48852
1260641,0,26619,14018,48852
1260733,0,26619,14018,48852
1260783,0,26619,14018,48852
1260833,0,26619,14018,48792
1260883,0,27082,14018,48792
1260933,0,27082,14018,48792
1261068,0,27082,14172,48792
1261118,0,27082,14172,48792
1261168,0,27082,14172,48792
1261218,0,27082,14172,48728
1261268,0,27082,14172,48728
1261318,0,27082,14172,48728
1261368,0,27082,14172,48728
1261418,0,27082,14326,48728
1261468,0,28071,14326,48728
1261518,0,28071,14326,48728
1261568,0,28071,14326,48728
1261618,0,28071,14326,48692
1261710,0,28071,14326,48692
1261760,0,28071,14326,48692
1261810,0,28071,14462,48692
1261860,0,28071,14462,48692
1261910,0,28071,14462,48692
1261960,0,28071,14462,48692
1262010,0,28071,14462,48645
1262060,0,28071,14462,48645
1262195,0,28071,14462,48645
1262245,0,28580,14603,48645
1262295,0,28580,14603,48645
1262345,0,28580,14603,48645
1262395,0,28580,14603,48645
1262445,0,29120,14603,48617
1262495,0,29120,14603,48617
1262545,0,29120,14603,48617
1262637,0,29120,14768,48617
1262687,0,27561,14768,48617
1262737,0,27561,14768,48617
1262787,0,27561,14768,48617
1262837,0,27561,14768,48561
1262887,0,28071,14768,48561
1262937,0,28071,14768,48561
1262987,0,28071,14768,48561
1263123,0,28580,14874,48561
1263173,0,28580,14874,48561
1263223,0,28580,14874,48524
1263273,0,28580,14874,48524
1263323,0,28580,14874,48524
1263373,0,28580,14874,48524
1263423,0,28580,15033,48524
1263473,0,29120,15033,48524
1263523,0,29120,15033,48524
1263615,0,29120,15033,50596
1263665,0,29120,15033,50596
1263715,0,29120,15033,50596
1263765,0,29120,15033,50596
1263815,0,29120,662,50596
1263865,0,28580,662,50596
1263915,0,28580,662,50596
1263965,0,28580,662,50596
1264015,0,28580,662,50655
1264065,0,29120,662,50655
1264115,0,29120,662,50655
1264250,0,29692,128,50655
1264300,0,29692,128,50655
1264350,0,29692,128,50655
1264400,0,29692,128,50655
1264450,0,29120,128,50686
1264500,0,29120,128,50686
1264592,0,29120,128,50686
1264642,0,29120,120,50686
1264692,0,29120,120,50686
1264742,0,29120,120,50686
1264792,0,29120,120,50686
1264842,0,29120,120,50706
1264892,0,29120,120,50706
1264942,0,29120,120,50706
1264992,0,29120,120,50706
1265042,0,28580,119,50706
1265092,0,28580,119,50706
1265142,0,28580,119,50706
1265192,0,28580,119,50706
1265242,0,28580,119,50723
1265377,0,28580,119,50723
1265427,0,28580,117,50723
1265477,0,28071,117,50723
1265527,0,28071,117,50723
1265621,0,28071,117,50739
1265671,0,28071,117,50739
1265721,0,28071,117,50739
1265771,0,28071,117,50739
1265821,0,28071,117,50739
1265871,0,27561,117,50739
1265921,0,27561,117,50739
1265971,0,27561,117,50739
1266021,0,27561,117,50751
1266071,0,27561,117,50751
1266121,0,27561,117,50751
1266171,0,27561,117,50751
1266221,0,27561,117,50751
1266271,0,27561,117,50751
1266321,0,27561,117,50751
1266371,0,27561,117,50751
1266506,0,28071,117,50762
1266598,0,28071,117,50762
1266648,0,27561,117,50762
1266698,0,27561,117,50762
1266748,0,27561,117,50762
1266798,0,27561,117,50762
1266848,0,28071,117,50772
1266898,0,28071,117,50772
1266948,0,28071,117,50772
1266998,0,28071,117,50772
1267048,0,28071,116,50772
1267098,0,28071,116,50772
1267148,0,28071,116,50772
1267198,0,28071,116,50772
1267248,0,26619,116,50781
1267298,0,26619,116,50781
1267348,0,26619,116,50781
1267398,0,26619,116,50781
1267448,0,27082,116,50781
1267540,0,27082,116,50781
1267675,0,27082,116,50789
1267725,0,27082,116,50789
1267775,0,27082,116,50789
1267825,0,27082,116,50789
1267875,0,26156,116,50789
1267925,0,26156,116,50789
1267975,0,26156,116,50789
1268025,0,26156,116,50789
1268075,0,27082,116,50795
1268125,0,27082,116,50795
1268175,0,27082,116,50795
1268225,0,27082,116,50795
1268275,0,27082,117,50795
1268325,0,27082,117,50795
1268375,0,27082,117,50795
1268425,0,27082,117,50795
1268475,0,26619,117,50805
1268567,0,26619,117,50805
1268617,0,26619,117,50805
1268667,0,27082,115,50805
1268802,0,27082,115,50805
1268852,0,26156,115,50813
1268902,0,26156,115,50813
1268952,0,26156,115,50813
1269002,0,26156,115,50813
1269052,0,26619,115,50813
1269102,0,26619,115,50813
1269152,0,26619,115,50813
1269202,0,26619,115,50813
1269252,0,26156,115,50817
1269302,0,26156,115,50817
1269352,0,26156,115,50817
1269402,0,26156,115,50817
1269452,0,26619,115,50817
1269544,0,26619,115,50817
1269594,0,26619,115,50817
1269644,0,26619,115,50817
1269694,0,26619,115,50827
1269744,0,26619,115,50827
1269794,0,26619,115,50827
1269929,0,26156,116,50827
1269979,0,26156,116,50827
1270029,0,26156,116,50827
1270079,0,26156,116,50832
1270129,0,26156,116,50832
1270179,0,26156,116,50832
1270229,0,26156,116,50832
1270279,0,25724,116,50832
1270329,0,25724,116,50832
1270379,0,25724,116,50832
1270429,0,25724,116,50832
1270479,0,25724,116,50838
1270571,0,25724,116,50838
1270621,0,25724,116,50838
1270671,0,26156,116,50838
1270721,0,26156,116,50838
1270771,0,26156,116,50838
1270821,0,26156,116,50838
1270871,0,26156,116,50843
1270921,0,26156,116,50843
1271056,0,26156,115,50843
1271106,0,26156,115,50843
1271156,0,26156,115,50843
1271206,0,26156,115,50843
1271256,0,25724,115,50850
1271306,0,25724,115,50850
1271356,0,25724,115,50850
1271406,0,25724,115,50850
1271456,0,25724,115,50850
1271506,0,25724,115,50850
1271598,0,25724,115,50850
1271648,0,25724,115,50850
1271698,0,25724,115,50855
1271748,0,25724,115,50855
1271798,0,25724,115,50855
1271848,0,25724,115,50855
1271898,0,25724,115,50855
1271948,0,25724,115,50855
1271998,0,25724,115,50855
1272048,0,25724,115,50855
1272183,0,25724,115,50861
1272233,0,25724,115,50861
1272283,0,25724,115,50861
1272333,0,25724,115,50861
1272383,0,25724,115,50861
1272433,0,25724,115,50861
1272483,0,25307,115,50865
1272575,0,25307,115,50865
1272625,0,25307,115,50865
1272675,0,25307,116,50865
1272725,0,25307,116,50865
1272775,0,25307,116,50865
1272825,0,25307,116,50865
1272875,0,24890,116,50870
1272925,0,24890,116,50870
1272975,0,24890,116,50870
1273025,0,24890,116,50870
1273075,0,25724,115,50870
1273125,0,25724,115,50870
1273175,0,25724,115,50870
1273310,0,25724,115,50875
1273360,0,25724,115,50875
1273410,0,25724,115,50875
1273460,0,24890,115,50875
1273510,0,24890,115,50875
1273602,0,24890,115,50875
1273652,0,24890,115,50875
1273702,0,24890,115,50877
1273752,0,24890,115,50877
1273802,0,24890,115,50877
1273852,0,24504,115,50877
1273902,0,24504,114,50877
1273952,0,24504,114,50877
1274002,0,24504,114,50877
1274052,0,25307,114,50877
1274102,0,25307,114,50886
1274152,0,25307,114,50886
1274202,0,25307,114,50886
1274252,0,25307,114,50886
1274302,0,25307,115,50886
1274437,0,25307,115,50886
1274487,0,25307,115,50890
1274537,0,25307,115,50890
1274629,0,25307,115,50890
1274679,0,24504,115,50890
1274729,0,24504,116,50890
1274779,0,24504,116,50890
1274829,0,24504,116,50890
1274879,0,24504,116,50890
1274929,0,24504,116,50894
1274979,0,24504,116,50894
1275029,0,24504,116,50894
1275079,0,25307,116,50894
1275129,0,25307,115,50894
1275179,0,25307,115,50894
1275229,0,25307,115,50894
1275279,0,24504,115,50894
1275329,0,24504,115,50899
1275379,0,24504,115,50899
1275429,0,24504,115,50899
1275607,0,24890,115,50899
1275657,0,24118,115,50899
1275707,0,24118,115,50903
1275757,0,24118,115,50903
1275807,0,24118,115,50903
1275857,0,24118,115,50903
1275907,0,24118,114,50903
1275957,0,24118,114,50903
1276007,0,24118,114,50903
1276057,0,24890,114,50903
1276107,0,24890,114,50906
1276157,0,24890,114,50906
1276207,0,24890,114,50906
1276257,0,24890,114,50906
1276307,0,24890,115,50906
1276357,0,24890,115,50906
1276407,0,24890,115,50906
1276457,0,23747,115,50906
1276549,0,23747,115,50910
1276599,0,23747,115,50910
1276734,0,23747,115,50910
1276784,0,23747,115,50910
1276834,0,23747,115,50910
1276884,0,24118,115,50910
1276934,0,24118,115,50915
1276984,0,24118,115,50915
1277034,0,24118,115,50915
1277084,0,24118,115,50915
1277134,0,24118,115,50915
1277184,0,24118,115,50915
1277234,0,24118,115,50915
1277284,0,24118,115,50915
1277334,0,24118,115,50919
1277384,0,24118,115,50919
1277434,0,24118,115,50919
1277526,0,23747,116,50919
1277661,0,23747,116,50919
1277711,0,23747,116,50923
1277761,0,23747,116,50923
1277811,0,23747,116,50923
1277861,0,24118,116,50923
1277911,0,24118,115,50923
1277961,0,24118,115,50923
1278011,0,24118,115,50923
1278061,0,24118,115,50923
1278111,0,24118,115,50926
1278161,0,24118,115,50926
1278211,0,24118,115,50926
1278261,0,23392,115,50926
1278311,0,23392,116,50926
1278361,0,23392,116,50926
1278411,0,23392,116,50926
1278461,0,23392,116,50926
1278553,0,23392,116,50930
1278603,0,23392,116,50930
1278653,0,24118,116,50930
1278788,0,24118,116,50930
1278838,0,24118,116,50930
1278888,0,23747,116,50930
1278938,0,23747,116,50934
1278988,0,23747,116,50934
1279038,0,23747,116,50934
1279088,0,23037,116,50934
1279138,0,23037,116,50934
1279188,0,23037,116,50934
1279238,0,23037,116,50934
1279288,0,23037,116,50934
1279338,0,23037,116,50937
1279388,0,23037,116,50937
1279438,0,23037,116,50937
1279488,0,23747,116,50937
1279580,0,23747,116,50937
1279630,0,23747,116,50937
1279680,0,23392,116,50937
1279730,0,23392,116,50941
1279780,0,23392,116,50941
1279915,0,23037,115,50941
1279965,0,23037,115,50941
1280015,0,23037,115,50941
1280065,0,23037,115,50941
1280115,0,23037,115,50944
1280165,0,23037,115,50944
1280215,0,23037,115,50944
1280265,0,23037,115,50944
1280315,0,23037,115,50944
1280365,0,23037,115,50944
1280415,0,23037,115,50944
1280465,0,23037,115,50944
1280557,0,23037,115,50947
1280607,0,23037,115,50947
1280657,0,22697,115,50947
1280707,0,22697,115,50947
1280757,0,22697,115,50947
1280807,0,22697,115,50947
1280857,0,22697,115,50947
1280907,0,22697,115,50947
1281042,0,22697,115,50951
1281092,0,22697,115,50951
1281142,0,22697,115,50951
1281192,0,22697,115,50951
1281242,0,23037,115,50951
1281292,0,23037,115,50951
1281342,0,23037,115,50953
1281392,0,23037,115,50953
1281442,0,22373,115,50953
1281492,0,22373,115,50953
1281584,0,22373,115,50953
1281634,0,22373,115,50953
1281684,0,22373,115,50953
1281734,0,22373,115,50956
1281784,0,22373,115,50956
1281834,0,22373,115,50956
1281884,0,22697,115,50956
1281934,0,22697,115,50956
1281984,0,22697,115,50956
1282034,0,22697,115,50956
1282169,0,22373,115,50959
1282219,0,22373,115,50959
1282269,0,22049,115,50959
1282319,0,22049,115,50959
1282369,0,22049,115,50959
1282419,0,22049,115,50959
1282469,0,22373,115,50959
1282519,0,22373,115,50959
1282611,0,22373,115,50963
1282661,0,22697,115,50963
1282711,0,22697,115,50963
1282761,0,22697,115,50963
1282811,0,22697,115,50963
1282861,0,22049,115,50963
1282911,0,22049,115,50963
1282961,0,22049,115,50966
1283011,0,22049,115,50966
1283061,0,21740,115,50966
1283111,0,21740,115,50966
1283161,0,21740,116,50966
1283296,0,22373,116,50966
1283346,0,22373,116,50970
1283396,0,22373,116,50970
1283446,0,21740,116,50970
1283496,0,21740,116,50970
1283590,0,21740,115,50970
1283640,0,21431,115,50970
1283690,0,21431,115,50970
1283740,0,21431,115,50972
1283790,0,21431,115,50972
1283840,0,21740,115,50972
1283890,0,21740,115,50972
1283940,0,21740,116,50972
1283990,0,21740,116,50972
1284040,0,22373,116,50972
1284090,0,22373,116,50972
1284140,0,22373,116,50975
1284190,0,22373,116,50975
1284240,0,21431,116,50975
1284290,0,21431,116,50975
1284425,0,21431,115,50975
1284475,0,22049,115,50975
1284525,0,22049,115,50975
1284617,0,22049,115,50977
1284667,0,21431,115,50977
1284717,0,21431,115,50977
1284767,0,21431,115,50977
1284817,0,21431,115,50977
1284867,0,21138,115,50977
1284917,0,21138,115,50977
1284967,0,21138,115,50980
1285017,0,21138,115,50980
1285067,0,20860,115,50980
1285117,0,20860,115,50980
1285167,0,20860,116,50980
1285217,0,20860,116,50980
1285267,0,21740,116,50980
1285317,0,21740,116,50980
1285367,0,21740,116,50983
1285417,0,21740,116,50983
1285552,0,20860,115,50983
1285644,0,21138,115,50983
1285694,0,21138,115,50983
1285744,0,21138,115,50983
1285794,0,21138,115,50985
1285844,0,21431,115,50985
1285894,0,21431,115,50985
1285944,0,21431,115,50985
1285994,0,21431,115,50985
1286044,0,20860,115,50985
1286094,0,20860,115,50985
1286144,0,20860,115,50985
1286194,0,20860,115,50988
1286244,0,20860,115,50988
1286294,0,20860,115,50988
1286344,0,20860,115,50988
1286394,0,20860,115,50988
1286444,0,21138,115,50988
1286578,0,21138,115,50991
1286628,0,21138,115,50991
1286933,0,20582,115,50991
1286983,0,20582,115,50993
1287033,0,20582,115,50993
1287083,0,21138,115,50993
1287133,0,21138,115,50993
1287183,0,21138,116,50993
1287233,0,21138,116,50993
1287283,0,20582,116,50993
1287333,0,20582,116,50993
1287383,0,20582,116,50996
1287433,0,20582,116,50996
1287483,0,20582,116,50996
1287533,0,20582,116,50996
1287583,0,20582,115,50996
1287633,0,20582,115,50996
1287683,0,20582,115,50996
1287775,0,20582,115,50999
1287825,0,20582,115,50999
1287875,0,20582,115,50999
1287925,0,20582,115,50999
1288102,0,20304,115,50999
1288152,0,20304,115,50999
1288202,0,20304,115,51001
1288252,0,20860,115,51001
1288302,0,20860,115,51001
1288352,0,20860,115,51001
1288402,0,20860,115,51001
1288452,0,20304,115,51001
1288502,0,20304,115,51001
1288552,0,20304,115,51001
1288602,0,20304,115,51003
1288652,0,20041,115,51003
1288702,0,20041,115,51003
1288752,0,20041,115,51003
1288844,0,20860,115,51003
1288894,0,20860,115,51003
1288944,0,20860,115,51003
1288994,0,20860,115,51006
1289044,0,20041,115,51006
1289094,0,20041,115,51006
1289229,0,20041,115,51006
1289279,0,19794,115,51006
1289329,0,19794,115,51006
1289379,0,19794,115,51008
1289429,0,19794,115,51008
1289479,0,20304,115,51008
1289529,0,20304,115,51008
1289579,0,20304,115,51008
1289629,0,20304,115,51008
1289679,0,20041,115,51008
1289729,0,20041,115,51008
1289821,0,20041,115,51011
1289871,0,20304,115,51011
1289921,0,20304,115,51011
1289971,0,20304,115,51011
1290021,0,20304,115,51011
1290071,0,20304,115,51011
1290121,0,20304,115,51011
1290171,0,20304,115,51011
1290221,0,20304,115,51013
1290356,0,19532,115,51013
1290406,0,19532,115,51013
1290456,0,20041,115,51013
1290506,0,20041,115,51013
1290556,0,20041,115,51013
1290606,0,20041,115,51015
1290656,0,20041,115,51015
1290706,0,20041,115,51015
1290756,0,20041,115,51015
1290848,0,19300,115,51015
1290898,0,19300,115,51015
1290948,0,19300,115,51015
1290998,0,19300,115,51018
1291048,0,20041,115,51018
1291098,0,20041,115,51018
1291148,0,20041,115,51018
1291198,0,20041,115,51018
1291248,0,19300,115,51018
1291298,0,19300,115,51018
1291348,0,19300,115,51018
1291483,0,19300,115,51019
1291533,0,19300,115,51019
1291583,0,19300,115,51019
1291633,0,19300,116,51019
1291683,0,19794,116,51019
1291733,0,19794,116,51019
1291783,0,19794,116,51019
1291875,0,19300,116,51022
1291925,0,19300,116,51022
1291975,0,19300,116,51022
1292025,0,19300,115,51022
1292075,0,19532,115,51022
1292125,0,19532,115,51022
1292175,0,19532,115,51022
1292225,0,19532,115,51024
1292275,0,19532,115,51024
1292410,0,19532,115,51024
1292460,0,19053,115,51024
1292510,0,19053,115,51024
1292560,0,19053,115,51024
1292610,0,19053,115,51026
1292660,0,19532,115,51026
1292710,0,19532,115,51026
1292760,0,19532,115,51026
1292852,0,19053,115,51026
1292902,0,19053,115,51026
1292952,0,19053,115,51026
1293002,0,19053,115,51028
1293052,0,18822,115,51028
1293102,0,18822,115,51028
1293152,0,18822,115,51028
1293202,0,18822,115,51028
1293252,0,19300,115,51028
1293302,0,19300,115,51028
1293352,0,19300,115,51028
1293402,0,19300,115,51031
1293537,0,18822,115,51031
1293587,0,18822,115,51031
1293637,0,18822,114,51031
1293687,0,19300,114,51031
1293737,0,19300,114,51031
1293787,0,19300,114,51031
1293879,0,18822,114,51033
1293929,0,18822,114,51033
1293979,0,18822,114,51033
1294029,0,18822,115,51033
1294079,0,18590,115,51033
1294129,0,18590,115,51033
1294179,0,18590,115,51033
1294229,0,18590,115,51035
1294279,0,19053,115,51035
1294329,0,19053,115,51035
1294379,0,19053,115,51035
1294429,0,19053,115,51035
1294479,0,18590,115,51035
1294529,0,18590,115,51035
1294664,0,19300,115,51037
1294714,0,19300,115,51037
1294764,0,19300,115,51037
1294814,0,19300,115,51037
1294906,0,19053,115,51037
1294956,0,19053,115,51037
1295006,0,19053,115,51037
1295056,0,18590,115,51039
1295106,0,18590,115,51039
1295156,0,18590,115,51039
1295206,0,18590,115,51039
1295256,0,18822,115,51039
1295306,0,18822,115,51039
1295356,0,18822,115,51039
1295406,0,18822,115,51039
1295456,0,18158,115,51041
1295506,0,18158,115,51041
1295556,0,18158,115,51041
1295606,0,18158,115,51041
1295656,0,18590,114,51041
1295791,0,18590,114,51041
1295883,0,18158,114,51043
1295933,0,18158,114,51043
1295983,0,18158,114,51043
1296033,0,18158,114,51043
1296083,0,18158,114,51043
1296133,0,18158,114,51043
1296183,0,18158,114,51043
1296233,0,18158,114,51044
1296283,0,18590,114,51044
1296333,0,18590,114,51044
1296383,0,18590,114,51044
1296433,0,18590,115,51044
1296483,0,17941,115,51044
1296533,0,17941,115,51044
1296583,0,17941,115,51044
1296633,0,17941,115,51047
1296683,0,18374,115,51047
1296733,0,18374,115,51047
1296825,0,18374,115,51047
1296961,0,17941,115,51047
1297011,0,17941,115,51047
1297061,0,18374,115,51048
1297111,0,18374,115,51048
1297161,0,18374,115,51048
1297211,0,18374,115,51048
1297261,0,18158,115,51048
1297311,0,18158,115,51048
1297361,0,18158,115,51048
1297411,0,18158,115,51048
1297461,0,17941,115,51050
1297511,0,17941,115,51050
1297561,0,17941,115,51050
1297611,0,17941,115,51050
1297661,0,18158,115,51050
1297711,0,18158,115,51050
1297761,0,18158,115,51050
1297853,0,17741,115,51052
1297903,0,17741,115,51052
1297953,0,17741,115,51052
1298112,0,18158,115,51052
1298162,0,18158,115,51052
1298212,0,18158,115,51052
1298262,0,17741,115,51054
1298312,0,17741,115,51054
1298362,0,17741,115,51054
1298412,0,17741,115,51054
1298462,0,17540,115,51054
1298512,0,17540,115,51054
1298562,0,17540,115,51054
1298612,0,17540,115,51054
1298662,0,17941,115,51056
1298712,0,17941,115,51056
1298762,0,17941,115,51056
1298854,0,17540,115,51056
1298904,0,17540,115,51056
1298954,0,17540,115,51056
1299004,0,17540,115,51056
1299054,0,17941,115,51057
1299104,0,17941,115,51057
1299239,0,17941,116,51057
1299289,0,17339,116,51057
1299339,0,17339,116,51057
1299389,0,17339,116,51057
1299439,0,17339,116,51059
1299489,0,17741,116,51059
1299539,0,17741,116,51059
1299589,0,17741,116,51059
1299639,0,17741,116,51059
1299689,0,17154,115,51059
1299739,0,17154,115,51059
1299789,0,17154,115,51059
1299881,0,17741,115,51061
1299931,0,17741,115,51061
1299981,0,17741,115,51061
1300031,0,17741,115,51061
1300081,0,17540,115,51061
1300131,0,17540,115,51061
1300181,0,17540,115,51061
1300231,0,17540,115,51061
1300366,0,17154,115,51063
1300416,0,17154,115,51063
1300466,0,17339,116,51063
1300516,0,17339,116,51063
1300566,0,17339,116,51063
1300616,0,17339,116,51063
1300666,0,16953,116,51064
1300716,0,16953,116,51064
1300766,0,16953,116,51064
1300816,0,16953,116,51064
1300908,0,17339,116,51064
1300958,0,17339,116,51064
1301008,0,17339,116,51064
1301058,0,16953,116,51064
1301108,0,16953,116,51066
1301158,0,16953,116,51066
1301208,0,16953,116,51066
1301258,0,17339,116,51066
1301308,0,17339,115,51066
1301358,0,17339,115,51066
1301493,0,16953,115,51067
1301543,0,16953,115,51067
1301593,0,16953,115,51067
1301643,0,16953,115,51067
1301693,0,17154,115,51067
1301743,0,17154,115,51067
1301793,0,17154,115,51067
1301885,0,17154,115,51070
1301935,0,17154,115,51070
1301985,0,17154,115,51070
1302035,0,17154,115,51070
1302085,0,16768,115,51070
1302135,0,16768,115,51070
1302185,0,16768,115,51070
1302235,0,16768,115,51070
1302285,0,16953,115,51072
1302335,0,16953,115,51072
1302385,0,16953,115,51072
1302435,0,16953,115,51072
1302485,0,16413,115,51072
1302620,0,16413,115,51072
1302670,0,16953,115,51073
1302720,0,16953,115,51073
1302770,0,16953,115,51073
1302820,0,16953,115,51073
1302912,0,16413,116,51073
1302962,0,16413,116,51073
1303012,0,16413,116,51073
1303062,0,16598,116,51073
1303112,0,16598,116,51074
1303162,0,16598,116,51074
1303212,0,16598,116,51074
1303262,0,16413,116,51074
1303312,0,16413,115,51074
1303362,0,16413,115,51074
1303412,0,16413,115,51074
1303462,0,16598,115,51074
1303512,0,16598,115,51075
1303562,0,16598,115,51075
1303612,0,16598,115,51075
1303747,0,16243,115,51075
1303797,0,16243,115,51075
1303847,0,16243,115,51075
1303939,0,16598,115,51078
1303989,0,16598,115,51078
1304039,0,16598,115,51078
1304089,0,16073,115,51078
1304139,0,16073,115,51078
1304189,0,16073,115,51078
1304239,0,16073,115,51078
1304289,0,16598,115,51079
1304339,0,16598,115,51079
1304389,0,16598,115,51079
1304439,0,16598,115,51079
1304489,0,16073,115,51079
1304539,0,16073,115,51079
1304589,0,16073,115,51079
1304639,0,16073,115,51079
1304689,0,16413,115,51080
1304739,0,16413,115,51080
1304917,0,15903,114,51080
1304967,0,15903,114,51080
1305017,0,15903,114,51080
1305067,0,16413,114,51080
1305117,0,16413,114,51081
1305167,0,16413,114,51081
1305217,0,16413,114,51081
1305267,0,15903,114,51081
1305317,0,15903,115,51081
1305367,0,15903,115,51081
1305417,0,15903,115,51081
1305467,0,15749,115,51081
1305517,0,15749,115,51084
1305567,0,15749,115,51084
1305617,0,15749,115,51084
1305667,0,16073,115,51084
1305717,0,16073,114,51084
1305767,0,16073,114,51084
1305859,0,15749,114,51084
1305909,0,15749,114,51085
1306044,0,15749,114,51085
1306094,0,15903,116,51085
1306144,0,15903,116,51085
1306194,0,15903,116,51085
1306244,0,15903,116,51085
1306294,0,15595,116,51087
1306344,0,15595,116,51087
1306394,0,15595,116,51087
1306444,0,15595,116,51087
1306494,0,15749,115,51087
1306544,0,15749,115,51087
1306594,0,15749,115,51087
1306644,0,15749,115,51087
1306694,0,15440,115,51088
1306744,0,15440,115,51088
1306836,0,15440,115,51088
1306971,0,15595,115,51088
1307021,0,15595,115,51088
1307071,0,15286,115,51088
1307121,0,15286,115,51090
1307171,0,15286,115,51090
1307221,0,15286,115,51090
1307271,0,15595,115,51090
1307321,0,15595,115,51090
1307371,0,15595,115,51090
1307421,0,15595,115,51090
1307471,0,14977,115,51090
1307521,0,14977,115,51091
1307571,0,14977,115,51091
1307621,0,14977,115,51091
1307671,0,15595,115,51091
1307721,0,15595,115,51091
1307771,0,15595,115,51091
1307863,0,14977,115,51091
1307913,0,14977,115,51093
1307963,0,14977,115,51093
1308098,0,15286,115,51093
1308148,0,15286,115,51093
1308198,0,15286,115,51093
1308248,0,15286,115,51093
1308298,0,14977,115,51093
1308348,0,14977,115,51093
1308398,0,14977,115,51093
1308448,0,14977,115,51093
1308498,0,14977,115,51093
1308548,0,14977,115,51093
1308598,0,14977,115,51093
1308648,0,14977,115,51093
1308698,0,15131,115,51093
1308748,0,15131,115,51095
1308798,0,15131,115,51095
1308890,0,14838,115,51095
1308940,0,14838,115,51095
1308990,0,14838,115,51095
1309040,0,14838,115,51095
1309090,0,15131,115,51095
1309225,0,15131,115,51096
1309275,0,14699,115,51096
1309325,0,14699,115,51096
1309375,0,14699,115,51096
1309425,0,14699,115,51096
1309475,0,14977,115,51096
1309525,0,14977,115,51098
1309575,0,14977,115,51098
1309625,0,14977,115,51098
1309675,0,14699,115,51098
1309725,0,14699,114,51098
1309775,0,14699,114,51098
1309867,0,14699,114,51098
1309917,0,14699,114,51099
1309967,0,14699,114,51099
1310017,0,14699,114,51099
1310067,0,14560,114,51099
1310117,0,14560,116,51099
1310167,0,14560,116,51099
1310217,0,14560,116,51099
1310352,0,14838,116,51101
1310402,0,14838,116,51101
1310452,0,14838,116,51101
1310502,0,14421,116,51101
1310552,0,14421,115,51101
1310602,0,14421,115,51101
1310652,0,14421,115,51101
1310702,0,14560,115,51101
1310752,0,14560,115,51101
1310802,0,14560,115,51101
1310894,0,14282,115,51101
1310944,0,14282,115,51101
1310994,0,14282,115,51101
1311044,0,14282,115,51101
1311094,0,14560,115,51101
1311144,0,14560,115,51103
1311194,0,14560,115,51103
1311244,0,14560,115,51103
1311294,0,14282,115,51103
1311344,0,14282,115,51103
1311479,0,14421,115,51103
1311529,0,14421,115,51105
1311579,0,14421,115,51105
1311629,0,14421,115,51105
1311679,0,14159,115,51105
1311729,0,14159,115,51105
1311779,0,14159,115,51105
1311829,0,14159,115,51105
1311921,0,14560,115,51105
1311971,0,14560,115,51107
1312021,0,14560,115,51107
1312071,0,14560,115,51107
1312121,0,14560,115,51107
1312171,0,14560,115,51107
1312221,0,14560,115,51107
1312271,0,14035,115,51107
1312321,0,14035,115,51107
1312371,0,14035,115,51107
1312421,0,14035,115,51107
1312471,0,14282,115,51107
1312606,0,14282,115,51107
1312656,0,13773,115,51107
1312706,0,13773,115,51107
1312756,0,13773,115,51108
1312806,0,13773,115,51108
1312898,0,14282,115,51108
1312948,0,14282,115,51108
1312998,0,14282,115,51108
1313048,0,14282,115,51108
1313098,0,13896,115,51108
1313148,0,13896,115,51110
1313198,0,13896,115,51110
1313248,0,13896,115,51110
1313298,0,14035,115,51110
1313348,0,14035,115,51110
1313398,0,14035,115,51110
1313448,0,14035,115,51110
1313498,0,13773,115,51110
1313548,0,13773,115,51110
1313598,0,13773,115,51110
1313733,0,13896,115,51110
1313783,0,13896,116,51110
1313833,0,13896,116,51110
1313925,0,13649,116,51110
1313975,0,13649,116,51112
1314025,0,13649,116,51112
1314075,0,13649,116,51112
1314125,0,13649,116,51112
1314175,0,13649,115,51112
1314225,0,13649,115,51112
1314275,0,13896,115,51112
1314325,0,13896,115,51112
1314375,0,13896,115,51114
1314425,0,13896,115,51114
1314475,0,13417,115,51114
1314525,0,13417,115,51114
1314575,0,13417,114,51114
1314625,0,13417,114,51114
1314675,0,13896,114,51114
1314725,0,13896,114,51114
1314860,0,13417,114,51115
1314952,0,13417,115,51115
1315002,0,13417,115,51115
1315052,0,13417,115,51115
1315102,0,13649,115,51115
1315152,0,13649,115,51116
1315202,0,13649,115,51116
1315252,0,13649,115,51116
1315302,0,13417,115,51116
1315352,0,13417,115,51116
1315402,0,13417,115,51116
1315452,0,13417,115,51116
1315502,0,13541,115,51116
1315552,0,13541,115,51118
1315602,0,13541,115,51118
1315652,0,13541,115,51118
1315702,0,13541,115,51118
1315752,0,13541,114,51118
1315844,0,13541,114,51118
1315894,0,13186,114,51118
1316031,0,13186,114,51117
1316081,0,13649,114,51117
1316131,0,13649,114,51117
1316181,0,13649,114,51117
1316231,0,13649,114,51117
1316281,0,13186,114,51117
1316331,0,13186,114,51117
1316381,0,13186,114,51119
1316431,0,13186,114,51119
1316481,0,13541,114,51119
1316531,0,13541,114,51119
1316581,0,13541,115,51119
1316631,0,13541,115,51119
1316681,0,13078,115,51119
1316731,0,13078,115,51119
1316781,0,13078,115,51120
1316873,0,13417,115,51120
1316923,0,13417,115,51120
1316973,0,13417,115,51120
1317023,0,13417,115,51120
1317158,0,13417,115,51121
1317208,0,13417,115,51121
1317258,0,13078,115,51121
1317308,0,13078,115,51121
1317358,0,13078,115,51121
1317408,0,13078,115,51121
1317458,0,13186,115,51121
1317508,0,13186,115,51121
1317558,0,13186,115,51121
1317608,0,13186,115,51123
1317658,0,13078,115,51123
1317708,0,13078,115,51123
1317758,0,13078,115,51123
1317808,0,13078,115,51123
1317900,0,13186,115,51123
1317950,0,13186,115,51123
1318000,0,13186,115,51124
1318050,0,13186,115,51124
1318100,0,12862,115,51124
1318150,0,12862,115,51124
1318285,0,12862,114,51124
1318335,0,12862,114,51124
1318385,0,12862,114,51125
1318435,0,12862,114,51125
1318485,0,13078,114,51125
1318535,0,13078,114,51125
1318585,0,13078,115,51125
1318635,0,13078,115,51125
1318685,0,12753,115,51125
1318735,0,12753,115,51125
1318785,0,12753,115,51126
1318919,0,12970,115,51126
1318969,0,12970,114,51126
1319019,0,12970,114,51126
1319069,0,12553,114,51126
1319119,0,12553,114,51126
1319169,0,12553,114,51127
1319219,0,12553,114,51127
1319269,0,12970,114,51127
1319319,0,12970,114,51127
1319624,0,12970,115,51128
1319674,0,12553,115,51128
1319724,0,12553,115,51128
1319774,0,12553,114,51128
1319824,0,12553,114,51128
1319874,0,12970,114,51128
1319924,0,12970,114,51128
1319974,0,12970,114,51129
1320024,0,12970,114,51129
1320116,0,12445,114,51129
1320166,0,12445,114,51129
1320216,0,12445,115,51129
1320266,0,12645,115,51129
1320316,0,12645,115,51129
1320366,0,12645,115,51129
1320416,0,12645,115,51130
1320466,0,12645,115,51130
1320516,0,12645,115,51130
1320566,0,12645,115,51130
1320616,0,12645,114,51130
1320793,0,12352,114,51131
1320843,0,12352,114,51131
1320893,0,12553,114,51131
1320943,0,12553,114,51131
1320993,0,12553,115,51131
1321043,0,12553,115,51131
1321093,0,12151,115,51131
1321185,0,12151,115,51131
1321235,0,12151,115,51132
1321285,0,12352,115,51132
1321335,0,12352,115,51132
1321385,0,12352,115,51132
1321435,0,12352,114,51132
1321485,0,12352,114,51132
1321535,0,12352,114,51132
1321585,0,12352,114,51132
1321720,0,11966,114,51134
1321770,0,11966,114,51134
1321820,0,11966,115,51134
1321870,0,12244,115,51134
1321920,0,12244,115,51134
1321970,0,12244,115,51134
1322020,0,12244,115,51135
1322070,0,11781,115,51135
1322162,0,11781,115,51135
1322212,0,11781,114,51135
1322262,0,11781,114,51135
1322312,0,11781,114,51135
1322362,0,11781,114,51135
1322412,0,11781,114,51136
1322462,0,11966,114,51136
1322512,0,11966,114,51136
1322562,0,11966,114,51136
1322612,0,11966,115,51136
1322662,0,11781,115,51136
1322712,0,11781,115,51136
1322847,0,11781,115,51137
1322897,0,11966,115,51137
1322947,0,11966,115,51137
1322997,0,11966,115,51137
1323047,0,11966,115,51137
1323097,0,11966,115,51137
1323189,0,11966,115,51137
1323239,0,11966,115,51138
1323289,0,11595,115,51138
1323339,0,11595,115,51138
1323389,0,11595,115,51138
1323439,0,11595,115,51138
1323489,0,11781,115,51138
1323539,0,11781,115,51138
1323589,0,11781,115,51138
1323639,0,11781,115,51138
1323689,0,11518,115,51138
1323739,0,11518,115,51138
1323789,0,11518,115,51138
1323839,0,11518,114,51138
1323974,0,11518,114,51138
1324024,0,11518,114,51139
1324074,0,11688,114,51139
1324124,0,11688,114,51139
1324216,0,11688,115,51139
1324266,0,11348,115,51139
1324316,0,11348,115,51139
1324366,0,11348,115,51139
1324416,0,11348,115,51141
1324466,0,11595,115,51141
1324516,0,11595,115,51141
1324566,0,11595,115,51141
1324616,0,11595,114,51141
1324666,0,11595,114,51141
1324716,0,11595,114,51141
1324766,0,11595,114,51141
1324816,0,11595,114,51142
1324866,0,11179,114,51142
1324916,0,11179,114,51142
1324966,0,11179,114,51142
1325101,0,11426,115,51142
1325193,0,11426,115,51142
1325243,0,11426,115,51143
1325293,0,11101,115,51143
1325343,0,11101,115,51143
1325393,0,11101,115,51143
1325443,0,11101,114,51143
1325493,0,11101,114,51143
1325543,0,11101,114,51143
1325593,0,11101,114,51143
1325643,0,11101,114,51144
1325693,0,11256,114,51144
1325743,0,11256,114,51144
1325793,0,11256,114,51144
1325843,0,11256,115,51144
1325893,0,10947,115,51144
1325943,0,10947,115,51144
1325993,0,10947,115,51144
1326043,0,10947,115,51144
1326135,0,10947,115,51144
1326270,0,11101,115,51144
1326320,0,11101,115,51144
1326370,0,11101,115,51144
1326420,0,11101,115,51145
1326470,0,10792,115,51145
1326520,0,10792,115,51145
1326570,0,10792,115,51145
1326620,0,10792,114,51145
1326670,0,11101,114,51145
1326720,0,11101,114,51145
1326770,0,11101,114,51145
1326820,0,11101,114,51145
1326870,0,11101,114,51147
1326920,0,11101,114,51147
1326970,0,11101,114,51147
1327020,0,11101,114,51147
1327070,0,10792,115,51147
1327162,0,10792,115,51147
1327212,0,10792,115,51147
1327262,0,10870,115,51148
1327397,0,10870,115,51148
1327447,0,10870,114,51148
1327497,0,10870,114,51148
1327547,0,10870,114,51148
1327597,0,10870,114,51148
1327647,0,10870,114,51149
1327697,0,10715,114,51149
1327747,0,10715,114,51149
1327797,0,10715,114,51149
1327847,0,10715,115,51149
1327897,0,10870,115,51149
1327947,0,10870,115,51149
1327997,0,10870,115,51149
1328047,0,10870,115,51150
1328139,0,10870,115,51150
1328189,0,10870,115,51150
1328239,0,10870,114,51150
1328289,0,10561,114,51150
1328339,0,10561,114,51150
1328389,0,10561,114,51150
1328524,0,10870,114,51150
1328574,0,10870,114,51150
1328624,0,10870,114,51150
1328674,0,10870,114,51150
1328724,0,10870,114,51150
1328774,0,10870,114,51150
1328824,0,10870,114,51150
1328874,0,10499,114,51151
1328924,0,10499,114,51151
1328974,0,10499,114,51151
1329024,0,10499,114,51151
1329074,0,10715,114,51151
1329166,0,10715,114,51151
1329216,0,10715,114,51151
1329266,0,10422,114,51153
1329316,0,10422,114,51153
1329366,0,10422,114,51153
1329416,0,10422,114,51153
1329466,0,10422,114,51153
1329516,0,10422,114,51153
1329651,0,10422,114,51153
1329701,0,10561,114,51153
1329751,0,10561,114,51153
1329801,0,10561,114,51153
1329851,0,10561,115,51153
1329901,0,10360,115,51153
1329951,0,10360,115,51153
1330001,0,10360,115,51153
1330051,0,10360,115,51154
1330101,0,10360,115,51154
1330193,0,10360,115,51154
1330243,0,10360,114,51154
1330293,0,10499,114,51154
1330343,0,10499,114,51154
1330393,0,10499,114,51154
1330443,0,10499,114,51154
1330493,0,10221,114,51155
1330543,0,10221,114,51155
1330593,0,10221,114,51155
1330643,0,10221,114,51155
1330778,0,10221,114,51155
1330828,0,10221,114,51155
1330878,0,10422,114,51156
1330928,0,10422,114,51156
1330978,0,10422,114,51156
1331028,0,10422,114,51156
1331078,0,10144,114,51156
1331170,0,10144,114,51156
1331220,0,10144,114,51156
1331270,0,10144,114,51156
1331320,0,10144,114,51156
1331370,0,10144,114,51156
1331420,0,10144,114,51156
1331470,0,10283,114,51156
1331520,0,10283,114,51156
1331570,0,10283,114,51156
1331620,0,10283,114,51156
1331670,0,10283,114,51157
1331720,0,10283,114,51157
1331770,0,10283,114,51157
1331905,0,10082,115,51157
1331955,0,10082,115,51157
1332005,0,10082,115,51157
1332055,0,10082,115,51158
1332105,0,10360,115,51158
1332197,0,10360,115,51158
1332247,0,10360,115,51158
1332297,0,10360,115,51158
1332347,0,10360,115,51158
1332397,0,10360,115,51158
1332447,0,10360,115,51158
1332497,0,10020,115,51159
1332547,0,10020,115,51159
1332597,0,10020,115,51159
1332647,0,10020,115,51159
1332697,0,10020,115,51159
1332747,0,10020,115,51159
1332797,0,10020,115,51159
1332847,0,10020,115,51159
1332897,0,10020,115,51160
1333034,0,10020,115,51160
1333084,0,9820,114,51160
1333134,0,9820,114,51160
1333226,0,9820,114,51160
1333276,0,9959,114,51161
1333326,0,9959,114,51161
1333376,0,9959,114,51161
1333426,0,9959,114,51161
1333476,0,9959,115,51161
1333526,0,9959,115,51161
1333576,0,9959,115,51161
1333626,0,9959,115,51161
1333676,0,9696,115,51162
1333726,0,9696,115,51162
1333776,0,9696,115,51162
1333826,0,9696,115,51162
1333876,0,9820,114,51162
1333926,0,9820,114,51162
1333976,0,9820,114,51162
1334026,0,9820,114,51162
1334161,0,9820,114,51162
1334253,0,9820,114,51162
1334303,0,9650,114,51162
1334353,0,9650,114,51162
1334403,0,9650,114,51162
1334453,0,9650,114,51162
1334503,0,9650,114,51163
1334553,0,9650,114,51163
1334603,0,9650,114,51163
1334653,0,9650,114,51163
1334703,0,9696,114,51163
1334753,0,9696,114,51163
1334803,0,9696,114,51163
1334853,0,9696,114,51163
1334903,0,9526,114,51165
1334953,0,9526,114,51165
1335003,0,9526,114,51165
1335053,0,9526,114,51165
1335103,0,9526,114,51165
1335195,0,9526,114,51165
1335331,0,9758,114,51166
1335381,0,9758,114,51166
1335431,0,9758,114,51166
1335481,0,9758,115,51166
1335531,0,9758,115,51166
1335581,0,9758,115,51166
1335631,0,9758,115,51166
1335681,0,9465,115,51166
1335731,0,9465,115,51166
1335781,0,9465,115,51166
1335831,0,9465,115,51166
1335881,0,9588,115,51166
1335931,0,9588,114,51166
1335981,0,9588,114,51166
1336031,0,9588,114,51166
1336081,0,9588,114,51166
1336216,0,9588,114,51167
1336308,0,9295,115,51167
1336358,0,9295,115,51167
1336408,0,9295,115,51167
1336458,0,9465,115,51167
1336508,0,9465,115,51168
1336558,0,9465,115,51168
1336608,0,9465,115,51168
1336658,0,9465,115,51168
1336708,0,9465,116,51168
1336758,0,9465,116,51168
1336808,0,9465,116,51168
1336858,0,9187,116,51168
1336908,0,9187,116,51169
1336958,0,9187,116,51169
1337008,0,9187,116,51169
1337058,0,9187,116,51169
1337108,0,9187,276,51169
1337158,0,9187,276,51169
1337208,0,9187,276,51169
1337386,0,9357,276,51170
1337436,0,9357,276,51170
1337486,0,9357,276,51170
1337536,0,9357,264,51170
1337586,0,9357,264,51170
1337636,0,9357,264,51170
1337686,0,9079,264,51170
1337736,0,9079,264,51170
1337786,0,9079,264,51170
1337836,0,9079,264,51170
1337886,0,9233,264,51170
1337936,0,9233,275,51170
1337986,0,9233,275,51170
1338036,0,9233,275,51170
1338086,0,9233,275,51170
1338136,0,9233,275,51172
1338186,0,9233,275,51172
1338236,0,9233,275,51172
1338328,0,9017,309,51172
1338378,0,9017,309,51172
1338513,0,9017,309,51171
1338563,0,9017,309,51171
1338613,0,9017,309,51171
1338663,0,9187,309,51171
1338713,0,9187,295,51171
1338763,0,9187,295,51171
1338813,0,9187,295,51171
1338863,0,8970,295,51171
1338913,0,8970,295,51173
1338963,0,8970,295,51173
1339013,0,8970,295,51173
1339063,0,8970,295,51173
1339113,0,8970,117,51173
1339163,0,8970,117,51173
1339213,0,8970,117,51173
1339263,0,9017,117,51173
1339355,0,9017,117,51174
1339405,0,9017,117,51174
1339455,0,9017,117,51174
1339505,0,9017,114,51174
1339640,0,9017,114,51174
1339690,0,8770,114,51174
1339740,0,8770,114,51175
1339790,0,8770,114,51175
1339840,0,8770,114,51175
1339890,0,8770,114,51175
1339940,0,8770,115,51175
1339990,0,8770,115,51175
1340040,0,8770,115,51175
1340090,0,8970,115,51175
1340140,0,8970,115,51176
1340190,0,8970,115,51176
1340240,0,8970,115,51176
1340290,0,8770,115,51176
1340340,0,8770,115,51176
1340432,0,8770,115,51176
1340482,0,8770,115,51176
1340532,0,8770,115,51176
1340582,0,8770,115,51176
1340632,0,8770,115,51176
1340767,0,8970,115,51176
1340817,0,8970,115,51176
1340867,0,8970,115,51176
1340917,0,8970,115,51176
1340967,0,8970,115,51177
1341017,0,8970,115,51177
1341067,0,8523,115,51177
1341117,0,8523,115,51177
1341167,0,8523,115,51177
1341217,0,8523,115,51177
1341267,0,8523,115,51177
1341317,0,8523,115,51177
1341367,0,8523,115,51178
1341459,0,8816,115,51178
1341509,0,8816,115,51178
1341559,0,8816,115,51178
1341609,0,8816,115,51178
1341659,0,8569,115,51178
1341709,0,8569,115,51178
1341759,0,8569,115,51179
1341894,0,8569,115,51179
1341944,0,8569,114,51179
1341994,0,8569,114,51179
1342044,0,8569,114,51179
1342094,0,8708,114,51179
1342144,0,8708,114,51179
1342194,0,8708,114,51179
1342244,0,8708,114,51179
1342294,0,8708,114,51179
1342344,0,8708,115,51179
1342394,0,8708,115,51179
1342486,0,8476,115,51179
1342536,0,8476,115,51180
1342586,0,8476,115,51180
1342636,0,8476,115,51180
1342686,0,8476,115,51180
1342736,0,8476,115,51180
1342786,0,8476,115,51180
1342836,0,8476,115,51180
1342886,0,8708,115,51180
1343021,0,8708,115,51181
1343071,0,8708,115,51181
1343121,0,8708,115,51181
1343171,0,8708,114,51181
1343221,0,8708,114,51181
1343271,0,8384,114,51181
1343321,0,8384,114,51181
1343371,0,8384,114,51182
1343421,0,8384,114,51182
1343513,0,8384,114,51182
1343563,0,8384,114,51182
1343613,0,8384,114,51182
1343663,0,8523,114,51182
1343713,0,8523,114,51182
1343763,0,8523,114,51182
1343813,0,8523,114,51182
1343863,0,8291,114,51182
1343913,0,8291,114,51182
1343963,0,8291,114,51182
1344013,0,8291,114,51182
1344149,0,8291,114,51183
1344199,0,8291,114,51183
1344249,0,8291,114,51183
1344299,0,8384,114,51183
1344349,0,8384,115,51183
1344399,0,8384,115,51183
1344449,0,8384,115,51183
1344499,0,8384,115,51183
1344591,0,8384,115,51184
1344641,0,8384,115,51184
1344691,0,8198,115,51184
1344741,0,8198,115,51184
1344791,0,8198,115,51184
1344841,0,8198,115,51184
1344891,0,8198,115,51184
1344941,0,8198,115,51185
1344991,0,8198,115,51185
1345041,0,8198,115,51185
1345091,0,8384,115,51185
1345141,0,8384,114,51185
1345276,0,8384,114,51185
1345326,0,8384,114,51185
1345376,0,8384,114,51186
1345426,0,8384,114,51186
1345476,0,8075,114,51186
1345526,0,8075,114,51186
1345618,0,8075,115,51186
1345668,0,8075,115,51186
1345718,0,8075,115,51186
1345768,0,8075,115,51186
1345818,0,8075,115,51186
1345868,0,8029,115,51186
1345918,0,8029,115,51186
1345968,0,8029,359,51186
1346018,0,8029,359,51186
1346068,0,8029,359,51186
1346118,0,8029,359,51186
1346168,0,8029,359,51175
1346218,0,8029,359,51175
1346268,0,7673,359,51175
1346403,0,7673,248,51175
1346453,0,7673,248,51175
1346503,0,7673,248,51175
1346553,0,7673,248,51155
1346645,0,7673,248,51155
1346695,0,6886,248,51155
1346745,0,6886,248,51155
1346795,0,6886,310,51155
1346845,0,6886,310,51155
1346895,0,6886,310,51155
1346945,0,6886,310,51155
1346995,0,6886,310,51155
1347045,0,6886,310,51155
1347095,0,6886,310,51155
1347145,0,6886,310,51155
1347195,0,6886,404,51155
1347245,0,6886,404,51155
1347295,0,4832,404,51155
1347345,0,4832,404,51155
1347395,0,4832,404,51131
1347530,0,4832,404,51131
1347580,0,4832,495,51131
1347630,0,4832,495,51131
1347722,0,4832,495,51131
1347772,0,4832,495,51128
1347822,0,4832,495,51128
1347872,0,4832,495,51128
1347922,0,4832,495,51128
1347972,0,4832,497,51128
1348022,0,4832,497,51128
1348072,0,4832,497,51128
1348122,0,4832,497,51128
1348172,0,4832,497,51128
1348222,0,4832,497,51128
1348272,0,4832,497,51128
1348322,0,4832,497,51128
1348372,0,4832,388,51128
1348422,0,4832,388,51128
1348472,0,4743,388,51128
1348522,0,4653,388,51128
1348657,0,4412,388,51152
1348749,0,4248,388,51152
1348799,0,4159,366,51152
1348849,0,4070,366,51152
1348899,0,3980,366,51152
1348949,0,3891,366,51152
1348999,0,3802,366,51154
1349049,0,3713,366,51154
1349099,0,3623,366,51154
1349149,0,3534,366,51154
1349199,0,3445,364,51154
1349249,0,3356,364,51154
1349299,0,3266,364,51154
1349349,0,3177,364,51154
1349399,0,3088,364,51153
1349449,0,2999,364,51153
1349499,0,2909,364,51153
1349549,0,2820,364,51153
1349599,0,2731,2152,51153
1349649,0,2642,2152,51153
1349784,0,2401,2152,50863
1349876,0,2236,2152,50863
1349926,0,2147,2152,50863
1349976,0,2058,2475,50863
1350026,0,1969,2475,50863
1350076,0,1879,2475,50863
1350126,0,1790,2475,50863
1350176,0,1701,2475,50830
1350226,0,1612,2475,50830
1350276,0,1522,2475,50830
1350326,0,1433,2475,50830
1350376,0,1344,2475,50830
1350426,0,1255,2670,50830
1350476,0,1165,2670,50830
1350526,0,1076,2670,50830
1350576,0,987,2670,50830
1350711,0,746,2670,50791
1350761,0,657,2670,50791
1350811,0,567,2874,50791
1350861,0,478,2874,50791
1350911,0,478,2874,50791
1351005,0,478,2874,50760
1351055,0,478,2874,50760
1351105,0,478,2874,50760
1351155,0,478,2874,50760
1351205,0,478,3075,50760
1351255,0,478,3075,50760
1351305,0,478,3075,50760
1351355,0,478,3075,50760
1351405,0,478,3075,50728
1351455,0,478,3075,50728
1351505,0,478,3075,50728
1351555,0,478,3075,50728
1351605,0,478,4316,50728
1351655,0,478,4316,50728
1351705,0,478,4316,50728
1351840,0,478,4316,50692
1351890,0,478,4316,50692
1351940,0,478,4316,50692
1352074,0,1389,4532,50692
1352124,0,1729,4532,50692
1352174,0,2068,4532,50692
1352224,0,2408,4532,50660
1352274,0,2748,4532,50660
1352324,0,2748,4532,50660
1352374,0,2748,4532,50660
1352424,0,2748,4709,50660
1352474,0,2748,4709,50660
1352524,0,2748,4709,50660
1352574,0,2748,4709,50660
1352624,0,2748,4709,50628
1352674,0,2748,4709,50628
1352724,0,2748,4709,50628
1352774,0,2748,4709,50628
1352824,0,2748,4923,50628
1352874,0,2748,4923,50628
1353179,0,3906,4923,50595
1353271,0,3906,5103,50595
1353321,0,3906,5103,50595
1353371,0,3906,5103,50595
1353421,0,3906,5103,50561
1353471,0,3906,5103,50561
1353521,0,3906,5103,50561
1353571,0,3906,5103,50561
1353621,0,3906,5357,50561
1353671,0,3906,5357,50561
1353721,0,3906,5357,50561
1353771,0,3906,5357,50561
1353821,0,3906,5357,50531
1353871,0,4663,5357,50531
1353921,0,4663,5357,50531
1353971,0,4663,5357,50531
1354021,0,4663,4449,50531
1354071,0,4663,4449,50531
1354121,0,4663,4449,50531
1354213,0,4663,4449,50495
1354390,0,4663,4449,50495
1354440,0,4663,4618,50495
1354490,0,5450,4618,50495
1354540,0,5450,4618,50495
1354590,0,5450,4618,50495
1354640,0,5450,4618,50460
1354690,0,5450,4618,50460
1354740,0,5450,4618,50460
1354790,0,5450,4618,50460
1354840,0,5450,4814,50460
1354890,0,5929,4814,50460
1354940,0,5929,4814,50460
1354990,0,5929,4814,50460
1355040,0,5929,4814,50425
1355090,0,5929,4814,50425
1355140,0,5929,4814,50425
1355190,0,5929,4814,50425
1355282,0,5929,5010,50425
1355332,0,5929,5010,50425
1355382,0,5929,5010,50425
1355517,0,6624,5010,50393
1355567,0,6624,5010,50393
1355617,0,6624,5196,50393
1355667,0,6624,5196,50393
1355717,0,6624,5196,50393
1355767,0,6624,5196,50393
1355817,0,6624,5196,50361
1355867,0,6979,5196,50361
1355917,0,6979,5196,50361
1355967,0,6979,5196,50361
1356017,0,6979,5386,50361
1356067,0,6979,5386,50361
1356117,0,6979,5386,50361
1356167,0,6979,5386,50361
1356259,0,7643,5386,50325
1356309,0,7643,5386,50325
1356359,0,7643,5386,50325
1356409,0,7643,5386,50325
1356459,0,7643,5581,50325
1356509,0,7643,5581,50325
1356644,0,7643,5581,50290
1356694,0,7828,5581,50290
1356744,0,7828,5581,50290
1356794,0,7828,5581,50290
1356844,0,7828,5774,50290
1356894,0,7828,5774,50290
1356944,0,7828,5774,50290
1356994,0,7828,5774,50290
1357044,0,7828,5774,50252
1357094,0,8523,5774,50252
1357144,0,8523,5774,50252
1357194,0,8523,5774,50252
1357286,0,8523,5976,50252
1357336,0,8523,5976,50252
1357386,0,8523,5976,50252
1357436,0,8523,5976,50222
1357486,0,8662,5976,50222
1357536,0,8662,5976,50222
1357586,0,8662,5976,50222
1357636,0,8662,6127,50222
1357771,0,9295,6127,50222
1357821,0,9295,6127,50222
1357871,0,9295,6127,50187
1357921,0,9295,6127,50187
1357971,0,9295,6127,50187
1358021,0,9295,6127,50187
1358071,0,9357,6323,50187
1358121,0,9357,6323,50187
1358171,0,9357,6323,50187
1358221,0,9357,6323,50187
1358313,0,9357,6323,50154
1358363,0,9357,6323,50154
1358413,0,9357,6323,50154
1358463,0,10020,6508,50154
1358513,0,10020,6508,50154
1358563,0,10020,6508,50154
1358613,0,10020,6508,50154
1358663,0,10082,6508,50118
1358713,0,10082,6508,50118
1358763,0,10082,6508,50118
1358898,0,10082,6702,50118
1358948,0,10082,6702,50118
1358998,0,10082,6702,50118
1359048,0,10082,6702,50081
1359098,0,10638,6702,50081
1359148,0,10638,6702,50081
1359198,0,10638,6702,50081
1359290,0,10715,6886,50081
1359340,0,10715,6886,50081
1359390,0,10715,6886,50081
1359440,0,10715,6886,50049
1359490,0,11256,6886,50049
1359540,0,11256,6886,50049
1359590,0,11256,6886,50049
1359640,0,11256,7083,50049
1359690,0,11256,7083,50049
1359740,0,11256,7083,50049
1359790,0,11256,7083,50049
1359840,0,11256,7083,50016
1359890,0,11256,7083,50016
1360025,0,11256,7083,50016
1360075,0,11873,7250,50016
1360125,0,11873,7250,50016
1360175,0,11873,7250,50016
1360267,0,11873,7250,49980
1360317,0,11873,7250,49980
1360367,0,11873,7250,49980
1360417,0,11873,7250,49980
1360467,0,11873,7969,49980
1360517,0,11873,7969,49980
1360567,0,11873,7969,49980
1360617,0,11873,7969,49980
1360667,0,12352,7969,49943
1360717,0,12352,7969,49943
1360767,0,12352,7969,49943
1360817,0,12352,7969,49943
1360867,0,12352,8710,49943
1360917,0,12352,8710,49943
1360967,0,12352,8710,49943
1361017,0,12352,8710,49943
1361153,0,12862,8710,49907
1361245,0,12862,8710,49907
1361295,0,12862,8883,49907
1361345,0,12862,8883,49907
1361395,0,12862,8883,49907
1361445,0,12862,8883,49907
1361495,0,12862,8883,49872
1361545,0,12862,8883,49872
1361595,0,12862,8883,49872
1361645,0,12862,8883,49872
1361695,0,13186,9059,49872
1361745,0,13186,9059,49872
1361795,0,13186,9059,49872
1361845,0,13186,9059,49872
1361895,0,13417,9059,49837
1361945,0,13417,9059,49837
1361995,0,13417,9059,49837
1362045,0,13417,9059,49837
1362137,0,13773,9236,49837
1362187,0,13773,9236,49837
1362322,0,13773,9236,49802
1362372,0,13773,9236,49802
1362422,0,13773,9236,49802
1362472,0,14421,9497,49802
1362522,0,14421,9497,49802
1362572,0,14421,9497,49802
1362622,0,14421,9497,49802
1362672,0,14282,9497,49762
1362722,0,14282,9497,49762
1362772,0,14282,9497,49762
1362822,0,14282,9497,49762
1362872,0,14838,9621,49762
1362922,0,14838,9621,49762
1362972,0,14838,9621,49762
1363022,0,14838,9621,49762
1363114,0,14838,9621,49729
1363164,0,14838,9621,49729
1363214,0,14838,9621,49729
1363264,0,15286,9882,49729
1363314,0,15286,9882,49729
1363449,0,15286,9882,49729
1363499,0,15286,9882,49694
1363549,0,15286,9882,49694
1363599,0,15286,9882,49694
1363649,0,15286,9882,49694
1363699,0,15749,10069,49694
1363749,0,15749,10069,49694
1363799,0,15749,10069,49694
1363849,0,15749,10069,49694
1363899,0,15595,10069,49656
1363949,0,15595,10069,49656
1363999,0,15595,10069,49656
1364091,0,16073,10285,49656
1364141,0,16073,10285,49656
1364191,0,16073,10285,49656
1364241,0,16073,10285,49656
1364291,0,15903,10285,49623
1364341,0,15903,10285,49623
1364391,0,15903,10285,49623
1364441,0,15903,10285,49623
1364576,0,16768,10448,49623
1364626,0,16768,10448,49623
1364676,0,16413,10448,49584
1364726,0,16413,10448,49584
1364776,0,16413,10448,49584
1364826,0,16413,10448,49584
1364876,0,17154,10688,49584
1364926,0,17154,10688,49584
1364976,0,17154,10688,49584
1365068,0,16598,10688,49584
1365118,0,16598,10688,49547
1365168,0,16598,10688,49547
1365218,0,16598,10688,49547
1365268,0,17339,10688,49547
1365318,0,17339,10825,49547
1365368,0,17339,10825,49547
1365527,0,17154,10825,49506
1365577,0,17154,10825,49506
1365627,0,17154,10825,49506
1365677,0,17741,10997,49506
1365727,0,17741,10997,49506
1365777,0,17741,10997,49506
1365827,0,17741,10997,49506
1365877,0,18158,10997,49472
1365927,0,18158,10997,49472
1366019,0,18158,10997,49472
1366069,0,17941,10997,49472
1366119,0,17941,11135,49472
1366169,0,17941,11135,49472
1366219,0,17941,11135,49472
1366269,0,18374,11135,49472
1366319,0,18374,11135,49432
1366369,0,18374,11135,49432
1366419,0,18374,11135,49432
1366469,0,18158,11135,49432
1366519,0,18158,11349,49432
1366654,0,18158,11349,49432
1366704,0,18822,11349,49398
1366754,0,18822,11349,49398
1366804,0,18822,11349,49398
1366854,0,18822,11349,49398
1366904,0,19053,11522,49398
1366996,0,19053,11522,49398
1367046,0,19053,11522,49398
1367096,0,19053,11522,49362
1367146,0,19053,11522,49362
1367196,0,19053,11522,49362
1367246,0,19053,11522,49362
1367296,0,19532,10759,49362
1367346,0,19532,10759,49362
1367396,0,19532,10759,49362
1367446,0,19532,10759,49362
1367496,0,19053,10759,49327
1367546,0,19053,10759,49327
1367596,0,19053,10759,49327
1367646,0,19053,10759,49327
1367781,0,19532,10787,49327
1367831,0,19532,10787,49327
1367923,0,20041,10787,49290
1367973,0,20041,10787,49290
1368023,0,20041,10787,49290
1368073,0,19794,10787,49290
1368123,0,19794,10960,49290
1368173,0,19794,10960,49290
1368223,0,19794,10960,49290
1368273,0,20304,10960,49290
1368323,0,20304,10960,49249
1368373,0,20304,10960,49249
1368423,0,20304,10960,49249
1368473,0,20860,10960,49249
1368523,0,20860,11161,49249
1368573,0,20860,11161,49249
1368623,0,20860,11161,49249
1368673,0,20582,11161,49249
1368723,0,20582,11161,49218
1368816,0,20582,11161,49218
1368951,0,20860,11346,49218
1369001,0,20860,11346,49218
1369051,0,20860,11346,49218
1369101,0,21431,11346,49218
1369151,0,21431,11346,49178
1369201,0,21431,11346,49178
1369251,0,21431,11346,49178
1369301,0,21431,11346,49178
1369351,0,21431,11506,49178
1369401,0,21431,11506,49178
1369451,0,21431,11506,49178
1369501,0,21431,11506,49178
1369551,0,21431,11506,49149
1369601,0,21431,11506,49149
1369651,0,21431,11506,49149
1369743,0,22049,11679,49149
1369793,0,22049,11679,49149
1369843,0,22049,11679,49149
1369893,0,21431,11679,49149
1369943,0,21431,11679,49115
1370078,0,22049,11679,49115
1370128,0,22049,11823,49115
1370178,0,22049,11823,49115
1370228,0,22049,11823,49115
1370278,0,22373,11823,49115
1370328,0,22373,11823,49083
1370378,0,22373,11823,49083
1370428,0,22373,11823,49083
1370478,0,22697,11823,49083
1370528,0,22697,12010,49083
1370578,0,22697,12010,49083
1370628,0,22697,12010,49083
1370720,0,22373,12010,49047
1370770,0,22373,12010,49047
1370820,0,22373,12010,49047
1370870,0,22373,12010,49047
1370920,0,22373,12165,49047
1370970,0,22373,12165,49047
1371020,0,22373,12165,49047
1371070,0,23037,12165,49047
1371205,0,23037,12165,49016
1371255,0,23037,12165,49016
1371305,0,23037,12165,49016
1371355,0,23037,12331,49016
1371405,0,23037,12331,49016
1371455,0,23037,12331,49016
1371505,0,23037,12331,49016
1371555,0,23037,12331,48981
1371647,0,23037,12331,48981
1371697,0,22697,12331,48981
1371747,0,22697,12481,48981
1371797,0,22697,12481,48981
1371847,0,22697,12481,48981
1371897,0,23747,12481,48981
1371947,0,23747,12481,48948
1371997,0,23747,12481,48948
1372047,0,23747,12481,48948
1372097,0,24118,12481,48948
1372147,0,24118,12651,48948
1372197,0,24118,12651,48948
1372333,0,23747,12651,48916
1372383,0,23747,12651,48916
1372433,0,23747,12651,48916
1372483,0,24118,12651,48916
1372533,0,24118,12789,48916
1372625,0,24118,12789,48916
1372675,0,24504,12789,48916
1372725,0,24504,12789,48884
1372775,0,24504,12789,48884
1372825,0,24504,12789,48884
1372875,0,24890,12789,48884
1372925,0,24890,12990,48884
1372975,0,24890,12990,48884
1373025,0,24890,12990,48884
1373075,0,24118,12990,48884
1373125,0,24118,12990,48849
1373175,0,24118,12990,48849
1373225,0,24118,12990,48849
1373275,0,24890,12990,48849
1373325,0,24890,13126,48849
1373460,0,24890,13126,48849
1373552,0,24890,13126,48820
1373602,0,24890,13126,48820
1373652,0,24890,13126,48820
1373702,0,25307,13126,48820
1373752,0,25307,13264,48820
1373802,0,25307,13264,48820
1373852,0,25307,13264,48820
1373902,0,25724,13264,48820
1373952,0,25724,13264,48789
1374002,0,25724,13264,48789
1374052,0,25724,13264,48789
1374102,0,25724,13264,48789
1374152,0,25724,13433,48789
1374202,0,25724,13433,48789
1374252,0,25724,13433,48789
1374302,0,25724,13433,48789
1374352,0,25724,13433,48758
1374444,0,25724,13433,48758
1374494,0,25724,13433,48758
1374629,0,25724,13543,48758
1374679,0,25724,13543,48758
1374729,0,25724,13543,48758
1374779,0,25724,13543,48735
1374829,0,25724,13543,48735
1374879,0,26619,13543,48735
1374929,0,26619,13543,48735
1374979,0,26619,13735,48735
1375029,0,26619,13735,48735
1375079,0,26619,13735,48735
1375129,0,26619,13735,48735
1375179,0,26619,13735,48691
1375229,0,26619,13735,48691
1375279,0,26619,13735,48691
1375371,0,26619,13883,48691
1375421,0,26619,13883,48691
1375471,0,26619,13883,48691
1375521,0,26619,13883,48691
1375571,0,26619,13883,48655
1375621,0,26619,13883,48655
1375757,0,26619,14073,48655
1375807,0,26619,14073,48655
1375857,0,27082,14073,48655
1375907,0,27082,14073,48655
1375957,0,27082,14073,48624
1376007,0,27082,14073,48624
1376057,0,27082,14073,48624
1376107,0,27082,14073,48624
1376157,0,27082,14196,48624
1376207,0,27082,14196,48624
1376257,0,27561,14196,48624
1376349,0,27561,14196,48596
1376399,0,27561,14196,48596
1376449,0,27561,14196,48596
1376499,0,28071,14196,48596
1376549,0,28071,14392,48596
1376599,0,28071,14392,48596
1376649,0,28071,14392,48596
1376699,0,28071,14392,48596
1376749,0,28071,14392,48596
1376884,0,28071,14392,48558
1376934,0,28071,14392,48558
1376984,0,28071,14533,48558
1377034,0,28071,14533,48558
1377084,0,28071,14533,48558
1377134,0,28071,14533,48558
1377184,0,28071,14533,48526
1377276,0,28071,14533,48526
1377326,0,28071,14533,48526
1377376,0,28071,14688,48526
1377426,0,28071,14688,48526
1377476,0,28071,14688,48526
1377526,0,28071,14688,48526
1377576,0,28071,14688,48494
1377626,0,28071,14688,48494
1377676,0,28580,14688,48494
1377726,0,28580,14688,48494
1377776,0,28580,14824,48494
1377826,0,28580,14824,48494
1377876,0,28580,14824,48494
1378011,0,28580,14824,48465
1378061,0,28580,14824,48465
1378111,0,28580,14824,48465
1378161,0,28580,14928,48465
1378253,0,28580,14928,48465
1378303,0,28580,14928,48465
1378353,0,28580,14928,48465
1378403,0,28580,14928,48440
1378453,0,28580,14928,48440
1378503,0,29692,14928,48440
1378553,0,29692,14928,48440
1378603,0,29692,15063,48440
1378653,0,29692,15063,48440
1378703,0,29692,15063,48440
1378753,0,29692,15063,48440
1378803,0,29692,15063,48411
1378853,0,29692,15063,48411
1378903,0,29692,15063,48411
1378953,0,29692,15063,48411
1379003,0,29692,15218,48411
1379181,0,30263,15218,48383
1379231,0,30263,15218,48383
1379281,0,29692,15218,48383
1379331,0,29692,15218,48383
1379381,0,29692,15337,48383
1379431,0,29692,15337,48383
1379481,0,30263,15337,48383
1379531,0,30263,15337,48383
1379581,0,30263,15337,48351
1379631,0,30263,15337,48351
1379681,0,30263,15337,48351
1379731,0,30263,15337,48351
1379781,0,30263,15492,48351
1379831,0,30263,15492,48351
1379881,0,30881,15492,48351
1379931,0,30881,15492,48351
1380066,0,30881,15492,48321
1380158,0,30881,15492,48321
1380208,0,30881,15616,48321
1380258,0,30881,15616,48321
1380308,0,30881,15616,48321
1380358,0,30881,15616,48321
1380408,0,30881,15616,48286
1380458,0,30881,15616,48286
1380508,0,30881,15616,48286
1380558,0,30881,15616,48286
1380608,0,30881,15735,48286
1380658,0,30881,15735,48286
1380708,0,30881,15735,48286
1380758,0,30881,15735,48286
1380808,0,30881,15735,48253
1380858,0,31498,15735,48253
1380908,0,31498,15735,48253
1381000,0,31498,15892,48253
1381050,0,31498,15892,48253
1381100,0,31498,15892,48253
1381235,0,31498,15892,48227
1381285,0,31498,15892,48227
1381335,0,31498,15892,48227
1381385,0,31498,16061,48227
1381435,0,31498,16061,48227
1381485,0,31498,16061,48227
1381535,0,31498,16061,48227
1381585,0,31498,16061,48208
1381635,0,31498,16061,48208
1381685,0,31498,16061,48208
1381735,0,31498,16061,48208
1381785,0,31498,16061,48208
1381835,0,31498,15566,48208
1381885,0,32162,15566,48208
1381977,0,32162,15566,48208
1382027,0,32162,15566,48386
1382077,0,32162,15566,48386
1382127,0,32162,15566,48386
1382177,0,32162,15566,48386
1382227,0,32162,14460,48386
1382362,0,32162,14460,48386
1382412,0,32162,14460,48552
1382462,0,31498,14460,48552
1382512,0,31498,14460,48552
1382562,0,31498,14460,48552
1382612,0,31498,14502,48552
1382662,0,32162,14502,48552
1382712,0,32162,14502,48552
1382762,0,32162,14502,48552
1382812,0,32162,14502,48718
1382947,0,32162,14502,48718
1382997,0,32162,13578,48718
1383047,0,32162,13578,48718
1383097,0,32842,13578,48718
1383147,0,32842,13578,48718
1383197,0,32842,13578,48718
1383247,0,32842,13578,48718
1383297,0,32842,13578,48718
1383347,0,32842,13578,48718
1383397,0,32842,13413,48718
1383702,0,32842,13413,48822
1383752,0,32842,13413,48822
1383802,0,32842,12501,48822
1383852,0,32842,12501,48822
1383902,0,32842,12501,48822
1383952,0,32842,12501,48822
1384002,0,32842,12501,49011
1384094,0,32842,12501,49011
1384144,0,32842,12501,49011
1384194,0,32842,12501,49011
1384244,0,32842,11245,49011
1384294,0,32162,11245,49011
1384344,0,32162,11245,49011
1384394,0,32162,11245,49011
1384444,0,32162,11245,49117
1384494,0,32162,11245,49117
1384544,0,32162,11245,49117
1384594,0,32162,11245,49117
1384644,0,32162,9080,49117
1384694,0,32162,9080,49117
1384871,0,32842,9080,49340
1384921,0,32842,9080,49340
1384971,0,32842,9080,49340
1385021,0,32842,7823,49340
1385113,0,32842,7823,49340
1385163,0,32842,7823,49340
1385213,0,32842,7823,49416
1385263,0,32842,7823,49416
1385313,0,32842,7823,49416
1385363,0,32842,7823,49416
1385413,0,32842,7368,49416
1385463,0,32162,7368,49416
1385513,0,32162,7368,49416
1385563,0,32162,7368,49416
1385613,0,32162,7368,49417
1385663,0,32162,7368,49417
1385713,0,32162,7368,49417
1385763,0,32162,7368,49417
1385813,0,32162,7605,49417
1385863,0,32842,7605,49417
1385998,0,32842,7605,49417
1386090,0,33552,7605,49480
1386140,0,33552,7605,49480
1386190,0,33552,7605,49480
1386240,0,33552,7240,49480
1386290,0,32842,7240,49480
1386340,0,32842,7240,49480
1386390,0,32842,7240,49480
1386440,0,32842,7240,49523
1386490,0,32842,7240,49523
1386540,0,32842,7240,49523
1386590,0,32842,7240,49523
1386640,0,32842,6855,49523
1386690,0,32842,6855,49523
1386740,0,32842,6855,49523
1386790,0,32842,6855,49523
1386840,0,32842,6855,49564
1386890,0,33552,6855,49564
1386982,0,33552,6855,49564
1387032,0,33552,6649,49564
1387167,0,32842,6649,49564
1387217,0,32842,6649,49595
1387267,0,32842,6649,49595
1387317,0,32842,6649,49595
1387367,0,32842,6649,49595
1387417,0,32842,6404,49595
1387467,0,33552,6404,49595
1387517,0,33552,6404,49595
1387567,0,33552,6404,49595
1387617,0,33552,6404,49595
1387667,0,33552,6404,49642
1387717,0,33552,6404,49642
1387767,0,33552,6404,49642
1387817,0,33552,6404,49642
1387867,0,32842,5996,49642
1387959,0,32842,5996,49642
1388009,0,32842,5996,49642
1388059,0,32162,5996,49690
1388109,0,32162,5996,49690
1388159,0,32162,5996,49690
1388294,0,32162,5745,49690
1388344,0,32162,5745,49690
1388394,0,32162,5745,49690
1388444,0,32162,5745,49740
1388494,0,32842,5745,49740
1388544,0,32842,5745,49740
1388594,0,32842,5745,49740
1388644,0,32842,6866,49740
1388694,0,32162,6866,49740
1388744,0,32162,6866,49740
1388794,0,32162,6866,49740
1388844,0,32162,6866,48367
1388936,0,32842,6866,48367
1388986,0,32842,6866,48367
1389036,0,32842,15026,48367
1389086,0,32162,15026,48367
1389136,0,32162,15026,48367
1389186,0,32162,15026,48367
1389236,0,32162,15026,48484
1389286,0,32842,15026,48484
1389421,0,32842,15026,48484
1389471,0,32842,14150,48484
1389521,0,32842,14150,48484
1389571,0,32842,14150,48484
1389621,0,32842,14150,48484
1389671,0,33552,14150,48461
1389721,0,33552,14150,48461
1389771,0,33552,14150,48461
1389863,0,33552,13910,48461
1389913,0,33552,13910,48461
1389963,0,33552,13910,48461
1390013,0,33552,13910,48461
1390063,0,33552,13910,48544
1390113,0,33552,13910,48544
1390163,0,33552,13910,48544
1390213,0,33552,13910,48544
1390263,0,33552,13389,48544
1390313,0,33552,13389,48544
1390363,0,33552,13389,48544
1390413,0,33552,13389,48544
1390548,0,34309,13389,48573
1390598,0,34309,13389,48573
1390648,0,34309,12975,48573
1390698,0,33552,12975,48573
1390748,0,33552,12975,48573
1390840,0,33552,12975,48573
1390890,0,34309,12975,48665
1390940,0,34309,12975,48665
1390990,0,34309,12975,48665
1391040,0,34309,12975,48665
1391090,0,33552,12346,48665
1391140,0,33552,12346,48665
1391190,0,33552,12346,48665
1391240,0,33552,12346,48665
1391290,0,33552,12346,48788
1391340,0,33552,12346,48788
1391390,0,33552,12346,48788
1391440,0,33552,12346,48788
1391490,0,33552,11760,48788
1391540,0,33552,11760,48788
1391676,0,34309,11760,48847
1391768,0,34309,11760,48847
1391818,0,34309,11760,48847
1391868,0,34309,11237,48847
1391918,0,34309,11237,48847
1391968,0,34309,11237,48847
1392018,0,34309,11237,48847
1392068,0,35081,11237,48891
1392118,0,35081,11237,48891
1392168,0,35081,11237,48891
1392218,0,35081,11237,48891
1392268,0,34309,10789,48891
1392318,0,34309,10789,48891
1392368,0,34309,10789,48891
1392418,0,34309,10789,48891
1392468,0,35081,10789,48908
1392518,0,35081,10789,48908
1392568,0,35081,10789,48908
1392660,0,34309,10540,48908
1392710,0,34309,10540,48908
1392845,0,34309,10540,48908
1392895,0,34309,10540,49008
1392945,0,34309,10540,49008
1392995,0,34309,10540,49008
1393045,0,34309,10540,49008
1393095,0,34309,10291,49008
1393145,0,34309,10291,49008
1393195,0,34309,10291,49008
1393245,0,34309,10291,49008
1393295,0,34309,10291,49011
1393345,0,34309,10291,49011
1393395,0,34309,10291,49011
1393445,0,34309,10291,49011
1393495,0,35081,10175,49011
1393587,0,35081,10175,49011
1393637,0,35081,10175,49011
1393687,0,35081,10175,49036
1393737,0,35081,10175,49036
1393787,0,35081,10175,49036
1393837,0,35081,10175,49036
1393972,0,35081,9796,49036
1394022,0,35081,9796,49036
1394072,0,35081,9796,49037
1394122,0,35081,9796,49037
1394172,0,35081,9796,49037
1394222,0,35081,9796,49037
1394272,0,34309,9376,49037
1394322,0,34309,9376,49037
1394372,0,34309,9376,49037
1394422,0,34309,9376,49037
1394472,0,34309,9376,49147
1394564,0,34309,9376,49147
1394614,0,34309,9376,49147
1394664,0,35081,9376,49147
1394714,0,35081,8997,49147
1394764,0,35081,8997,49147
1394899,0,35081,8997,49185
1394949,0,35081,8997,49185
1394999,0,35081,8997,49185
1395049,0,35081,8997,49185
1395099,0,35081,5177,49185
1395149,0,35081,5177,49185
1395199,0,35081,5177,49185
1395249,0,35081,5177,49185
1395299,0,35081,5177,50424
1395349,0,35081,5177,50424
1395399,0,35081,5177,50424
1395449,0,35081,5177,50424
1395541,0,35081,151,50424
1395591,0,35081,151,50424
1395641,0,35081,151,50424
1395691,0,35081,151,50455
1395741,0,35081,151,50455
1395791,0,35081,151,50455
1395841,0,35081,151,50455
1395891,0,34309,120,50455
1396026,0,34309,120,50455
1396076,0,33552,120,50455
1396126,0,33552,120,50478
1396176,0,33552,120,50478
1396226,0,33552,120,50478
1396276,0,34309,120,50478
1396326,0,34309,119,50478
1396376,0,34309,119,50478
1396426,0,34309,119,50478
1396476,0,34309,119,50478
1396568,0,34309,119,50495
1396618,0,34309,119,50495
1396668,0,33552,119,50495
1396718,0,33552,118,50495
1396768,0,33552,118,50495
1396818,0,33552,118,50495
1396868,0,33552,118,50495
1396918,0,33552,118,50510
1396968,0,33552,118,50510
1397018,0,33552,118,50510
1397153,0,34309,117,50510
1397203,0,34309,117,50510
1397253,0,34309,117,50510
1397303,0,34309,117,50524
1397353,0,34309,117,50524
1397403,0,34309,117,50524
1397453,0,34309,117,50524
1397503,0,33552,116,50524
1397595,0,33552,116,50524
1397645,0,33552,116,50524
1397695,0,33552,116,50536
1397745,0,33552,116,50536
1397795,0,33552,116,50536
1397845,0,33552,116,50536
1397895,0,33552,116,50536
1397945,0,33552,116,50536
1397995,0,33552,116,50536
1398045,0,33552,116,50536
1398095,0,33552,116,50547
1398145,0,33552,116,50547
1398280,0,33552,116,50547
1398330,0,33552,117,50547
1398380,0,33552,117,50547
1398430,0,33552,117,50547
1398480,0,32842,117,50547
1398572,0,32842,117,50557
1398622,0,32842,117,50557
1398672,0,32162,117,50557
1398722,0,32162,116,50557
1398772,0,32162,116,50557
1398822,0,32162,116,50557
1398872,0,32162,116,50557
1398922,0,32162,116,50567
1398972,0,32162,116,50567
1399022,0,32162,116,50567
1399072,0,32162,116,50567
1399122,0,32162,115,50567
1399172,0,32162,115,50567
1399222,0,32162,115,50567
1399272,0,32162,115,50567
1399408,0,32162,115,50576
1399458,0,31498,115,50576
1399508,0,31498,115,50576
1399602,0,31498,115,50576
1399652,0,31498,115,50576
1399702,0,31498,115,50584
1399752,0,31498,115,50584
1399802,0,31498,115,50584
1399852,0,31498,115,50584
1399902,0,30881,116,50584
1399952,0,30881,116,50584
1400002,0,30881,116,50584
1400052,0,30881,116,50584
1400102,0,30881,116,50593
1400152,0,30881,116,50593
1400202,0,30881,116,50593
1400252,0,30881,116,50593
1400302,0,30881,115,50593
1400352,0,30881,115,50593
1400402,0,30881,115,50593
1400537,0,30881,115,50601
1400629,0,30881,115,50601
1400679,0,30881,115,50601
1400729,0,30881,115,50601
1400779,0,30881,115,50601
1400829,0,30881,115,50601
1400879,0,30881,115,50601
1400929,0,30881,115,50608
1400979,0,30881,115,50608
1401029,0,30881,115,50608
1401079,0,30263,115,50608
1401129,0,30263,116,50608
1401179,0,30263,116,50608
1401229,0,30263,116,50608
1401279,0,30263,116,50608
1401329,0,30263,116,50615
1401379,0,30263,116,50615
1401429,0,30263,116,50615
1401521,0,30881,115,50615
1401571,0,30881,115,50615
1401706,0,30881,115,50615
1401756,0,30881,115,50623
1401806,0,30881,115,50623
1401856,0,29692,115,50623
1401906,0,29692,115,50623
1401956,0,29692,115,50623
1402006,0,29692,115,50623
1402056,0,30263,115,50623
1402106,0,30263,115,50623
1402156,0,30263,115,50630
1402206,0,30263,115,50630
1402256,0,30263,115,50630
1402306,0,30263,115,50630
1402356,0,30263,116,50630
1402406,0,30263,116,50630
1402456,0,30263,116,50630
1402548,0,30263,116,50636
1402598,0,30263,116,50636
1402648,0,30263,116,50636
1402698,0,30263,116,50636
1402833,0,30263,116,50636
1402883,0,30263,116,50636
1402933,0,30263,116,50642
1402983,0,30263,116,50642
1403033,0,30263,116,50642
1403083,0,29692,116,50642
1403133,0,29692,116,50642
1403183,0,29692,116,50642
1403233,0,29692,116,50642
1403283,0,30263,116,50642
1403333,0,30263,116,50649
1403383,0,30263,116,50649
1403433,0,30263,116,50649
1403483,0,29120,116,50649
1403575,0,29120,114,50649
1403625,0,29120,114,50649
1403675,0,29120,114,50649
1403725,0,29120,114,50649
1403775,0,29120,114,50655
1403825,0,29120,114,50655
1403960,0,29692,115,50655
1404010,0,29692,115,50655
1404060,0,29692,115,50655
1404110,0,29692,115,50655
1404160,0,29692,115,50661
1404210,0,29692,115,50661
1404260,0,29692,115,50661
1404310,0,29692,115,50661
1404360,0,29692,115,50661
1404410,0,29692,115,50661
1404460,0,29692,115,50661
1404552,0,29692,115,50667
1404602,0,29692,115,50667
1404652,0,29692,115,50667
1404702,0,29692,115,50667
1404752,0,29692,115,50667
1404802,0,29692,115,50667
1404852,0,29692,115,50667
1404902,0,30263,115,50667
1404952,0,30263,115,50671
1405087,0,29120,115,50671
1405137,0,29120,115,50671
1405187,0,29120,115,50671
1405237,0,29120,115,50671
1405287,0,29120,115,50671
1405337,0,29120,115,50677
1405387,0,29120,115,50677
1405437,0,29120,115,50677
1405487,0,29692,115,50677
1405579,0,29692,115,50677
1405629,0,29692,115,50677
1405679,0,29692,115,50677
1405729,0,29692,115,50677
1405779,0,29692,115,50683
1405829,0,29692,115,50683
1405879,0,29120,115,50683
1405929,0,29120,115,50683
1405979,0,29120,115,50683
1406029,0,29120,115,50683
1406079,0,28580,115,50683
1406214,0,28580,115,50687
1406264,0,28580,115,50687
1406314,0,28580,115,50687
1406364,0,28580,115,50687
1406414,0,28580,115,50687
1406464,0,28580,115,50687
1406514,0,28580,115,50687
1406606,0,28580,115,50693
1406656,0,28071,115,50693
1406706,0,28071,115,50693
1406756,0,28071,115,50693
1406806,0,28071,115,50693
1406856,0,27561,115,50693
1406906,0,27561,115,50693
1406956,0,27561,115,50697
1407006,0,27561,115,50697
1407056,0,28580,115,50697
1407106,0,28580,115,50697
1407156,0,28580,115,50697
1407206,0,28580,115,50697
1407342,0,28071,115,50697
1407392,0,28071,115,50702
1407442,0,28071,115,50702
1407492,0,28071,115,50702
1407584,0,28071,115,50702
1407634,0,28071,115,50702
1407684,0,28071,115,50702
1407734,0,28071,115,50702
1407784,0,28071,115,50707
1407834,0,28071,115,50707
1407884,0,28580,115,50707
1407934,0,28580,115,50707
1407984,0,28580,376,50707
1408034,0,28580,376,50707
1408084,0,27561,376,50707
1408134,0,27561,376,50707
1408184,0,27561,376,50699
1408234,0,27561,376,50699
1408284,0,27082,376,50699
1408334,0,27082,376,50699
1408469,0,27561,195,50699
1408519,0,27561,195,50699
1408611,0,27561,195,50705
1408661,0,26619,195,50705
1408711,0,26619,195,50705
1408761,0,26619,195,50705
1408811,0,26619,192,50705
1408861,0,27082,192,50705
1408911,0,27082,192,50705
1408961,0,27082,192,50705
1409011,0,27082,192,50709
1409061,0,27561,192,50709
1409111,0,27561,192,50709
1409161,0,27561,192,50709
1409211,0,27561,242,50709
1409261,0,27082,242,50709
1409396,0,27082,242,50699
1409446,0,27082,242,50699
1409496,0,26619,242,50699
1409546,0,26619,242,50699
1409638,0,26619,402,50699
1409688,0,26156,402,50699
1409738,0,26156,402,50699
1409788,0,26156,402,50690
1409838,0,26156,402,50690
1409888,0,25724,402,50690
1409938,0,25724,402,50690
1409988,0,25724,373,50690
1410038,0,25724,373,50690
1410088,0,26156,373,50690
1410138,0,26156,373,50690
1410188,0,26156,373,50695
1410238,0,26156,373,50695
1410288,0,25724,373,50695
1410338,0,25724,373,50695
1410388,0,25724,370,50695
1410523,0,26619,370,50695
1410615,0,26619,370,50699
1410665,0,26619,370,50699
1410715,0,26619,370,50699
1410765,0,26619,370,50699
1410815,0,26619,365,50699
1410865,0,26619,365,50699
1410915,0,26619,365,50699
1410965,0,26619,365,50699
1411015,0,26619,365,50702
1411065,0,25307,365,50702
1411115,0,25307,365,50702
1411165,0,25307,365,50702
1411215,0,25307,362,50702
1411265,0,25307,362,50702
1411315,0,25307,362,50702
1411365,0,25307,362,50702
1411415,0,25307,362,50706
1411465,0,25307,362,50706
1411557,0,25307,362,50706
1411692,0,25724,1867,50706
1411742,0,25724,1867,50706
1411792,0,25724,1867,48844
1411842,0,25724,1867,48844
1411892,0,26156,1867,48844
1411942,0,26156,1867,48844
1411992,0,26156,13461,48844
1412042,0,26156,13461,48844
1412092,0,26156,13461,48844
1412142,0,26156,13461,48844
1412192,0,26156,13461,48795
1412242,0,26156,13461,48795
1412292,0,26156,13461,48795
1412342,0,26156,13461,48795
1412392,0,26156,13660,48795
1412442,0,26156,13660,48795
1412534,0,26156,13660,48795
1412584,0,26156,13660,48734
1412634,0,26156,13660,48734
1412684,0,26619,13660,48734
1412819,0,26619,13837,48734
1412869,0,27082,13837,48734
1412919,0,27082,13837,48734
1412969,0,27082,13837,48734
1413019,0,27082,13837,48673
1413069,0,27561,13837,48673
1413119,0,27561,13837,48673
1413169,0,27561,13837,48673
1413219,0,27561,13955,48673
1413269,0,27561,13955,48673
1413319,0,27561,13955,48673
1413369,0,27561,13955,48673
1413461,0,27561,13955,48644
1413511,0,27561,13955,48644
1413561,0,27561,13955,48644
1413611,0,27561,14096,48644
1413661,0,27561,14096,48644
1413711,0,27561,14096,48644
1413761,0,27561,14096,48644
1413811,0,27561,14096,48609
1413946,0,27561,14096,48609
1413996,0,27561,14194,48609
1414046,0,27561,14194,48609
1414096,0,28071,14194,48609
1414146,0,28071,14194,48609
1414196,0,28071,14194,48609
1414246,0,28071,14194,48565
1414296,0,27561,14194,48565
1414346,0,27561,14194,48565
1414480,0,28071,14380,48565
1414530,0,28071,14380,48565
1414580,0,28071,14380,48565
1414630,0,28071,14380,48530
1414680,0,28580,14380,48530
1414730,0,28580,14380,48530
1414780,0,28580,14380,48530
1414830,0,28580,14534,48530
1414880,0,29120,14534,48530
1414930,0,29120,14534,48530
1414980,0,29120,14534,48530
1415285,0,29120,14632,48477
1415335,0,29120,14632,48477
1415385,0,29120,14632,48477
1415435,0,29120,14632,48457
1415485,0,29120,14632,48457
1415577,0,29120,14632,48457
1415627,0,29120,14705,48457
1415677,0,29120,14705,48457
1415727,0,29120,14705,48457
1415777,0,29120,14705,48457
1415827,0,29120,14705,48426
1415877,0,29692,14705,48426
1415927,0,29692,14705,48426
1415977,0,29692,14705,48426
1416027,0,29692,14824,48426
1416077,0,29692,14824,48426
1416127,0,29692,14824,48426
1416177,0,29692,14824,48426
1416227,0,29692,14824,48399
1416277,0,29120,14824,48399
1416454,0,29120,14939,48399
1416504,0,29120,14939,48399
1416598,0,29120,14939,48399
1416648,0,29120,14939,48365
1416698,0,29120,14939,48365
1416748,0,29120,14939,48365
1416798,0,29120,14939,48365
1416848,0,29120,15124,48365
1416898,0,29692,15124,48365
1416948,0,29692,15124,48365
1416998,0,29692,15124,48365
1417048,0,29692,15124,48331
1417098,0,30263,15124,48331
1417148,0,30263,15124,48331
1417198,0,30263,15124,48331
1417248,0,30263,15287,48331
1417298,0,30263,15287,48331
1417348,0,30263,15287,48331
1417440,0,30263,15287,48301
1417490,0,30263,15287,48301
1417625,0,30263,15403,48301
1417675,0,30881,15403,48301
1417725,0,30881,15403,48301
1417775,0,30881,15403,48301
1417825,0,30881,15403,48261
1417875,0,30881,15403,48261
1417925,0,30881,15403,48261
1417975,0,30881,15403,48261
1418025,0,30881,15571,48261
1418075,0,30881,15571,48261
1418125,0,30881,15571,48261
1418175,0,30881,15571,48261
1418225,0,30881,15571,48213
1418275,0,31498,15571,48213
1418325,0,31498,15571,48213
1418417,0,31498,15571,48213
1418467,0,31498,15773,48213
1418517,0,31498,15773,48213
1418567,0,31498,15773,48213
1418617,0,31498,15773,48213
1418752,0,31498,15773,48178
1418802,0,31498,15773,48178
1418852,0,31498,15952,48178
1418902,0,32162,15952,48178
1418952,0,32162,15952,48178
1419002,0,32162,15952,48178
1419052,0,32162,15952,48135
1419102,0,32162,15952,48135
1419152,0,32162,15952,48135
1419202,0,32162,15952,48135
1419252,0,32162,16063,48135
1419344,0,32162,16063,48135
1419394,0,32162,16063,48135
1419444,0,32162,16063,48101
1419494,0,33552,16063,48101
1419544,0,33552,16063,48101
1419594,0,33552,16063,48101
1419644,0,33552,16217,48101
1419694,0,33552,16217,48101
1419744,0,33552,16217,48101
1419879,0,34309,16217,48067
1419929,0,34309,16217,48067
1419979,0,34309,16217,48067
1420029,0,34309,16217,48067
1420079,0,34309,16392,48067
1420129,0,34309,16392,48067
1420179,0,34309,16392,48067
1420229,0,34309,16392,48067
1420321,0,33552,16392,48006
1420371,0,33552,16392,48006
1420421,0,33552,16392,48006
1420471,0,33552,16604,48006
1420521,0,33552,16604,48006
1420571,0,33552,16604,48006
1420621,0,33552,16604,48006
1420671,0,34309,16604,47983
1420721,0,34309,16604,47983
1420771,0,34309,16604,47983
1420821,0,34309,16604,47983
1420871,0,33552,16781,47983
1421006,0,33552,16781,47983
1421056,0,33552,16781,47960
1421106,0,33552,16781,47960
1421156,0,33552,16781,47960
1421248,0,33552,16781,47960
1421298,0,34309,16903,47960
1421348,0,34309,16903,47960
1421398,0,34309,16903,47960
1421448,0,34309,16903,47960
1421498,0,33552,16903,47937
1421548,0,33552,16903,47937
1421598,0,33552,16903,47937
1421648,0,33552,16903,47937
1421698,0,34309,16993,47937
1421748,0,34309,16993,47937
1421798,0,34309,16993,47937
1421848,0,34309,16993,47937
1421898,0,35081,16993,48032
1421948,0,35081,16993,48032
1421998,0,35081,16993,48032
1422133,0,35899,15757,48032
1422225,0,35899,15757,48032
1422275,0,35081,15757,48245
1422325,0,35081,15757,48245
1422375,0,35081,15757,48245
1422425,0,35081,15757,48245
1422475,0,35081,13954,48245
1422525,0,35081,13954,48245
1422575,0,35081,13954,48245
1422625,0,35081,13954,48245
1422675,0,34309,13954,48442
1422725,0,34309,13954,48442
1422775,0,34309,13954,48442
1422825,0,34309,13954,48442
1422875,0,34309,12660,48442
1422925,0,34309,12660,48442
1422975,0,34309,12660,48442
1423068,0,33552,12660,48568
1423118,0,33552,12660,48568
1423168,0,33552,12660,48568
1423303,0,34309,11992,48568
1423353,0,34309,11992,48568
1423403,0,34309,11992,48568
1423453,0,34309,11992,48568
1423503,0,35899,11992,48768
1423553,0,35899,11992,48768
1423603,0,35899,11992,48768
1423653,0,35899,11992,48768
1423703,0,35081,11012,48768
1423753,0,35081,11012,48768
1423803,0,35081,11012,48768
1423853,0,35081,11012,48768
1423903,0,35081,11012,50284
1423953,0,35081,11012,50284
1424045,0,35081,11012,50284
1424095,0,35081,265,50284
1424230,0,35081,265,50284
1424280,0,34309,265,50330
1424330,0,34309,265,50330
1424380,0,34309,265,50330
1424430,0,34309,265,50330
1424480,0,34309,125,50330
1424530,0,34309,125,50330
1424580,0,34309,125,50330
1424630,0,34309,125,50330
1424680,0,34309,125,50359
1424730,0,34309,125,50359
1424780,0,34309,125,50359
1424830,0,34309,125,50359
1424880,0,33552,120,50359
1424930,0,33552,120,50359
1425022,0,33552,120,50359
1425072,0,33552,120,50382
1425122,0,33552,120,50382
1425172,0,33552,120,50382
1425222,0,33552,120,50382
1425357,0,34309,118,50382
1425407,0,34309,118,50382
1425457,0,34309,118,50382
1425507,0,34309,118,50400
1425557,0,34309,118,50400
1425607,0,34309,118,50400
1425657,0,34309,118,50400
1425707,0,34309,118,50400
1425757,0,34309,118,50400
1425807,0,34309,118,50400
1425857,0,34309,118,50400
1425907,0,34309,118,50417
1425957,0,34309,118,50417
1426049,0,34309,118,50417
1426099,0,33552,117,50417
1426149,0,33552,117,50417
1426199,0,33552,117,50417
1426249,0,33552,117,50417
1426299,0,32842,117,50430
1426349,0,32842,117,50430
1426484,0,32842,117,50430
1426534,0,32842,117,50430
1426584,0,32842,117,50430
1426634,0,32842,117,50430
1426684,0,33552,117,50443
1426734,0,33552,117,50443
1426784,0,33552,117,50443
1426834,0,33552,117,50443
1426884,0,32842,116,50443
1426934,0,32842,116,50443
1426984,0,32842,116,50443
1427076,0,32842,116,50443
1427126,0,32842,116,50454
1427176,0,32842,116,50454
1427226,0,32842,116,50454
1427276,0,32842,116,50454
1427326,0,32842,118,50454
1427376,0,32842,118,50454
1427426,0,32842,118,50454
1427476,0,32842,118,50454
1427611,0,32842,118,50465
1427661,0,33552,118,50465
1427711,0,33552,116,50465
1427761,0,33552,116,50465
1427811,0,33552,116,50465
1427861,0,32842,116,50465
1427911,0,32842,116,50476
1427961,0,32842,116,50476
1428053,0,32842,116,50476
1428103,0,32842,117,50476
1428153,0,32842,117,50476
1428203,0,32842,117,50476
1428253,0,32842,117,50476
1428303,0,32842,117,50485
1428353,0,32842,117,50485
1428403,0,32842,117,50485
1428453,0,32842,117,50485
1428503,0,32842,116,50485
1428553,0,32842,116,50485
1428603,0,32842,116,50485
1428738,0,32842,116,50495
1428788,0,32842,116,50495
1428838,0,32842,116,50495
1428888,0,32842,116,50495
1428938,0,32842,116,50495
1428988,0,32842,116,50495
1429080,0,32628,116,50495
1429130,0,32511,116,50504
1429180,0,32395,116,50504
1429230,0,32278,116,50504
1429280,0,32162,116,50504
1429330,0,32162,115,50504
1429380,0,32162,115,50504
1429430,0,32162,115,50504
1429480,0,32842,115,50504
1429530,0,32842,115,50511
1429580,0,32842,115,50511
1429630,0,32842,115,50511
1429680,0,32842,115,50511
1429730,0,32842,116,50511
1429865,0,31498,116,50511
1429915,0,31498,116,50520
1429965,0,31498,116,50520
1430015,0,31498,116,50520
1430107,0,30881,116,50520
1430157,0,30881,116,50520
1430207,0,30881,116,50520
1430257,0,30881,116,50520
1430307,0,30881,116,50527
1430357,0,30881,116,50527
1430407,0,30881,116,50527
1430457,0,31498,116,50527
1430507,0,31498,116,50527
1430557,0,31498,115,50527
1430607,0,31498,115,50527
1430657,0,30881,115,50527
1430707,0,30881,115,50527
1430757,0,30881,115,50534
1430807,0,30881,115,50534
1430857,0,30881,115,50534
1430993,0,30881,116,50534
1431043,0,30881,116,50534
1431135,0,30263,116,50541
1431185,0,30263,116,50541
1431235,0,30263,116,50541
1431285,0,30881,116,50541
1431335,0,30881,116,50541
1431385,0,30881,116,50541
1431435,0,30881,116,50541
1431485,0,30263,116,50541
1431535,0,30263,116,50549
1431585,0,30263,116,50549
1431635,0,30263,116,50549
1431685,0,30263,116,50549
1431735,0,30263,116,50549
1431785,0,30263,116,50549
1431835,0,30263,116,50549
1431885,0,29692,116,50549
1431935,0,29692,116,50555
1431985,0,29692,116,50555
1432192,0,30263,115,50555
1432242,0,30263,115,50555
1432292,0,30263,115,50555
1432342,0,30263,115,50561
1432392,0,30263,115,50561
1432442,0,30263,115,50561
1432492,0,30263,115,50561
1432542,0,30263,115,50561
1432592,0,30263,115,50561
1432642,0,30263,115,50561
1432692,0,29692,115,50561
1432742,0,29692,115,50567
1432792,0,29692,115,50567
1432842,0,29692,115,50567
1432892,0,30881,115,50567
1432942,0,30881,116,50567
1432992,0,30881,116,50567
1433084,0,30881,116,50567
1433134,0,30881,116,50573
1433184,0,30881,116,50573
1433319,0,30263,116,50573
1433369,0,30263,116,50573
1433419,0,30263,116,50573
1433469,0,30263,116,50573
1433519,0,30263,116,50573
1433569,0,30263,116,50579
1433619,0,30263,116,50579
1433669,0,30263,116,50579
1433719,0,30263,116,50579
1433769,0,30263,116,50579
1433819,0,30263,116,50579
1433869,0,30263,116,50579
1433919,0,30263,116,50579
1433969,0,30263,116,50584
1434019,0,30263,116,50584
1434111,0,29692,116,50584
1434161,0,29692,115,50584
1434211,0,29692,115,50584
1434261,0,30263,115,50584
1434311,0,30263,115,50584
1434446,0,30263,115,50590
1434496,0,29692,115,50590
1434546,0,29692,115,50590
1434596,0,29692,115,50590
1434646,0,29692,115,50590
1434696,0,29692,115,50590
1434746,0,29692,115,50595
1434796,0,29692,115,50595
1434846,0,29692,115,50595
1434896,0,28071,115,50595
1434946,0,28071,116,50595
1434996,0,28071,116,50595
1435046,0,28071,116,50595
1435138,0,28580,116,50595
1435188,0,28580,116,50600
1435238,0,28580,116,50600
1435288,0,28580,116,50600
1435338,0,28580,116,50600
1435388,0,28580,115,50600
1435438,0,28580,115,50600
1435573,0,28580,115,50605
1435623,0,28580,115,50605
1435673,0,28580,115,50605
1435723,0,28580,115,50605
1435773,0,28580,115,50605
1435823,0,28580,115,50605
1435873,0,28071,115,50605
1435923,0,28071,115,50605
1435973,0,28071,115,50610
1436023,0,28071,115,50610
1436115,0,28071,115,50610
1436165,0,28071,115,50610
1436215,0,28071,115,50610
1436265,0,29120,115,50610
1436315,0,29120,115,50610
1436365,0,29120,115,50615
1436415,0,29120,115,50615
1436465,0,28580,115,50615
1436515,0,28580,115,50615
1436565,0,28580,116,50615
1436700,0,28580,116,50615
1436750,0,28580,116,50619
1436800,0,28580,116,50619
1436850,0,28580,116,50619
1436900,0,28580,116,50619
1436950,0,28580,116,50619
1437000,0,28580,115,50619
1437050,0,28580,115,50619
1437142,0,28580,115,50619
1437192,0,28580,115,50624
1437242,0,28580,115,50624
1437292,0,28580,115,50624
1437342,0,28580,115,50624
1437392,0,28580,115,50624
1437442,0,28580,115,50624
1437492,0,27082,115,50624
1437542,0,27082,115,50624
1437592,0,27082,115,50629
1437642,0,27082,115,50629
1437692,0,27561,115,50629
1437827,0,27561,116,50629
1437877,0,27561,116,50629
1437927,0,27561,116,50629
1437977,0,27561,116,50620
1438027,0,27561,116,50620
1438119,0,27561,116,50620
1438169,0,27561,198,50620
1438219,0,27561,198,50620
1438269,0,27561,198,50620
1438319,0,27561,198,50620
1438369,0,27561,198,50626
1438419,0,27561,198,50626
1438469,0,28071,198,50626
1438519,0,28071,198,50626
1438569,0,28071,192,50626
1438619,0,28071,192,50626
1438755,0,28071,192,50626
1438805,0,28071,192,50630
1438855,0,28071,192,50630
1438905,0,27561,192,50630
1438955,0,27561,192,50630
1439005,0,27561,190,50630
1439055,0,27561,190,50630
1439147,0,28071,190,50630
1439197,0,28071,190,50619
1439247,0,28071,190,50619
1439297,0,27082,190,50619
1439347,0,27082,190,50619
1439397,0,27082,335,50619
1439447,0,27082,335,50619
1439497,0,27082,335,50619
1439547,0,27082,335,50619
1439597,0,27082,335,50612
1439647,0,27082,335,50612
1439697,0,26619,335,50612
1439747,0,26619,335,50612
1439882,0,27082,373,50612
1439932,0,27082,373,50612
1439982,0,27082,373,50614
1440032,0,27082,373,50614
1440082,0,27561,373,50614
1440174,0,27561,370,50614
1440224,0,27561,370,50614
1440274,0,27082,370,50614
1440324,0,27082,370,50614
1440374,0,27082,370,50619
1440424,0,27082,370,50619
1440474,0,27082,370,50619
1440524,0,27082,370,50619
1440574,0,27082,363,50619
1440624,0,27082,363,50619
1440674,0,26619,363,50619
1440724,0,26619,363,50619
1440774,0,26619,363,50619
1440824,0,26619,363,50622
1440874,0,26619,363,50622
1441009,0,26619,363,50622
1441059,0,26156,363,50622
1441151,0,26156,363,50622
1441201,0,26156,363,50625
1441251,0,26156,363,50625
1441301,0,26156,363,50625
1441351,0,26156,363,50625
1441401,0,26156,775,50625
1441451,0,26156,775,50625
1441501,0,26619,775,50625
1441551,0,26619,775,50625
1441601,0,26619,775,48709
1441651,0,26619,775,48709
1441701,0,26156,775,48709
1441751,0,26156,775,48709
1441801,0,26156,13627,48709
1441851,0,26156,13627,48709
1441901,0,26619,13627,48709
1441951,0,26619,13627,48709
1442001,0,26619,13627,48685
1442179,0,26619,13627,48685
1442229,0,26619,13904,48685
1442279,0,26619,13904,48685
1442329,0,26619,13904,48685
1442379,0,26619,13904,48685
1442429,0,26619,13904,48621
1442479,0,26619,13904,48621
1442529,0,26619,13904,48621
1442579,0,26619,13904,48621
1442629,0,26619,14057,48621
1442679,0,27082,14057,48621
1442729,0,27082,14057,48621
1442779,0,27082,14057,48621
1442829,0,27082,14057,48560
1442879,0,27561,14057,48560
1442929,0,27561,14057,48560
1443021,0,27561,14173,48560
1443071,0,27561,14173,48560
1443121,0,27561,14173,48560
1443171,0,27561,14173,48560
1443306,0,28071,14173,48536
1443356,0,28071,14173,48536
1443406,0,28071,14315,48536
1443456,0,28071,14315,48536
1443506,0,28071,14315,48536
1443556,0,28071,14315,48536
1443606,0,28071,14315,48501
1443656,0,28580,14315,48501
1443706,0,28580,14315,48501
1443756,0,28580,14315,48501
1443806,0,28580,14429,48501
1443856,0,27561,14429,48501
1443906,0,27561,14429,48501
1443998,0,27561,14429,48457
1444048,0,27561,14429,48457
1444098,0,28071,14429,48457
1444148,0,28071,14429,48457
1444198,0,28071,14429,48457
1444248,0,28071,14601,48457
1444298,0,28071,14601,48457
1444433,0,28071,14601,48405
1444483,0,28071,14601,48405
1444533,0,28071,14601,48405
1444583,0,28071,14601,48405
1444633,0,28071,14798,48405
1444683,0,28580,14798,48405
1444733,0,28580,14798,48405
1444783,0,28580,14798,48405
1444833,0,28580,14798,48356
1444925,0,29120,14798,48356
1444975,0,29120,14798,48356
1445025,0,29120,14921,48356
1445075,0,29120,14921,48356
1445125,0,29120,14921,48356
1445175,0,29120,14921,48356
1445225,0,29120,14921,48318
1445275,0,29692,14921,48318
1445325,0,29692,14921,48318
1445375,0,29692,14921,48318
1445425,0,29692,15086,48318
1445560,0,29692,15086,48318
1445610,0,29692,15086,48295
1445660,0,29692,15086,48295
1445710,0,29692,15086,48295
1445760,0,29692,15086,48295
1445810,0,29692,15223,48295
1445944,0,29692,15223,48295
1445994,0,29692,15223,48295
1446044,0,29692,15223,48247
1446094,0,29692,15223,48247
1446144,0,29692,15223,48247
1446194,0,29692,15223,48247
1446244,0,29692,15367,48247
1446294,0,30263,15367,48247
1446344,0,30263,15367,48247
1446394,0,30263,15367,48247
1446444,0,30263,15367,48219
1446494,0,30263,15367,48219
1446544,0,30263,15367,48219
1446594,0,30263,15367,48219
1446899,0,30881,15550,48174
1446949,0,30881,15550,48174
1447041,0,30881,15708,48174
1447091,0,30881,15708,48174
1447141,0,30881,15708,48174
1447191,0,30881,15708,48174
1447241,0,30881,15708,48130
1447291,0,30881,15708,48130
1447341,0,30881,15708,48130
1447391,0,30881,15708,48130
1447441,0,30881,15893,48130
1447491,0,31498,15893,48130
1447541,0,31498,15893,48130
1447591,0,31498,15893,48130
1447641,0,31498,15893,48095
1447691,0,31498,15893,48095
1447741,0,31498,15893,48095
1447791,0,31498,15893,48095
1447841,0,31498,16034,48095
1447933,0,31498,16034,48095
1448110,0,32162,16034,48054
1448160,0,32162,16034,48054
1448210,0,32162,16034,48054
1448260,0,32162,16187,48054
1448310,0,32162,16187,48054
1448360,0,32162,16187,48054
1448410,0,32162,16187,48054
1448460,0,31498,16187,48010
1448510,0,31498,16187,48010
1448560,0,31498,16187,48010
1448610,0,31498,16187,48010
1448660,0,32162,16368,48010
1448710,0,32162,16368,48010
1448760,0,32162,16368,48010
1448810,0,32162,16368,48010
1448904,0,32162,16368,47973
1448954,0,32162,16368,47973
1449004,0,32162,16368,47973
1449054,0,32162,16567,47973
1449104,0,32162,16567,47973
1449239,0,32162,16567,47933
1449289,0,32842,16567,47933
1449339,0,32842,16567,47933
1449389,0,32842,16567,47933
1449439,0,32842,16724,47933
1449489,0,32842,16724,47933
1449539,0,32842,16724,47933
1449589,0,32842,16724,47933
1449639,0,32842,16724,47913
1449689,0,32842,16724,47913
1449739,0,32842,16724,47913
1449789,0,32842,16724,47913
1449881,0,32842,16784,47913
1449931,0,32842,16784,47913
1449981,0,32842,16784,47913
1450031,0,32842,16784,47913
1450081,0,33552,16784,47988
1450131,0,33552,16784,47988
1450181,0,33552,16784,47988
1450231,0,33552,16784,47988
1450366,0,33552,15517,47988
1450416,0,33552,15517,47988
1450466,0,32842,15517,48214
1450516,0,32842,15517,48214
1450566,0,32842,15517,48214
1450616,0,32842,15517,48214
1450666,0,33552,14247,48214
1450716,0,33552,14247,48214
1450808,0,33552,14247,48214
1450858,0,33552,14247,48342
1450908,0,33552,14247,48342
1450958,0,33552,14247,48342
1451008,0,33552,14247,48342
1451058,0,33552,13246,48342
1451108,0,33552,13246,48342
1451158,0,33552,13246,48342
1451208,0,33552,13246,48342
1451258,0,34309,13246,48499
1451308,0,34309,13246,48499
1451358,0,34309,13246,48499
1451493,0,33552,12119,48499
1451543,0,33552,12119,48499
1451593,0,33552,12119,48499
1451643,0,33552,12119,48499
1451693,0,34309,12119,48608
1451785,0,34309,12119,48608
1451835,0,34309,12119,48608
1451885,0,34309,11210,48608
1451935,0,34309,11210,48608
1451985,0,34309,11210,48608
1452035,0,34309,11210,48608
1452085,0,34309,11210,48768
1452135,0,34309,11210,48768
1452185,0,34309,11210,48768
1452235,0,34309,11210,48768
1452285,0,33552,10298,48768
1452335,0,33552,10298,48768
1452385,0,33552,10298,48768
1452435,0,33552,10298,48768
1452485,0,34309,10298,48921
1452620,0,34309,10298,48921
1452712,0,34309,9365,48921
1452762,0,34309,9365,48921
1452812,0,34309,9365,48921
1452862,0,34309,9365,49031
1452912,0,34309,9365,49031
1452962,0,34309,9365,49031
1453012,0,34309,9365,49031
1453062,0,34309,8575,49031
1453112,0,34309,8575,49031
1453162,0,34309,8575,49031
1453212,0,34309,8575,49031
1453262,0,35081,8575,49107
1453312,0,35081,8575,49107
1453362,0,35081,8575,49107
1453412,0,35081,8575,49107
1453547,0,35081,7908,49107
1453597,0,35081,7908,49107
1453647,0,35081,7908,49107
1453739,0,34309,7908,49191
1453789,0,34309,7908,49191
1453839,0,34309,7908,49191
1453889,0,34309,7274,49191
1453939,0,34309,7274,49191
1453989,0,34309,7274,49191
1454039,0,34309,7274,49191
1454089,0,34309,7274,49353
1454139,0,34309,7274,49353
1454189,0,34309,7274,49353
1454239,0,34309,7274,49353
1454289,0,34309,3189,49353
1454339,0,34309,3189,49353
1454389,0,34309,3189,49353
1454439,0,34309,3189,49353
1454489,0,34309,3189,50012
1454539,0,34309,3189,50012
1454717,0,34309,2035,50012
1454767,0,34309,2035,50012
1454817,0,34309,2035,50012
1454867,0,34309,2035,50012
1454917,0,34264,2035,50018
1454967,0,34219,2035,50018
1455017,0,34174,2035,50018
1455067,0,34129,2035,50018
1455117,0,34084,2016,50018
1455167,0,34039,2016,50018
1455217,0,33994,2016,50018
1455267,0,33949,2016,50018
1455317,0,33904,2016,50048
1455367,0,33859,2016,50048
1455417,0,33815,2016,50048
1455467,0,33770,2016,50048
1455517,0,33725,1961,50048
1455567,0,33680,1961,50048
1455617,0,33635,1961,50048
1455709,0,33552,1961,50075
1455844,0,33552,1961,50075
1455894,0,33552,1940,50075
1455944,0,33552,1940,50075
1455994,0,33552,1940,50075
1456044,0,33552,1940,50075
1456094,0,34309,1940,50077
1456144,0,34309,1940,50077
1456194,0,34309,1940,50077
1456244,0,34309,1940,50077
1456294,0,33552,1981,50077
1456344,0,33552,1981,50077
1456394,0,33552,1981,50077
1456444,0,33552,1981,50077
1456494,0,34309,1981,50082
1456544,0,34309,1981,50082
1456594,0,34309,1981,50082
1456686,0,34309,1960,50082
1456736,0,34309,1960,50082
1456786,0,34309,1960,50082
1456836,0,34309,1960,50082
1456971,0,34309,1960,50094
1457021,0,34309,1960,50094
1457071,0,34309,1960,50094
1457121,0,33552,1950,50094
1457171,0,33552,1950,50094
1457221,0,33552,1950,50094
1457271,0,33552,1950,50094
1457321,0,33552,1950,50092
1457371,0,33552,1950,50092
1457421,0,33552,1950,50092
1457471,0,33552,1950,50092
1457521,0,33552,2022,50092
1457571,0,33552,2022,50092
1457663,0,33552,2022,50092
1457713,0,33552,2022,50108
1457763,0,33552,2022,50108
1457813,0,33552,2022,50108
1457863,0,33552,2022,50108
1457913,0,33552,1916,50108
1457963,0,33552,1916,50108
1458098,0,33552,1916,50127
1458148,0,33552,1916,50127
1458198,0,33552,1916,50127
1458248,0,33552,1916,50127
1458298,0,32842,1932,50127
1458348,0,32842,1932,50127
1458398,0,32842,1932,50127
1458448,0,32842,1932,50127
1458498,0,33552,1932,50135
1458548,0,33552,1932,50135
1458640,0,33552,1932,50135
1458690,0,32842,1932,50135
1458740,0,32842,1920,50135
1458790,0,32842,1920,50135
1458840,0,32842,1920,50135
1458890,0,33552,1920,50135
1458940,0,33552,1920,50133
1458990,0,33552,1920,50133
1459040,0,33552,1920,50133
1459090,0,33552,1920,50133
1459225,0,33552,1895,50133
1459275,0,33552,1895,50133
1459325,0,33552,1895,50139
1459375,0,33552,1895,50139
1459425,0,33552,1895,50139
1459475,0,33552,1895,50139
1459525,0,33552,2039,50139
1459617,0,33552,2039,50139
1459667,0,33552,2039,50139
1459717,0,33552,2039,50126
1459767,0,33552,2039,50126
1459817,0,33552,2039,50126
1459867,0,33552,2039,50126
1459917,0,33552,2118,50126
1459967,0,33552,2118,50126
1460017,0,33552,2118,50126
1460067,0,33552,2118,50126
1460117,0,32162,2118,50128
1460167,0,32162,2118,50128
1460217,0,32162,2118,50128
1460352,0,32842,2295,50128
1460402,0,32842,2295,50128
1460452,0,32842,2295,50128
1460502,0,32162,2295,50128
1460594,0,32162,2295,50061
1460644,0,32162,2295,50061
1460694,0,32162,2295,50061
1460744,0,32162,2563,50061
1460794,0,32162,2563,50061
1460844,0,32162,2563,50061
1460894,0,32162,2563,50061
1460944,0,32162,2563,50049
1460994,0,32162,2563,50049
1461044,0,32162,2563,50049
1461094,0,32162,2563,50049
1461144,0,32162,2858,50049
1461194,0,32162,2858,50049
1461244,0,32162,2858,50049
1461294,0,32162,2858,50049
1461344,0,32162,2858,49990
1461479,0,32842,2858,49990
1461571,0,32842,3288,49990
1461621,0,32842,3288,49990
1461671,0,32842,3288,49990
1461721,0,32162,3288,49931
1461771,0,32162,3288,49931
1461821,0,32162,3288,49931
1461871,0,32162,3288,49931
1461921,0,32162,3652,49931
1461971,0,32162,3652,49931
1462021,0,32162,3652,49931
1462071,0,32162,3652,49931
1462121,0,32162,3652,49865
1462171,0,32162,3652,49865
1462221,0,32162,3652,49865
1462271,0,32162,3652,49865
1462321,0,32842,4128,49865
1462371,0,32842,4128,49865
1462463,0,32842,4128,49865
1462513,0,32162,4128,49865
1462648,0,32162,4128,49829
1462698,0,32162,4128,49829
1462748,0,32162,4622,49829
1462798,0,32162,4622,49829
1462848,0,32162,4622,49829
1462898,0,32162,4622,49829
1462948,0,32162,4622,49770
1462998,0,32162,4622,49770
1463048,0,32162,4622,49770
1463098,0,31498,4622,49770
1463148,0,31498,5081,49770
1463198,0,31498,5081,49770
1463248,0,31498,5081,49770
1463298,0,32162,5081,49770
1463348,0,32162,5081,49688
1463440,0,32162,5081,49688
1463490,0,32162,5081,49688
1463540,0,32162,5565,49688
1463590,0,32162,5565,49688
1463640,0,32162,5565,49688
1463775,0,31498,5565,49648
1463825,0,31498,5565,49648
1463875,0,31498,5565,49648
1463925,0,31498,5565,49648
1463975,0,31498,5714,49648
1464025,0,31498,5714,49648
1464075,0,31498,5714,49648
1464125,0,31498,5714,49648
1464175,0,31498,5714,49626
1464225,0,31498,5714,49626
1464275,0,31498,5714,49626
1464325,0,31498,5714,49626
1464417,0,31498,6087,49626
1464467,0,31498,6087,49626
1464517,0,32162,6087,49626
1464567,0,32162,6087,49539
1464617,0,32162,6087,49539
1464667,0,32162,6087,49539
1464717,0,31498,6087,49539
1464767,0,31498,6472,49539
1464902,0,31498,6472,49539
1464952,0,31498,6472,49458
1465002,0,31498,6472,49458
1465052,0,31498,6472,49458
1465102,0,31498,6472,49458
1465152,0,31498,859,49458
1465202,0,31498,859,49458
1465252,0,31498,859,49458
1465302,0,31498,859,49458
1465394,0,31498,859,50410
1465444,0,31498,859,50410
1465494,0,30881,859,50410
1465544,0,30881,124,50410
1465594,0,30881,124,50410
1465644,0,30881,124,50410
1465694,0,30881,124,50410
1465744,0,30881,124,50426
1465794,0,30881,124,50426
1465844,0,30881,124,50426
1465894,0,30881,124,50426
1466029,0,30881,118,50426
1466079,0,30881,118,50426
1466129,0,30881,118,50426
1466179,0,30881,118,50439
1466229,0,30881,118,50439
1466279,0,30263,118,50439
1466329,0,30263,118,50439
1466423,0,30263,117,50439
1466473,0,30881,117,50439
1466523,0,30881,117,50439
1466573,0,30881,117,50449
1466623,0,30881,117,50449
1466673,0,30263,117,50449
1466723,0,30263,117,50449
1466773,0,30263,117,50449
1466823,0,30263,117,50449
1466873,0,30263,117,50449
1466923,0,30263,117,50449
1466973,0,30263,117,50458
1467023,0,30263,117,50458
1467158,0,30263,116,50458
1467208,0,30263,116,50458
1467258,0,30263,116,50458
1467308,0,29692,116,50458
1467358,0,29692,116,50465
1467450,0,29692,116,50465
1467500,0,29692,116,50465
1467550,0,29692,116,50465
1467600,0,29692,116,50465
1467650,0,29692,116,50465
1467700,0,29692,116,50465
1467750,0,29692,116,50465
1467800,0,29692,116,50472
1467850,0,29692,116,50472
1467900,0,29692,116,50472
1467950,0,29692,116,50472
1468085,0,29692,116,50472
1468135,0,29692,116,50472
1468185,0,29692,116,50480
1468235,0,29692,116,50480
1468285,0,29692,116,50480
1468335,0,29692,116,50480
1468427,0,29692,115,50480
1468477,0,29120,115,50480
1468527,0,29120,115,50480
1468577,0,29120,115,50487
1468627,0,29120,115,50487
1468677,0,28580,115,50487
1468727,0,28580,115,50487
1468777,0,28580,116,50487
1468827,0,28580,116,50487
1468877,0,29120,116,50487
1468927,0,29120,116,50487
1468977,0,29120,116,50493
1469027,0,29120,116,50493
1469077,0,28580,116,50493
1469212,0,28580,116,50493
1469262,0,28580,116,50493
1469312,0,28071,116,50493
1469362,0,28071,116,50493
1469454,0,28071,116,50498
1469504,0,28580,116,50498
1469554,0,28580,116,50498
1469604,0,28580,115,50498
1469654,0,28580,115,50498
1469704,0,28580,115,50498
1469754,0,28580,115,50498
1469804,0,28580,115,50504
1469854,0,28580,115,50504
1469904,0,28071,115,50504
1469954,0,28071,115,50504
1470004,0,28071,115,50504
1470054,0,28071,115,50504
1470104,0,28071,115,50504
1470154,0,28071,115,50504
1470204,0,28071,115,50509
1470339,0,28071,115,50509
1470389,0,28071,115,50509
1470481,0,28071,115,50509
1470531,0,28071,115,50509
1470581,0,28071,115,50502
1470631,0,28071,115,50502
1470681,0,28071,115,50502
1470731,0,28071,115,50502
1470781,0,28071,198,50502
1470831,0,28071,198,50502
1470881,0,27561,198,50502
1470931,0,27561,198,50502
1470981,0,27561,198,50507
1471031,0,27561,198,50507
1471081,0,27561,198,50507
1471131,0,27561,198,50507
1471181,0,27561,192,50507
1471231,0,27561,192,50507
1471281,0,27561,192,50507
1471373,0,27561,192,50507
1471508,0,27082,192,50511
1471558,0,27082,192,50511
1471608,0,27082,193,50511
1471658,0,27082,193,50511
1471708,0,27082,193,50511
1471758,0,27082,193,50511
1471808,0,27082,193,50502
1471858,0,27082,193,50502
1471908,0,27561,193,50502
1471958,0,27561,193,50502
1472008,0,27561,395,50502
1472058,0,27561,395,50502
1472108,0,27561,395,50502
1472158,0,27561,395,50502
1472208,0,27561,395,50495
1472258,0,27561,395,50495
1472308,0,27082,395,50495
1472400,0,27082,373,50495
1472450,0,27082,373,50495
1472500,0,26619,373,50495
1472635,0,26619,373,50501
1472685,0,26619,373,50501
1472735,0,26619,373,50501
1472785,0,26619,369,50501
1472835,0,26619,369,50501
1472885,0,26156,369,50501
1472935,0,26156,369,50501
1472985,0,26156,369,50505
1473035,0,26156,369,50505
1473085,0,26156,369,50505
1473135,0,26156,369,50505
1473185,0,26156,364,50505
1473235,0,26156,364,50505
1473285,0,26619,364,50505
1473335,0,26619,364,50505
1473427,0,26619,364,50508
1473477,0,26619,364,50508
1473527,0,26619,364,50508
1473577,0,26619,364,50508
1473627,0,26619,363,50508
1473762,0,26156,363,50508
1473812,0,26156,363,50511
1473862,0,26156,363,50511
1473912,0,25724,363,50511
1473962,0,25724,363,50511
1474012,0,25724,724,50511
1474062,0,25724,724,50511
1474112,0,26156,724,50511
1474162,0,26156,724,50511
1474212,0,26156,724,48614
1474262,0,26156,724,48614
1474312,0,25724,724,48614
1474404,0,25724,13540,48614
1474454,0,25724,13540,48614
1474504,0,26156,13540,48614
1474554,0,26156,13540,48614
1474604,0,26156,13540,48580
1474654,0,26156,13540,48580
1474704,0,26156,13540,48580
1474754,0,26156,13540,48580
1474889,0,26619,13755,48580
1474939,0,26619,13755,48580
1474989,0,26619,13755,48580
1475039,0,26619,13755,48534
1475089,0,26156,13755,48534
1475139,0,26156,13755,48534
1475189,0,26156,13755,48534
1475239,0,26156,13900,48534
1475289,0,26619,13900,48534
1475381,0,26619,13900,48534
1475431,0,26619,13900,48493
1475481,0,26619,13900,48493
1475531,0,26619,13900,48493
1475581,0,26619,13900,48493
1475631,0,26619,14032,48493
1475681,0,26619,14032,48493
1475731,0,26619,14032,48493
1475781,0,26619,14032,48493
1475831,0,26619,14032,48436
1475881,0,27082,14032,48436
1476016,0,27082,14178,48436
1476066,0,27082,14178,48436
1476116,0,27082,14178,48436
1476166,0,27082,14178,48436
1476216,0,27082,14178,48404
1476308,0,27082,14178,48404
1476358,0,27082,14178,48404
1476408,0,27082,14178,48404
1476458,0,27082,14292,48404
1476508,0,27082,14292,48404
1476558,0,27082,14292,48404
1476608,0,27082,14292,48404
1476658,0,27082,14292,48372
1476708,0,27561,14292,48372
1476758,0,27561,14292,48372
1476808,0,27561,14292,48372
1476858,0,27561,14386,48372
1476908,0,27082,14386,48372
1476958,0,27082,14386,48372
1477008,0,27082,14386,48372
1477143,0,27561,14386,48338
1477193,0,27561,14386,48338
1477327,0,27561,14471,48338
1477377,0,27561,14471,48338
1477427,0,27561,14471,48314
1477477,0,28071,14471,48314
1477527,0,28071,14471,48314
1477577,0,28071,14471,48314
1477627,0,28071,14633,48314
1477677,0,28071,14633,48314
1477727,0,28071,14633,48314
1477777,0,28071,14633,48314
1477827,0,28071,14633,48257
1477877,0,28580,14633,48257
1477927,0,28580,14633,48257
1477977,0,28580,14633,48257
1478027,0,28580,14714,48257
1478077,0,28580,14714,48257
1478170,0,28580,14714,48257
1478220,0,28580,14714,48235
1478525,0,29120,14835,48235
1478575,0,29120,14835,48235
1478625,0,29120,14835,48208
1478675,0,29120,14835,48208
1478725,0,29120,14835,48208
1478775,0,29120,14835,48208
1478825,0,29120,14959,48208
1478875,0,28580,14959,48208
1478925,0,28580,14959,48208
1478975,0,28580,14959,48208
1479025,0,28580,14959,48174
1479075,0,28580,14959,48174
1479125,0,28580,14959,48174
1479175,0,28580,14959,48174
1479225,0,28580,15105,48174
1479317,0,29120,15105,48174
1479367,0,29120,15105,48174
1479417,0,29120,15105,48174
1479467,0,29120,15105,48140
1479517,0,29120,15105,48140
1479694,0,29692,15305,48140
1479744,0,29692,15305,48140
1479794,0,29692,15305,48140
1479844,0,29692,15305,48090
1479894,0,29692,15305,48090
1479944,0,29692,15305,48090
1479994,0,29692,15305,48090
1480044,0,29692,15438,48090
1480094,0,30263,15438,48090
1480144,0,30263,15438,48090
1480194,0,30263,15438,48090
1480286,0,29692,15438,48063
1480336,0,29692,15438,48063
1480386,0,29692,15438,48063
1480436,0,29692,15570,48063
1480486,0,29692,15570,48063
1480536,0,29692,15570,48063
1480586,0,29692,15570,48063
1480636,0,29692,15570,48063
1480686,0,30881,15570,48027
1480821,0,30881,15570,48027
1480871,0,30881,15754,48027
1480921,0,30263,15754,48027
1480971,0,30263,15754,48027
1481021,0,30263,15754,48027
1481071,0,30263,15754,47982
1481121,0,30263,15754,47982
1481171,0,30263,15754,47982
1481263,0,30263,15954,47982
1481313,0,30881,15954,47982
1481363,0,30881,15954,47982
1481413,0,30881,15954,47982
1481463,0,30881,15954,47950
1481513,0,31498,15954,47950
1481563,0,31498,15954,47950
1481613,0,31498,15954,47950
1481663,0,31498,16132,47950
1481713,0,30881,16132,47950
1481763,0,30881,16132,47950
1481813,0,30881,16132,47950
1481948,0,30881,16132,47910
1481998,0,30881,16132,47910
1482048,0,30881,16132,47910
1482098,0,31498,16277,47910
1482148,0,31498,16277,47910
1482240,0,31498,16277,47910
1482290,0,31498,16277,47880
1482340,0,31498,16277,47880
1482390,0,31498,16277,47880
1482440,0,31498,16277,47880
1482490,0,32162,16465,47880
1482540,0,32162,16465,47880
1482590,0,32162,16465,47880
1482640,0,32162,16465,47880
1482690,0,32162,16465,47833
1482740,0,32162,16465,47833
1482875,0,31498,16626,47833
1482925,0,31498,16626,47833
1482975,0,31498,16626,47833
1483025,0,31498,16626,47833
1483075,0,32162,16626,47797
1483169,0,32162,16626,47797
1483219,0,32162,16626,47797
1483269,0,32162,16828,47797
1483319,0,32842,16828,47797
1483369,0,32842,16828,47797
1483419,0,32842,16828,47797
1483469,0,32842,16828,47757
1483519,0,32842,16828,47757
1483569,0,32842,16828,47757
1483619,0,32842,16828,47757
1483669,0,32842,16961,47757
1483719,0,32842,16961,47757
1483769,0,32842,16961,47757
1483819,0,32842,16961,47757
1483869,0,32842,16961,47734
1484004,0,33552,16961,47734
1484054,0,33552,16961,47734
1484146,0,33552,17100,47734
1484196,0,33552,17100,47734
1484246,0,33552,17100,47734
1484296,0,33552,17100,47700
1484346,0,33552,17100,47700
1484396,0,33552,17100,47700
1484446,0,33552,17100,47700
1484496,0,34309,17244,47700
1484546,0,34309,17244,47700
1484596,0,34309,17244,47700
1484646,0,34309,17244,47700
1484696,0,34309,17244,47672
1484746,0,34309,17244,47672
1484796,0,34309,17244,47672
1484846,0,34309,17244,47672
1484896,0,34309,17372,47672
1484988,0,34309,17372,47672
1485038,0,34309,17372,47672
1485174,0,34309,17372,47637
1485224,0,34309,17372,47637
1485274,0,33552,17548,47637
1485324,0,33552,17548,47637
1485374,0,33552,17548,47637
1485424,0,33552,17548,47637
1485474,0,34309,17548,47602
1485524,0,34309,17548,47602
1485574,0,34309,17548,47602
1485624,0,34309,17548,47602
1485674,0,34309,17327,47602
1485724,0,34309,17327,47602
1485774,0,34309,17327,47602
1485824,0,34309,17327,47602
1485874,0,35081,17327,47783
1485966,0,35081,17327,47783
1486016,0,35081,17327,47783
1486066,0,35081,17327,47783
1486116,0,34309,16030,47783
1486166,0,34309,16030,47783
1486301,0,34309,16030,48134
1486351,0,34309,16030,48134
1486401,0,34309,16030,48134
1486451,0,34309,16030,48134
1486501,0,35081,13367,48134
1486551,0,35081,13367,48134
1486601,0,35081,13367,48134
1486651,0,35081,13367,48134
1486701,0,35081,13367,48322
1486751,0,35081,13367,48322
1486801,0,35081,13367,48322
1486893,0,35081,12415,48322
1486943,0,35081,12415,48322
1486993,0,35081,12415,48322
1487043,0,35081,12415,48322
1487093,0,35081,12415,48558
1487143,0,35081,12415,48558
1487193,0,35081,12415,48558
1487243,0,35081,12415,48558
1487293,0,35081,10226,48558
1487428,0,35081,10226,48558
1487478,0,35081,10226,48558
1487528,0,35081,10226,48707
1487578,0,35081,10226,48707
1487628,0,35081,10226,48707
1487678,0,35899,10226,48707
1487728,0,35899,9597,48707
1487778,0,35899,9597,48707
1487870,0,35899,9597,48707
1487920,0,35081,9597,49185
1487970,0,35081,9597,49185
1488020,0,35081,9597,49185
1488070,0,35081,9597,49185
1488120,0,35081,6446,49185
1488170,0,35081,6446,49185
1488220,0,35081,6446,49185
1488270,0,35081,6446,49185
1488320,0,35081,6446,49239
1488370,0,35081,6446,49239
1488420,0,35081,6446,49239
1488555,0,35081,6241,49239
1488605,0,35081,6241,49239
1488655,0,35081,6241,49239
1488705,0,35081,6241,49292
1488755,0,35081,6241,49292
1488847,0,35081,6241,49292
1488897,0,35899,6037,49292
1488947,0,35899,6037,49292
1488997,0,35899,6037,49292
1489047,0,35899,6037,49292
1489097,0,35081,6037,49292
1489147,0,35081,6037,49292
1489197,0,35081,6037,49292
1489247,0,35081,6037,49292
1489297,0,35081,6050,49292
1489347,0,35081,6050,49292
1489397,0,35081,6050,49292
1489447,0,35081,6050,49292
1489497,0,35081,6050,49292
1489547,0,35081,6050,49401
1489682,0,35081,6050,49401
1489732,0,35081,5356,49401
1489824,0,35081,5356,49401
1489874,0,34309,5356,49401
1489924,0,34309,5356,49342
1489974,0,34309,5356,49342
1490024,0,34309,5356,49342
1490074,0,34309,5356,49342
1490124,0,34309,5647,49342
1490174,0,34309,5647,49342
1490224,0,34309,5647,49342
1490274,0,34309,5647,49342
1490324,0,34309,5647,49912
1490374,0,34309,5647,49912
1490424,0,34309,5647,49912
1490474,0,35081,5647,49912
1490524,0,35081,1902,49912
1490574,0,35081,1902,49912
1490624,0,35081,1902,49912
1490716,0,35081,1902,50164
1490851,0,35081,1902,50164
1490901,0,35081,1902,50164
1490951,0,35081,145,50164
1491001,0,35081,145,50164
1491051,0,35081,145,50164
1491101,0,33552,145,50164
1491151,0,33552,145,50187
1491201,0,33552,145,50187
1491251,0,33552,145,50187
1491301,0,33552,145,50187
1491351,0,33552,120,50187
1491401,0,33552,120,50187
1491451,0,33552,120,50187
1491501,0,33552,120,50187
1491551,0,33552,120,50205
1491601,0,33552,120,50205
1491693,0,34309,120,50205
1491743,0,34309,118,50205
1491793,0,34309,118,50205
1491843,0,34309,118,50205
1491978,0,33552,118,50221
1492028,0,33552,118,50221
1492078,0,32842,118,50221
1492128,0,32842,118,50221
1492178,0,32842,118,50221
1492228,0,32842,118,50221
1492278,0,33552,118,50221
1492328,0,33552,118,50234
1492378,0,33552,118,50234
1492428,0,33552,118,50234
1492478,0,32842,118,50234
1492528,0,32842,118,50234
1492578,0,32842,118,50234
1492628,0,32842,118,50234
1492720,0,33552,118,50246
1492770,0,33552,118,50246
1492820,0,33552,118,50246
1492870,0,33552,118,50246
1492920,0,32842,117,50246
1492970,0,32842,117,50246
1493105,0,32842,117,50246
1493155,0,32842,117,50256
1493205,0,32842,117,50256
1493255,0,32842,117,50256
1493305,0,32842,117,50256
1493355,0,32842,116,50256
1493405,0,32842,116,50256
1493455,0,32842,116,50256
1493505,0,32842,116,50256
1493555,0,32842,116,50268
1493605,0,32842,116,50268
1493655,0,32842,116,50268
1493747,0,32842,116,50268
1493797,0,32842,116,50268
1493847,0,32842,116,50268
1493897,0,33552,116,50268
1493947,0,33552,116,50278
1493997,0,33552,116,50278
1494047,0,33552,116,50278
1494097,0,32842,116,50278
1494232,0,32842,116,50278
1494282,0,32842,116,50278
1494332,0,32842,116,50278
1494382,0,32842,116,50287
1494432,0,32842,116,50287
1494482,0,32162,116,50287
1494532,0,32162,116,50287
1494582,0,32162,116,50287
1494632,0,32162,116,50287
1494724,0,32162,116,50287
1494774,0,32162,116,50295
1494824,0,32162,116,50295
1494874,0,31498,116,50295
1494924,0,31498,116,50295
1494974,0,31498,116,50295
1495024,0,31498,116,50295
1495074,0,31498,116,50295
1495124,0,31498,116,50295
1495174,0,31498,116,50304
1495224,0,31498,116,50304
1495359,0,31498,116,50304
1495409,0,31498,116,50304
1495459,0,31498,116,50304
1495509,0,30881,116,50304
1495559,0,30881,116,50312
1495609,0,30881,116,50312
1495659,0,30881,116,50312
1495751,0,30881,117,50312
1495801,0,30881,117,50312
1495851,0,30881,117,50312
1495901,0,31498,117,50312
1495951,0,31498,117,50320
1496001,0,31498,117,50320
1496051,0,31498,117,50320
1496101,0,30881,117,50320
1496151,0,30881,116,50320
1496201,0,30881,116,50320
1496251,0,30881,116,50320
1496301,0,30881,116,50320
1496351,0,30881,116,50327
1496486,0,30881,116,50327
1496536,0,30881,116,50327
1496586,0,30881,116,50327
1496636,0,30881,116,50327
1496686,0,30263,116,50327
1496778,0,30263,116,50335
1496828,0,30263,116,50335
1496878,0,30263,116,50335
1496928,0,30263,116,50335
1496978,0,30263,116,50335
1497028,0,30263,116,50335
1497078,0,30263,116,50335
1497128,0,30263,116,50335
1497178,0,30263,116,50342
1497228,0,30263,116,50342
1497278,0,30263,116,50342
1497413,0,30263,115,50342
1497463,0,30263,115,50342
1497513,0,30263,115,50342
1497563,0,30263,115,50349
1497613,0,30263,115,50349
1497663,0,30263,115,50349
1497755,0,30263,115,50349
1497805,0,30263,115,50349
1497855,0,30263,115,50349
1497905,0,30200,115,50349
1497955,0,30136,115,50355
1498005,0,30073,115,50355
1498055,0,30009,115,50355
1498105,0,29946,115,50355
1498155,0,29882,116,50355
1498205,0,29819,116,50355
1498255,0,29755,116,50355
1498305,0,29692,116,50355
1498355,0,29692,116,50361
1498405,0,29692,116,50361
1498571,0,29692,116,50361
1498621,0,29692,116,50361
1498671,0,29692,116,50361
1498721,0,29692,116,50361
1498771,0,29692,116,50367
1498863,0,29692,116,50367
1498913,0,29692,116,50367
1498963,0,29692,293,50367
1499013,0,29692,293,50367
1499063,0,29692,293,50367
1499113,0,30263,293,50367
1499163,0,30263,293,50373
1499213,0,30263,293,50373
1499263,0,30263,293,50373
1499313,0,30263,293,50373
1499363,0,30263,291,50373
1499413,0,30263,291,50373
1499463,0,30263,291,50373
1499513,0,30263,291,50373
1499563,0,30263,291,50379
1499698,0,29692,291,50379
1499748,0,29692,291,50379
1499798,0,29692,300,50379
1499890,0,29692,300,50379
1499940,0,29692,300,50379
1499990,0,29692,300,50384
1500040,0,29692,300,50384
1500090,0,29692,300,50384
1500140,0,29692,300,50384
1500190,0,29692,330,50384
1500240,0,29692,330,50384
1500290,0,29120,330,50384
1500340,0,29120,330,50384
1500390,0,29120,330,50390
1500440,0,29120,330,50390
1500490,0,29120,330,50390
1500540,0,29120,330,50390
1500590,0,29120,302,50390
1500640,0,29120,302,50390
1500690,0,29120,302,50390
1500868,0,29120,302,50394
1500918,0,28580,302,50394
1500968,0,28580,302,50394
1501018,0,28580,301,50394
1501068,0,28580,301,50394
1501118,0,28071,301,50394
1501168,0,28071,301,50394
1501218,0,28071,301,50401
1501268,0,28071,301,50401
1501318,0,28071,301,50401
1501368,0,28071,301,50401
1501418,0,28071,118,50401
1501468,0,28071,118,50401
1501518,0,27561,118,50401
1501568,0,27561,118,50401
1501618,0,27561,118,50405
1501668,0,27561,118,50405
1501718,0,28071,118,50405
1501810,0,28071,115,50405
1501860,0,28071,115,50405
1501995,0,27561,115,50410
1502045,0,27561,115,50410
1502095,0,27561,115,50410
1502145,0,27561,115,50410
1502195,0,27561,115,50410
1502245,0,27561,115,50410
1502295,0,28071,115,50410
1502345,0,28071,115,50410
1502395,0,28071,115,50415
1502445,0,28071,115,50415
1502495,0,27561,115,50415
1502545,0,27561,115,50415
1502595,0,27561,115,50415
1502645,0,27561,115,50415
1502695,0,27561,115,50415
1502745,0,27561,115,50415
1502837,0,27561,115,50419
1502887,0,27082,115,50419
1502937,0,27082,115,50419
1502987,0,27082,115,50419
1503122,0,27082,115,50419
1503172,0,27082,115,50419
1503222,0,27082,115,50424
1503272,0,26619,115,50424
1503322,0,26619,115,50424
1503372,0,26619,115,50424
1503422,0,26619,115,50424
1503472,0,26619,115,50424
1503522,0,26619,115,50424
1503572,0,26619,115,50424
1503622,0,26619,115,50428
1503672,0,27082,115,50428
1503722,0,27082,115,50428
1503814,0,27082,115,50428
1503864,0,27082,115,50428
1503914,0,26619,115,50428
1503964,0,26619,115,50428
1504014,0,26619,115,50433
1504064,0,26619,115,50433
1504114,0,26619,115,50433
1504250,0,26619,115,50433
1504300,0,26156,115,50433
1504350,0,26156,115,50433
1504400,0,26156,115,50437
1504450,0,26156,115,50437
1504500,0,26156,115,50437
1504550,0,26156,115,50437
1504600,0,26156,116,50437
1504650,0,26156,116,50437
1504700,0,26156,116,50437
1504750,0,26156,116,50437
1504842,0,26156,116,50441
1504892,0,25724,116,50441
1504942,0,25724,116,50441
1504992,0,25724,116,50441
1505042,0,25724,115,50441
1505092,0,26619,115,50441
1505142,0,26619,115,50441
1505192,0,26619,115,50441
1505242,0,26619,115,50444
1505377,0,25724,115,50444
1505427,0,25724,115,50444
1505477,0,26156,115,50444
1505527,0,26156,115,50444
1505577,0,26156,115,50444
1505627,0,26156,115,50450
1505677,0,26619,115,50450
1505727,0,26619,115,50450
1505777,0,26619,115,50450
1505869,0,26619,114,50450
1505919,0,26156,114,50450
1505969,0,26156,114,50450
1506019,0,26156,114,50452
1506069,0,26156,114,50452
1506119,0,26156,114,50452
1506169,0,26156,114,50452
1506219,0,26156,116,50452
1506269,0,26156,116,50452
1506319,0,26619,116,50452
1506369,0,26619,116,50452
1506504,0,27082,116,50457
1506554,0,27082,116,50457
1506604,0,27082,116,50457
1506654,0,27082,390,50457
1506704,0,26619,390,50457
1506754,0,26619,390,50457
1506846,0,26619,390,50449
1506896,0,27082,390,50449
1506946,0,27082,390,50449
1506996,0,27082,390,50449
1507046,0,27082,193,50449
1507096,0,26156,193,50449
1507146,0,26156,193,50449
1507196,0,26156,193,50449
1507246,0,26156,193,50454
1507296,0,26619,193,50454
1507346,0,26619,193,50454
1507396,0,26619,193,50454
1507446,0,26619,191,50454
1507496,0,26619,191,50454
1507632,0,26619,191,50457
1507682,0,26619,191,50457
1507732,0,26619,191,50457
1507782,0,26619,191,50457
1507874,0,27082,280,50457
1507924,0,27082,280,50457
1507974,0,27082,280,50457
1508024,0,27082,280,50442
1508074,0,27082,280,50442
1508124,0,27082,280,50442
1508174,0,27082,280,50442
1508224,0,27082,280,50442
1508274,0,26619,368,50442
1508324,0,26619,368,50442
1508374,0,26619,368,50442
1508424,0,26619,368,50442
1508474,0,26619,368,50437
1508524,0,26619,368,50437
1508574,0,26619,368,50437
1508624,0,26619,368,50437
1508759,0,26619,367,50437
1508809,0,26619,367,50437
1508943,0,26619,367,50440
1508993,0,26619,367,50440
1509043,0,26619,369,50440
1509093,0,26619,369,50440
1509143,0,26619,369,50440
1509193,0,26619,369,50440
1509243,0,26619,369,50445
1509293,0,26619,369,50445
1509343,0,26619,369,50445
1509393,0,26619,369,50445
1509443,0,26619,365,50445
1509493,0,26712,365,50445
1509543,0,26804,365,50445
1509593,0,26897,365,50445
1509643,0,26989,365,50447
1509693,0,27082,365,50447
1509743,0,27082,365,50447
1509793,0,27082,365,50447
1510141,0,26156,363,50450
1510191,0,26156,363,50450
1510241,0,26156,9194,50450
1510291,0,26156,9194,50450
1510341,0,26156,9194,50450
1510391,0,26156,9194,50450
1510441,0,26156,9194,48532
1510491,0,26156,9194,48532
1510541,0,26156,9194,48532
1510591,0,26156,9194,48532
1510641,0,26156,13824,48532
1510691,0,26619,13824,48532
1510741,0,26619,13824,48532
1510791,0,26619,13824,48532
1510841,0,26619,13824,48489
1510891,0,26619,13824,48489
1510941,0,26619,13824,48489
1511033,0,26619,13824,48489
1511083,0,27082,13904,48489
1511133,0,27082,13904,48489
1511310,0,26619,13904,48442
1511360,0,26619,13904,48442
1511410,0,26619,13904,48442
1511460,0,26619,14004,48442
1511510,0,26619,14004,48442
1511560,0,26619,14004,48442
1511610,0,26619,14004,48442
1511660,0,26619,14004,48409
1511710,0,26619,14004,48409
1511760,0,26619,14004,48409
1511810,0,26619,14004,48409
1511860,0,26619,14085,48409
1511910,0,27082,14085,48409
1512002,0,27082,14085,48409
1512052,0,27082,14085,48371
1512102,0,27561,14085,48371
1512237,0,27561,14085,48371
1512287,0,27561,14200,48371
1512337,0,27561,14200,48371
1512387,0,27561,14200,48371
1512437,0,27561,14200,48371
1512487,0,28071,14200,48331
1512537,0,28071,14200,48331
1512587,0,28071,14200,48331
1512637,0,28071,14200,48331
1512687,0,27561,14320,48331
1512737,0,27561,14320,48331
1512787,0,27561,14320,48331
1512837,0,27561,14320,48331
1512887,0,27561,14320,48304
1512979,0,27561,14320,48304
1513029,0,27561,14320,48304
1513079,0,27561,14376,48304
1513129,0,27561,14376,48304
1513179,0,27561,14376,48304
1513229,0,27561,14376,48304
1513364,0,27561,14376,48274
1513414,0,27561,14376,48274
1513464,0,27561,14471,48274
1513514,0,27561,14471,48274
1513564,0,27561,14471,48274
1513614,0,27561,14471,48274
1513664,0,27561,14471,48250
1513714,0,27561,14471,48250
1513764,0,27561,14471,48250
1513814,0,27561,14471,48250
1513906,0,28071,14548,48250
1513956,0,28071,14548,48250
1514006,0,28071,14548,48250
1514056,0,28071,14548,48250
1514106,0,28580,14548,48217
1514156,0,28580,14548,48217
1514206,0,28580,14548,48217
1514256,0,28580,14548,48217
1514306,0,28071,14560,48217
1514356,0,28071,14560,48217
1514491,0,28580,14560,48201
1514541,0,28580,14560,48201
1514591,0,28580,14560,48201
1514641,0,28580,14560,48201
1514691,0,28071,14632,48201
1514741,0,28071,14632,48201
1514791,0,28071,14632,48201
1514883,0,28580,14632,48174
1514933,0,28580,14632,48174
1514983,0,28580,14632,48174
1515033,0,28580,14632,48174
1515083,0,28071,14711,48174
1515133,0,28071,14711,48174
1515183,0,28071,14711,48174
1515233,0,28071,14711,48174
1515283,0,28580,14711,48154
1515333,0,28580,14711,48154
1515383,0,28580,14711,48154
1515433,0,28580,14711,48154
1515483,0,28580,14823,48154
1515620,0,28580,14823,48154
1515670,0,28580,14823,48154
1515720,0,28580,14823,48118
1515812,0,28580,14823,48118
1515862,0,28580,14823,48118
1515912,0,29120,14965,48118
1515962,0,29120,14965,48118
1516012,0,29120,14965,48118
1516062,0,29120,14965,48118
1516112,0,29120,14965,48084
1516162,0,29120,14965,48084
1516212,0,29120,14965,48084
1516262,0,29120,14965,48084
1516312,0,29120,15083,48084
1516362,0,29120,15083,48084
1516412,0,29120,15083,48084
1516462,0,29120,15083,48084
1516512,0,29692,15083,48053
1516562,0,29692,15083,48053
1516612,0,29692,15083,48053
1516790,0,29692,15238,48053
1516840,0,29692,15238,48053
1516890,0,30263,15238,48024
1516940,0,30263,15238,48024
1516990,0,30263,15238,48024
1517040,0,30263,15238,48024
1517090,0,30263,15387,48024
1517140,0,30263,15387,48024
1517190,0,30263,15387,48024
1517240,0,30263,15387,48024
1517290,0,30263,15387,47983
1517340,0,30263,15387,47983
1517390,0,30263,15387,47983
1517440,0,30263,15387,47983
1517490,0,30263,15580,47983
1517540,0,30263,15580,47983
1517632,0,30263,15580,47983
1517682,0,30881,15580,47983
1517732,0,30881,15580,47938
1517782,0,30881,15580,47938
1517917,0,30881,15760,47938
1517967,0,30881,15760,47938
1518017,0,30881,15760,47938
1518067,0,30881,15760,47938
1518117,0,30881,15760,47889
1518167,0,30881,15760,47889
1518217,0,30881,15760,47889
1518267,0,30881,15760,47889
1518317,0,30881,15925,47889
1518367,0,30881,15925,47889
1518417,0,30881,15925,47889
1518467,0,30881,15925,47889
1518517,0,30881,15925,47852
1518609,0,30881,15925,47852
1518659,0,30881,15925,47852
1518709,0,31498,16128,47852
1518759,0,31498,16128,47852
1518809,0,31498,16128,47852
1518859,0,31498,16128,47852
1518909,0,32162,16128,47817
1519044,0,32162,16128,47817
1519094,0,32162,16358,47817
1519144,0,32162,16358,47817
1519194,0,32162,16358,47817
1519244,0,32162,16358,47817
1519294,0,32162,16358,47776
1519344,0,32162,16358,47776
1519394,0,32162,16358,47776
1519444,0,32162,16358,47776
1519536,0,32162,16450,47776
1519586,0,32162,16450,47776
1519636,0,32162,16450,47776
1519686,0,32842,16450,47776
1519736,0,32842,16450,47750
1519786,0,32842,16450,47750
1519836,0,32842,16450,47750
1519886,0,32842,16450,47750
1519936,0,32842,16603,47750
1519986,0,32842,16603,47750
1520036,0,32842,16603,47750
1520171,0,32842,16603,47761
1520221,0,32842,16603,47761
1520271,0,32842,16603,47761
1520321,0,32842,16158,47761
1520371,0,32842,16158,47761
1520421,0,32842,16158,47761
1520513,0,32842,16158,47887
1520563,0,32842,16158,47887
1520613,0,32842,16158,47887
1520663,0,32842,16158,47887
1520713,0,32842,14610,47887
1520763,0,32842,14610,47887
1520813,0,32842,14610,47887
1520863,0,32842,14610,47887
1520913,0,32984,14610,48122
1520963,0,33126,14610,48122
1521013,0,33268,14610,48122
1521063,0,33410,14610,48122
1521113,0,33552,13441,48122
1521163,0,33552,13441,48122
1521298,0,33552,13441,48122
1521348,0,33552,13441,48264
1521398,0,33552,13441,48264
1521490,0,33552,13441,48264
1521540,0,33552,12755,48264
1521590,0,33552,12755,48264
1521640,0,33552,12755,48264
1521690,0,34309,12755,48264
1521740,0,34309,12755,48234
1521790,0,34309,12755,48234
1521840,0,34309,12755,48234
1521890,0,33552,12755,48234
1521940,0,33552,12390,48234
1521990,0,33552,12390,48234
1522040,0,33552,12390,48234
1522090,0,33552,12390,48234
1522140,0,33552,12390,48323
1522190,0,33552,12390,48323
1522240,0,33552,12390,48323
1522332,0,33552,12167,48323
1522468,0,33552,12167,48323
1522518,0,33552,12167,48323
1522568,0,33552,12167,48326
1522618,0,33552,12167,48326
1522668,0,33552,12167,48326
1522718,0,33552,12167,48326
1522768,0,33552,11919,48326
1522818,0,33552,11919,48326
1522868,0,33552,11919,48326
1522918,0,33552,11919,48326
1522968,0,33552,11919,48398
1523018,0,33552,11919,48398
1523068,0,33552,11919,48398
1523118,0,33612,11919,48398
1523168,0,33673,11489,48398
1523218,0,33733,11489,48398
1523310,0,33844,11489,48398
1523360,0,33905,11489,48505
1523410,0,33965,11489,48505
1523460,0,34025,11489,48505
1523595,0,34188,11142,48505
1523645,0,34249,11142,48505
1523695,0,34309,11142,48505
1523745,0,34309,11142,48505
1523795,0,34309,11142,48505
1523845,0,34309,11142,48505
1523895,0,33552,11142,48505
1523945,0,33552,11021,48505
1523995,0,33552,11021,48505
1524045,0,33552,11021,48505
1524095,0,34309,11021,48505
1524145,0,34309,11021,48483
1524195,0,34309,11021,48483
1524245,0,34309,11021,48483
1524337,0,34309,10957,48483
1524387,0,34309,10957,48483
1524437,0,34309,10957,48483
1524487,0,34309,10957,48483
1524537,0,34309,10957,48457
1524587,0,34309,10957,48457
1524723,0,33552,10957,48457
1524773,0,33552,11097,48457
1524823,0,33552,11097,48457
1524873,0,34309,11097,48457
1524923,0,34309,11097,48457
1524973,0,34309,11097,48383
1525023,0,34309,11097,48383
1525073,0,33552,11097,48383
1525123,0,33552,11097,48383
1525173,0,33552,11764,48383
1525265,0,33552,11764,48383
1525315,0,34309,11764,48383
1525365,0,34309,11764,48318
1525415,0,34309,11764,48318
1525465,0,34309,11764,48318
1525515,0,34309,11764,48318
1525565,0,34309,12390,48318
1525615,0,34309,12390,48318
1525665,0,34309,12390,48318
1525715,0,35081,12390,48318
1525851,0,35081,12390,48246
1525901,0,34309,12390,48246
1525951,0,34309,12825,48246
1526001,0,34309,12825,48246
1526051,0,34309,12825,48246
1526101,0,34309,12825,48246
1526151,0,34309,12825,48199
1526243,0,34309,12825,48199
1526293,0,33552,12825,48199
1526343,0,33552,12857,48199
1526393,0,33552,12857,48199
1526443,0,33552,12857,48199
1526493,0,34309,12857,48199
1526543,0,34309,12857,48284
1526593,0,34309,12857,48284
1526643,0,34309,12857,48284
1526778,0,33552,12852,48284
1526828,0,33552,12852,48284
1526878,0,33552,12852,48284
1526928,0,33552,12852,48284
1526978,0,33552,12852,48243
1527028,0,33552,12852,48243
1527078,0,33552,12852,48243
1527170,0,33552,12177,48243
1527220,0,33552,12177,48243
1527270,0,33552,12177,48243
1527320,0,33552,12177,48243
1527370,0,33552,12177,48375
1527420,0,33552,12177,48375
1527470,0,33552,12177,48375
1527520,0,33552,12177,48375
1527570,0,33552,11424,48375
1527620,0,33552,11424,48375
1527670,0,33552,11424,48375
1527720,0,34309,11424,48375
1527770,0,34309,11424,48421
1527905,0,34309,11424,48421
1527955,0,34309,11424,48421
1528005,0,34309,11198,48421
1528055,0,34309,11198,48421
1528147,0,34309,11198,48421
1528197,0,34309,11198,48473
1528247,0,34309,11198,48473
1528297,0,33552,11198,48473
1528347,0,33552,11198,48473
1528397,0,33552,10460,48473
1528447,0,33552,10460,48473
1528497,0,34309,10460,48473
1528547,0,34309,10460,48473
1528597,0,34309,10460,48640
1528647,0,34309,10460,48640
1528697,0,34309,10460,48640
1528747,0,34309,10460,48640
1528797,0,34309,6826,48640
1528847,0,34309,6826,48640
1528897,0,33552,6826,48640
1529075,0,32842,6826,50004
1529125,0,32842,6826,50004
1529175,0,32842,177,50004
1529225,0,32842,177,50004
1529275,0,32842,177,50004
1529325,0,32842,177,50004
1529375,0,32842,177,50040
1529425,0,32842,177,50040
1529475,0,32842,177,50040
1529525,0,32842,177,50040
1529575,0,32842,123,50040
1529625,0,32842,123,50040
1529675,0,32842,123,50040
1529725,0,32842,123,50040
1529775,0,32842,123,50065
1529825,0,32842,123,50065
1529875,0,32842,123,50065
1529925,0,32842,123,50065
1530017,0,32842,119,50065
1530067,0,32842,119,50065
1530202,0,32842,119,50085
1530252,0,32842,119,50085
1530302,0,33552,119,50085
1530352,0,33552,119,50085
1530402,0,33552,119,50085
1530452,0,33552,119,50085
1530502,0,33552,119,50085
1530552,0,33552,119,50085
1530602,0,33552,119,50101
1530652,0,33552,119,50101
1530702,0,33552,119,50101
1530752,0,33552,119,50101
1530802,0,33552,117,50101
1530852,0,33552,117,50101
1530902,0,32842,117,50101
1530952,0,32842,117,50101
1531044,0,32842,117,50117
1531094,0,32842,117,50117
1531144,0,32842,117,50117
1531194,0,32842,117,50117
1531329,0,32842,117,50117
1531379,0,32842,117,50129
1531429,0,32842,117,50129
1531479,0,32842,117,50129
1531529,0,32842,117,50129
1531579,0,32842,117,50129
1531629,0,32842,117,50129
1531679,0,32842,117,50129
1531729,0,32842,117,50129
1531779,0,32842,117,50141
1531829,0,32842,117,50141
1531879,0,32842,117,50141
1531929,0,32842,117,50141
1532021,0,32842,115,50141
1532071,0,32842,115,50141
1532121,0,32162,115,50141
1532171,0,32162,115,50141
1532221,0,32162,115,50152
1532271,0,32162,115,50152
1532321,0,32162,115,50152
1532457,0,32162,117,50152
1532507,0,32162,117,50152
1532557,0,32162,117,50152
1532607,0,32162,117,50162
1532657,0,32162,117,50162
1532707,0,32162,117,50162
1532757,0,32162,117,50162
1532807,0,32162,117,50162
1532857,0,32162,117,50162
1532907,0,32162,117,50162
1532957,0,32162,117,50162
1533051,0,32162,117,50173
1533101,0,31498,117,50173
1533151,0,31498,117,50173
1533201,0,31498,269,50173
1533251,0,31498,269,50173
1533301,0,31498,269,50173
1533351,0,31498,269,50173
1533401,0,31498,269,50171
1533451,0,31498,269,50171
1533586,0,32162,192,50171
1533636,0,32162,192,50171
1533686,0,31498,192,50171
1533736,0,31498,192,50171
1533786,0,31498,192,50171
1533836,0,31498,192,50180
1533886,0,31498,192,50180
1533936,0,31498,192,50180
1533986,0,31498,192,50180
1534078,0,31498,192,50180
1534128,0,31498,192,50180
1534178,0,31498,192,50180
1534228,0,31498,192,50184
1534278,0,31498,192,50184
1534328,0,31498,192,50184
1534378,0,31498,192,50184
1534428,0,31498,289,50184
1534478,0,30881,289,50184
1534528,0,30881,289,50184
1534578,0,30881,289,50184
1534713,0,31498,289,50171
1534763,0,31498,289,50171
1534813,0,31498,380,50171
1534863,0,31498,380,50171
1534913,0,31498,380,50171
1534963,0,31498,380,50171
1535055,0,31498,380,50177
1535105,0,31498,380,50177
1535155,0,31498,380,50177
1535205,0,31498,371,50177
1535255,0,31498,371,50177
1535305,0,30881,371,50177
1535355,0,30881,371,50177
1535405,0,30881,371,50177
1535455,0,30881,371,50186
1535505,0,31498,371,50186
1535555,0,31498,371,50186
1535605,0,31498,371,50186
1535655,0,31498,365,50186
1535705,0,30263,365,50186
1535840,0,30263,365,50193
1535890,0,30881,365,50193
1535940,0,30881,365,50193
1535990,0,30881,365,50193
1536082,0,30263,364,50193
1536132,0,30263,364,50193
1536182,0,30263,364,50193
1536232,0,30263,364,50199
1536282,0,30263,364,50199
1536332,0,30263,364,50199
1536382,0,30263,364,50199
1536432,0,30263,364,50199
1536482,0,30263,364,50199
1536532,0,30263,364,50199
1536582,0,30263,364,50199
1536632,0,30263,364,49961
1536682,0,30263,364,49961
1536732,0,30263,364,49961
1536782,0,30263,364,49961
1536832,0,30263,7022,49961
1536967,0,30881,7022,49961
1537059,0,30881,7022,48960
1537109,0,30263,7022,48960
1537159,0,30263,7022,48960
1537209,0,30263,7022,48960
1537259,0,30263,9017,48960
1537309,0,30263,9017,48960
1537359,0,30263,9017,48960
1537409,0,30263,9017,48960
1537459,0,30263,9017,48952
1537509,0,30263,9017,48952
1537559,0,30263,9017,48952
1537609,0,30263,9017,48952
1537659,0,30263,9065,48952
1537709,0,30881,9065,48952
1537759,0,30881,9065,48952
1537809,0,30881,9065,48952
1537859,0,30881,9065,48945
1537909,0,30263,9065,48945
1538001,0,30263,9065,48945
1538136,0,30881,8966,48945
1538186,0,30881,8966,48945
1538236,0,30881,8966,48946
1538286,0,30881,8966,48946
1538336,0,30881,8966,48946
1538386,0,30881,8966,48946
1538436,0,30881,8926,48946
1538486,0,30881,8926,48946
1538536,0,30881,8926,48946
1538586,0,30881,8926,48946
1538636,0,30881,8926,48931
1538686,0,30881,8926,48931
1538736,0,30881,8926,48931
1538786,0,30881,8926,48931
1538836,0,30881,8888,48931
1538886,0,30881,8888,48931
1538978,0,30881,8888,48931
1539028,0,30881,8888,48929
1539078,0,31498,8888,48929
1539128,0,31498,8888,48929
1539263,0,31498,8859,48929
1539313,0,30881,8859,48929
1539363,0,30881,8859,48929
1539413,0,30881,8859,48929
1539463,0,30881,8859,48962
1539513,0,31498,8859,48962
1539563,0,31498,8859,48962
1539613,0,31498,8859,48962
1539663,0,31498,8685,48962
1539713,0,30881,8685,48962
1539763,0,30881,8685,48962
1539813,0,30881,8685,48962
1539863,0,30881,8685,48953
1539997,0,30881,8685,48953
1540047,0,30881,8720,48953
1540097,0,31498,8720,48953
1540147,0,31498,8720,48953
1540197,0,31498,8720,48953
1540247,0,31498,8720,48941
1540297,0,31498,8720,48941
1540602,0,30881,8722,48941
1540652,0,30881,8722,48959
1540702,0,30881,8722,48959
1540752,0,30881,8722,48959
1540802,0,30881,8722,48959
1540852,0,30881,8632,48959
1540902,0,31498,8632,48959
1540952,0,31498,8632,48959
1541002,0,31498,8632,48959
1541052,0,31498,8632,48961
1541144,0,30881,8632,48961
1541194,0,30881,8632,48961
1541244,0,30881,8632,48961
1541294,0,31498,8419,48961
1541344,0,31498,8419,48961
1541394,0,31498,8419,48961
1541571,0,32162,8419,48980
1541621,0,32162,8419,48980
1541671,0,32162,8299,48980
1541721,0,32162,8299,48980
1541771,0,32162,8299,48980
1541821,0,32162,8299,48980
1541871,0,32162,8299,48968
1541921,0,32162,8299,48968
1541971,0,32162,8299,48968
1542021,0,32162,8299,48968
1542071,0,32162,8202,48968
1542163,0,32162,8202,48968
1542213,0,32162,8202,48968
1542263,0,32162,8202,48980
1542313,0,32162,8202,48980
1542363,0,32162,8202,48980
1542413,0,32162,8202,48980
1542463,0,32162,8232,48980
1542513,0,31498,8232,48980
1542563,0,31498,8232,48980
1542699,0,32162,8232,49000
1542749,0,32162,8232,49000
1542799,0,32162,8232,49000
1542849,0,32162,8232,49000
1542899,0,32162,8105,49000
1542949,0,32162,8105,49000
1542999,0,32162,8105,49000
1543049,0,32162,8105,49000
1543141,0,32162,8105,48960
1543191,0,32162,8105,48960
1543241,0,32162,8105,48960
1543291,0,32162,8184,48960
1543341,0,32162,8184,48960
1543391,0,32162,8184,48960
1543441,0,32162,8184,48960
1543491,0,32842,8184,48980
1543541,0,32842,8184,48980
1543591,0,32842,8184,48980
1543641,0,32842,8184,48980
1543691,0,32162,7989,48980
1543826,0,32162,7989,48980
1543876,0,32842,7989,49004
1543926,0,32842,7989,49004
1543976,0,32842,7989,49004
1544026,0,32842,7989,49004
1544118,0,32162,7033,49004
1544168,0,32162,7033,49004
1544218,0,32162,7033,49004
1544268,0,32162,7033,49178
1544318,0,32842,7033,49178
1544368,0,32842,7033,49178
1544418,0,32842,7033,49178
1544468,0,32842,6711,49178
1544518,0,32162,6711,49178
1544568,0,32162,6711,49178
1544618,0,32162,6711,49178
1544668,0,32162,6711,49239
1544718,0,32162,6711,49239
1544768,0,32162,6711,49239
1544818,0,32162,6711,49239
1544954,0,32162,6104,49239
1545004,0,32162,6104,49239
1545096,0,32162,6104,49296
1545146,0,32162,6104,49296
1545196,0,32162,6104,49296
1545246,0,32162,6104,49296
1545296,0,32162,6032,49296
1545346,0,32162,6032,49296
1545396,0,32162,6032,49296
1545446,0,32162,6032,49296
1545496,0,31498,6032,49344
1545546,0,31498,6032,49344
1545596,0,31498,6032,49344
1545646,0,31498,6032,49344
1545696,0,31498,4249,49344
1545746,0,31498,4249,49344
1545796,0,31498,4249,49344
1545846,0,31498,4249,49344
1545896,0,31498,4249,50123
1545988,0,31498,4249,50123
1546123,0,31498,143,50123
1546173,0,31498,143,50123
1546223,0,31498,143,50123
1546273,0,31498,143,50145
1546323,0,31498,143,50145
1546373,0,31498,143,50145
1546423,0,31498,143,50145
1546473,0,31498,119,50145
1546523,0,31498,119,50145
1546573,0,31498,119,50145
1546623,0,31498,119,50145
1546673,0,31435,119,50145
1546723,0,31373,119,50161
1546773,0,31310,119,50161
1546823,0,31247,119,50161
1546873,0,31184,119,50161
1546923,0,31122,118,50161
1547015,0,31006,118,50161
1547065,0,30944,118,50161
1547115,0,30881,118,50174
1547250,0,30881,118,50174
1547300,0,30881,117,50174
1547350,0,30881,117,50174
1547400,0,30881,117,50174
1547450,0,30881,117,50174
1547500,0,30881,117,50185
1547550,0,30881,117,50185
1547600,0,30881,117,50185
1547650,0,30881,117,50185
1547700,0,31498,117,50185
1547750,0,31498,117,50185
1547800,0,31498,117,50185
1547850,0,31498,117,50185
1547900,0,30881,117,50195
1547950,0,30881,117,50195
1548042,0,30881,117,50195
1548092,0,30263,116,50195
1548142,0,30263,116,50195
1548192,0,30263,116,50195
1548242,0,30263,116,50195
1548378,0,30881,116,50204
1548428,0,30881,116,50204
1548478,0,30881,116,50204
1548528,0,30881,116,50204
1548578,0,30881,116,50204
1548628,0,30881,116,50204
1548678,0,30263,116,50204
1548728,0,30263,116,50212
1548778,0,30263,116,50212
1548828,0,30263,116,50212
1548878,0,30263,116,50212
1548928,0,30263,116,50212
1548978,0,30263,116,50212
1549070,0,30263,116,50212
1549120,0,30881,116,50220
1549170,0,30881,116,50220
1549220,0,30881,116,50220
1549270,0,30881,116,50220
1549320,0,30263,116,50220
1549370,0,30263,116,50220
1549505,0,30263,116,50227
1549555,0,30263,116,50227
1549605,0,30263,116,50227
1549655,0,30263,116,50227
1549705,0,30263,116,50227
1549755,0,30263,116,50227
1549805,0,30263,116,50227
1549855,0,30263,116,50227
1549905,0,29692,116,50234
1549955,0,29692,116,50234
1550005,0,29692,116,50234
1550099,0,30263,116,50234
1550149,0,30263,117,50234
1550199,0,30263,117,50234
1550249,0,30263,117,50234
1550299,0,29692,117,50234
1550349,0,29692,117,50240
1550399,0,29692,117,50240
1550449,0,29692,117,50240
1550499,0,29692,117,50240
1550634,0,29692,116,50240
1550684,0,29692,116,50240
1550734,0,29692,116,50247
1550784,0,29692,116,50247
1550834,0,29692,116,50247
1550884,0,29692,116,50247
1550934,0,29692,115,50247
1550984,0,29692,115,50247
1551076,0,29120,115,50247
1551126,0,29120,115,50252
1551176,0,29120,115,50252
1551226,0,29120,115,50252
1551276,0,29692,115,50252
1551326,0,29692,115,50252
1551376,0,29692,115,50252
1551426,0,29692,115,50252
1551476,0,29692,115,50252
1551526,0,29692,115,50259
1551576,0,29692,115,50259
1551626,0,29692,115,50259
1551762,0,29692,116,50259
1551812,0,29692,116,50259
1551862,0,29692,116,50259
1551912,0,29692,116,50264
1551962,0,29692,116,50264
1552012,0,29692,116,50264
1552104,0,30263,116,50264
1552154,0,30263,116,50264
1552204,0,30263,116,50264
1552254,0,30263,116,50264
1552304,0,30263,116,50264
1552354,0,30263,116,50269
1552404,0,30263,116,50269
1552454,0,30263,116,50269
1552504,0,29692,116,50269
1552554,0,29692,115,50269
1552604,0,29692,115,50269
1552654,0,29692,115,50269
1552704,0,29692,115,50269
1552754,0,29692,115,50275
1552889,0,29692,115,50275
1552939,0,29692,116,50275
1552989,0,29692,116,50275
1553039,0,29692,116,50275
1553131,0,30263,116,50280
1553181,0,30263,116,50280
1553231,0,30263,116,50280
1553281,0,29692,116,50280
1553331,0,29692,115,50280
1553381,0,29692,115,50280
1553431,0,29692,115,50280
1553481,0,29692,115,50280
1553531,0,29692,115,50285
1553581,0,29692,115,50285
1553631,0,29692,115,50285
1553681,0,29120,115,50285
1553731,0,29120,115,50285
1553781,0,29120,115,50285
1553831,0,29120,115,50285
1553881,0,28580,115,50285
1554016,0,28580,115,50289
1554108,0,28580,115,50289
1554158,0,28580,115,50289
1554208,0,28580,115,50289
1554258,0,28580,115,50289
1554308,0,28580,115,50289
1554358,0,28580,115,50294
1554408,0,28580,115,50294
1554458,0,28580,115,50294
1554508,0,28580,115,50294
1554558,0,28580,115,50294
1554608,0,28580,115,50294
1554658,0,28580,115,50294
1554708,0,28071,115,50294
1554758,0,28071,115,50298
1554808,0,28071,115,50298
1554858,0,28071,115,50298
1554908,0,28580,115,50298
1554958,0,28580,115,50298
1555050,0,28580,115,50298
1555185,0,29120,115,50303
1555235,0,29120,115,50303
1555285,0,28580,115,50303
1555335,0,28580,115,50303
1555385,0,28580,115,50303
1555435,0,28580,115,50303
1555485,0,28580,115,50303
1555535,0,28580,115,50303
1555585,0,28580,115,50306
1555635,0,28580,115,50306
1555685,0,28071,115,50306
1555735,0,28071,115,50306
1555785,0,28071,115,50306
1555835,0,28071,115,50306
1555885,0,28580,115,50306
1555935,0,28580,115,50306
1556070,0,28580,115,50311
1556162,0,28071,116,50311
1556212,0,28071,116,50311
1556262,0,28071,116,50311
1556312,0,27561,116,50311
1556362,0,27561,116,50315
1556412,0,27561,116,50315
1556462,0,27561,116,50315
1556512,0,27561,116,50315
1556562,0,27561,115,50315
1556612,0,27561,115,50315
1556662,0,27561,115,50315
1556712,0,27561,115,50315
1556762,0,27561,115,50319
1556812,0,27561,115,50319
1556862,0,27561,115,50319
1556912,0,27082,115,50319
1556962,0,27082,115,50319
1557055,0,27082,115,50319
1557105,0,27561,115,50319
1557240,0,27561,115,50323
1557290,0,27561,115,50323
1557340,0,27561,115,50323
1557390,0,27561,116,50323
1557440,0,27561,116,50323
1557490,0,27561,116,50323
1557540,0,27561,116,50323
1557590,0,27561,116,50327
1557640,0,27561,116,50327
1557690,0,27082,116,50327
1557740,0,27082,116,50327
1557790,0,27082,114,50327
1557840,0,27082,114,50327
1557890,0,27082,114,50327
1557940,0,27082,114,50327
1557990,0,27082,114,50330
1558082,0,26619,114,50330
1558132,0,26619,114,50330
1558182,0,26619,115,50330
1558232,0,26619,115,50330
1558367,0,26619,115,50334
1558417,0,26619,115,50334
1558467,0,26619,115,50334
1558517,0,26156,115,50334
1558567,0,26156,116,50334
1558617,0,26156,116,50334
1558667,0,26156,116,50334
1558717,0,27082,116,50334
1558767,0,27082,116,50337
1558817,0,27082,116,50337
1558867,0,27082,116,50337
1558917,0,26619,116,50337
1558967,0,26619,114,50337
1559017,0,26619,114,50337
1559109,0,26619,114,50337
1559159,0,26619,114,50341
1559209,0,26619,114,50341
1559259,0,26619,114,50341
1559309,0,27082,114,50341
1559359,0,27082,114,50341
1559494,0,26156,115,50341
1559544,0,26156,115,50341
1559594,0,26156,115,50345
1559644,0,26156,115,50345
1559694,0,26156,115,50345
1559744,0,26156,115,50345
1559794,0,26156,115,50345
1559844,0,26156,115,50345
1559894,0,25307,115,50345
1559944,0,25307,115,50345
1559994,0,25307,115,50348
1560086,0,26156,115,50348
1560136,0,26156,115,50348
1560186,0,26156,116,50348
1560236,0,26156,116,50348
1560286,0,26156,116,50348
1560336,0,26156,116,50348
1560386,0,26156,116,50351
1560436,0,26156,116,50351
1560486,0,25724,116,50351
1560621,0,25724,115,50351
1560671,0,25724,115,50351
1560721,0,25307,115,50351
1560771,0,25307,115,50351
1560821,0,25307,115,50354
1560871,0,25307,115,50354
1560921,0,25307,115,50354
1560971,0,25307,115,50354
1561021,0,25307,115,50354
1561113,0,25307,115,50354
1561163,0,25307,115,50354
1561213,0,25307,115,50357
1561263,0,25307,115,50357
1561313,0,25724,115,50357
1561363,0,25724,115,50357
1561413,0,25724,115,50357
1561463,0,25724,115,50357
1561513,0,25307,115,50357
1561563,0,25307,115,50357
1561613,0,25307,115,50360
1561749,0,25307,115,50360
1561799,0,25307,115,50360
1561849,0,25307,115,50360
1561899,0,24890,115,50360
1561949,0,24890,115,50360
1561999,0,24890,115,50362
1562049,0,24890,115,50362
1562141,0,24504,115,50362
1562191,0,24504,115,50362
1562241,0,24504,115,50362
1562291,0,24890,115,50362
1562341,0,24890,115,50362
1562391,0,24890,115,50365
1562441,0,24890,115,50365
1562491,0,24890,115,50365
1562541,0,24890,115,50365
1562591,0,24890,115,50365
1562641,0,24890,115,50365
1562691,0,24890,115,50365
1562741,0,24890,115,50365
1562876,0,24118,115,50369
1562926,0,24118,115,50369
1562976,0,24118,115,50369
1563026,0,24118,116,50369
1563118,0,24118,116,50369
1563168,0,24118,116,50369
1563218,0,24118,116,50372
1563268,0,24118,116,50372
1563318,0,24504,116,50372
1563368,0,24504,116,50372
1563418,0,24504,115,50372
1563468,0,24504,115,50372
1563518,0,24504,115,50372
1563568,0,24504,115,50372
1563618,0,24504,115,50375
1563668,0,24504,115,50375
1563718,0,23747,115,50375
1563768,0,23747,115,50375
1563818,0,23747,114,50375
1563868,0,23747,114,50375
1564003,0,23747,114,50377
1564053,0,23747,114,50377
1564145,0,24504,114,50377
1564195,0,24504,114,50377
1564245,0,24504,114,50377
1564295,0,23747,114,50377
1564345,0,23747,114,50377
1564395,0,23747,114,50380
1564445,0,23747,114,50380
1564495,0,23392,114,50380
1564545,0,23392,114,50380
1564595,0,23392,114,50380
1564645,0,23392,115,50380
1564695,0,23392,115,50380
1564745,0,23392,115,50380
1564795,0,23392,115,50380
1564845,0,23392,115,50383
1564895,0,24118,115,50383
1564945,0,24118,115,50383
1564995,0,24118,115,50383
1565203,0,23747,115,50385
1565253,0,23747,115,50385
1565303,0,23037,115,50385
1565353,0,23037,115,50385
1565403,0,23037,115,50385
1565453,0,23037,115,50385
1565503,0,23037,115,50385
1565553,0,23037,115,50385
1565603,0,23037,115,50388
1565653,0,23037,115,50388
1565703,0,23392,115,50388
1565753,0,23392,115,50388
1565803,0,23392,115,50388
1565853,0,23392,115,50388
1565903,0,23392,115,50388
1565953,0,23392,115,50388
1566003,0,23392,115,50390
1566095,0,22373,115,50390
1566145,0,22373,115,50390
1566195,0,22373,115,50390
1566330,0,22697,116,50390
1566380,0,22697,116,50390
1566430,0,22697,116,50393
1566480,0,22697,116,50393
1566530,0,22697,116,50393
1566580,0,22697,116,50393
1566630,0,22697,115,50393
1566680,0,22697,115,50393
1566730,0,22697,115,50393
1566780,0,22697,115,50393
1566830,0,22697,115,50395
1566880,0,22373,115,50395
1566930,0,22373,115,50395
1566980,0,22373,115,50395
1567030,0,22373,115,50395
1567122,0,22049,115,50395
1567172,0,22049,115,50395
1567222,0,22049,115,50397
1567272,0,22373,115,50397
1567322,0,22373,115,50397
1567457,0,22373,115,50397
1567507,0,22049,115,50397
1567557,0,22049,115,50397
1567607,0,22049,115,50397
1567657,0,22049,115,50400
1567707,0,22049,115,50400
1567757,0,22049,115,50400
1567807,0,22049,115,50400
1567857,0,22049,114,50400
1567907,0,22049,114,50400
1567957,0,22049,114,50400
1568007,0,22049,114,50400
1568057,0,22049,114,50402
1568149,0,22049,114,50402
1568199,0,22049,114,50402
1568249,0,22049,115,50402
1568299,0,21740,115,50402
1568349,0,21740,115,50402
1568399,0,21740,115,50402
1568449,0,21740,115,50405
1568584,0,21431,115,50405
1568634,0,21431,115,50405
1568684,0,21740,115,50405
1568734,0,21740,115,50405
1568784,0,21740,115,50405
1568834,0,21740,115,50407
1568884,0,21740,115,50407
1568934,0,21740,115,50407
1568984,0,21740,115,50407
1569034,0,21740,115,50407
1569126,0,21431,115,50407
1569176,0,21431,115,50407
1569226,0,21431,115,50407
1569276,0,21740,115,50409
1569326,0,21740,115,50409
1569376,0,21740,115,50409
1569426,0,21740,115,50409
1569476,0,21138,114,50409
1569526,0,21138,114,50409
1569576,0,21138,114,50409
1569712,0,21138,114,50411
1569762,0,21138,114,50411
1569812,0,21138,114,50411
1569862,0,21138,115,50411
1569912,0,21138,115,50411
1569962,0,21138,115,50411
1570012,0,21138,115,50411
1570062,0,21138,115,50413
1570154,0,21138,115,50413
1570204,0,21138,115,50413
1570254,0,21138,115,50413
1570304,0,20860,115,50413
1570354,0,20860,115,50413
1570404,0,20860,115,50413
1570454,0,20860,115,50415
1570504,0,21138,115,50415
1570640,0,21138,115,50415
1570690,0,20860,115,50415
1570740,0,20860,115,50415
1570790,0,20860,115,50415
1570840,0,20860,115,50417
1570890,0,20582,115,50417
1570940,0,20582,115,50417
1570990,0,20582,115,50417
1571040,0,20582,115,50417
1571132,0,20582,115,50417
1571182,0,20582,115,50417
1571232,0,20582,115,50417
1571282,0,20582,115,50419
1571332,0,20582,115,50419
1571382,0,20582,115,50419
1571432,0,20582,115,50419
1571482,0,20041,114,50419
1571532,0,20041,114,50419
1571582,0,20041,114,50419
1571632,0,20041,114,50419
1571767,0,20304,114,50422
1571817,0,20304,114,50422
1571867,0,20304,115,50422
1571917,0,19794,115,50422
1571967,0,19794,115,50422
1572017,0,19794,115,50422
1572067,0,19794,115,50423
1572201,0,20041,115,50423
1572251,0,20041,114,50423
1572301,0,20041,114,50423
1572351,0,20041,114,50423
1572401,0,20041,114,50423
1572451,0,20041,114,50425
1572501,0,19532,114,50425
1572551,0,19532,114,50425
1572601,0,19532,114,50425
1572651,0,19532,115,50425
1572701,0,19532,115,50425
1572751,0,19532,115,50425
1572801,0,19532,115,50425
1573106,0,19300,115,50427
1573156,0,19300,115,50427
1573206,0,19300,115,50427
1573256,0,19300,115,50429
1573306,0,19532,115,50429
1573398,0,19532,115,50429
1573448,0,19532,115,50429
1573498,0,19532,115,50429
1573548,0,19532,115,50429
1573598,0,19532,115,50429
1573648,0,19532,115,50429
1573698,0,19053,115,50431
1573748,0,19053,115,50431
1573798,0,19053,115,50431
1573848,0,19053,115,50431
1573898,0,19053,115,50431
1573948,0,19053,115,50431
1573998,0,19053,115,50431
1574048,0,19053,115,50431
1574098,0,18590,115,50433
1574275,0,19053,114,50433
1574325,0,19053,114,50433
1574417,0,19053,114,50433
1574467,0,19053,114,50433
1574517,0,19053,114,50435
1574567,0,19053,114,50435
1574617,0,19053,114,50435
1574667,0,19053,114,50435
1574717,0,18590,115,50435
1574767,0,18590,115,50435
1574817,0,18590,115,50435
1574867,0,18590,115,50435
1574917,0,18822,115,50437
1574967,0,18822,115,50437
1575017,0,18822,115,50437
1575067,0,18822,115,50437
1575117,0,18374,115,50437
1575167,0,18374,115,50437
1575217,0,18374,115,50437
1575267,0,18374,115,50437
1575445,0,18822,115,50438
1575495,0,18590,114,50438
1575545,0,18590,114,50438
1575595,0,18590,114,50438
1575645,0,18590,114,50438
1575695,0,18158,114,50440
1575745,0,18158,114,50440
1575795,0,18158,114,50440
1575845,0,18158,114,50440
1575895,0,18374,114,50440
1575945,0,18374,114,50440
1575995,0,18374,114,50440
1576045,0,18374,114,50440
1576095,0,18158,114,50442
1576145,0,18158,114,50442
1576195,0,18158,114,50442
1576245,0,18158,114,50442
1576295,0,18158,115,50442
1576387,0,18158,115,50442
1576437,0,18158,115,50442
1576572,0,17941,115,50444
1576622,0,17941,115,50444
1576672,0,17941,115,50444
1576722,0,17941,115,50444
1576772,0,17941,115,50444
1576822,0,17941,115,50444
1576872,0,17941,115,50444
1576922,0,17941,115,50445
1576972,0,17941,115,50445
1577022,0,17941,115,50445
1577072,0,17540,115,50445
1577122,0,17540,114,50445
1577172,0,17540,114,50445
1577222,0,17540,114,50445
1577272,0,17941,114,50445
1577364,0,17941,114,50446
1577414,0,17941,114,50446
1577464,0,17941,114,50446
1577514,0,17339,115,50446
1577564,0,17339,115,50446
1577699,0,17540,115,50448
1577749,0,17540,115,50448
1577799,0,17540,115,50448
1577849,0,17540,115,50448
1577899,0,17154,115,50448
1577949,0,17154,115,50448
1577999,0,17154,115,50448
1578049,0,17154,115,50448
1578099,0,17154,115,50450
1578149,0,17154,115,50450
1578199,0,17154,115,50450
1578249,0,17154,115,50450
1578299,0,17339,114,50450
1578391,0,17339,114,50450
1578441,0,17339,114,50450
1578491,0,16953,114,50452
1578541,0,16953,114,50452
1578591,0,16953,114,50452
1578641,0,16953,114,50452
1578691,0,17154,115,50452
1578826,0,17154,115,50452
1578876,0,16598,115,50452
1578926,0,16598,115,50453
1578976,0,16598,115,50453
1579026,0,16598,115,50453
1579076,0,17154,115,50453
1579126,0,17154,115,50453
1579176,0,17154,115,50453
1579226,0,17154,115,50453
1579276,0,16413,115,50453
1579326,0,16413,115,50455
1579418,0,16413,115,50455
1579468,0,16413,115,50455
1579518,0,16768,115,50455
1579568,0,16768,115,50455
1579618,0,16768,115,50455
1579668,0,16768,115,50455
1579718,0,16243,115,50456
1579768,0,16243,115,50456
1579818,0,16243,115,50456
1579953,0,16598,115,50456
1580003,0,16598,115,50456
1580053,0,16598,115,50456
1580103,0,16073,115,50458
1580153,0,16073,115,50458
1580203,0,16073,115,50458
1580253,0,16073,115,50458
1580303,0,16413,115,50458
1580395,0,16413,115,50458
1580445,0,16413,115,50458
1580495,0,16073,115,50458
1580545,0,16073,115,50459
1580595,0,16073,115,50459
1580645,0,16073,115,50459
1580695,0,16243,115,50459
1580745,0,16243,115,50459
1580795,0,16243,115,50459
1580845,0,16243,115,50459
1580895,0,15749,115,50459
1580945,0,15749,115,50461
1581081,0,16073,115,50461
1581131,0,16073,115,50461
1581181,0,16073,115,50461
1581231,0,16073,115,50461
1581281,0,15595,115,50461
1581331,0,15595,115,50463
1581423,0,15595,115,50463
1581473,0,15749,115,50463
1581523,0,15749,115,50463
1581573,0,15749,115,50463
1581623,0,15749,115,50463
1581673,0,15440,115,50463
1581723,0,15440,115,50464
1581773,0,15440,115,50464
1581823,0,15440,115,50464
1581873,0,15595,115,50464
1581923,0,15595,115,50464
1581973,0,15595,115,50464
1582023,0,15595,115,50464
1582073,0,15286,115,50464
1582210,0,15286,115,50466
1582260,0,15286,115,50466
1582310,0,15749,115,50466
1582360,0,15749,115,50466
1582452,0,15749,115,50466
1582502,0,15286,115,50466
1582552,0,15286,115,50467
1582602,0,15286,115,50467
1582652,0,15286,115,50467
1582702,0,15440,115,50467
1582752,0,15440,115,50467
1582802,0,15440,115,50467
1582852,0,15440,115,50467
1582902,0,15131,115,50467
1582952,0,15131,115,50468
1583002,0,15131,115,50468
1583052,0,15131,115,50468
1583102,0,15286,115,50468
1583152,0,15286,114,50468
1583202,0,15286,114,50468
1583337,0,15131,114,50470
1583429,0,15131,114,50470
1583479,0,15131,114,50470
1583529,0,15131,114,50470
1583579,0,15131,114,50470
1583629,0,15131,114,50470
1583679,0,14838,114,50470
1583729,0,14838,114,50471
1583779,0,14838,114,50471
1583829,0,14838,114,50471
1583879,0,14977,114,50471
1583929,0,14977,114,50471
1583979,0,14977,114,50471
1584029,0,14977,114,50471
1584079,0,14699,114,50471
1584129,0,14699,114,50472
1584179,0,14699,114,50472
1584229,0,14699,114,50472
1584279,0,14838,114,50472
1584371,0,14838,114,50472
1584506,0,14421,114,50472
1584556,0,14421,114,50473
1584606,0,14421,114,50473
1584656,0,14421,114,50473
1584706,0,14699,114,50473
1584756,0,14699,115,50473
1584806,0,14699,115,50473
1584856,0,14699,115,50473
1584906,0,14421,115,50473
1584956,0,14421,115,50475
1585006,0,14421,115,50475
1585056,0,14421,115,50475
1585106,0,14560,115,50475
1585156,0,14560,114,50475
1585206,0,14560,114,50475
1585256,0,14560,114,50475
1585392,0,14159,114,50476
1585484,0,14421,114,50476
1585534,0,14421,114,50476
1585584,0,14421,114,50476
1585634,0,14421,114,50476
1585684,0,14159,114,50476
1585734,0,14159,114,50476
1585784,0,14159,114,50478
1585834,0,14159,114,50478
1585884,0,14159,114,50478
1585934,0,14159,114,50478
1585984,0,14159,115,50478
1586034,0,14159,115,50478
1586084,0,14159,115,50478
1586134,0,14159,115,50478
1586184,0,14159,115,50479
1586234,0,14159,115,50479
1586284,0,13896,115,50479
1586376,0,13896,115,50479
1586426,0,13896,115,50479
1586561,0,14159,115,50480
1586611,0,14159,115,50480
1586661,0,14159,115,50480
1586711,0,13773,115,50480
1586761,0,13773,115,50480
1586811,0,13773,115,50480
1586861,0,13773,115,50480
1586911,0,13896,115,50480
1586961,0,13896,115,50481
1587011,0,13896,115,50481
1587061,0,13896,115,50481
1587111,0,13649,115,50481
1587161,0,13649,115,50481
1587211,0,13649,115,50481
1587261,0,13649,115,50481
1587311,0,13896,115,50481
1587403,0,13896,115,50483
1587453,0,13896,115,50483
1587503,0,13417,115,50483
1587553,0,13417,115,50483
1587688,0,13649,115,50483
1587738,0,13649,115,50483
1587788,0,13649,115,50484
1587838,0,13649,115,50484
1587888,0,13649,115,50484
1587938,0,13649,115,50484
1587988,0,13649,115,50484
1588038,0,13649,115,50484
1588088,0,13309,115,50484
1588138,0,13309,115,50484
1588188,0,13309,115,50485
1588238,0,13309,115,50485
1588288,0,13417,115,50485
1588338,0,13417,115,50485
1588430,0,13417,116,50485
1588480,0,13078,116,50485
1588530,0,13078,116,50485
1588580,0,13078,116,50486
1588630,0,13078,116,50486
1588680,0,13309,116,50486
1588816,0,13309,115,50486
1588866,0,13309,115,50486
1588916,0,12970,115,50486
1588966,0,12970,115,50487
1589016,0,12970,115,50487
1589066,0,12970,115,50487
1589116,0,13309,115,50487
1589166,0,13309,115,50487
1589216,0,13309,115,50487
1589266,0,13309,115,50487
1589316,0,13309,115,50487
1589408,0,13309,115,50489
1589458,0,13309,115,50489
1589508,0,12970,115,50489
1589558,0,12970,115,50489
1589608,0,12970,115,50489
1589658,0,12970,115,50489
1589708,0,13078,115,50489
1589758,0,13078,115,50489
1589808,0,13078,115,50491
1589944,0,12753,115,50491
1589994,0,12753,115,50491
1590044,0,12753,115,50491
1590094,0,12970,115,50491
1590144,0,12970,115,50491
1590194,0,12970,115,50492
1590244,0,12970,115,50492
1590294,0,12645,115,50492
1590344,0,12645,115,50492
1590436,0,12645,115,50492
1590486,0,12645,115,50492
1590536,0,12645,115,50492
1590586,0,12645,115,50492
1590636,0,12645,115,50492
1590686,0,12862,115,50492
1590736,0,12862,115,50492
1590786,0,12862,115,50492
1590836,0,12862,115,50492
1590886,0,12445,115,50492
1590936,0,12445,115,50492
1591071,0,12445,115,50493
1591121,0,12645,115,50493
1591171,0,12645,115,50493
1591221,0,12645,115,50493
1591271,0,12645,115,50493
1591321,0,12445,115,50493
1591371,0,12445,115,50493
1591463,0,12445,115,50494
1591513,0,12445,115,50494
1591563,0,12445,115,50494
1591613,0,12445,114,50494
1591663,0,12445,114,50494
1591713,0,12445,114,50494
1591763,0,12445,114,50494
1591813,0,12445,114,50495
1591863,0,12445,114,50495
1591913,0,12244,114,50495
1591963,0,12244,114,50495
1592013,0,12244,114,50495
1592063,0,12244,114,50495
1592198,0,12352,114,50497
1592248,0,12352,114,50497
1592298,0,12059,114,50497
1592348,0,12059,114,50497
1592440,0,12059,114,50497
1592490,0,12059,114,50497
1592540,0,12059,114,50497
1592590,0,12059,114,50498
1592640,0,12059,114,50498
1592690,0,12151,114,50498
1592740,0,12151,114,50498
1592790,0,12151,114,50498
1592840,0,12151,114,50498
1592890,0,11873,114,50498
1592940,0,11873,114,50498
1592990,0,11873,114,50500
1593040,0,11873,114,50500
1593090,0,12059,114,50500
1593140,0,12059,114,50500
1593190,0,12059,115,50500
1593326,0,12059,115,50500
1593376,0,12059,115,50500
1593468,0,12059,115,50500
1593518,0,11781,115,50500
1593568,0,11781,115,50500
1593618,0,11781,115,50500
1593668,0,11781,115,50500
1593718,0,11873,115,50500
1593768,0,11873,115,50500
1593818,0,11873,115,50502
1593868,0,11873,115,50502
1593918,0,11688,115,50502
1593968,0,11688,115,50502
1594018,0,11688,115,50502
1594068,0,11688,115,50502
1594118,0,11688,115,50502
1594168,0,11688,115,50502
1594218,0,11688,115,50503
1594268,0,11688,115,50503
1594318,0,11873,115,50503
1594496,0,11518,115,50503
1594546,0,11518,115,50503
1594596,0,11518,115,50503
1594646,0,11518,115,50504
1594696,0,11688,115,50504
1594746,0,11688,115,50504
1594796,0,11688,115,50504
1594846,0,11688,115,50504
1594896,0,11688,115,50504
1594946,0,11688,115,50504
1594996,0,11688,115,50504
1595046,0,11688,115,50504
1595096,0,11426,115,50504
1595146,0,11426,115,50504
1595196,0,11426,115,50504
1595246,0,11426,115,50504
1595296,0,11688,115,50504
1595388,0,11688,115,50504
1595438,0,11688,115,50505
1595488,0,11348,115,50505
1595623,0,11348,115,50505
1595673,0,11348,115,50505
1595723,0,11348,115,50505
1595773,0,11348,115,50505
1595823,0,11348,115,50506
1595873,0,11348,115,50506
1595923,0,11348,115,50506
1595973,0,11348,115,50506
1596023,0,11348,115,50506
1596073,0,11101,115,50506
1596123,0,11101,115,50506
1596173,0,11101,115,50506
1596223,0,11101,115,50507
1596273,0,11179,115,50507
1596323,0,11179,115,50507
1596415,0,11179,115,50507
1596465,0,11179,115,50507
1596515,0,11179,115,50507
1596565,0,11179,115,50507
1596615,0,11179,115,50509
1596751,0,10947,115,50509
1596801,0,10947,115,50509
1596851,0,10947,115,50509
1596901,0,11179,115,50509
1596951,0,11179,115,50509
1597001,0,11179,115,50509
1597051,0,11179,115,50509
1597101,0,11179,115,50509
1597151,0,11179,115,50509
1597201,0,11179,115,50509
1597251,0,11179,115,50509
1597301,0,10792,115,50509
1597351,0,10792,115,50509
1597443,0,10792,115,50510
1597493,0,10947,115,50510
1597543,0,10947,115,50510
1597593,0,10947,115,50510
1597643,0,10947,115,50510
1597693,0,10947,115,50510
1597743,0,10947,115,50510
1597878,0,10638,115,50511
1597928,0,10638,115,50511
1597978,0,10638,115,50511
1598028,0,10638,114,50511
1598078,0,10792,114,50511
1598128,0,10792,114,50511
1598178,0,10792,114,50511
1598228,0,10792,114,50513
1598278,0,10561,114,50513
1598328,0,10561,114,50513
1598420,0,10561,114,50513
1598470,0,10561,115,50513
1598520,0,10561,115,50513
1598570,0,10561,115,50513
1598620,0,10561,115,50513
1598670,0,10561,115,50513
1598720,0,10499,115,50513
1598770,0,10499,115,50513
1598820,0,10499,115,50513
1598870,0,10499,115,50513
1599005,0,10283,115,50513
1599055,0,10283,115,50515
1599105,0,10283,115,50515
1599155,0,10283,115,50515
1599205,0,10283,115,50515
1599255,0,10283,115,50515
1599305,0,10499,115,50515
1599355,0,10499,115,50515
1599447,0,10499,115,50516
1599497,0,10221,115,50516
1599547,0,10221,115,50516
1599597,0,10221,115,50516
1599647,0,10221,114,50516
1599697,0,10221,114,50516
1599747,0,10221,114,50516
1599797,0,10221,114,50516
1599934,0,10221,114,50516
1599984,0,10221,114,50516
1600034,0,10221,115,50516
1600084,0,10020,115,50516
1600134,0,10020,115,50516
1600184,0,10020,115,50516
1600234,0,10020,115,50516
1600284,0,10020,115,50517
1600334,0,10020,115,50517
1600426,0,10020,115,50517
1600476,0,10082,115,50517
1600526,0,10082,115,50517
1600576,0,10082,115,50517
1600626,0,10082,115,50517
1600676,0,10082,115,50519
1600726,0,10082,115,50519
1600776,0,10082,115,50519
1600826,0,10082,115,50519
1600876,0,9758,115,50519
1600926,0,9758,115,50519
1601061,0,9758,115,50520
1601111,0,9820,115,50520
1601161,0,9820,115,50520
1601211,0,9820,115,50520
1601261,0,9820,114,50520
1601311,0,9820,114,50520
1601361,0,9820,114,50520
1601453,0,9820,114,50521
1601503,0,9588,114,50521
1601553,0,9588,114,50521
1601603,0,9588,114,50521
1601653,0,9588,114,50521
1601703,0,9650,114,50521
1601753,0,9650,114,50521
1601803,0,9650,114,50521
1601853,0,9650,114,50522
1601903,0,9650,114,50522
1601953,0,9650,114,50522
1602003,0,9650,114,50522
1602053,0,9650,114,50522
1602188,0,9295,114,50522
1602238,0,9295,114,50522
1602288,0,9295,114,50523
1602338,0,9295,114,50523
1602388,0,9295,114,50523
1602438,0,9295,114,50523
1602530,0,9357,114,50523
1602580,0,9357,114,50523
1602630,0,9357,114,50523
1602680,0,9125,114,50523
1602730,0,9125,114,50523
1602780,0,9125,114,50523
1602830,0,9125,114,50523
1602880,0,9125,116,50523
1602930,0,9125,116,50523
1602980,0,9125,116,50523
1603030,0,9125,116,50523
1603080,0,9295,116,50524
1603130,0,9295,116,50524
1603180,0,9295,116,50524
1603315,0,9295,115,50524
1603365,0,9295,115,50524
1603415,0,9295,115,50524
1603465,0,9295,115,50526
1603557,0,8970,115,50526
1603607,0,8970,115,50526
1603657,0,8970,115,50526
1603707,0,8970,115,50526
1603757,0,8970,115,50526
1603807,0,8970,115,50526
1603857,0,8970,115,50526
1603907,0,9079,115,50526
1603957,0,9079,115,50526
1604007,0,9079,115,50526
1604057,0,9079,115,50526
1604107,0,8816,115,50526
1604157,0,8816,115,50526
1604207,0,8816,115,50526
1604257,0,8816,115,50526
1604307,0,8816,115,50527
1604442,0,8816,115,50527
1604492,0,8862,115,50527
1604626,0,8862,115,50527
1604676,0,8862,115,50527
1604726,0,8862,115,50527
1604776,0,8862,115,50527
1604826,0,8862,115,50527
1604876,0,8569,114,50527
1604926,0,8569,114,50527
1604976,0,8569,114,50527
1605026,0,8569,114,50527
1605076,0,8569,114,50528
1605126,0,8569,114,50528
1605176,0,8569,114,50528
1605226,0,8569,114,50528
1605276,0,8662,115,50528
1605326,0,8662,115,50528
1605376,0,8662,115,50528
1605426,0,8662,115,50528
1605476,0,8476,115,50529
1605781,0,8476,115,50529
1605873,0,8523,115,50530
1605923,0,8523,115,50530
1605973,0,8523,115,50530
1606023,0,8523,115,50530
1606073,0,8523,115,50530
1606123,0,8523,115,50530
1606173,0,8523,115,50530
1606223,0,8523,115,50530
1606273,0,8291,115,50531
1606323,0,8291,115,50531
1606373,0,8291,115,50531
1606423,0,8291,115,50531
1606473,0,8291,115,50531
1606523,0,8291,115,50531
1606573,0,8291,115,50531
1606623,0,8291,115,50531
1606673,0,8291,115,50531
1606723,0,8291,115,50532
1606815,0,8291,115,50532
1606992,0,8291,115,50532
1607042,0,8291,115,50532
1607092,0,8121,115,50533
1607142,0,8121,115,50533
1607192,0,8121,115,50533
1607242,0,8121,115,50533
1607292,0,8121,115,50533
1607342,0,8121,115,50533
1607392,0,8121,115,50533
1607442,0,8121,115,50533
1607492,0,8121,115,50534
1607542,0,8121,115,50534
1607592,0,8121,115,50534
1607642,0,8121,115,50534
1607692,0,8121,115,50534
1607742,0,8121,115,50534
1607792,0,8121,115,50534
1607884,0,7905,115,50534
1607934,0,7905,115,50535
1607984,0,7905,115,50535
1608119,0,7905,115,50535
1608169,0,7905,115,50535
1608219,0,7905,115,50535
1608269,0,7905,115,50535
1608319,0,7951,115,50535
1608369,0,7951,115,50535
1608419,0,7951,115,50535
1608469,0,7951,115,50535
1608519,0,7951,115,50535
1608569,0,7951,115,50535
1608619,0,7951,115,50535
1608669,0,7951,115,50535
1608719,0,7751,115,50535
1608769,0,7751,115,50535
1608819,0,7751,115,50535
1608911,0,7751,115,50535
1608961,0,7751,115,50535
1609011,0,7751,115,50535
1609061,0,7751,115,50535
1609111,0,7720,115,50537
1609247,0,7720,115,50537
1609297,0,7720,115,50537
1609347,0,7720,115,50537
1609397,0,7720,115,50537
1609447,0,7720,115,50537
1609497,0,7519,115,50537
1609547,0,7519,115,50538
1609597,0,7519,115,50538
1609647,0,7519,115,50538
1609697,0,7519,115,50538
1609747,0,7519,115,50538
1609797,0,7519,115,50538
1609847,0,7519,115,50538
1609897,0,7519,115,50538
1609989,0,7519,115,50539
1610039,0,7519,115,50539
1610089,0,7519,115,50539
1610139,0,7519,115,50539
1610189,0,7519,115,50539
1610239,0,7519,115,50539
1610374,0,7272,115,50539
1610424,0,7272,115,50539
1610474,0,7272,115,50539
1610524,0,7272,115,50539
1610574,0,7272,115,50539
1610624,0,7272,115,50539
1610674,0,6793,115,50539
1610724,0,6793,115,50540
1610774,0,6793,115,50540
1610824,0,6793,115,50540
1610874,0,6793,115,50540
1610924,0,6793,215,50540
1611016,0,6793,215,50540
1611066,0,6793,215,50540
1611116,0,6793,215,50520
1611166,0,6793,215,50520
1611216,0,6793,215,50520
1611266,0,6793,215,50520
1611316,0,5311,236,50520
1611366,0,5311,236,50520
1611501,0,5311,236,50520
1611551,0,5311,236,50520
1611601,0,5311,236,50520
1611651,0,5311,236,50520
1611701,0,5311,236,50520
1611751,0,5311,238,50520
1611801,0,5311,238,50520
1611851,0,5311,238,50520
1611901,0,5311,238,50520
1611951,0,5311,238,50520
1612043,0,5311,238,50520
1612093,0,5311,238,50520
1612143,0,5311,659,50520
1612193,0,5311,659,50520
1612243,0,5311,659,50520
1612293,0,5311,659,50520
1612343,0,5311,659,50530
1612393,0,5311,659,50530
1612443,0,5311,659,50530
1612493,0,5257,659,50530
1612628,0,5110,196,50530
1612678,0,5056,196,50530
1612728,0,5002,196,50532
1612778,0,4948,196,50532
1612828,0,4894,196,50532
1612878,0,4839,196,50532
1612928,0,4785,192,50532
1612978,0,4731,192,50532
1613028,0,4677,192,50532
1613078,0,4623,192,50532
1613170,0,4523,192,50532
1613220,0,4469,192,50532
1613270,0,4415,192,50532
1613320,0,4360,262,50532
1613370,0,4306,262,50532
1613420,0,4252,262,50532
1613470,0,4198,262,50532
1613520,0,4144,262,50532
1613570,0,4089,262,50519
1613620,0,4035,262,50519
1613756,0,3888,377,50519
1613806,0,3834,377,50519
1613856,0,3779,377,50519
1613906,0,3725,377,50519
1613956,0,3671,377,50506
1614006,0,3617,377,50506
1614056,0,3563,377,50506
1614106,0,3508,377,50506
1614156,0,3454,373,50506
1614206,0,3400,373,50506
1614298,0,3300,373,50506
1614348,0,3246,373,50509
1614398,0,3192,373,50509
1614448,0,3138,373,50509
1614498,0,3083,373,50509
1614548,0,3029,370,50509
1614683,0,2883,370,50509
1614733,0,2829,370,50509
1614783,0,2774,370,50508
1614833,0,2720,370,50508
1614883,0,2666,370,50508
1614933,0,2612,370,50508
1614983,0,2558,368,50508
1615033,0,2503,368,50508
1615083,0,2449,368,50508
1615133,0,2395,368,50508
1615183,0,2341,368,50510
1615233,0,2287,368,50510
1615283,0,2232,368,50510
1615333,0,2178,368,50510
1615383,0,2124,365,50510
1615475,0,2024,365,50510
1615525,0,1970,365,50510
1615575,0,1916,365,50512
1615625,0,1862,365,50512
1615675,0,1808,365,50512
1615810,0,1661,1948,50512
1615860,0,1607,1948,50512
1615910,0,1553,1948,50512
1615960,0,1499,1948,50218
1616010,0,1444,1948,50218
1616060,0,1390,1948,50218
1616110,0,1336,1948,50218
1616160,0,1282,2488,50218
1616210,0,1228,2488,50218
1616260,0,1173,2488,50218
1616310,0,1119,2488,50218
1616360,0,1065,2488,50185
1616410,0,1011,2488,50185
1616460,0,957,2488,50185
1616510,0,902,2488,50185
1616602,0,803,3477,50185
1616652,0,749,3477,50185
1616702,0,694,3477,50185
1616752,0,640,3477,50161
1616802,0,586,3477,50161
1616937,0,440,3477,50161
1616987,0,385,3728,50161
1617037,0,331,3728,50161
1617087,0,277,3728,50161
1617137,0,277,3728,50161
1617187,0,277,3728,50125
1617237,0,277,3728,50125
1617287,0,277,3728,50125
1617337,0,277,3728,50125
1617387,0,277,3920,50125
1617437,0,277,3920,50125
1617487,0,277,3920,50125
1617537,0,277,3920,50125
1617631,0,277,3920,50099
1617681,0,277,3920,50099
1617731,0,277,3920,50099
1617781,0,277,4104,50099
1617831,0,277,4104,50099
1617881,0,277,4104,50099
1617931,0,277,4104,50099
1618066,0,277,4104,50057
1618116,0,277,4104,50057
1618166,0,277,4382,50057
1618216,0,277,4382,50057
1618266,0,277,4382,50057
1618316,0,746,4382,50057
1618366,0,1216,4382,50029
1618416,0,1685,4382,50029
1618466,0,2155,4382,50029
1618516,0,2624,4382,50029
1618566,0,2624,3989,50029
1618616,0,2624,3989,50029
1618708,0,2624,3989,50029
1618758,0,2624,3989,50007
1618808,0,2624,3989,50007
1618858,0,2624,3989,50007
1618908,0,2624,3989,50007
1618958,0,2624,3764,50007
1619008,0,2624,3764,50007
1619058,0,2624,3764,50007
1619193,0,2624,3764,49971
1619243,0,2624,3764,49971
1619293,0,3674,3764,49971
1619343,0,3674,3764,49971
1619393,0,3674,3936,49971
1619443,0,3674,3936,49971
1619493,0,3674,3936,49971
1619543,0,3674,3936,49971
1619593,0,3674,3936,49942
1619643,0,3674,3936,49942
1619735,0,3674,3936,49942
1619785,0,3674,4115,49942
1619835,0,3674,4115,49942
1619885,0,3674,4115,49942
1619935,0,3674,4115,49942
1619985,0,3674,4115,49915
1620035,0,3674,4115,49915
1620085,0,4323,4115,49915
1620135,0,4323,4115,49915
1620185,0,4323,4276,49915
1620320,0,4323,4276,49915
1620370,0,4323,4276,49915
1620420,0,4323,4276,49887
1620470,0,4323,4276,49887
1620520,0,4323,4276,49887
1620570,0,4323,4276,49887
1620620,0,4323,4455,49887
1620712,0,5110,4455,49887
1620762,0,5110,4455,49887
1620812,0,5110,4455,49856
1620862,0,5110,4455,49856
1620912,0,5110,4455,49856
1620962,0,5110,4455,49856
1621012,0,5110,4633,49856
1621062,0,5110,4633,49856
1621112,0,5110,4633,49856
1621162,0,5110,4633,49856
1621212,0,5110,4633,49826
1621262,0,5110,4633,49826
1621312,0,5543,4633,49826
1621447,0,5543,4798,49826
1621497,0,5543,4798,49826
1621547,0,5543,4798,49826
1621597,0,5543,4798,49795
1621647,0,5543,4798,49795
1621739,0,5543,4798,49795
1621789,0,5543,4956,49795
1621839,0,5543,4956,49795
1621889,0,6222,4956,49795
1621939,0,6222,4956,49795
1621989,0,6222,4956,49768
1622039,0,6222,4956,49768
1622089,0,6222,4956,49768
1622139,0,6222,4956,49768
1622189,0,6222,5142,49768
1622239,0,6222,5142,49768
1622289,0,6562,5142,49768
1622339,0,6562,5142,49768
1622389,0,6562,5142,49741
1622439,0,6562,5142,49741
1622575,0,6562,5142,49741
1622625,0,6562,5297,49741
1622675,0,7133,5297,49741
1622767,0,7133,5297,49741
1622817,0,7133,5297,49710
1622867,0,7133,5297,49710
1622917,0,7133,5297,49710
1622967,0,7133,5297,49710
1623017,0,7133,5484,49710
1623067,0,7133,5484,49710
1623117,0,7457,5484,49710
1623167,0,7457,5484,49710
1623217,0,7457,5484,49680
1623267,0,7457,5484,49680
1623317,0,7457,5484,49680
1623367,0,7457,5484,49680
1623417,0,7457,5642,49680
1623467,0,7457,5642,49680
1623517,0,7951,5642,49680
1623567,0,7951,5642,49680
1623745,0,7951,5642,49648
1623795,0,7951,5824,49648
1623845,0,7951,5824,49648
1623895,0,8168,5824,49648
1623945,0,8168,5824,49648
1623995,0,8168,5824,49619
1624045,0,8168,5824,49619
1624095,0,8168,5824,49619
1624145,0,8168,5824,49619
1624195,0,8168,5983,49619
1624245,0,8168,5983,49619
1624295,0,8662,5983,49619
1624345,0,8662,5983,49619
1624395,0,8662,5983,49619
1624445,0,8662,5983,49585
1624495,0,8662,5983,49585
1624545,0,8662,5983,49585
1624595,0,8662,5983,49585
1624687,0,8970,6169,49585
1624737,0,8970,6169,49585
1624872,0,9403,6169,49555
1624922,0,9403,6169,49555
1624972,0,9403,6169,49555
1625022,0,9403,6338,49555
1625072,0,9403,6338,49555
1625122,0,9403,6338,49555
1625172,0,9403,6338,49555
1625222,0,9403,6338,49525
1625272,0,9526,6338,49525
1625322,0,9526,6338,49525
1625372,0,9526,6338,49525
1625422,0,9526,6512,49525
1625472,0,9526,6512,49525
1625522,0,9526,6512,49525
1625572,0,9526,6512,49525
1625622,0,9526,6512,49492
1625714,0,10082,6512,49492
1625764,0,10082,6512,49492
1625814,0,10082,6686,49492
1625864,0,10082,6686,49492
1625999,0,10144,6686,49492
1626049,0,10144,6686,49465
1626099,0,10144,6686,49465
1626149,0,10144,6686,49465
1626199,0,10144,6686,49465
1626249,0,10144,6838,49465
1626299,0,10561,6838,49465
1626349,0,10561,6838,49465
1626399,0,10561,6838,49465
1626449,0,10561,6838,49434
1626499,0,10638,6838,49434
1626549,0,10638,6838,49434
1626599,0,10638,6838,49434
1626691,0,11179,6998,49434
1626741,0,11179,6998,49434
1626791,0,11179,6998,49434
1626841,0,11179,6998,49405
1626891,0,11179,6998,49405
1626941,0,11179,6998,49405
1626991,0,11179,6998,49405
1627126,0,11179,7179,49405
1627176,0,11179,7179,49405
1627226,0,11179,7179,49372
1627276,0,11688,7179,49372
1627326,0,11688,7179,49372
1627376,0,11688,7179,49372
1627426,0,11688,7351,49372
1627476,0,11688,7351,49372
1627526,0,11688,7351,49372
1627576,0,11688,7351,49372
1627668,0,11688,7351,49340
1627718,0,11688,7351,49340
1627768,0,11688,7351,49340
1627818,0,11688,7351,49340
1627868,0,11688,7494,49340
1627918,0,12151,7494,49340
1627968,0,12151,7494,49340
1628018,0,12151,7494,49340
1628068,0,12151,7494,49313
1628118,0,12244,7494,49313
1628253,0,12244,8594,49313
1628303,0,12753,8594,49313
1628353,0,12753,8594,49313
1628403,0,12753,8594,49313
1628453,0,12753,8594,49278
1628503,0,12645,8594,49278
1628553,0,12645,8594,49278
1628645,0,12645,8834,49278
1628695,0,12645,8834,49278
1628745,0,12645,8834,49278
1628795,0,12645,8834,49278
1628845,0,12645,8834,49245
1628895,0,13078,8834,49245
1628945,0,13078,8834,49245
1628995,0,13078,8834,49245
1629045,0,13078,9027,49245
1629180,0,13078,9027,49245
1629230,0,13078,9027,49245
1629280,0,13773,9027,49217
1629330,0,13773,9027,49217
1629380,0,13773,9027,49217
1629430,0,13773,9027,49217
1629480,0,13417,9183,49217
1629530,0,13417,9183,49217
1629622,0,13417,9183,49217
1629672,0,13896,9183,49188
1629722,0,13896,9183,49188
1629772,0,13896,9183,49188
1629822,0,13896,9183,49188
1629872,0,13896,9308,49188
1629922,0,13896,9308,49188
1629972,0,13896,9308,49188
1630022,0,13896,9308,49188
1630072,0,13896,9308,49156
1630122,0,13896,9308,49156
1630172,0,13896,9308,49156
1630307,0,14421,9511,49156
1630357,0,14421,9511,49156
1630407,0,14421,9511,49156
1630457,0,14421,9511,49126
1630507,0,14421,9511,49126
1630599,0,14421,9511,49126
1630649,0,14421,9724,49126
1630699,0,14838,9724,49126
1630749,0,14838,9724,49126
1630799,0,14838,9724,49126
1630849,0,14838,9724,49093
1630899,0,14699,9724,49093
1630949,0,14699,9724,49093
1630999,0,14699,9724,49093
1631049,0,14699,9741,49093
1631099,0,15131,9741,49093
1631149,0,15131,9741,49093
1631199,0,15131,9741,49093
1631249,0,15131,9741,49061
1631299,0,15131,9741,49061
1631434,0,15131,9741,49061
1631484,0,15749,8992,49061
1631576,0,15749,8992,49061
1631626,0,15749,8992,49061
1631676,0,15440,8992,49025
1631726,0,15440,8992,49025
1631776,0,15440,8992,49025
1631826,0,15440,8992,49025
1631876,0,15903,9148,49025
1631926,0,15903,9148,49025
1631976,0,15903,9148,49025
1632026,0,15903,9148,49025
1632076,0,15903,9148,48993
1632126,0,15903,9148,48993
1632176,0,15903,9148,48993
1632226,0,15903,9148,48993
1632276,0,15903,9323,48993
1632326,0,15903,9323,48993
1632376,0,15903,9323,48993
1632468,0,15903,9323,48966
1632633,0,15903,9323,48966
1632683,0,16243,9467,48966
1632733,0,16243,9467,48966
1632783,0,16243,9467,48966
1632833,0,16243,9467,48966
1632883,0,16768,9467,48935
1632933,0,16768,9467,48935
1632983,0,16768,9467,48935
1633033,0,16768,9467,48935
1633083,0,16598,9659,48935
1633133,0,16598,9659,48935
1633183,0,16598,9659,48935
1633233,0,16598,9659,48935
1633283,0,16953,9659,48907
1633333,0,16953,9659,48907
1633383,0,16953,9659,48907
1633475,0,16768,9825,48907
1633525,0,16768,9825,48907
1633575,0,16768,9825,48907
1633625,0,16768,9825,48907
1633760,0,17154,9825,48877
1633810,0,17154,9825,48877
1633860,0,17154,9825,48877
1633910,0,17339,9973,48877
1633960,0,17339,9973,48877
1634010,0,17339,9973,48877
1634060,0,17339,9973,48877
1634110,0,17540,9973,48842
1634160,0,17540,9973,48842
1634210,0,17540,9973,48842
1634260,0,17540,9973,48842
1634310,0,17741,10148,48842
1634360,0,17741,10148,48842
1634452,0,17741,10148,48842
1634502,0,17941,10148,48808
1634552,0,17941,10148,48808
1634602,0,17941,10148,48808
1634652,0,17941,10148,48808
1634702,0,18158,10270,48808
1634752,0,18158,10270,48808
1634887,0,18374,10270,48774
1634937,0,18374,10270,48774
1634987,0,18374,10270,48774
1635037,0,18374,10270,48774
1635087,0,18374,10450,48774
1635137,0,18374,10450,48774
1635187,0,18374,10450,48774
1635237,0,18374,10450,48774
1635287,0,18374,10450,48751
1635337,0,18374,10450,48751
1635429,0,18374,10450,48751
1635479,0,18822,10617,48751
1635529,0,18822,10617,48751
1635579,0,18822,10617,48751
1635629,0,18822,10617,48751
1635679,0,19300,10617,48715
1635729,0,19300,10617,48715
1635779,0,19300,10617,48715
1635829,0,19300,10617,48715
1635879,0,19053,10762,48715
1636015,0,19053,10762,48715
1636065,0,19053,10762,48715
1636115,0,19532,10762,48679
1636165,0,19532,10762,48679
1636215,0,19532,10762,48679
1636265,0,19532,10762,48679
1636357,0,19794,10950,48679
1636407,0,19794,10950,48679
1636457,0,19794,10950,48679
1636507,0,19794,10950,48646
1636557,0,19794,10950,48646
1636607,0,19794,10950,48646
1636657,0,19794,10950,48646
1636707,0,19794,11101,48646
1636757,0,19794,11101,48646
1636807,0,19794,11101,48646
1636857,0,19794,11101,48646
1636907,0,20041,11101,48628
1636957,0,20041,11101,48628
1637007,0,20041,11101,48628
1637142,0,20041,11238,48628
1637192,0,20041,11238,48628
1637242,0,20041,11238,48628
1637376,0,20582,11238,48585
1637426,0,20582,11238,48585
1637476,0,20582,11238,48585
1637526,0,20582,11388,48585
1637576,0,20582,11388,48585
1637626,0,20582,11388,48585
1637676,0,20860,11388,48585
1637726,0,20860,11388,48561
1637776,0,20860,11388,48561
1637826,0,20860,11388,48561
1637876,0,21138,11388,48561
1637926,0,21138,11549,48561
1637976,0,21138,11549,48561
1638026,0,21138,11549,48561
1638076,0,21138,11549,48561
1638126,0,21138,11549,48530
1638219,0,21138,11549,48530
1638524,0,21431,11680,48501
1638574,0,21431,11680,48501
1638624,0,21431,11680,48501
1638674,0,21740,11680,48501
1638724,0,21740,11831,48501
1638774,0,21740,11831,48501
1638824,0,21740,11831,48501
1638874,0,21431,11831,48501
1638924,0,21431,11831,48479
1638974,0,21431,11831,48479
1639024,0,21431,11831,48479
1639074,0,21740,11831,48479
1639124,0,21740,11998,48479
1639174,0,21740,11998,48479
1639224,0,21740,11998,48479
1639274,0,22049,11998,48479
1639366,0,22049,11998,48442
1639416,0,22049,11998,48442
1639466,0,22049,11998,48442
1639516,0,22049,12142,48442
1639693,0,22049,12142,48442
1639743,0,22049,12142,48415
1639793,0,22049,12142,48415
1639843,0,22049,12142,48415
1639893,0,22697,12142,48415
1639943,0,22697,12296,48415
1639993,0,22697,12296,48415
1640043,0,22697,12296,48415
1640093,0,22373,12296,48415
1640143,0,22373,12296,48380
1640193,0,22373,12296,48380
1640243,0,22373,12296,48380
1640335,0,22373,13125,48380
1640385,0,22373,13125,48380
1640435,0,22373,13125,48380
1640485,0,23037,13125,48380
1640535,0,23037,13125,48356
1640585,0,23037,13125,48356
1640635,0,23037,13125,48356
1640685,0,23037,13125,48356
1640820,0,23037,13624,48356
1640870,0,23037,13624,48356
1640920,0,23392,13624,48320
1640970,0,23392,13624,48320
1641020,0,23392,13624,48320
1641070,0,23392,13624,48320
1641120,0,23392,13623,48320
1641170,0,23392,13623,48320
1641220,0,23392,13623,48320
1641312,0,23392,13623,48320
1641362,0,23392,13623,48295
1641412,0,23392,13623,48295
1641462,0,23392,13623,48295
1641512,0,23392,13623,48295
1641562,0,23392,13883,48295
1641612,0,23392,13883,48295
1641662,0,23392,13883,48295
1641712,0,24118,13883,48295
1641762,0,24118,13883,48263
1641812,0,24118,13883,48263
1641948,0,24118,13966,48263
1641998,0,24118,13966,48263
1642048,0,24118,13966,48263
1642098,0,24504,13966,48263
1642148,0,24504,13966,48238
1642240,0,24504,13966,48238
1642290,0,24118,13966,48238
1642340,0,24118,14079,48238
1642390,0,24118,14079,48238
1642440,0,24118,14079,48238
1642490,0,24890,14079,48238
1642540,0,24890,14079,48209
1642590,0,24890,14079,48209
1642640,0,24890,14079,48209
1642690,0,24504,14079,48209
1642740,0,24504,14192,48209
1642790,0,24504,14192,48209
1642840,0,24504,14192,48209
1642890,0,24890,14192,48209
1642940,0,24890,14192,48178
1643075,0,24890,14192,48178
1643125,0,24890,14423,48178
1643217,0,24890,14423,48178
1643267,0,24890,14423,48178
1643317,0,24890,14423,48178
1643367,0,24890,14423,48163
1643417,0,24890,14423,48163
1643467,0,24890,14423,48163
1643517,0,25307,14423,48163
1643567,0,25307,14510,48163
1643617,0,25307,14510,48163
1643667,0,25307,14510,48163
1643717,0,25724,14510,48163
1643767,0,25724,14510,48124
1643817,0,25724,14510,48124
1643867,0,25724,14510,48124
1644002,0,25307,14768,48124
1644052,0,25307,14768,48124
1644144,0,25724,14768,48070
1644194,0,25724,14768,48070
1644244,0,25724,14768,48070
1644294,0,25724,14768,48070
1644344,0,25724,14819,48070
1644394,0,25724,14819,48070
1644444,0,25724,14819,48070
1644494,0,26619,14819,48070
1644544,0,26619,14819,48073
1644594,0,26619,14819,48073
1644644,0,26619,14819,48073
1644694,0,25724,14819,48073
1644744,0,25724,13985,48073
1644794,0,25724,13985,48073
1644844,0,25724,13985,48073
1644894,0,26619,13985,48073
1644944,0,26619,13985,48024
1645036,0,26619,13985,48024
1645172,0,26619,14153,48024
1645222,0,26619,14153,48024
1645272,0,26619,14153,48024
1645322,0,26619,14153,48024
1645372,0,26619,14153,47993
1645422,0,26619,14153,47993
1645472,0,26619,14153,47993
1645522,0,26619,14153,47993
1645572,0,26619,14295,47993
1645622,0,26619,14295,47993
1645672,0,27082,14295,47993
1645722,0,27082,14295,47993
1645772,0,27082,14295,47976
1645822,0,27082,14295,47976
1645872,0,27082,14295,47976
1645964,0,27082,14393,47976
1646014,0,27082,14393,47976
1646064,0,27082,14393,47976
1646114,0,27082,14393,47976
1646164,0,27082,14393,47927
1646299,0,27561,14393,47927
1646349,0,27561,14606,47927
1646399,0,27561,14606,47927
1646449,0,27561,14606,47927
1646499,0,27561,14606,47927
1646549,0,27561,14606,47916
1646599,0,27561,14606,47916
1646649,0,27561,14606,47916
1646699,0,27561,14606,47916
1646749,0,27561,14606,47916
1646799,0,27561,14754,47916
1646849,0,27561,14754,47916
1646941,0,28071,14754,47916
1646991,0,28071,14754,47866
1647041,0,28071,14754,47866
1647091,0,28071,14754,47866
1647141,0,28071,14754,47866
1647191,0,28071,14910,47866
1647241,0,28071,14910,47866
1647291,0,28071,14910,47866
1647426,0,28071,14910,47845
1647476,0,27561,14910,47845
1647526,0,27561,14910,47845
1647576,0,27561,15030,47845
1647626,0,27561,15030,47845
1647676,0,28580,15030,47845
1647726,0,28580,15030,47845
1647776,0,28580,15030,47823
1647868,0,28580,15030,47823
1647918,0,28580,15030,47823
1647968,0,28580,15147,47823
1648018,0,28580,15147,47823
1648068,0,28580,15147,47823
1648118,0,28580,15147,47823
1648168,0,28580,15147,47796
1648218,0,28580,15147,47796
1648268,0,28580,15147,47796
1648318,0,28580,15147,47796
1648368,0,28580,15248,47796
1648418,0,28580,15248,47796
1648554,0,28580,15248,47796
1648604,0,28580,15248,47769
1648654,0,28580,15248,47769
1648704,0,29120,15248,47769
1648754,0,29120,15248,47769
1648846,0,29120,15371,47769
1648896,0,29120,15371,47769
1648946,0,29120,15371,47769
1648996,0,29120,15371,47739
1649046,0,29120,15371,47739
1649096,0,29692,15371,47739
1649146,0,29692,15371,47739
1649196,0,29692,15516,47739
1649246,0,29692,15516,47739
1649296,0,29120,15516,47739
1649346,0,29120,15516,47739
1649396,0,29120,15516,47722
1649446,0,29120,15516,47722
1649496,0,30263,15516,47722
1649546,0,30263,15516,47722
1649683,0,30263,15631,47722
1649775,0,30263,15631,47685
1649825,0,30263,15631,47685
1649875,0,29692,15631,47685
1649925,0,29692,15631,47685
1649975,0,29692,15780,47685
1650025,0,29692,15780,47685
1650075,0,30263,15780,47685
1650125,0,30263,15780,47685
1650175,0,30263,15780,47656
1650225,0,30263,15780,47656
1650275,0,30263,15780,47656
1650325,0,30263,15780,47656
1650375,0,30263,15928,47656
1650425,0,30263,15928,47656
1650475,0,29692,15928,47656
1650525,0,29692,15928,47656
1650575,0,29692,15928,47636
1650667,0,29692,15928,47636
1650717,0,30881,15928,47636
1650852,0,30881,16024,47636
1650902,0,31498,16024,47636
1650952,0,31498,16024,47636
1651002,0,31498,16024,47586
1651052,0,31498,16024,47586
1651102,0,30881,16024,47586
1651152,0,30881,16024,47586
1651202,0,30881,16178,47586
1651252,0,30881,16178,47586
1651302,0,31498,16178,47586
1651352,0,31498,16178,47586
1651402,0,31498,16178,47580
1651452,0,31498,16178,47580
1651502,0,31498,16178,47580
1651594,0,31498,16288,47580
1651644,0,31498,16288,47580
1651694,0,31498,16288,47580
1651744,0,31498,16288,47580
1651794,0,31498,16288,47551
1651844,0,31498,16288,47551
1651979,0,31498,16379,47551
1652029,0,31498,16379,47551
1652079,0,31498,16379,47551
1652129,0,31498,16379,47551
1652179,0,31498,16379,47551
1652229,0,31498,16379,47524
1652279,0,31498,16379,47524
1652329,0,31498,16379,47524
1652379,0,31498,16379,47524
1652429,0,31498,16534,47524
1652479,0,31612,16534,47524
1652571,0,31821,16534,47524
1652621,0,31935,16534,47447
1652671,0,32048,16534,47447
1652721,0,32162,16534,47447
1652771,0,32162,16534,47447
1652821,0,32162,16588,47447
1652871,0,32162,16588,47447
1652921,0,32162,16588,47447
1652971,0,32162,16588,47447
1653106,0,32162,16588,47439
1653156,0,32162,16588,47439
1653206,0,32162,16769,47439
1653256,0,32162,16769,47439
1653306,0,32162,16769,47439
1653356,0,32162,16769,47439
1653406,0,32162,16769,47431
1653456,0,32162,16769,47431
1653548,0,32162,16769,47431
1653598,0,32162,16769,47431
1653648,0,32162,16892,47431
1653698,0,32842,16892,47431
1653748,0,32842,16892,47431
1653798,0,32842,16892,47431
1653848,0,32842,16892,47411
1653898,0,32842,16892,47411
1653948,0,32842,16892,47411
1653998,0,32842,16892,47411
1654048,0,32842,17027,47411
1654098,0,32162,17027,47411
1654233,0,32162,17027,47391
1654283,0,32162,17027,47391
1654333,0,32162,17027,47391
1654383,0,32162,17027,47391
1654475,0,32162,17114,47391
1654525,0,32162,17114,47391
1654575,0,32162,17114,47391
1654625,0,32162,17114,47364
1654675,0,33552,17114,47364
1654725,0,33552,17114,47364
1654775,0,33552,17114,47364
1654825,0,33552,17228,47364
1654875,0,33552,17228,47364
1654925,0,33552,17228,47364
1654975,0,33552,17228,47364
1655025,0,33552,17228,47338
1655075,0,33552,17228,47338
1655125,0,33552,17228,47338
1655175,0,33552,17228,47338
1655225,0,33552,17357,47338
1655361,0,34309,17357,47338
1655453,0,34309,17357,47296
1655503,0,33552,17357,47296
1655553,0,33552,17357,47296
1655603,0,33552,17357,47296
1655653,0,33552,17484,47296
1655703,0,34309,17484,47296
1655753,0,34309,17484,47296
1655803,0,34309,17484,47296
1655853,0,34309,17484,47275
1655903,0,33552,17484,47275
1655953,0,33552,17484,47275
1656003,0,33552,17484,47275
1656053,0,33552,17580,47275
1656103,0,33552,17580,47275
1656153,0,33552,17580,47275
1656203,0,33552,17580,47275
1656253,0,33552,17580,47259
1656345,0,33552,17580,47259
1656395,0,33552,17580,47259
1656531,0,34309,17556,47259
1656581,0,34309,17556,47259
1656631,0,34309,17556,47312
1656681,0,33552,17556,47312
1656731,0,33552,17556,47312
1656781,0,33552,17556,47312
1656831,0,33552,17262,47312
1656881,0,34309,17262,47312
1656931,0,34309,17262,47312
1656981,0,34309,17262,47312
1657031,0,34309,17262,47402
1657081,0,35081,17262,47402
1657131,0,35081,17262,47402
1657181,0,35081,17262,47402
1657273,0,35081,16432,47402
1657323,0,35081,16432,47402
1657373,0,35081,16432,47402
1657423,0,35081,16432,47513
1657473,0,35081,16432,47513
1657523,0,35081,16432,47513
1657658,0,35081,15630,47513
1657708,0,34309,15630,47513
1657758,0,34309,15630,47513
1657808,0,34309,15630,47513
1657858,0,34309,15630,47544
1657908,0,34309,15630,47544
1657958,0,34309,15630,47544
1658008,0,34309,15630,47544
1658058,0,34309,15010,47544
1658108,0,34309,15010,47544
1658158,0,34309,15010,47544
1658250,0,34309,15010,47673
1658300,0,34309,15010,47673
1658350,0,34309,15010,47673
1658400,0,34309,15010,47673
1658450,0,34309,9610,47673
1658585,0,33552,9610,47673
1658635,0,33552,9610,48696
1658685,0,34309,9610,48696
1658735,0,34309,9610,48696
1658785,0,34309,9610,48696
1658835,0,34309,7307,48696
1658885,0,35081,7307,48696
1658935,0,35081,7307,48696
1658985,0,35081,7307,48696
1659035,0,35081,7307,48768
1659085,0,34309,7307,48768
1659177,0,34309,7307,48768
1659227,0,34309,2336,48768
1659277,0,35081,2336,48768
1659327,0,35081,2336,48768
1659377,0,35081,2336,48768
1659427,0,35081,2336,48768
1659477,0,34309,2336,49535
1659527,0,34309,2336,49535
1659577,0,34309,2336,49535
1659712,0,33552,1825,49535
1659762,0,33552,1825,49535
1659812,0,33552,1825,49535
1659862,0,33552,1825,49544
1659912,0,33552,1825,49544
1659962,0,33552,1825,49544
1660012,0,33552,1825,49544
1660062,0,33552,1869,49544
1660112,0,33552,1869,49544
1660204,0,33552,1869,49544
1660254,0,33552,1869,49560
1660304,0,32842,1869,49560
1660354,0,32842,1869,49560
1660404,0,32842,1869,49560
1660454,0,32842,1878,49560
1660504,0,33552,1878,49560
1660554,0,33552,1878,49560
1660604,0,33552,1878,49560
1660654,0,33552,1878,49539
1660704,0,33552,1878,49539
1660839,0,33552,1878,49539
1660889,0,33552,2492,49539
1660939,0,33552,2492,49539
1660989,0,33552,2492,49539
1661039,0,33552,2492,49539
1661089,0,33552,2492,49451
1661181,0,33552,2492,49451
1661231,0,33552,2492,49451
1661281,0,33552,2961,49451
1661331,0,33552,2961,49451
1661381,0,33552,2961,49451
1661431,0,33552,2961,49451
1661481,0,33552,2961,49394
1661531,0,33552,2961,49394
1661581,0,33552,2961,49394
1661631,0,33552,2961,49394
1661681,0,32842,3759,49394
1661731,0,32842,3759,49394
1661781,0,32842,3759,49394
1661831,0,32842,3759,49394
1661966,0,32842,3759,49299
1662016,0,32842,3759,49299
1662066,0,32842,4059,49299
1662158,0,32162,4059,49299
1662208,0,32162,4059,49299
1662258,0,32162,4059,49072
1662308,0,32842,4059,49072
1662358,0,32842,4059,49072
1662408,0,32842,4059,49072
1662458,0,32842,7132,49072
1662508,0,32162,7132,49072
1662558,0,32162,7132,49072
1662608,0,32162,7132,49072
1662658,0,32162,7132,48817
1662708,0,32162,7132,48817
1662758,0,32162,7132,48817
1662808,0,32162,7132,48817
1662858,0,32162,7752,48817
1662908,0,32842,7752,48817
1662958,0,32842,7752,48817
1663136,0,32162,7752,48785
1663186,0,32162,7752,48785
1663236,0,32162,7752,48785
1663286,0,32842,7775,48785
1663336,0,32842,7775,48785
1663386,0,32842,7775,48785
1663436,0,32842,7775,48785
1663486,0,32842,7775,48743
1663536,0,32842,7775,48743
1663586,0,32842,7775,48743
1663636,0,32842,7775,48743
1663686,0,32162,7915,48743
1663736,0,32162,7915,48743
1663786,0,32162,7915,48743
1663836,0,32162,7915,48743
1663886,0,32162,7915,48747
1663936,0,32162,7915,48747
1664028,0,32162,7915,48747
1664078,0,32162,7898,48747
1664128,0,32162,7898,48747
1664263,0,32162,7898,48745
1664313,0,32162,7898,48745
1664363,0,32162,7898,48745
1664413,0,32162,7898,48745
1664463,0,32162,7898,48745
1664513,0,32842,8005,48745
1664563,0,32842,8005,48745
1664613,0,32842,8005,48745
1664663,0,32842,8005,48745
1664713,0,32842,8005,48713
1664763,0,32842,8005,48713
1664813,0,32842,8005,48713
1664863,0,32842,8005,48713
1664913,0,32842,8152,48713
1665005,0,32842,8152,48713
1665055,0,32842,8152,48713
1665105,0,32162,8152,48683
1665155,0,32162,8152,48683
1665205,0,32162,8152,48683
1665255,0,32162,8152,48683
1665391,0,31498,8388,48683
1665441,0,31498,8388,48683
1665491,0,32842,8388,47491
1665541,0,32842,8388,47491
1665591,0,32842,8388,47491
1665641,0,32842,8388,47491
1665691,0,32162,16704,47491
1665741,0,32162,16704,47491
1665791,0,32162,16704,47491
1665841,0,32162,16704,47491
1665891,0,32842,16704,47535
1665983,0,32842,16704,47535
1666033,0,32842,16704,47535
1666083,0,32162,16846,47535
1666133,0,32162,16846,47535
1666183,0,32162,16846,47535
1666233,0,32162,16846,47535
1666283,0,32842,16846,47400
1666333,0,32842,16846,47400
1666383,0,32842,16846,47400
1666518,0,32842,16940,47400
1666568,0,32842,16940,47400
1666618,0,32842,16940,47400
1666668,0,32842,16940,47400
1666718,0,32842,16940,47384
1666768,0,32842,16940,47384
1666818,0,32842,16940,47384
1666912,0,32842,17012,47384
1666962,0,32842,17012,47384
1667012,0,32842,17012,47384
1667062,0,32842,17012,47384
1667112,0,32842,17012,47358
1667162,0,32842,17012,47358
1667212,0,32842,17012,47358
1667262,0,32842,17012,47358
1667312,0,32842,17142,47358
1667362,0,32842,17142,47358
1667412,0,32842,17142,47358
1667462,0,32842,17142,47358
1667512,0,33552,17142,47309
1667647,0,33552,17142,47309
1667697,0,32842,17244,47309
1667747,0,32842,17244,47309
1667797,0,32842,17244,47309
1667931,0,33552,17244,47298
1667981,0,33552,17244,47298
1668031,0,33552,17244,47298
1668081,0,33552,17244,47298
1668131,0,33552,17303,47298
1668181,0,33552,17303,47298
1668231,0,33552,17303,47298
1668281,0,33552,17303,47298
1668331,0,33552,17303,47346
1668381,0,33552,17303,47346
1668431,0,33552,17303,47346
1668481,0,33552,17303,47346
1668531,0,33552,16697,47346
1668581,0,33552,16697,47346
1668631,0,33552,16697,47346
1668681,0,33552,16697,47346
1669029,0,33552,17535,47234
1669079,0,33636,17535,47234
1669129,0,33720,17535,47233
1669179,0,33804,17535,47233
1669229,0,33888,17535,47233
1669279,0,33973,17535,47233
1669329,0,34057,17652,47233
1669379,0,34141,17652,47233
1669429,0,34225,17652,47233
1669479,0,34309,17652,47233
1669529,0,34309,17652,47193
1669579,0,34309,17652,47193
1669629,0,34309,17652,47193
1669679,0,34309,17652,47193
1669729,0,34309,17752,47193
1669779,0,34309,17752,47193
1669829,0,34309,17752,47193
1669879,0,35081,17752,47193
1669971,0,35081,17752,47177
1670021,0,35081,17752,47177
1670198,0,34309,17858,47177
1670248,0,34309,17858,47177
1670298,0,34309,17858,47177
1670348,0,34309,17858,47124
1670398,0,34309,17858,47124
1670448,0,34309,17858,47124
1670498,0,35081,17858,47124
1670548,0,35081,17960,47124
1670598,0,35081,17960,47124
1670648,0,35081,17960,47124
1670698,0,34309,17960,47124
1670748,0,34309,17960,47121
1670798,0,34309,17960,47121
1670848,0,34309,17960,47121
1670940,0,35081,18030,47121
1670990,0,35081,18030,47121
1671040,0,35081,18030,47121
1671090,0,34309,18030,47121
1671140,0,34309,18030,47086
1671190,0,34309,18030,47086
1671326,0,35081,18163,47086
1671376,0,35081,18163,47086
1671426,0,35081,18163,47086
1671476,0,35081,18163,47086
1671526,0,35081,18163,47067
1671576,0,35081,18163,47067
1671626,0,35081,18163,47067
1671676,0,35081,18163,47067
1671726,0,35081,18185,47067
1671776,0,35081,18185,47067
1671826,0,35081,18185,47067
1671918,0,35899,18185,47075
1671968,0,35899,18185,47075
1672018,0,35899,18185,47075
1672068,0,35899,18185,47075
1672118,0,35081,17792,47075
1672168,0,35081,17792,47075
1672218,0,35081,17792,47075
1672268,0,35081,17792,47075
1672318,0,35899,17792,47261
1672453,0,35899,17792,47261
1672503,0,35081,17792,47261
1672553,0,35081,16538,47261
1672603,0,35081,16538,47261
1672653,0,35081,16538,47261
1672703,0,35081,16538,47261
1672753,0,35081,16538,47412
1672845,0,35081,16538,47412
1672895,0,35899,16538,47412
1672945,0,35899,15424,47412
1672995,0,35899,15424,47412
1673045,0,35899,15424,47412
1673095,0,35081,15424,47412
1673145,0,35081,15424,47480
1673195,0,35081,15424,47480
1673245,0,35081,15424,47480
1673380,0,35081,14839,47480
1673430,0,35081,14839,47480
1673480,0,35899,14839,47480
1673530,0,35899,14839,47480
1673580,0,35899,14839,47593
1673630,0,35899,14839,47593
1673680,0,35899,14839,47593
1673730,0,35899,14839,47593
1673822,0,35899,14079,47593
1673872,0,35899,14079,47593
1673922,0,35899,14079,47593
1673972,0,35899,14079,47665
1674022,0,35899,14079,47665
1674072,0,35899,14079,47665
1674122,0,35899,14079,47665
1674172,0,35899,13712,47665
1674222,0,35899,13712,47665
1674272,0,35899,13712,47665
1674322,0,35899,13712,47665
1674372,0,35899,13712,47682
1674508,0,35899,13712,47682
1674558,0,35899,13392,47682
1674608,0,35899,13392,47682
1674658,0,35899,13392,47682
1674750,0,36076,13392,47787
1674800,0,36172,13392,47787
1674850,0,36268,13392,47787
1674900,0,36364,13392,47787
1674950,0,36460,13002,47787
1675000,0,36556,13002,47787
1675050,0,36652,13002,47787
1675100,0,36748,13002,47787
1675150,0,36748,13002,49611
1675200,0,36748,13002,49611
1675250,0,36748,13002,49611
1675300,0,35899,13002,49611
1675350,0,35899,218,49611
1675400,0,35899,218,49611
1675450,0,35899,218,49611
1675500,0,35899,218,49611
1675635,0,35899,218,49660
1675685,0,35899,218,49660
1675777,0,35899,125,49660
1675827,0,35899,125,49660
1675877,0,35899,125,49660
1675927,0,35899,125,49660
1675977,0,35899,125,49693
1676027,0,35899,125,49693
1676077,0,35081,125,49693
1676127,0,35081,125,49693
1676177,0,35081,121,49693
1676227,0,35081,121,49693
1676277,0,35081,121,49693
1676327,0,35081,121,49693
1676377,0,35081,121,49717
1676427,0,35081,121,49717
1676477,0,35081,121,49717
1676527,0,35081,121,49717
1676577,0,35081,120,49717
1676627,0,35081,120,49717
1676805,0,35081,120,49738
1676855,0,35081,120,49738
1676905,0,35081,120,49738
1676955,0,35081,118,49738
1677005,0,35081,118,49738
1677055,0,35081,118,49738
1677105,0,34309,118,49738
1677155,0,34309,118,49756
1677205,0,34309,118,49756
1677255,0,34309,118,49756
1677305,0,34309,118,49756
1677355,0,34309,118,49756
1677405,0,34309,118,49756
1677455,0,34309,118,49756
1677505,0,34309,118,49756
1677555,0,34309,118,49773
1677605,0,34309,118,49773
1677655,0,34309,118,49773
1677747,0,34309,118,49773
1677797,0,34309,117,49773
1677933,0,34309,117,49773
1677983,0,34309,117,49788
1678033,0,34309,117,49788
1678083,0,34309,117,49788
1678133,0,34309,117,49788
1678183,0,34309,117,49788
1678233,0,34309,117,49788
1678283,0,33552,117,49788
1678333,0,33552,117,49788
1678383,0,33552,117,49802
1678433,0,33552,117,49802
1678483,0,34309,117,49802
1678533,0,34309,117,49802
1678583,0,34309,117,49802
1678633,0,34309,117,49802
1678725,0,33552,117,49802
1678775,0,33552,117,49815
1678825,0,33552,117,49815
1678875,0,33552,117,49815
1678925,0,33552,117,49815
1679060,0,33552,117,49815
1679110,0,33552,117,49815
1679160,0,33552,117,49827
1679210,0,33552,117,49827
1679260,0,33552,117,49827
1679310,0,32842,117,49827
1679360,0,32842,117,49827
1679410,0,32842,116,49827
1679460,0,32842,116,49827
1679510,0,32842,116,49827
1679560,0,32842,116,49827
1679610,0,32842,116,49838
1679660,0,32842,116,49838
1679752,0,33552,116,49838
1679802,0,33552,116,49838
1679852,0,33552,116,49838
1679902,0,32842,116,49838
1679952,0,32842,116,49838
1680002,0,32842,116,49848
1680052,0,32842,116,49848
1680187,0,33552,116,49848
1680237,0,33552,116,49848
1680287,0,33552,116,49848
1680337,0,33552,116,49848
1680387,0,33552,116,49859
1680437,0,33552,116,49859
1680487,0,33552,116,49859
1680537,0,33552,116,49859
1680587,0,33552,116,49859
1680637,0,33552,116,49859
1680687,0,33552,116,49859
1680779,0,33552,116,49868
1680829,0,33552,116,49868
1680879,0,32842,116,49868
1680929,0,32842,116,49868
1680979,0,32842,116,49868
1681029,0,32842,116,49868
1681079,0,32842,116,49868
1681129,0,32842,116,49868
1681179,0,32842,116,49878
1681315,0,32842,116,49878
1681365,0,32842,116,49878
1681415,0,32842,115,49878
1681465,0,32842,115,49878
1681515,0,32162,115,49878
1681565,0,32162,115,49878
1681615,0,32162,115,49887
1681665,0,32162,115,49887
1681757,0,32162,115,49887
1681807,0,32162,116,49887
1681857,0,32162,116,49887
1681907,0,31498,116,49887
1681957,0,31498,116,49887
1682007,0,31498,116,49895
1682057,0,31498,116,49895
1682107,0,31498,116,49895
1682157,0,31498,116,49895
1682207,0,31498,116,49895
1682257,0,31498,116,49895
1682307,0,31498,116,49895
1682443,0,31498,116,49904
1682493,0,31498,116,49904
1682543,0,31498,116,49904
1682593,0,31498,116,49904
1682643,0,31498,116,49904
1682693,0,31498,116,49904
1682785,0,31498,116,49904
1682835,0,31498,116,49912
1682885,0,31498,116,49912
1682935,0,31498,116,49912
1682985,0,31498,116,49912
1683035,0,31498,116,49912
1683085,0,31375,116,49912
1683135,0,31251,116,49912
1683185,0,31128,116,49912
1683235,0,31004,116,49919
1683285,0,30881,116,49919
1683335,0,30881,116,49919
1683385,0,30881,116,49919
1683435,0,30881,115,49919
1683570,0,30881,115,49919
1683620,0,30881,115,49927
1683670,0,30881,115,49927
1683720,0,30263,115,49927
1683814,0,30263,116,49927
1683864,0,30263,116,49927
1683914,0,30881,116,49927
1683964,0,30881,116,49927
1684014,0,30881,116,49934
1684064,0,30881,116,49934
1684114,0,30881,116,49934
1684164,0,30881,116,49934
1684214,0,30881,370,49934
1684264,0,30881,370,49934
1684314,0,30881,370,49934
1684364,0,30881,370,49934
1684414,0,30881,370,49929
1684464,0,30881,370,49929
1684514,0,30263,370,49929
1684564,0,30263,370,49929
1684699,0,30263,192,49929
1684749,0,30263,192,49929
1684841,0,30263,192,49936
1684891,0,29692,192,49936
1684941,0,29692,192,49936
1684991,0,29692,192,49936
1685041,0,29692,193,49936
1685091,0,29692,193,49936
1685141,0,29692,193,49936
1685191,0,29692,193,49936
1685241,0,29692,193,49942
1685291,0,29692,193,49942
1685341,0,29692,193,49942
1685391,0,29692,193,49942
1685441,0,29692,280,49942
1685491,0,29692,280,49942
1685541,0,29692,280,49942
1685591,0,29692,280,49942
1685641,0,29692,280,49932
1685733,0,29692,280,49932
1685869,0,29692,366,49932
1685919,0,29692,366,49932
1685969,0,29692,366,49932
1686019,0,29692,366,49930
1686069,0,29692,366,49930
1686119,0,29648,366,49930
1686169,0,29604,366,49930
1686219,0,29560,369,49930
1686269,0,29516,369,49930
1686319,0,29472,369,49930
1686369,0,29428,369,49930
1686419,0,29384,369,49933
1686469,0,29340,369,49933
1686519,0,29296,369,49933
1686569,0,29252,369,49933
1686619,0,29208,367,49933
1686669,0,29164,367,49933
1686719,0,29120,367,49933
1686769,0,29120,367,49933
1686861,0,29120,367,49942
1686996,0,29692,367,49942
1687046,0,29692,365,49942
1687096,0,29120,365,49942
1687146,0,29120,365,49942
1687196,0,29120,365,49942
1687246,0,29120,365,49947
1687296,0,29692,365,49947
1687346,0,29692,365,49947
1687396,0,29692,365,49947
1687446,0,29692,363,49947
1687496,0,29120,363,49947
1687546,0,29120,363,49947
1687596,0,29120,363,49947
1687646,0,29120,363,49951
1687696,0,28580,363,49951
1687746,0,28580,363,49951
1687924,0,28580,9027,49951
1687974,0,28580,9027,49951
1688024,0,28580,9027,47869
1688074,0,28580,9027,47869
1688124,0,29120,9027,47869
1688174,0,29120,9027,47869
1688224,0,29120,15139,47869
1688274,0,29120,15139,47869
1688324,0,29120,15139,47869
1688374,0,29120,15139,47869
1688424,0,29120,15139,47800
1688474,0,29120,15139,47800
1688524,0,29120,15139,47800
1688574,0,29120,15139,47800
1688624,0,29120,15139,47800
1688674,0,29120,15333,47800
1688724,0,29692,15333,47800
1688816,0,29692,15333,47800
1688866,0,29692,15333,47740
1688916,0,29120,15333,47740
1689051,0,29120,15500,47740
1689101,0,29692,15500,47740
1689151,0,29692,15500,47740
1689201,0,29692,15500,47740
1689251,0,29692,15500,47687
1689301,0,29692,15500,47687
1689351,0,29692,15500,47687
1689401,0,29692,15500,47687
1689451,0,29692,15665,47687
1689501,0,29692,15665,47687
1689551,0,29692,15665,47687
1689601,0,29692,15665,47687
1689651,0,29692,15665,47644
1689701,0,30263,15665,47644
1689793,0,30263,15665,47644
1689843,0,30263,15781,47644
1689893,0,30263,15781,47644
1689943,0,30263,15781,47644
1689993,0,30263,15781,47644
1690043,0,30263,15781,47601
1690178,0,30881,15781,47601
1690228,0,30881,15781,47601
1690278,0,30881,15920,47601
1690328,0,30881,15920,47601
1690378,0,30881,15920,47601
1690428,0,30881,15920,47601
1690478,0,30881,15920,47567
1690528,0,30881,15920,47567
1690578,0,30881,15920,47567
1690628,0,30881,15920,47567
1690720,0,31498,16094,47567
1690770,0,31498,16094,47567
1690820,0,31498,16094,47567
1690870,0,31498,16094,47522
1690920,0,31498,16094,47522
1690970,0,31498,16094,47522
1691020,0,31498,16094,47522
1691070,0,31498,16235,47522
1691120,0,30881,16235,47522
1691170,0,30881,16235,47522
1691305,0,31498,16235,47483
1691355,0,31498,16235,47483
1691405,0,31498,16235,47483
1691455,0,31498,16406,47483
1691505,0,31498,16406,47483
1691555,0,31498,16406,47483
1691605,0,31498,16406,47483
1691697,0,32162,16406,47458
1691747,0,32162,16406,47458
1691797,0,32162,16406,47458
1691847,0,32162,16516,47458
1691897,0,31498,16516,47458
1691947,0,31498,16516,47458
1691997,0,31498,16516,47458
1692047,0,31498,16516,47435
1692097,0,31498,16516,47435
1692147,0,31498,16516,47435
1692197,0,31498,16516,47435
1692247,0,31498,16655,47435
1692297,0,32162,16655,47435
1692432,0,32162,16655,47435
1692482,0,32162,16655,47389
1692532,0,32162,16655,47389
1692624,0,32162,16655,47389
1692674,0,32162,16762,47389
1692724,0,32162,16762,47389
1692774,0,32162,16762,47389
1692824,0,32162,16762,47389
1692874,0,32162,16762,47355
1692924,0,32162,16762,47355
1692974,0,32162,16762,47355
1693024,0,32162,16762,47355
1693074,0,32162,16906,47355
1693124,0,32842,16906,47355
1693174,0,32842,16906,47355
1693224,0,32842,16906,47355
1693274,0,32842,16906,47323
1693324,0,32842,16906,47323
1693374,0,32842,16906,47323
1693424,0,32842,16906,47323
1693602,0,32842,17040,47323
1693652,0,32842,17040,47323
1693702,0,32842,17040,47287
1693752,0,32842,17040,47287
1693802,0,32842,17040,47287
1693852,0,32842,17040,47287
1693902,0,33552,17190,47287
1693952,0,33552,17190,47287
1694002,0,33552,17190,47287
1694052,0,33552,17190,47287
1694102,0,33552,17190,47235
1694152,0,33552,17190,47235
1694202,0,33552,17190,47235
1694252,0,33552,17190,47235
1694302,0,33552,17378,47235
1694352,0,33552,17378,47235
1694444,0,33552,17378,47235
1694494,0,33552,17378,47210
1694544,0,33552,17378,47210
1694594,0,33552,17378,47210
1694730,0,33552,17539,47210
1694780,0,33552,17539,47210
1694830,0,33552,17539,47210
1694880,0,33552,17539,47186
1694930,0,33552,17539,47186
1694980,0,33552,17539,47186
1695030,0,33552,17539,47186
1695080,0,34309,17626,47186
1695130,0,34309,17626,47186
1695180,0,34309,17626,47186
1695230,0,34309,17626,47186
1695280,0,34309,17626,47158
1695330,0,34309,17626,47158
1695422,0,34309,17626,47158
1695472,0,34309,17729,47158
1695522,0,34309,17729,47158
1695572,0,34309,17729,47158
1695622,0,34309,17729,47158
1695672,0,34309,17729,47158
1695722,0,34309,17729,47114
1695858,0,34309,17729,47114
1695908,0,34309,17878,47114
1695958,0,34309,17878,47114
1696008,0,34309,17878,47114
1696058,0,34309,17878,47114
1696108,0,34309,17878,47106
1696158,0,34309,17878,47106
1696208,0,34309,17878,47106
1696258,0,34309,17878,47106
1696350,0,34486,17956,47106
1696400,0,34582,17956,47106
1696450,0,34678,17956,47106
1696500,0,34774,17956,47092
1696550,0,34870,17956,47092
1696600,0,34966,17956,47092
1696650,0,35062,17956,47092
1696700,0,35158,18022,47092
1696750,0,35254,18022,47092
1696800,0,35350,18022,47092
1696850,0,35446,18022,47092
1696986,0,35707,18022,47067
1697036,0,35803,18022,47067
1697086,0,35899,17411,47067
1697136,0,35899,17411,47067
1697186,0,35899,17411,47067
1697236,0,35899,17411,47067
1697286,0,35081,17411,47149
1697378,0,35081,17411,47149
1697428,0,35081,17411,47149
1697478,0,35081,17411,47149
1697528,0,35081,17107,47149
1697578,0,35081,17107,47149
1697628,0,35081,17107,47149
1697678,0,35081,17107,47149
1697728,0,35081,17107,47255
1697778,0,35081,17107,47255
1697828,0,35081,17107,47255
1697878,0,35899,17107,47255
1697928,0,35899,16040,47255
1697978,0,35899,16040,47255
1698114,0,35081,16040,47460
1698164,0,35081,16040,47460
1698214,0,35081,16040,47460
1698264,0,35081,16040,47460
1698356,0,35899,15024,47460
1698406,0,35899,15024,47460
1698456,0,35899,15024,47460
1698506,0,35081,15024,47503
1698556,0,35081,15024,47503
1698606,0,35081,15024,47503
1698656,0,35081,15024,47503
1698706,0,35899,14283,47503
1698756,0,35899,14283,47503
1698806,0,35899,14283,47503
1698856,0,35899,14283,47503
1698906,0,35899,14283,47623
1698956,0,35899,14283,47623
1699006,0,35899,14283,47623
1699056,0,35899,14283,47623
1699106,0,35899,13467,47623
1699525,0,35899,12672,47783
1699575,0,35899,12672,47783
1699625,0,35899,12672,47783
1699675,0,35899,12672,47783
1699725,0,35899,12672,47863
1699775,0,35899,12672,47863
1699825,0,35899,12672,47863
1699875,0,35899,12672,47863
1699925,0,35941,11591,47863
1699975,0,35982,11591,47863
1700025,0,36024,11591,47863
1700075,0,36066,11591,47863
1700125,0,36107,11591,48088
1700175,0,36149,11591,48088
1700225,0,36191,11591,48088
1700275,0,36232,11591,48088
1700325,0,36274,10546,48088
1700375,0,36316,10546,48088
1700467,0,36392,10546,48088
1700517,0,36434,10546,48206
1700694,0,36581,10546,48206
1700744,0,36623,9800,48206
1700794,0,36665,9800,48206
1700844,0,36706,9800,48206
1700894,0,36748,9800,48206
1700944,0,36748,9800,48244
1700994,0,36748,9800,48244
1701044,0,36748,9800,48244
1701094,0,35899,9800,48244
1701144,0,35899,9460,48244
1701194,0,35899,9460,48244
1701244,0,35899,9460,48244
1701294,0,36748,9460,48244
1701344,0,36748,9460,48306
1701394,0,36748,9460,48306
1701444,0,36748,9460,48306
1701536,0,35899,9217,48306
1701586,0,35899,9217,48306
1701636,0,35899,9217,48306
1701686,0,35899,9217,48306
1701821,0,35899,9217,48377
1701871,0,35899,9217,48377
1701921,0,35899,8841,48377
1701971,0,35899,8841,48377
1702021,0,35899,8841,48377
1702071,0,35899,8841,48377
1702121,0,35899,8841,48387
1702171,0,35899,8841,48387
1702221,0,35899,8841,48387
1702271,0,35899,8841,48387
1702321,0,36748,8594,48387
1702371,0,36748,8594,48387
1702421,0,36748,8594,48387
1702513,0,36748,8594,48387
1702563,0,36748,8594,48481
1702613,0,36748,8594,48481
1702748,0,35899,8131,48481
1702798,0,35899,8131,48481
1702848,0,35899,8131,48481
1702898,0,35899,8131,48481
1702948,0,35899,8131,49610
1702998,0,35899,8131,49610
1703048,0,35899,8131,49610
1703098,0,35899,8131,49610
1703148,0,35899,199,49610
1703198,0,35899,199,49610
1703248,0,35899,199,49610
1703298,0,35081,199,49610
1703348,0,35081,199,49646
1703398,0,35081,199,49646
1703490,0,35899,199,49646
1703540,0,35899,123,49646
1703590,0,35899,123,49646
1703640,0,35899,123,49646
1703690,0,35081,123,49646
1703740,0,35081,123,49672
1703875,0,35081,123,49672
1703925,0,35081,120,49672
1703975,0,35081,120,49672
1704025,0,35081,120,49672
1704075,0,35081,120,49672
1704125,0,35081,120,49691
1704175,0,35081,120,49691
1704225,0,35081,120,49691
1704275,0,35081,120,49691
1704325,0,35899,120,49691
1704375,0,35899,118,49691
1704425,0,35899,118,49691
1704517,0,35081,118,49691
1704567,0,35081,118,49708
1704617,0,35081,118,49708
1704667,0,35081,118,49708
1704717,0,35081,118,49708
1704767,0,35081,118,49708
1704817,0,35081,118,49708
1704867,0,35081,118,49708
1705003,0,35081,118,49723
1705053,0,35081,118,49723
1705103,0,34309,118,49723
1705153,0,34309,117,49723
1705203,0,34309,117,49723
1705253,0,34309,117,49723
1705303,0,34309,117,49723
1705353,0,34309,117,49736
1705403,0,34309,117,49736
1705453,0,34309,117,49736
1705545,0,34309,116,49736
1705595,0,34309,116,49736
1705645,0,34309,116,49736
1705695,0,34309,116,49736
1705745,0,34309,116,49749
1705795,0,34309,116,49749
1705845,0,34309,116,49749
1705895,0,34309,116,49749
1705945,0,34309,117,49749
1705995,0,34309,117,49749
1706131,0,34309,117,49749
1706181,0,34309,117,49761
1706231,0,34309,117,49761
1706281,0,34254,117,49761
1706331,0,34200,117,49761
1706381,0,34145,117,49761
1706431,0,34090,117,49761
1706481,0,34036,117,49761
1706573,0,33935,117,49771
1706623,0,33880,117,49771
1706673,0,33825,117,49771
1706723,0,33771,117,49771
1706773,0,33716,117,49771
1706823,0,33661,117,49771
1706873,0,33607,117,49771
1706923,0,33552,117,49771
1706973,0,33552,117,49782
1707023,0,33552,117,49782
1707073,0,33552,117,49782
1707123,0,33552,117,49782
1707258,0,33552,117,49782
1707308,0,33552,117,49782
1707358,0,33552,117,49791
1707408,0,33552,117,49791
1707458,0,33552,117,49791
1707508,0,33552,117,49791
1707558,0,33552,115,49791
1707650,0,33552,115,49791
1707700,0,33552,115,49791
1707750,0,33552,115,49801
1707800,0,33552,115,49801
1707850,0,33552,115,49801
1707900,0,32842,115,49801
1707950,0,32842,116,49801
1708000,0,32842,116,49801
1708050,0,32842,116,49801
1708100,0,32842,116,49801
1708150,0,32842,116,49809
1708200,0,32842,116,49809
1708250,0,32842,116,49809
1708386,0,32842,116,49809
1708436,0,32842,116,49809
1708486,0,32842,116,49809
1708536,0,32842,116,49809
1708628,0,32842,116,49819
1708678,0,32842,116,49819
1708728,0,32842,116,49819
1708778,0,32842,115,49819
1708828,0,32842,115,49819
1708878,0,32842,115,49819
1708928,0,32842,115,49819
1708978,0,32842,115,49827
1709028,0,32842,115,49827
1709078,0,32792,115,49827
1709128,0,32742,115,49827
1709178,0,32691,115,49827
1709228,0,32641,115,49827
1709278,0,32591,115,49827
1709328,0,32541,115,49827
1709378,0,32490,115,49835
1709513,0,32355,115,49835
1709563,0,32305,116,49835
1709613,0,32254,116,49835
1709705,0,32162,116,49835
1709755,0,32162,116,49835
1709805,0,32162,116,49843
1709855,0,32162,116,49843
1709905,0,32842,116,49843
1709955,0,32842,116,49843
1710005,0,32842,116,49843
1710055,0,32842,116,49843
1710105,0,32162,116,49843
1710155,0,32162,116,49843
1710205,0,32162,116,49850
1710255,0,32162,116,49850
1710305,0,31498,116,49850
1710355,0,31498,116,49850
1710405,0,31498,116,49850
1710455,0,31498,116,49850
1710505,0,32162,116,49850
1710641,0,32162,116,49857
1710733,0,31498,116,49857
1710783,0,31498,115,49857
1710833,0,31498,115,49857
1710883,0,31498,115,49857
1710933,0,31498,115,49857
1710983,0,31498,115,49864
1711033,0,31498,115,49864
1711083,0,31498,115,49864
1711133,0,31498,115,49864
1711183,0,31498,115,49864
1711233,0,31498,115,49864
1711283,0,30881,115,49864
1711333,0,30881,115,49864
1711383,0,30881,115,49871
1711433,0,30881,115,49871
1711483,0,31498,115,49871
1711533,0,31498,115,49871
1711583,0,31498,114,49871
1711675,0,31498,114,49871
1711811,0,30881,114,49877
1711861,0,30881,114,49877
1711911,0,30881,114,49877
1711961,0,30881,114,49877
1712011,0,30881,116,49877
1712061,0,30881,116,49877
1712111,0,30881,116,49877
1712161,0,30881,116,49877
1712211,0,30881,116,49883
1712261,0,30881,116,49883
1712311,0,30263,116,49883
1712361,0,30263,116,49883
1712411,0,30263,116,49883
1712461,0,30263,116,49883
1712511,0,30881,116,49883
1712561,0,30881,116,49883
1712653,0,30881,116,49889
1712703,0,30263,116,49889
1712753,0,30263,116,49889
1712803,0,30263,116,49889
1712939,0,30263,116,49889
1712989,0,30263,116,49895
1713039,0,30263,116,49895
1713089,0,30263,116,49895
1713139,0,30263,116,49895
1713189,0,30263,115,49895
1713239,0,30263,115,49895
1713289,0,29692,115,49895
1713339,0,29692,115,49895
1713389,0,29692,115,49900
1713439,0,29692,115,49900
1713489,0,30263,115,49900
1713539,0,30263,115,49900
1713589,0,30263,448,49900
1713681,0,29692,448,49900
1713731,0,29692,448,49900
1713781,0,29692,448,49900
1713831,0,29692,448,49894
1713881,0,29692,448,49894
1713931,0,29692,448,49894
1714066,0,29692,193,49894
1714116,0,29692,193,49894
1714166,0,29692,193,49894
1714216,0,29692,193,49901
1714266,0,29692,193,49901
1714316,0,29120,193,49901
1714366,0,29120,193,49901
1714416,0,29120,193,49901
1714466,0,29120,193,49901
1714516,0,29692,193,49901
1714566,0,29692,193,49901
1714616,0,29692,193,49906
1714708,0,30263,193,49906
1714758,0,30263,193,49906
1714808,0,30263,271,49906
1714858,0,30263,271,49906
1714908,0,29692,271,49906
1714958,0,29692,271,49906
1715008,0,29692,271,49897
1715058,0,29692,271,49897
1715193,0,29692,271,49897
1715243,0,29692,361,49897
1715293,0,30263,361,49897
1715343,0,30263,361,49897
1715393,0,30263,361,49897
1715443,0,30263,361,49890
1715493,0,29692,361,49890
1715543,0,29692,361,49890
1715593,0,29692,361,49890
1715685,0,29692,367,49890
1715735,0,29692,367,49890
1715785,0,29692,367,49890
1715835,0,29692,367,49894
1715885,0,29120,367,49894
1715935,0,29120,367,49894
1715985,0,29120,367,49894
1716035,0,29120,368,49894
1716085,0,29692,368,49894
1716135,0,29692,368,49894
1716185,0,29692,368,49894
1716322,0,28580,368,49902
1716372,0,28580,368,49902
1716422,0,28580,365,49902
1716472,0,28580,365,49902
1716522,0,28580,365,49902
1716572,0,28580,365,49902
1716622,0,28580,365,49904
1716714,0,28071,365,49904
1716764,0,28071,365,49904
1716814,0,28071,363,49904
1716864,0,28071,363,49904
1716914,0,28580,363,49904
1716964,0,28580,363,49904
1717014,0,28580,363,49910
1717064,0,28580,363,49910
1717114,0,28071,363,49910
1717249,0,28071,5923,49910
1717299,0,28071,5923,49910
1717349,0,28071,5923,49910
1717399,0,28071,5923,49910
1717449,0,28071,5923,47846
1717499,0,28580,5923,47846
1717549,0,28580,5923,47846
1717599,0,28580,5923,47846
1717691,0,29120,15075,47846
1717741,0,29120,15075,47846
1717791,0,29120,15075,47846
1717841,0,29120,15075,47770
1717891,0,29692,15075,47770
1717941,0,29692,15075,47770
1717991,0,29692,15075,47770
1718041,0,29692,15210,47770
1718091,0,29692,15210,47770
1718141,0,29692,15210,47770
1718191,0,29692,15210,47770
1718241,0,29692,15210,47770
1718377,0,29120,15210,47770
1718427,0,29120,13465,47770
1718477,0,29692,13465,47770
1718527,0,29692,13465,47770
1718577,0,29692,13465,47770
1718669,0,29692,13465,47939
1718719,0,30263,13465,47939
1718769,0,30263,13465,47939
1718819,0,30263,13465,47939
1718869,0,30263,13230,47939
1718919,0,29692,13230,47939
1718969,0,29692,13230,47939
1719019,0,29692,13230,47939
1719069,0,29692,13230,48062
1719119,0,29692,13230,48062
1719169,0,29692,13230,48062
1719219,0,29692,13230,48062
1719269,0,29692,12395,48062
1719319,0,30263,12395,48062
1719369,0,30263,12395,48062
1719504,0,30263,12395,48189
1719596,0,30263,12395,48189
1719646,0,30263,11260,48189
1719696,0,30881,11260,48189
1719746,0,30881,11260,48189
1719796,0,30881,11260,48189
1719846,0,30881,11260,48291
1719896,0,30881,11260,48291
1719946,0,30881,11260,48291
1719996,0,30881,11260,48291
1720046,0,30881,10175,48291
1720096,0,30881,10175,48291
1720146,0,30881,10175,48291
1720196,0,30881,10175,48291
1720246,0,30881,10175,48429
1720296,0,30881,10175,48429
1720346,0,30881,10175,48429
1720396,0,30881,10175,48429
1720488,0,30881,9471,48429
1720538,0,30881,9471,48429
1720673,0,30881,9471,48512
1720723,0,30881,9471,48512
1720773,0,30881,9471,48512
1720823,0,30881,9471,48512
1720873,0,30881,8942,48512
1720923,0,31004,8942,48512
1720973,0,31128,8942,48512
1721023,0,31251,8942,48512
1721073,0,31375,8942,48637
1721123,0,31498,8942,48637
1721173,0,31498,8942,48637
1721223,0,31498,8942,48637
1721273,0,31498,8188,48637
1721323,0,31498,8188,48637
1721373,0,31498,8188,48637
1721465,0,31498,8188,48693
1721515,0,32162,8188,48693
1721565,0,32162,8188,48693
1721615,0,32162,8188,48693
1721665,0,32162,7530,48693
1721800,0,31498,7530,48693
1721850,0,31498,7530,48760
1721900,0,32162,7530,48760
1721950,0,32162,7530,48760
1722000,0,32162,7530,48760
1722050,0,32162,7206,48760
1722100,0,31498,7206,48760
1722150,0,31498,7206,48760
1722200,0,31498,7206,48760
1722250,0,31498,7206,48824
1722300,0,31498,7206,48824
1722350,0,31498,7206,48824
1722442,0,31498,7206,48824
1722492,0,32162,6914,48824
1722542,0,32162,6914,48824
1722592,0,32162,6914,48824
1722642,0,32162,6914,48824
1722692,0,31498,6914,48897
1722742,0,31498,6914,48897
1722792,0,31498,6914,48897
1722927,0,32162,6236,48897
1722977,0,32162,6236,48897
1723027,0,32162,6236,48897
1723077,0,32162,6236,48987
1723127,0,32162,6236,48987
1723177,0,32162,6236,48987
1723227,0,32162,6236,48987
1723277,0,32162,5625,48987
1723327,0,32162,5625,48987
1723419,0,32162,5625,48987
1723469,0,32162,5625,49056
1723519,0,32162,5625,49056
1723569,0,32162,5625,49056
1723619,0,32162,5625,49056
1723669,0,32162,5254,49056
1723719,0,32162,5254,49056
1723769,0,32162,5254,49056
1723819,0,32162,5254,49056
1723869,0,32162,5254,49125
1723919,0,31498,5254,49125
1724055,0,31498,5254,49125
1724105,0,32162,4974,49125
1724155,0,32162,4974,49125
1724205,0,32162,4974,49125
1724255,0,32162,4974,49125
1724305,0,31498,4974,49106
1724355,0,31498,4974,49106
1724447,0,31498,4974,49106
1724497,0,31498,5027,49106
1724547,0,31498,5027,49106
1724597,0,31498,5027,49106
1724647,0,31498,5027,49106
1724697,0,31498,5027,49006
1724747,0,31498,5027,49006
1724797,0,31498,5027,49006
1724847,0,31498,5027,49006
1724897,0,31498,5544,49006
1724947,0,31498,5544,49006
1724997,0,31498,5544,49006
1725047,0,31498,5544,49006
1725182,0,31498,5544,48952
1725232,0,31498,5544,48952
1725282,0,31498,6095,48952
1725332,0,31498,6095,48952
1725424,0,31498,6095,48952
1725474,0,31498,6095,48922
1725524,0,31375,6095,48922
1725574,0,31251,6095,48922
1725624,0,31128,6095,48922
1725674,0,31004,6420,48922
1725724,0,30881,6420,48922
1725774,0,30881,6420,48922
1725824,0,30881,6420,48922
1725874,0,30881,6420,48875
1725924,0,31498,6420,48875
1725974,0,31498,6420,48875
1726024,0,31498,6420,48875
1726074,0,31498,6664,48875
1726124,0,31498,6664,48875
1726174,0,31498,6664,48875
1726309,0,31498,6664,48842
1726401,0,31498,6664,48842
1726451,0,31498,6664,48842
1726501,0,31498,6969,48842
1726551,0,31498,6969,48842
1726601,0,31498,6969,48842
1726651,0,31498,6969,48842
1726701,0,30881,6969,48807
1726751,0,30881,6969,48807
1726801,0,30881,6969,48807
1726851,0,30881,6969,48807
1726901,0,30881,7222,48807
1726951,0,30881,7222,48807
1727001,0,30881,7222,48807
1727051,0,30881,7222,48807
1727101,0,30881,7222,48780
1727151,0,30881,7222,48780
1727201,0,30881,7222,48780
1727293,0,30881,7637,48780
1727343,0,30881,7637,48780
1727478,0,31498,7637,48680
1727528,0,31498,7637,48680
1727578,0,31498,7637,48680
1727628,0,31498,7637,48680
1727678,0,30881,8256,48680
1727728,0,30881,8256,48680
1727778,0,30881,8256,48680
1727828,0,30881,8256,48680
1727878,0,30881,8256,48568
1727928,0,30881,8256,48568
1727978,0,30881,8256,48568
1728028,0,30881,8256,48568
1728078,0,31498,8872,48568
1728128,0,31498,8872,48568
1728178,0,31498,8872,48568
1728270,0,31498,8872,48568
1728320,0,30881,8872,48521
1728370,0,30881,8872,48521
1728420,0,30881,8872,48521
1728470,0,30881,8872,48521
1728605,0,30881,9478,48521
1728655,0,30881,9478,48521
1728705,0,30263,9478,48409
1728755,0,30263,9478,48409
1728805,0,30263,9478,48409
1728855,0,30263,9478,48409
1728905,0,30881,10159,48409
1728955,0,30881,10159,48409
1729005,0,30881,10159,48409
1729055,0,30881,10159,48409
1729105,0,30881,10159,48270
1729155,0,30881,10159,48270
1729247,0,30881,10159,48270
1729297,0,30263,10866,48270
1729347,0,30263,10866,48270
1729397,0,30263,10866,48270
1729447,0,30263,10866,48270
1729497,0,30881,10866,47428
1729547,0,30881,10866,47428
1729597,0,30881,10866,47428
1729733,0,30881,16235,47428
1729783,0,30881,16235,47428
1729833,0,30881,16235,47428
1729883,0,30881,16235,47428
1729933,0,30881,16235,47450
1729983,0,30881,16235,47450
1730033,0,30881,16235,47450
1730083,0,30881,16235,47450
1730133,0,30881,16271,47450
1730225,0,30881,16271,47450
1730275,0,30881,16271,47450
1730325,0,30881,16271,47416
1730375,0,30881,16271,47416
1730425,0,30881,16271,47416
1730475,0,30881,16271,47416
1730525,0,30881,16320,47416
1730575,0,30881,16320,47416
1730625,0,30881,16320,47416
1730675,0,30881,16320,47416
1730725,0,30952,16320,47395
1730860,0,31143,16320,47395
1730910,0,31214,16313,47395
1730960,0,31285,16313,47395
1731010,0,31356,16313,47395
1731060,0,31427,16313,47395
1731110,0,31498,16313,47376
1731244,0,31498,16313,47376
1731294,0,30881,16313,47376
1731344,0,30881,16333,47376
1731394,0,30881,16333,47376
1731444,0,30881,16333,47376
1731494,0,31498,16333,47376
1731544,0,31498,16333,47371
1731594,0,31498,16333,47371
1731644,0,31498,16333,47371
1731694,0,31498,16333,47371
1731999,0,31498,16336,47349
1732049,0,31498,16336,47349
1732099,0,31498,16336,47349
1732149,0,31498,16372,47349
1732199,0,31498,16372,47349
1732249,0,31498,16372,47349
1732299,0,31498,16372,47349
1732391,0,31498,16372,47330
1732441,0,31498,16372,47330
1732491,0,31498,16372,47330
1732541,0,31498,16422,47330
1732591,0,31498,16422,47330
1732641,0,31498,16422,47330
1732691,0,32162,16422,47330
1732741,0,32162,16422,47301
1732791,0,32162,16422,47301
1732841,0,32162,16422,47301
1732891,0,32162,16422,47301
1732941,0,32162,16459,47301
1732991,0,32162,16459,47301
1733169,0,32842,16459,47287
1733219,0,32842,16459,47287
1733269,0,32842,16459,47287
1733361,0,33552,16501,47287
1733411,0,33552,16501,47287
1733461,0,33552,16501,47287
1733511,0,32842,16501,47287
1733561,0,32842,16501,47272
1733611,0,32842,16501,47272
1733661,0,32842,16501,47272
1733711,0,32162,16501,47272
1733761,0,32162,16591,47272
1733811,0,32162,16591,47272
1733861,0,32162,16591,47272
1733911,0,32162,16591,47272
1733961,0,32162,16591,47243
1734011,0,32162,16591,47243
1734061,0,32162,16591,47243
1734111,0,32842,16591,47243
1734161,0,32842,16655,47243
1734339,0,32842,16655,47213
1734389,0,32842,16655,47213
1734439,0,32842,16655,47213
1734489,0,32842,16655,47213
1734539,0,32842,16763,47213
1734589,0,32842,16763,47213
1734639,0,32842,16763,47213
1734689,0,33552,16763,47213
1734739,0,33552,16763,47162
1734789,0,33552,16763,47162
1734839,0,33552,16763,47162
1734889,0,32842,16763,47162
1734939,0,32842,16904,47162
1734989,0,32842,16904,47162
1735039,0,32842,16904,47162
1735089,0,32842,16904,47162
1735181,0,32842,16904,47141
1735231,0,32842,16904,47141
1735281,0,33552,16904,47141
1735331,0,33552,16904,47141
1735466,0,33552,17059,47141
1735516,0,33552,17059,47141
1735566,0,33552,17059,47135
1735616,0,33552,17059,47135
1735666,0,33552,17059,47135
1735716,0,33552,17059,47135
1735766,0,33552,17184,47135
1735816,0,33552,17184,47135
1735866,0,33552,17184,47135
1735916,0,33552,17184,47135
1735966,0,33552,17184,47103
1736016,0,33552,17184,47103
1736066,0,33552,17184,47103
1736158,0,34309,17338,47103
1736208,0,34309,17338,47103
1736258,0,34309,17338,47103
1736308,0,34309,17338,47103
1736358,0,34309,17338,47077
1736408,0,34309,17338,47077
1736458,0,34309,17338,47077
1736594,0,32842,17458,47077
1736644,0,32842,17458,47077
1736694,0,33552,17458,47077
1736744,0,33552,17458,47036
1736794,0,33552,17458,47036
1736844,0,33552,17458,47036
1736894,0,33552,17458,47036
1736944,0,33552,17599,47036
1736994,0,33552,17599,47036
1737086,0,34309,17599,47036
1737136,0,34309,17599,47036
1737186,0,34309,17599,46983
1737236,0,34309,17599,46983
1737286,0,33552,17599,46983
1737336,0,33552,17599,46983
1737386,0,33552,17824,46983
1737436,0,33552,17824,46983
1737486,0,35081,17824,46983
1737536,0,35081,17824,46983
1737586,0,35081,17824,46964
1737722,0,34309,17824,46964
1737772,0,34309,17959,46964
1737822,0,34309,17959,46964
1737872,0,34309,17959,46964
1737922,0,35081,17959,46964
1737972,0,35081,17959,46946
1738064,0,35081,17959,46946
1738114,0,35081,17959,46946
1738164,0,35081,18055,46946
1738214,0,35081,18055,46946
1738264,0,35081,18055,46946
1738314,0,35081,18055,46946
1738364,0,35081,18055,47088
1738414,0,35081,18055,47088
1738464,0,35081,18055,47088
1738514,0,35081,18055,47088
1738564,0,35081,3780,47088
1738614,0,35081,3780,47088
1738664,0,35081,3780,47088
1738714,0,35081,3780,47088
1738849,0,35081,3780,49468
1738899,0,35081,3780,49468
1738991,0,35081,152,49468
1739041,0,35081,152,49468
1739091,0,35245,152,49468
1739141,0,35408,152,49468
1739191,0,35572,152,49516
1739241,0,35735,152,49516
1739291,0,35899,152,49516
1739341,0,35899,152,49516
1739391,0,35899,124,49516
1739441,0,35899,124,49516
1739491,0,35899,124,49516
1739541,0,35899,124,49516
1739591,0,35899,124,49548
1739641,0,35899,124,49548
1739691,0,35081,124,49548
1739741,0,35081,124,49548
1739791,0,35081,121,49548
1739841,0,35081,121,49548
1739977,0,35081,121,49573
1740069,0,35081,121,49573
1740119,0,33552,121,49573
1740169,0,33552,119,49573
1740219,0,33552,119,49573
1740269,0,33552,119,49573
1740319,0,33552,119,49573
1740369,0,33552,119,49593
1740419,0,33552,119,49593
1740469,0,33552,119,49593
1740519,0,34309,119,49593
1740569,0,34309,119,49593
1740619,0,34309,119,49593
1740669,0,34309,119,49593
1740719,0,33552,119,49593
1740769,0,33552,119,49611
1740819,0,33552,119,49611
1740869,0,33552,119,49611
1740961,0,34309,119,49611
1741011,0,34309,118,49611
1741147,0,34309,118,49611
1741197,0,34309,118,49628
1741247,0,34309,118,49628
1741297,0,33552,118,49628
1741347,0,33552,118,49628
1741397,0,33552,117,49628
1741447,0,33552,117,49628
1741497,0,34309,117,49628
1741547,0,34309,117,49628
1741597,0,34309,117,49642
1741647,0,34309,117,49642
1741697,0,33552,117,49642
1741747,0,33552,117,49642
1741797,0,33552,117,49642
1741847,0,33552,117,49642
1741897,0,33552,117,49642
1741989,0,33552,117,49655
1742039,0,33552,117,49655
1742089,0,33552,117,49655
1742139,0,33552,117,49655
1742275,0,33552,117,49655
1742325,0,32842,117,49655
1742375,0,32842,117,49655
1742425,0,32842,117,49667
1742475,0,32842,117,49667
1742525,0,32842,117,49667
1742575,0,32842,117,49667
1742625,0,32842,117,49667
1742675,0,32842,117,49667
1742725,0,32842,117,49667
1742775,0,32842,117,49667
1742825,0,32842,117,49679
1742875,0,32842,117,49679
1742925,0,32842,117,49679
1743017,0,32842,117,49679
1743067,0,32842,117,49679
1743117,0,32842,117,49679
1743167,0,32842,117,49679
1743217,0,32842,117,49689
1743267,0,32842,117,49689
1743402,0,32162,117,49689
1743452,0,32162,117,49689
1743502,0,32162,117,49689
1743552,0,32162,117,49689
1743602,0,32162,117,49700
1743652,0,32162,117,49700
1743702,0,32162,117,49700
1743752,0,32162,117,49700
1743802,0,32162,115,49700
1743852,0,32162,115,49700
1743902,0,32162,115,49700
1743994,0,32162,115,49710
1744044,0,32162,115,49710
1744094,0,32162,115,49710
1744144,0,32162,115,49710
1744194,0,32162,116,49710
1744244,0,32162,116,49710
1744294,0,32842,116,49710
1744344,0,32842,116,49710
1744394,0,32842,116,49719
1744530,0,32162,116,49719
1744580,0,32162,116,49719
1744630,0,32162,116,49719
1744680,0,32162,116,49719
1744730,0,32162,116,49719
1744780,0,32162,116,49719
1744830,0,32162,116,49728
1744880,0,32162,116,49728
1744930,0,32162,116,49728
1745022,0,32162,287,49728
1745072,0,32162,287,49728
1745122,0,32162,287,49728
1745172,0,32162,287,49728
1745222,0,32162,287,49725
1745272,0,32162,287,49725
1745322,0,31498,287,49725
1745372,0,31498,287,49725
1745422,0,31498,194,49725
1745472,0,31498,194,49725
1745522,0,31498,194,49725
1745658,0,31498,194,49733
1745708,0,31498,194,49733
1745758,0,31498,194,49733
1745808,0,31498,191,49733
1745858,0,31498,191,49733
1745908,0,31498,191,49733
1746000,0,31498,191,49741
1746050,0,31498,191,49741
1746100,0,31498,191,49741
1746150,0,31498,191,49741
1746200,0,31498,191,49741
1746250,0,31498,288,49741
1746300,0,31498,288,49741
1746350,0,31498,288,49741
1746400,0,31498,288,49741
1746450,0,31498,288,49723
1746585,0,31144,288,49723
1746635,0,31012,365,49723
1746685,0,30881,365,49723
1746735,0,30881,365,49723
1746785,0,30881,365,49723
1746835,0,30881,365,49730
1746885,0,31498,365,49730
1746935,0,31498,365,49730
1747027,0,31498,371,49730
1747077,0,30881,371,49730
1747127,0,30881,371,49730
1747177,0,30881,371,49730
1747227,0,30881,371,49734
1747277,0,30881,371,49734
1747327,0,30881,371,49734
1747377,0,30881,371,49734
1747427,0,30881,366,49734
1747477,0,30881,366,49734
1747527,0,30881,366,49734
1747577,0,30881,366,49734
1747713,0,30263,366,49742
1747763,0,30263,366,49742
1747813,0,30263,364,49742
1747863,0,30263,364,49742
1747913,0,30263,364,49742
1747963,0,30263,364,49742
1748055,0,30263,364,49748
1748105,0,30881,364,49748
1748155,0,30881,364,49748
1748205,0,30881,364,49748
1748255,0,30881,364,49748
1748305,0,30881,364,49748
1748355,0,30881,364,49748
1748405,0,30881,364,49748
1748455,0,30881,364,49709
1748505,0,30881,364,49709
1748555,0,30881,364,49709
1748605,0,30881,364,49709
1748655,0,30881,13195,49709
1748705,0,30881,13195,49709
1748841,0,30881,13195,47569
1748891,0,29692,13195,47569
1748941,0,29692,13195,47569
1749033,0,29692,15815,47569
1749083,0,30263,15815,47569
1749133,0,30263,15815,47569
1749183,0,30263,15815,47569
1749233,0,30263,15815,47504
1749283,0,30263,15815,47504
1749333,0,30263,15815,47504
1749383,0,30263,15815,47504
1749433,0,30263,15956,47504
1749483,0,30263,15956,47504
1749533,0,30263,15956,47504
1749583,0,30263,15956,47504
1749633,0,30263,15956,47445
1749683,0,30263,15956,47445
1749733,0,30263,15956,47445
1749783,0,30263,15956,47445
1749833,0,30263,16105,47445
1750011,0,30263,16105,47445
1750061,0,30263,16105,47407
1750111,0,30263,16105,47407
1750161,0,30263,16105,47407
1750211,0,30263,16105,47407
1750261,0,30263,16226,47407
1750311,0,30881,16226,47407
1750361,0,30881,16226,47407
1750411,0,30881,16226,47407
1750461,0,30881,16226,47376
1750511,0,31498,16226,47376
1750561,0,31498,16226,47376
1750611,0,31498,16226,47376
1750661,0,31498,16314,47376
1750711,0,31498,16314,47376
1750761,0,31498,16314,47376
1750855,0,31498,16314,47333
1750905,0,31498,16314,47333
1750955,0,31498,16314,47333
1751005,0,31498,16314,47333
1751141,0,32162,16460,47333
1751191,0,32162,16460,47333
1751241,0,32162,16460,47305
1751291,0,32162,16460,47305
1751341,0,32162,16460,47305
1751391,0,32162,16460,47305
1751441,0,32162,16589,47305
1751491,0,32162,16589,47305
1751541,0,32162,16589,47305
1751591,0,32162,16589,47305
1751641,0,32162,16589,47270
1751691,0,32842,16589,47270
1751741,0,32842,16589,47270
1751833,0,32842,16589,47270
1751883,0,32842,16726,47270
1751933,0,32842,16726,47270
1751983,0,32842,16726,47270
1752033,0,32842,16726,47270
1752083,0,32842,16726,47240
1752133,0,32842,16726,47240
1752269,0,32842,16844,47240
1752319,0,32842,16844,47240
1752369,0,32842,16844,47240
1752419,0,32842,16844,47240
1752469,0,32842,16844,47189
1752519,0,33552,16844,47189
1752569,0,33552,16844,47189
1752619,0,33552,16844,47189
1752669,0,33552,16982,47189
1752761,0,33552,16982,47189
1752811,0,33552,16982,47189
1752861,0,33552,16982,47163
1752911,0,32842,16982,47163
1752961,0,32842,16982,47163
1753011,0,32842,16982,47163
1753061,0,32842,17089,47163
1753111,0,32842,17089,47163
1753161,0,32842,17089,47163
1753211,0,32842,17089,47163
1753261,0,32842,17089,47146
1753396,0,32842,17089,47146
1753446,0,32842,17089,47146
1753496,0,32842,17203,47146
1753546,0,32842,17203,47146
1753596,0,32842,17203,47146
1753646,0,32842,17203,47146
1753738,0,33552,17203,47094
1753788,0,33552,17203,47094
1753838,0,33552,17203,47094
1753888,0,32842,17362,47094
1753938,0,32842,17362,47094
1753988,0,32842,17362,47094
1754038,0,32842,17362,47094
1754088,0,33552,17362,47060
1754138,0,33552,17362,47060
1754188,0,33552,17362,47060
1754238,0,33552,17362,47060
1754288,0,33552,17514,47060
1754338,0,33552,17514,47060
1754388,0,33552,17514,47060
1754523,0,33552,17514,47024
1754573,0,33552,17514,47024
1754665,0,33552,17647,47024
1754715,0,34309,17647,47024
1754765,0,34309,17647,47024
1754815,0,34309,17647,47024
1754865,0,34309,17647,46993
1754915,0,34309,17647,46993
1754965,0,34309,17647,46993
1755015,0,34309,17647,46993
1755065,0,34309,17647,46993
1755115,0,34309,17787,46993
1755165,0,34309,17787,46993
1755215,0,34309,17787,46993
1755265,0,34309,17787,46993
1755315,0,35081,17787,46969
1755365,0,35081,17787,46969
1755415,0,35081,17787,46969
1755465,0,35081,17787,46969
1755558,0,35081,17930,46969
1755694,0,33552,17930,46938
1755744,0,33552,17930,46938
1755794,0,33552,17930,46938
1755844,0,33552,17930,46938
1755894,0,34309,18100,46938
1755944,0,34309,18100,46938
1755994,0,34309,18100,46938
1756044,0,34309,18100,46938
1756094,0,34309,18100,46892
1756144,0,34309,18100,46892
1756194,0,34309,18100,46892
1756244,0,34309,18100,46892
1756294,0,34309,18218,46892
1756344,0,34309,18218,46892
1756394,0,34309,18218,46892
1756444,0,34309,18218,46892
1756536,0,35081,18218,46878
1756586,0,35081,18218,46878
1756636,0,35081,18218,46878
1756686,0,35081,18313,46878
1756822,0,35081,18313,46878
1756872,0,35081,18313,46878
1756922,0,35899,18313,46828
1756972,0,35899,18313,46828
1757022,0,35899,18313,46828
1757072,0,35899,18313,46828
1757122,0,35081,18481,46828
1757172,0,35081,18481,46828
1757222,0,35081,18481,46828
1757272,0,35081,18481,46828
1757322,0,35081,18481,46819
1757372,0,35081,18481,46819
1757464,0,35081,18481,46819
1757514,0,34309,18573,46819
1757564,0,34309,18573,46819
1757614,0,34309,18573,46819
1757664,0,34309,18573,46819
1757714,0,35081,18573,46792
1757764,0,35081,18573,46792
1757814,0,35081,18573,46792
1757950,0,34309,18625,46792
1758000,0,34309,18625,46792
1758050,0,34309,18625,46792
1758100,0,35081,18625,46768
1758150,0,35081,18625,46768
1758200,0,35081,18625,46768
1758250,0,35081,18625,46768
1758300,0,35081,18745,46768
1758350,0,35081,18745,46768
1758442,0,35081,18745,46768
1758492,0,35899,18745,46743
1758542,0,35899,18745,46743
1758592,0,35899,18745,46743
1758642,0,35899,18745,46743
1758692,0,35899,18796,46743
1758742,0,35899,18796,46743
1758792,0,35899,18796,46743
1758842,0,35899,18796,46743
1758892,0,35081,18796,46729
1758942,0,35081,18796,46729
1759077,0,34309,18796,46729
1759127,0,34309,18879,46729
1759177,0,34309,18879,46729
1759227,0,34309,18879,46729
1759277,0,35899,18879,46729
1759369,0,35899,18879,46704
1759419,0,35899,18879,46704
1759469,0,35899,18879,46704
1759519,0,36748,18981,46704
1759569,0,36748,18981,46704
1759619,0,36748,18981,46704
1759669,0,36748,18981,46704
1759719,0,36748,18981,46672
1759769,0,36748,18981,46672
1759819,0,36748,18981,46672
1759869,0,36748,18981,46672
1759919,0,36748,19123,46672
1759969,0,36748,19123,46672
1760019,0,36748,19123,46672
1760069,0,36748,19123,46672
1760205,0,36748,19123,46647
1760255,0,36748,19123,46647
1760347,0,35899,19220,46647
1760397,0,35899,19220,46647
1760447,0,35899,19220,46647
1760497,0,35899,19220,46634
1760547,0,35899,19220,46634
1760597,0,35899,19220,46634
1760647,0,35899,19220,46634
1760697,0,37659,19281,46634
1760747,0,37659,19281,46634
1760797,0,37659,19281,46634
1760847,0,37659,19281,46634
1760897,0,36748,19281,46634
1760947,0,36748,19281,46600
1760997,0,36748,19281,46600
1761133,0,37659,19296,46600
1761183,0,37659,19296,46600
1761275,0,37659,19296,46600
1761325,0,36748,19296,46590
1761375,0,36748,19296,46590
1761425,0,36748,19296,46590
1761475,0,36748,19296,46590
1761525,0,36748,19362,46590
1761575,0,36748,19362,46590
1761625,0,36748,19362,46590
1761675,0,36748,19362,46590
1761725,0,35899,19362,46592
1761775,0,35899,19362,46592
1761825,0,35899,19362,46592
1761875,0,35899,19362,46592
1761925,0,37659,19426,46592
1761975,0,37659,19426,46592
1762025,0,37659,19426,46592
1762075,0,37659,19426,46592
1762209,0,37659,19426,46557
1762514,0,36748,19552,46557
1762564,0,36748,19552,46539
1762614,0,36748,19552,46539
1762664,0,36748,19552,46539
1762714,0,36748,19552,46539
1762764,0,36748,2646,46539
1762814,0,36748,2646,46539
1762864,0,36748,2646,46539
1762914,0,37659,2646,46539
1762964,0,37659,2646,49301
1763014,0,37659,2646,49301
1763064,0,37659,2646,49301
1763114,0,37659,2646,49301
1763164,0,37659,147,49301
1763214,0,37659,147,49301
1763264,0,37659,147,49301
1763356,0,36748,147,49352
1763406,0,36748,147,49352
1763456,0,36748,147,49352
1763506,0,36748,147,49352
1763683,0,36748,124,49352
1763733,0,36748,124,49387
1763783,0,36748,124,49387
1763833,0,36748,124,49387
1763883,0,37659,124,49387
1763933,0,37659,405,49387
1763983,0,37659,405,49387
1764033,0,37659,405,49387
1764083,0,35899,405,49387
1764133,0,35899,405,49415
1764183,0,35899,405,49415
1764233,0,35899,405,49415
1764283,0,35899,405,49415
1764375,0,35899,122,49415
1764425,0,35899,122,49415
1764475,0,35899,122,49415
1764525,0,35899,122,49415
1764575,0,35899,122,49439
1764625,0,35899,122,49439
1764675,0,35899,122,49439
1764840,0,35899,119,49439
1764890,0,35081,119,49439
1764940,0,35081,119,49458
1764990,0,35081,119,49458
1765040,0,35081,119,49458
1765090,0,35899,119,49458
1765140,0,35899,118,49458
1765190,0,35899,118,49458
1765240,0,35899,118,49458
1765290,0,35899,118,49458
1765340,0,35899,118,49476
1765432,0,35899,118,49476
1765482,0,35899,118,49476
1765532,0,35899,117,49476
1765582,0,35899,117,49476
1765632,0,35899,117,49476
1765682,0,35081,117,49476
1765732,0,35081,117,49476
1765782,0,35081,117,49492
1765832,0,35081,117,49492
1765968,0,35081,118,49492
1766018,0,35081,118,49492
1766068,0,35081,118,49492
1766118,0,34309,118,49492
1766168,0,34309,118,49507
1766218,0,34309,118,49507
1766268,0,34309,118,49507
1766318,0,34309,118,49507
1766410,0,34309,117,49507
1766460,0,34309,117,49507
1766510,0,33552,117,49507
1766560,0,33552,117,49521
1766610,0,33552,117,49521
1766660,0,33552,117,49521
1766710,0,35081,117,49521
1766760,0,35081,117,49521
1766810,0,35081,117,49521
1766860,0,35081,117,49521
1766910,0,34309,117,49521
1766960,0,34309,117,49534
1767095,0,34309,117,49534
1767145,0,34309,117,49534
1767195,0,34309,117,49534
1767245,0,34309,117,49534
1767295,0,34309,117,49534
1767345,0,34309,117,49546
1767437,0,34309,117,49546
1767487,0,34309,117,49546
1767537,0,34309,117,49546
1767587,0,34309,117,49546
1767637,0,34309,117,49546
1767687,0,33552,117,49546
1767737,0,33552,117,49546
1767787,0,33552,117,49558
1767837,0,33552,117,49558
1767887,0,33552,117,49558
1767937,0,33552,117,49558
1767987,0,33552,116,49558
1768037,0,33552,116,49558
1768087,0,32842,116,49558
1768222,0,32842,116,49568
1768272,0,32842,116,49568
1768322,0,32842,116,49568
1768372,0,32842,116,49568
1768464,0,32842,116,49568
1768514,0,32842,116,49568
1768564,0,32842,116,49580
1768614,0,32842,116,49580
1768664,0,32842,116,49580
1768714,0,32842,116,49580
1768764,0,32842,115,49580
1768814,0,32842,115,49580
1768864,0,32842,115,49580
1768914,0,32162,115,49580
1768964,0,32162,115,49589
1769014,0,32162,115,49589
1769064,0,32162,115,49589
1769114,0,32162,115,49589
1769164,0,32162,116,49589
1769214,0,32162,116,49589
1769350,0,32162,116,49589
1769442,0,32162,116,49599
1769492,0,32842,116,49599
1769542,0,32842,116,49599
1769592,0,32842,115,49599
1769642,0,32842,115,49599
1769692,0,32842,115,49599
1769742,0,32842,115,49599
1769792,0,32842,115,49609
1769842,0,32842,115,49609
1769892,0,32162,115,49609
1769942,0,32162,115,49609
1769992,0,32162,116,49609
1770042,0,32162,116,49609
1770092,0,32162,116,49609
1770142,0,32162,116,49609
1770192,0,32162,116,49618
1770242,0,32162,116,49618
1770292,0,32162,116,49618
1770384,0,32162,116,49618
1770520,0,32162,116,49618
1770570,0,32162,116,49626
1770620,0,32162,116,49626
1770670,0,32162,116,49626
1770720,0,32162,116,49626
1770770,0,32162,116,49626
1770820,0,32162,116,49626
1770870,0,32162,116,49626
1770920,0,32162,116,49626
1770970,0,32162,116,49634
1771020,0,32162,116,49634
1771070,0,32162,116,49634
1771120,0,32087,116,49634
1771170,0,32012,116,49634
1771220,0,31937,116,49634
1771270,0,31862,116,49634
1771320,0,31786,116,49634
1771412,0,31648,116,49642
1771462,0,31573,116,49642
1771512,0,31498,116,49642
1771648,0,31498,116,49642
1771698,0,31498,116,49642
1771748,0,31498,116,49642
1771798,0,31498,116,49649
1771848,0,31498,116,49649
1771898,0,31498,116,49649
1771948,0,31498,116,49649
1771998,0,31498,114,49649
1772048,0,31498,114,49649
1772098,0,32162,114,49649
1772148,0,32162,114,49649
1772198,0,32162,114,49658
1772248,0,32162,114,49658
1772298,0,31498,114,49658
1772348,0,31498,114,49658
1772440,0,31498,117,49658
1772490,0,30881,117,49658
1772540,0,30881,117,49658
1772590,0,30881,117,49665
1772640,0,30881,117,49665
1772775,0,30881,117,49665
1772825,0,30881,116,49665
1772875,0,30881,116,49665
1772925,0,30263,116,49665
1772975,0,30263,116,49665
1773025,0,30263,116,49671
1773075,0,30263,116,49671
1773125,0,30881,116,49671
1773175,0,30881,116,49671
1773225,0,30881,116,49671
1773275,0,30881,116,49671
1773325,0,30881,116,49671
1773375,0,30881,116,49671
1773467,0,30881,116,49678
1773517,0,30263,116,49678
1773567,0,30263,116,49678
1773617,0,30263,150,49678
1773667,0,30263,150,49678
1773717,0,30881,150,49678
1773767,0,30881,150,49678
1773902,0,30263,150,49673
1773952,0,30263,150,49673
1774002,0,30263,195,49673
1774052,0,30263,195,49673
1774102,0,30263,195,49673
1774152,0,30263,195,49673
1774202,0,30263,195,49680
1774252,0,30263,195,49680
1774302,0,30263,195,49680
1774352,0,30263,195,49680
1774402,0,30263,192,49680
1774494,0,30263,192,49680
1774544,0,30263,192,49680
1774594,0,30263,192,49686
1774644,0,30263,192,49686
1774694,0,29692,192,49686
1774744,0,29692,192,49686
1774794,0,29692,231,49686
1774844,0,29692,231,49686
1774894,0,29120,231,49686
1775029,0,29120,231,49678
1775079,0,29120,231,49678
1775129,0,29120,231,49678
1775179,0,29120,231,49678
1775229,0,29120,357,49678
1775279,0,29120,357,49678
1775329,0,29120,357,49678
1775379,0,29120,357,49678
1775471,0,29120,357,49671
1775521,0,29120,357,49671
1775571,0,29120,357,49671
1775621,0,29120,368,49671
1775671,0,29120,368,49671
1775721,0,28580,368,49671
1775771,0,28580,368,49671
1775821,0,28580,368,49676
1775956,0,28580,368,49676
1776006,0,28580,368,49676
1776056,0,28580,370,49676
1776106,0,28580,370,49676
1776156,0,28580,370,49676
1776206,0,28580,370,49676
1776256,0,28580,370,49684
1776306,0,28071,370,49684
1776356,0,28071,370,49684
1776406,0,28071,370,49684
1776498,0,29120,364,49684
1776548,0,29120,364,49684
1776598,0,29120,364,49684
1776648,0,29120,364,49689
1776698,0,28580,364,49689
1776748,0,28580,364,49689
1776798,0,28580,364,49689
1776848,0,28580,363,49689
1776898,0,28580,363,49689
1776948,0,28580,363,49689
1777083,0,28580,363,49694
1777133,0,28580,363,49694
1777183,0,28580,363,49694
1777233,0,28580,1904,49694
1777283,0,28580,1904,49694
1777333,0,28580,1904,49694
1777383,0,28580,1904,49694
1777433,0,28580,1904,47645
1777525,0,28580,1904,47645
1777575,0,28580,1904,47645
1777625,0,28580,14837,47645
1777675,0,28580,14837,47645
1777725,0,28071,14837,47645
1777775,0,28071,14837,47645
1777825,0,28071,14837,47607
1777875,0,28071,14837,47607
1777925,0,28580,14837,47607
1777975,0,28580,14837,47607
1778025,0,28580,15018,47607
1778075,0,28580,15018,47607
1778210,0,29120,15018,47607
1778260,0,29120,15018,47546
1778310,0,29120,15018,47546
1778360,0,29120,15018,47546
1778452,0,29120,15163,47546
1778502,0,29120,15163,47546
1778552,0,29120,15163,47546
1778602,0,29120,15163,47546
1778652,0,29120,15163,47492
1778702,0,29120,15163,47492
1778752,0,29120,15163,47492
1778802,0,29120,15163,47492
1778852,0,29120,15319,47492
1778902,0,29120,15319,47492
1778952,0,29120,15319,47492
1779002,0,29120,15319,47492
1779052,0,29120,15319,47478
1779102,0,29120,15319,47478
1779152,0,29120,15319,47478
1779202,0,29120,15319,47478
1779338,0,29400,15376,47478
1779430,0,29589,15376,47438
1779480,0,29692,15376,47438
1779530,0,29692,15376,47438
1779580,0,29692,15376,47438
1779630,0,29692,15420,47438
1779680,0,30263,15420,47438
1779730,0,30263,15420,47438
1779780,0,30263,15420,47438
1779830,0,30263,15420,47407
1779880,0,30263,15420,47407
1779930,0,30263,15420,47407
1779980,0,30263,15420,47407
1780030,0,30263,15510,47407
1780080,0,29692,15510,47407
1780130,0,29692,15510,47407
1780180,0,29692,15510,47407
1780272,0,29692,15510,47372
1780322,0,30263,15510,47372
1780372,0,30263,15510,47372
1780508,0,29692,15667,47372
1780558,0,29692,15667,47372
1780608,0,29692,15667,47372
1780658,0,29692,15667,47335
1780708,0,30263,15667,47335
1780758,0,30263,15667,47335
1780808,0,30263,15667,47335
1780858,0,30263,15719,47335
1780908,0,30263,15719,47335
1780958,0,30263,15719,47335
1781008,0,30263,15719,47335
1781058,0,30263,15719,47308
1781108,0,29692,15719,47308
1781158,0,29692,15719,47308
1781250,0,29692,15843,47308
1781300,0,30263,15843,47308
1781350,0,30263,15843,47308
1781400,0,30263,15843,47308
1781450,0,30263,15843,47284
1781500,0,30263,15843,47284
1781636,0,30263,15843,47284
1781686,0,30263,15930,47284
1781736,0,30263,15930,47284
1781786,0,30263,15930,47284
1781836,0,30263,15930,47284
1781886,0,30881,15930,47253
1781936,0,30881,15930,47253
1781986,0,30881,15930,47253
1782036,0,30881,15930,47253
1782086,0,30881,16105,47253
1782178,0,30881,16105,47253
1782228,0,30881,16105,47253
1782278,0,30263,16105,47204
1782328,0,30263,16105,47204
1782378,0,30263,16105,47204
1782428,0,30263,16105,47204
1782478,0,30263,16241,47204
1782528,0,30263,16241,47204
1782578,0,30263,16241,47204
1782628,0,30263,16241,47204
1782765,0,30881,16241,47184
1782815,0,30881,16241,47184
1782865,0,30881,16370,47184
1782915,0,30263,16370,47184
1782965,0,30263,16370,47184
1783015,0,30263,16370,47184
1783065,0,30263,16370,47154
1783157,0,30881,16370,47154
1783207,0,30881,16370,47154
1783257,0,30881,16474,47154
1783307,0,30881,16474,47154
1783357,0,30881,16474,47154
1783407,0,30881,16474,47154
1783457,0,30881,16474,47112
1783507,0,30881,16474,47112
1783557,0,30881,16474,47112
1783607,0,30881,16474,47112
1783657,0,30881,16586,47112
1783707,0,30881,16586,47112
1783757,0,30881,16586,47112
1783892,0,30881,16586,47095
1783942,0,30881,16586,47095
1783992,0,30881,16586,47095
1784084,0,32162,16708,47095
1784134,0,32162,16708,47095
1784184,0,32162,16708,47095
1784234,0,32162,16708,47095
1784284,0,32162,16708,47045
1784334,0,32162,16708,47045
1784384,0,32162,16708,47045
1784434,0,32162,16708,47045
1784484,0,32162,16874,47045
1784534,0,32162,16874,47045
1784584,0,32162,16874,47045
1784634,0,32162,16874,47045
1784684,0,32162,16874,47026
1784734,0,32162,16874,47026
1784784,0,32162,16874,47026
1784834,0,32162,16874,47026
1784884,0,32842,16998,47026
1785062,0,32842,16998,47026
1785112,0,32842,16998,46985
1785162,0,32842,16998,46985
1785212,0,32842,16998,46985
1785262,0,32842,16998,46985
1785312,0,32842,17150,46985
1785362,0,32842,17150,46985
1785412,0,32842,17150,46985
1785462,0,32842,17150,46985
1785512,0,32842,17150,46946
1785562,0,32842,17150,46946
1785612,0,32842,17150,46946
1785662,0,32842,17150,46946
1785712,0,32842,17299,46946
1785762,0,32842,17299,46946
1785812,0,32842,17299,46946
1785862,0,32842,17299,46946
1785954,0,33552,17299,46927
1786004,0,33552,17299,46927
1786054,0,33552,17299,46927
1786190,0,32842,17434,46927
1786240,0,32842,17434,46927
1786290,0,33552,17434,46904
1786340,0,33552,17434,46904
1786390,0,33552,17434,46904
1786440,0,33552,17434,46904
1786490,0,33552,17555,46904
1786540,0,33552,17555,46904
1786590,0,33552,17555,46904
1786640,0,33552,17555,46904
1786690,0,33552,17555,46854
1786740,0,33552,17555,46854
1786790,0,33552,17555,46854
1786882,0,34309,17756,46854
1786932,0,34309,17756,46854
1786982,0,34309,17756,46854
1787032,0,34309,17756,46854
1787082,0,34309,17756,46828
1787132,0,34309,17756,46828
1787182,0,34309,17756,46828
1787317,0,33552,17892,46828
1787367,0,33552,17892,46828
1787417,0,33552,17892,46828
1787467,0,33552,17892,46828
1787517,0,35081,17892,46798
1787567,0,35081,17892,46798
1787617,0,35081,17892,46798
1787667,0,35081,17892,46798
1787717,0,35081,18035,46798
1787767,0,35081,18035,46798
1787859,0,35081,18035,46798
1787909,0,35081,18035,46780
1787959,0,35081,18035,46780
1788009,0,35081,18035,46780
1788059,0,35081,18035,46780
1788109,0,35081,18155,46780
1788159,0,35081,18155,46780
1788209,0,35081,18155,46780
1788259,0,35081,18155,46780
1788309,0,35081,18155,46738
1788445,0,35081,18155,46738
1788495,0,35081,18310,46738
1788545,0,35081,18310,46738
1788595,0,35081,18310,46738
1788645,0,35081,18310,46738
1788695,0,34309,18310,46727
1788787,0,34309,18310,46727
1788837,0,34309,18310,46727
1788887,0,35081,18310,46727
1788937,0,35081,18394,46727
1788987,0,35081,18394,46727
1789037,0,35081,18394,46727
1789087,0,35081,18394,46727
1789137,0,35081,18394,46682
1789187,0,35081,18394,46682
1789237,0,35081,18394,46682
1789287,0,35899,18394,46682
1789337,0,35899,18517,46682
1789387,0,35899,18517,46682
1789437,0,35899,18517,46682
1789573,0,35899,18517,46662
1789623,0,35899,18517,46662
1789673,0,35899,18517,46662
1789765,0,35081,18632,46662
1789815,0,35081,18632,46662
1789865,0,35081,18632,46662
1789915,0,35899,18632,46621
1789965,0,35899,18632,46621
1790015,0,35899,18632,46621
1790065,0,35899,18632,46621
1790115,0,35899,18744,46621
1790165,0,35899,18744,46621
1790215,0,35899,18744,46621
1790265,0,35899,18744,46621
1790315,0,36748,18744,46604
1790365,0,36748,18744,46604
1790501,0,37659,18917,46604
1790551,0,37659,18917,46604
1790601,0,37659,18917,46604
1790693,0,36748,18917,46604
1790743,0,36748,18917,46573
1790793,0,36748,18917,46573
1790843,0,36748,18917,46573
1790893,0,35899,18917,46573
1790943,0,35899,19019,46573
1790993,0,35899,19019,46573
1791043,0,35899,19019,46573
1791093,0,36748,19019,46573
1791143,0,36748,19019,46560
1791193,0,36748,19019,46560
1791243,0,36748,19019,46560
1791293,0,36748,19019,46560
1791343,0,36748,19110,46560
1791393,0,36748,19110,46560
1791443,0,36748,19110,46560
1791493,0,36748,19110,46560
1791671,0,36748,19110,46525
1791721,0,36748,19230,46525
1791771,0,36748,19230,46525
1791821,0,36748,19230,46525
1791871,0,36748,19230,46525
1791921,0,37659,19230,46496
1791971,0,37659,19230,46496
1792021,0,37659,19230,46496
1792071,0,37659,19230,46496
1792121,0,36748,19352,46496
1792171,0,36748,19352,46496
1792221,0,36748,19352,46496
1792271,0,36748,19352,46496
1792321,0,37659,19352,46473
1792371,0,37659,19352,46473
1792421,0,37659,19352,46473
1792513,0,37659,19475,46473
1792563,0,37659,19475,46473
1792613,0,37659,19475,46473
1792663,0,37659,19475,46473
1792798,0,37659,19475,49150
1792848,0,37659,19475,49150
1792898,0,36748,19475,49150
1792948,0,36748,571,49150
1792998,0,36748,571,49150
1793048,0,36748,571,49150
1793098,0,36748,571,49150
1793148,0,36748,571,49227
1793198,0,36748,571,49227
1793248,0,36748,571,49227
1793298,0,36748,571,49227
1793348,0,36748,132,49227
1793398,0,36748,132,49227
1793532,0,37659,132,49270
1793582,0,37659,132,49270
1793632,0,37659,132,49270
1793682,0,37659,132,49270
1793732,0,36748,123,49270
1793782,0,36748,123,49270
1793832,0,36748,123,49270
1794137,0,36748,121,49302
1794187,0,36748,121,49302
1794237,0,36748,121,49302
1794287,0,35899,121,49302
1794337,0,35899,121,49329
1794387,0,35899,121,49329
1794437,0,35899,121,49329
1794487,0,36748,121,49329
1794537,0,36748,120,49329
1794587,0,36748,120,49329
1794637,0,36748,120,49329
1794729,0,36748,120,49350
1794779,0,36748,120,49350
1794829,0,36748,120,49350
1794879,0,36748,120,49350
1794929,0,35899,119,49350
1794979,0,35899,119,49350
1795029,0,35899,119,49350
1795079,0,35899,119,49350
1795129,0,35899,119,49350
1795306,0,35899,119,49370
1795356,0,35899,118,49370
1795406,0,35899,118,49370
1795456,0,35899,118,49370
1795506,0,35899,118,49370
1795556,0,35899,118,49388
1795606,0,35899,118,49388
1795656,0,35899,118,49388
1795706,0,35899,118,49388
1795798,0,35899,117,49388
1795848,0,35899,117,49388
1795898,0,36748,117,49388
1795948,0,36748,117,49403
1795998,0,36748,117,49403
1796048,0,36748,117,49403
1796098,0,35899,117,49403
1796148,0,35899,116,49403
1796198,0,35899,116,49403
1796248,0,35899,116,49403
1796298,0,35081,116,49403
1796434,0,35081,116,49417
1796484,0,35081,116,49417
1796534,0,35081,116,49417
1796584,0,35081,117,49417
1796634,0,35081,117,49417
1796684,0,35081,117,49417
1796776,0,35081,117,49430
1796826,0,35081,117,49430
1796876,0,35081,117,49430
1796926,0,35081,117,49430
1796976,0,35081,117,49430
1797026,0,35081,117,49430
1797076,0,35081,117,49430
1797126,0,35899,117,49430
1797176,0,35899,117,49444
1797226,0,35899,117,49444
1797276,0,35899,117,49444
1797326,0,35081,117,49444
1797376,0,35081,116,49444
1797426,0,35081,116,49444
1797562,0,35081,116,49456
1797612,0,35081,116,49456
1797662,0,35081,116,49456
1797712,0,35081,116,49456
1797804,0,35081,117,49456
1797854,0,35081,117,49456
1797904,0,34309,117,49456
1797954,0,34309,117,49467
1798004,0,34309,117,49467
1798054,0,34309,117,49467
1798104,0,34309,117,49467
1798154,0,34309,116,49467
1798204,0,34309,116,49467
1798254,0,34309,116,49467
1798304,0,34309,116,49467
1798354,0,34309,116,49478
1798404,0,34309,116,49478
1798454,0,34309,116,49478
1798504,0,34309,116,49478
1798554,0,34309,116,49478
1798690,0,33552,116,49478
1798740,0,33552,116,49478
1798832,0,33552,116,49488
1798882,0,33552,116,49488
1798932,0,35081,116,49488
1798982,0,35081,116,49488
1799032,0,35081,116,49488
1799082,0,35081,116,49488
1799132,0,34309,116,49488
1799182,0,34309,116,49497
1799232,0,34309,116,49497
1799282,0,34309,116,49497
1799332,0,34309,116,49497
1799382,0,34309,115,49497
1799432,0,34309,115,49497
1799482,0,34309,115,49497
1799532,0,34309,115,49497
1799582,0,34309,115,49507
1799632,0,34309,115,49507
1799726,0,34309,115,49507
1799862,0,34309,116,49507
1799912,0,33552,116,49507
1799962,0,33552,116,49516
1800012,0,33552,116,49516
1800062,0,33552,116,49516
1800112,0,33552,116,49516
1800162,0,33552,117,49516
1800212,0,33552,117,49516
1800262,0,33552,117,49516
1800312,0,33552,117,49516
1800362,0,33552,117,49526
1800412,0,33552,117,49526
1800462,0,33552,117,49526
1800512,0,33552,117,49526
1800562,0,33552,116,49526
1800612,0,33552,116,49526
1800662,0,33552,116,49526
1800754,0,32842,116,49526
1800804,0,32842,116,49534
1800854,0,32842,116,49534
1800989,0,34309,115,49534
1801039,0,34309,115,49534
1801089,0,33552,115,49534
1801139,0,33552,115,49534
1801189,0,33552,115,49542
1801239,0,33552,115,49542
1801289,0,34309,115,49542
1801339,0,34309,115,49542
1801389,0,34309,114,49542
1801439,0,34309,114,49542
1801489,0,33552,114,49542
1801539,0,33552,114,49542
1801589,0,33552,114,49549
1801639,0,33552,114,49549
1801689,0,34309,114,49549
1801781,0,34309,116,49549
1801831,0,34309,116,49549
1801881,0,34309,116,49549
1801931,0,33552,116,49549
1801981,0,33552,116,49557
1802117,0,33552,116,49557
1802167,0,33552,116,49557
1802217,0,33552,116,49557
1802267,0,33552,116,49557
1802317,0,32842,116,49557
1802367,0,32842,116,49557
1802417,0,32842,116,49564
1802467,0,32842,116,49564
1802517,0,32842,116,49564
1802567,0,32842,116,49564
1802617,0,32842,116,49564
1802667,0,32842,116,49564
1802759,0,32842,116,49564
1802809,0,32842,116,49572
1802859,0,32842,116,49572
1802909,0,32842,116,49572
1802959,0,32842,116,49572
1803009,0,32842,116,49572
1803059,0,32842,116,49572
1803109,0,32842,116,49572
1803245,0,32842,116,49579
1803295,0,32162,116,49579
1803345,0,32162,116,49579
1803395,0,32162,115,49579
1803445,0,32162,115,49579
1803495,0,32162,115,49579
1803545,0,32162,115,49579
1803595,0,32162,115,49586
1803645,0,32162,115,49586
1803695,0,32162,115,49586
1803787,0,32162,116,49586
1803837,0,32162,116,49586
1803887,0,32162,116,49586
1803937,0,32162,116,49586
1803987,0,32162,116,49592
1804037,0,32162,116,49592
1804087,0,32842,116,49592
1804137,0,32842,116,49592
1804187,0,32842,115,49592
1804237,0,32842,115,49592
1804373,0,32842,115,49592
1804423,0,32842,115,49598
1804473,0,32842,115,49598
1804523,0,32162,115,49598
1804573,0,32162,115,49598
1804623,0,32162,115,49598
1804673,0,32162,115,49598
1804765,0,32842,115,49598
1804815,0,32842,115,49605
1804865,0,32842,115,49605
1804915,0,32162,115,49605
1804965,0,32162,115,49605
1805015,0,32162,116,49605
1805065,0,32162,116,49605
1805115,0,32162,116,49605
1805165,0,32162,116,49605
1805301,0,32162,116,49611
1805351,0,32162,116,49611
1805401,0,32162,115,49611
1805451,0,32162,115,49611
1805501,0,32162,115,49611
1805551,0,32162,115,49611
1805601,0,32162,115,49617
1805651,0,32162,115,49617
1805701,0,32162,115,49617
1805793,0,32162,115,49617
1805843,0,32162,115,49617
1805893,0,32162,115,49617
1805943,0,32162,115,49617
1805993,0,32162,115,49617
1806043,0,32162,115,49622
1806093,0,32029,115,49622
1806143,0,31896,115,49622
1806193,0,31764,115,49622
1806243,0,31631,115,49622
1806293,0,31498,115,49622
1806428,0,31498,115,49627
1806478,0,31498,115,49627
1806528,0,31498,115,49627
1806578,0,31498,115,49627
1806628,0,31498,115,49627
1806678,0,31498,115,49627
1806728,0,30881,115,49627
1806820,0,30881,115,49632
1806870,0,30881,115,49632
1806920,0,30881,115,49632
1806970,0,30881,115,49632
1807020,0,30881,115,49632
1807070,0,30881,115,49632
1807120,0,31498,115,49632
1807170,0,31498,115,49632
1807220,0,31498,115,49637
1807270,0,31498,115,49637
1807320,0,30881,115,49637
1807370,0,30881,115,49637
1807420,0,30881,116,49637
1807556,0,30881,116,49637
1807606,0,30881,116,49643
1807656,0,30881,116,49643
1807706,0,30881,116,49643
1807756,0,30881,116,49643
1807848,0,30881,114,49643
1807898,0,30881,114,49643
1807948,0,30881,114,49643
1807998,0,30881,114,49643
1808048,0,30881,114,49648
1808098,0,30881,114,49648
1808148,0,30881,114,49648
1808198,0,30881,114,49648
1808248,0,30881,115,49648
1808298,0,30881,115,49648
1808348,0,30881,115,49648
1808398,0,30881,115,49648
1808448,0,30881,115,49653
1808498,0,30263,115,49653
1808548,0,30263,115,49653
1808683,0,30263,114,49653
1808733,0,30263,114,49653
1808783,0,30263,114,49653
1808875,0,30263,114,49657
1808925,0,30263,114,49657
1808975,0,30263,114,49657
1809025,0,30263,115,49657
1809075,0,30263,115,49657
1809125,0,30263,115,49657
1809175,0,30263,115,49657
1809225,0,30263,115,49663
1809275,0,30263,115,49663
1809325,0,30263,115,49663
1809375,0,30263,115,49663
1809425,0,30263,116,49663
1809475,0,30263,116,49663
1809525,0,30263,116,49663
1809575,0,30263,116,49663
1809625,0,30263,116,49667
1809675,0,30263,116,49667
1809853,0,29788,115,49667
1809903,0,29654,115,49667
1809953,0,29521,115,49667
1810003,0,29387,115,49667
1810053,0,29254,115,49672
1810103,0,29120,115,49672
1810153,0,29120,115,49672
1810203,0,29120,115,49672
1810253,0,29120,115,49672
1810303,0,29120,115,49672
1810353,0,29120,115,49672
1810403,0,29120,115,49672
1810453,0,29120,115,49676
1810503,0,29120,115,49676
1810553,0,29120,115,49676
1810603,0,29120,115,49676
1810653,0,29120,115,49676
1810703,0,29692,115,49676
1810753,0,29692,115,49676
1810845,0,29692,115,49680
1810981,0,29120,115,49680
1811031,0,29120,115,49680
1811081,0,29120,115,49680
1811131,0,29120,115,49680
1811181,0,29120,115,49680
1811231,0,29120,115,49684
1811281,0,29120,115,49684
1811331,0,29120,115,49684
1811381,0,29120,115,49684
1811431,0,29120,115,49684
1811481,0,29120,115,49684
1811531,0,28580,115,49684
1811581,0,28580,115,49684
1811631,0,28580,115,49684
1811681,0,28580,115,49688
1811731,0,29120,115,49688
1811823,0,29120,115,49688
1811873,0,29120,115,49688
1811923,0,29692,115,49688
1811973,0,29692,115,49688
1812108,0,29120,115,49692
1812158,0,29120,115,49692
1812208,0,29120,115,49692
1812258,0,29120,115,49692
1812308,0,29120,115,49692
1812358,0,29120,115,49692
1812408,0,29120,115,49692
1812458,0,29120,115,49697
1812508,0,29120,115,49697
1812558,0,29120,115,49697
1812608,0,29120,115,49697
1812658,0,29120,115,49697
1812708,0,28580,115,49697
1812758,0,28580,115,49697
1812850,0,28580,115,49701
1812900,0,28580,115,49701
1812950,0,28580,115,49701
1813000,0,28580,115,49701
1813050,0,28580,115,49701
1813100,0,28071,115,49701
1813235,0,28071,115,49701
1813285,0,28071,115,49704
1813335,0,28071,115,49704
1813385,0,28071,115,49704
1813435,0,28071,115,49704
1813485,0,28071,115,49704
1813535,0,28071,115,49704
1813585,0,28071,115,49704
1813635,0,28071,115,49704
1813685,0,28071,115,49708
1813735,0,27561,115,49708
1813785,0,27561,115,49708
1813877,0,27561,114,49708
1813927,0,27561,114,49708
1813977,0,27561,114,49708
1814027,0,27561,114,49708
1814077,0,27561,114,49712
1814127,0,27561,114,49712
1814177,0,27561,114,49712
1814227,0,27561,114,49712
1814363,0,27561,115,49712
1814413,0,27561,115,49712
1814463,0,27561,115,49715
1814513,0,27561,115,49715
1814563,0,27561,115,49715
1814613,0,27561,115,49715
1814663,0,27561,115,49715
1814713,0,28071,115,49715
1814763,0,28071,115,49715
1814855,0,28071,115,49715
1814905,0,27561,115,49718
1814955,0,27561,115,49718
1815005,0,27561,115,49718
1815055,0,27561,115,49718
1815105,0,27082,115,49718
1815155,0,27082,115,49718
1815205,0,27082,115,49718
1815255,0,27082,115,49718
1815305,0,27082,115,49721
1815355,0,27082,115,49721
1815491,0,26619,114,49721
1815541,0,26619,114,49721
1815591,0,26619,114,49721
1815641,0,26619,114,49721
1815691,0,26156,114,49725
1815741,0,26156,114,49725
1815791,0,26156,114,49725
1815883,0,26156,114,49725
1815933,0,27082,114,49725
1815983,0,27082,114,49725
1816033,0,27082,114,49725
1816083,0,27082,114,49728
1816133,0,27082,114,49728
1816183,0,27082,114,49728
1816233,0,27082,114,49728
1816283,0,27082,115,49728
1816333,0,27082,115,49728
1816383,0,27082,115,49728
1816433,0,27082,115,49728
1816483,0,27082,115,49731
1816619,0,26619,115,49731
1816669,0,26619,114,49731
1816719,0,26156,114,49731
1816769,0,26156,114,49731
1816819,0,26156,114,49731
1816911,0,26156,114,49734
1816961,0,26156,114,49734
1817011,0,26156,114,49734
1817061,0,26156,114,49734
1817111,0,25724,114,49734
1817161,0,25724,114,49734
1817211,0,25724,114,49734
1817261,0,25724,114,49734
1817311,0,26619,114,49737
1817361,0,26619,114,49737
1817411,0,26619,114,49737
1817461,0,26619,114,49737
1817511,0,26619,115,49737
1817561,0,26619,115,49737
1817611,0,26619,115,49737
1817748,0,25724,115,49740
1817798,0,25724,115,49740
1817890,0,25724,115,49740
1817940,0,25724,115,49740
1817990,0,25724,115,49740
1818040,0,25724,115,49740
1818090,0,25307,115,49743
1818140,0,25307,115,49743
1818190,0,25307,115,49743
1818240,0,25307,115,49743
1818290,0,25307,115,49743
1818340,0,25307,115,49743
1818390,0,25307,115,49743
1818440,0,25307,115,49743
1818490,0,26156,115,49745
1818540,0,26156,115,49745
1818590,0,26156,115,49745
1818640,0,26156,115,49745
1818690,0,25724,114,49745
1818740,0,25724,114,49745
1818919,0,25307,114,49748
1818969,0,25307,114,49748
1819019,0,25307,114,49748
1819069,0,25307,114,49748
1819119,0,25307,115,49748
1819169,0,25307,115,49748
1819219,0,25307,115,49748
1819269,0,25307,115,49748
1819319,0,24890,115,49751
1819369,0,24890,115,49751
1819419,0,24890,115,49751
1819469,0,24890,115,49751
1819519,0,25307,115,49751
1819569,0,25307,115,49751
1819619,0,25307,115,49751
1819669,0,25307,115,49751
1819804,0,25307,115,49754
1819854,0,25307,115,49754
1819946,0,24890,115,49754
1819996,0,24890,115,49754
1820046,0,24890,115,49754
1820096,0,24504,115,49757
1820146,0,24504,115,49757
1820196,0,24504,115,49757
1820246,0,24504,115,49757
1820296,0,24118,116,49757
1820346,0,24118,116,49757
1820396,0,24118,116,49757
1820446,0,24118,116,49757
1820496,0,24890,116,49759
1820546,0,24890,116,49759
1820596,0,24890,116,49759
1820646,0,24890,116,49759
1820696,0,24504,114,49759
1820746,0,24504,114,49759
1820838,0,24504,114,49759
1820974,0,24118,114,49761
1821024,0,24118,114,49761
1821074,0,24118,114,49761
1821124,0,24118,114,49761
1821174,0,24118,114,49761
1821224,0,24118,114,49761
1821274,0,24118,114,49761
1821324,0,23747,114,49764
1821374,0,23747,114,49764
1821424,0,23747,114,49764
1821474,0,23747,114,49764
1821524,0,24504,114,49764
1821574,0,24504,114,49764
1821624,0,24504,114,49764
1821674,0,24504,114,49764
1821724,0,23747,114,49767
1821774,0,23747,114,49767
1821866,0,23747,114,49767
1821916,0,23747,114,49767
1821966,0,23747,114,49767
1822101,0,23747,114,49769
1822151,0,23747,114,49769
1822201,0,23747,114,49769
1822251,0,23747,114,49769
1822301,0,24118,115,49769
1822351,0,24118,115,49769
1822401,0,24118,115,49769
1822451,0,24118,115,49769
1822501,0,23747,115,49772
1822551,0,23747,115,49772
1822601,0,23747,115,49772
1822651,0,23747,115,49772
1822701,0,23392,114,49772
1822751,0,23392,114,49772
1822801,0,23392,114,49772
1822893,0,23037,114,49772
1822943,0,23037,114,49774
1822993,0,23037,114,49774
1823043,0,23037,114,49774
1823093,0,23747,114,49774
1823228,0,23747,115,49774
1823278,0,23747,115,49774
1823328,0,23747,115,49776
1823378,0,23747,115,49776
1823428,0,23747,115,49776
1823478,0,23747,115,49776
1823528,0,23037,115,49776
1823578,0,23037,115,49776
1823628,0,23037,115,49776
1823678,0,23037,115,49776
1823728,0,23037,115,49779
1823778,0,23037,115,49779
1823870,0,23037,115,49779
1823920,0,23392,115,49779
1823970,0,23392,115,49779
1824020,0,23392,115,49779
1824070,0,23392,115,49779
1824120,0,23392,115,49780
1824170,0,23392,115,49780
1824220,0,23392,115,49780
1824356,0,22697,115,49780
1824406,0,22697,115,49780
1824456,0,22697,115,49780
1824506,0,22697,115,49780
1824556,0,22697,115,49783
1824606,0,22697,115,49783
1824656,0,22697,115,49783
1824706,0,23037,115,49783
1824756,0,23037,115,49783
1824806,0,23037,115,49783
1824898,0,23037,115,49783
1824948,0,23037,115,49785
1824998,0,23037,115,49785
1825048,0,23037,115,49785
1825098,0,22373,115,49785
1825148,0,22373,115,49785
1825198,0,22373,115,49785
1825248,0,22373,115,49785
1825298,0,22373,115,49785
1825348,0,22373,115,49787
1825483,0,22373,115,49787
1825533,0,22697,114,49787
1825583,0,22697,114,49787
1825633,0,22697,114,49787
1825683,0,22697,114,49787
1825733,0,22373,114,49790
1825783,0,22373,114,49790
1825917,0,22049,115,49790
1825967,0,22049,115,49790
1826017,0,22049,115,49790
1826067,0,22049,115,49790
1826117,0,22373,115,49790
1826167,0,22373,115,49791
1826217,0,22373,115,49791
1826267,0,22373,115,49791
1826317,0,22373,115,49791
1826367,0,22373,115,49791
1826417,0,22373,115,49791
1826467,0,22373,115,49791
1826517,0,22049,115,49791
1826822,0,21740,115,49794
1826872,0,21740,115,49794
1826922,0,22049,115,49796
1826972,0,22049,115,49796
1827022,0,22049,115,49796
1827114,0,21740,115,49796
1827164,0,21740,114,49796
1827214,0,21740,114,49796
1827264,0,21740,114,49796
1827314,0,21431,114,49796
1827364,0,21431,114,49798
1827414,0,21431,114,49798
1827464,0,21431,114,49798
1827514,0,21740,114,49798
1827564,0,21740,115,49798
1827614,0,21740,115,49798
1827664,0,21740,115,49798
1827714,0,22049,115,49798
1827764,0,22049,115,49800
1827814,0,22049,115,49800
1827991,0,21431,115,49800
1828041,0,21431,115,49800
1828091,0,21740,115,49800
1828183,0,21740,115,49801
1828233,0,21740,115,49801
1828283,0,21740,115,49801
1828333,0,21740,115,49801
1828383,0,21740,115,49801
1828433,0,21740,115,49801
1828483,0,21740,115,49801
1828533,0,21431,115,49803
1828583,0,21431,115,49803
1828633,0,21431,115,49803
1828683,0,21431,115,49803
1828733,0,21138,115,49803
1828783,0,21138,115,49803
1828833,0,21138,115,49803
1828883,0,21138,115,49803
1828933,0,21138,115,49803
1828983,0,21138,115,49805
1829161,0,21138,115,49805
1829211,0,21138,115,49805
1829261,0,21138,115,49805
1829311,0,20860,115,49805
1829361,0,20860,115,49807
1829411,0,20860,115,49807
1829461,0,20860,115,49807
1829511,0,21431,115,49807
1829561,0,21431,114,49807
1829611,0,21431,114,49807
1829661,0,21431,114,49807
1829711,0,20860,114,49807
1829761,0,20860,114,49809
1829811,0,20860,114,49809
1829861,0,20860,114,49809
1829911,0,20860,114,49809
1829961,0,20860,114,49809
1830011,0,20860,114,49809
1830103,0,21138,114,49809
1830153,0,21138,114,49810
1830289,0,20582,114,49810
1830339,0,20582,114,49810
1830389,0,20582,115,49810
1830439,0,20582,115,49810
1830489,0,20304,115,49810
1830539,0,20304,115,49810
1830589,0,20304,115,49812
1830639,0,20304,115,49812
1830689,0,20860,115,49812
1830739,0,20860,115,49812
1830789,0,20860,115,49812
1830839,0,20860,115,49812
1830889,0,20304,115,49812
1830939,0,20304,115,49812
1830989,0,20304,115,49814
1831039,0,20304,115,49814
1831131,0,20304,115,49814
1831181,0,20304,115,49814
1831231,0,20304,115,49814
1831281,0,20304,115,49814
1831446,0,20582,115,49816
1831496,0,20041,115,49816
1831546,0,20041,115,49816
1831596,0,20041,115,49816
1831646,0,20041,115,49816
1831696,0,20041,115,49816
1831746,0,20041,115,49816
1831796,0,20041,115,49817
1831846,0,20041,115,49817
1831896,0,20304,115,49817
1831946,0,20304,115,49817
1831996,0,20304,114,49817
1832046,0,20304,114,49817
1832138,0,20041,114,49817
1832188,0,20041,114,49819
1832238,0,20041,114,49819
1832288,0,20041,114,49819
1832338,0,20041,114,49819
1832388,0,20041,115,49819
1832438,0,20041,115,49819
1832574,0,20041,115,49820
1832624,0,20041,115,49820
1832674,0,20041,115,49820
1832724,0,20041,115,49820
1832774,0,20041,115,49820
1832824,0,20041,115,49820
1832874,0,20041,115,49820
1832924,0,20304,115,49820
1832974,0,20304,115,49821
1833024,0,20304,115,49821
1833074,0,20304,115,49821
1833166,0,20041,115,49821
1833216,0,20041,115,49821
1833266,0,20041,115,49821
1833316,0,19794,115,49821
1833366,0,19794,115,49823
1833416,0,19794,115,49823
1833466,0,19794,115,49823
1833516,0,20041,115,49823
1833566,0,20041,115,49823
1833701,0,20041,115,49823
1833751,0,20041,115,49823
1833801,0,20041,115,49825
1833851,0,20041,115,49825
1833901,0,19532,115,49825
1833951,0,19532,115,49825
1834001,0,19532,114,49825
1834051,0,19532,114,49825
1834101,0,20041,114,49825
1834193,0,20041,114,49826
1834243,0,20041,114,49826
1834293,0,19532,114,49826
1834343,0,19532,114,49826
1834393,0,19532,115,49826
1834443,0,19532,115,49826
1834493,0,19532,115,49826
1834629,0,19532,115,49828
1834679,0,19532,115,49828
1834729,0,19794,115,49828
1834779,0,19794,115,49828
1834829,0,19794,115,49828
1834879,0,19794,115,49828
1834929,0,19300,115,49828
1834979,0,19300,115,49829
1835029,0,19300,115,49829
1835079,0,19300,115,49829
1835171,0,19532,115,49829
1835221,0,19532,115,49829
1835271,0,19532,115,49829
1835321,0,19532,115,49829
1835371,0,19532,115,49829
1835421,0,19532,115,49831
1835471,0,19532,115,49831
1835521,0,19053,115,49831
1835571,0,19053,115,49831
1835621,0,19053,115,49831
1835757,0,19532,115,49831
1835807,0,19532,115,49832
1835857,0,19532,115,49832
1835907,0,18822,115,49832
1835957,0,18822,115,49832
1836007,0,18822,114,49832
1836057,0,18822,114,49832
1836107,0,19053,114,49832
1836199,0,19053,114,49834
1836249,0,19053,114,49834
1836299,0,19300,114,49834
1836349,0,19300,114,49834
1836399,0,19300,115,49834
1836449,0,19300,115,49834
1836499,0,19053,115,49834
1836549,0,19053,115,49834
1836599,0,19053,115,49835
1836649,0,19053,115,49835
1836699,0,19053,115,49835
1836749,0,19053,115,49835
1836885,0,19053,115,49835
1836935,0,18822,115,49835
1836985,0,18822,115,49836
1837035,0,18822,115,49836
1837085,0,18822,115,49836
1837135,0,18822,115,49836
1837227,0,18822,116,49836
1837277,0,18822,116,49836
1837327,0,18822,116,49836
1837377,0,18822,116,49836
1837427,0,18822,116,49837
1837477,0,18822,116,49837
1837527,0,18590,116,49837
1837577,0,18590,116,49837
1837627,0,18590,114,49837
1837677,0,18590,114,49837
1837727,0,18822,114,49837
1837777,0,18822,114,49837
1837827,0,18822,114,49839
1837877,0,18822,114,49839
1838012,0,18374,114,49839
1838062,0,18374,114,49839
1838112,0,18590,114,49839
1838204,0,18590,114,49840
1838254,0,18590,114,49840
1838304,0,18590,114,49840
1838354,0,18590,114,49840
1838404,0,18590,115,49840
1838454,0,18590,115,49840
1838504,0,18374,115,49840
1838554,0,18374,115,49840
1838604,0,18374,115,49841
1838654,0,18374,115,49841
1838704,0,18822,115,49841
1838754,0,18822,115,49841
1838804,0,18822,115,49841
1838854,0,18822,115,49841
1838904,0,18158,115,49841
1838954,0,18158,115,49841
1839004,0,18158,115,49843
1839140,0,18158,115,49843
1839232,0,18158,115,49843
1839282,0,18158,115,49843
1839332,0,18374,115,49843
1839382,0,18374,115,49843
1839432,0,18374,115,49844
1839482,0,18374,115,49844
1839532,0,17941,115,49844
1839582,0,17941,115,49844
1839632,0,17941,114,49844
1839682,0,17941,114,49844
1839732,0,18374,114,49844
1839782,0,18374,114,49844
1839832,0,18374,114,49845
1839882,0,18374,114,49845
1839932,0,17741,114,49845
1839982,0,17741,114,49845
1840032,0,17741,114,49845
1840082,0,17741,114,49845
1840174,0,18158,114,49845
1840310,0,18158,114,49847
1840360,0,18158,114,49847
1840410,0,18158,114,49847
1840460,0,18158,115,49847
1840510,0,17741,115,49847
1840560,0,17741,115,49847
1840610,0,17741,115,49847
1840660,0,17741,115,49848
1840710,0,18158,115,49848
1840760,0,18158,115,49848
1840810,0,18158,115,49848
1840860,0,18158,116,49848
1840910,0,17741,116,49848
1840960,0,17741,116,49848
1841010,0,17741,116,49848
1841060,0,17741,116,49849
1841152,0,17941,116,49849
1841202,0,17941,116,49849
1841252,0,17941,114,49849
1841302,0,17540,114,49849
1841437,0,17540,114,49850
1841487,0,17741,114,49850
1841537,0,17741,114,49850
1841587,0,17741,114,49850
1841637,0,17741,115,49850
1841687,0,17741,115,49850
1841737,0,17741,115,49850
1841787,0,17741,115,49850
1841837,0,17741,115,49851
1841887,0,17339,115,49851
1841937,0,17339,115,49851
1841987,0,17339,115,49851
1842037,0,17339,115,49851
1842087,0,17741,115,49851
1842179,0,17741,115,49851
1842229,0,17741,115,49852
1842279,0,17741,115,49852
1842329,0,17540,115,49852
1842379,0,17540,115,49852
1842429,0,17540,115,49852
1842564,0,17741,115,49852
1842614,0,17741,115,49852
1842664,0,17741,115,49854
1842714,0,17154,115,49854
1842764,0,17154,115,49854
1842814,0,17154,115,49854
1842864,0,17154,115,49854
1842914,0,17540,115,49854
1842964,0,17540,115,49854
1843014,0,17540,115,49854
1843064,0,17540,115,49855
1843114,0,17154,115,49855
1843206,0,17154,115,49855
1843256,0,17154,115,49855
1843306,0,16953,115,49855
1843356,0,16953,115,49855
1843406,0,16953,115,49855
1843456,0,16953,115,49856
1843506,0,17339,115,49856
1843556,0,17339,115,49856
1843691,0,16768,115,49856
1843741,0,16768,115,49856
1843791,0,16768,115,49856
1843841,0,16768,115,49857
1843891,0,17154,115,49857
1843941,0,17154,115,49857
1843991,0,17154,115,49857
1844041,0,17154,115,49857
1844091,0,16953,115,49857
1844183,0,16953,115,49857
1844233,0,16953,115,49858
1844283,0,16953,115,49858
1844333,0,17154,115,49858
1844383,0,17154,115,49858
1844433,0,17154,114,49858
1844483,0,17154,114,49858
1844533,0,16598,114,49858
1844583,0,16598,114,49858
1844633,0,16598,114,49858
1844683,0,16598,114,49859
1844819,0,17154,114,49859
1844869,0,17154,115,49859
1844919,0,16598,115,49859
1844969,0,16598,115,49859
1845019,0,16598,115,49859
1845069,0,16598,115,49860
1845119,0,16953,115,49860
1845211,0,16953,115,49860
1845261,0,16953,114,49860
1845311,0,16598,114,49860
1845361,0,16598,114,49860
1845411,0,16598,114,49860
1845461,0,16598,114,49861
1845511,0,16768,114,49861
1845561,0,16768,114,49861
1845611,0,16768,114,49861
1845661,0,16768,115,49861
1845711,0,16768,115,49861
1845761,0,16768,115,49861
1845811,0,16768,115,49861
1845946,0,16598,115,49862
1845996,0,16598,115,49862
1846046,0,16598,114,49862
1846096,0,16768,114,49862
1846146,0,16768,114,49862
1846238,0,16768,114,49862
1846288,0,16413,114,49864
1846338,0,16413,114,49864
1846388,0,16413,114,49864
1846438,0,16413,114,49864
1846488,0,16768,115,49864
1846538,0,16768,115,49864
1846588,0,16768,115,49864
1846638,0,16768,115,49864
1846688,0,16243,115,49865
1846738,0,16243,115,49865
1846788,0,16243,115,49865
1846838,0,16243,115,49865
1846888,0,16598,115,49865
1846938,0,16598,115,49865
1847074,0,16598,115,49865
1847124,0,16243,115,49865
1847216,0,16243,115,49865
1847266,0,16243,115,49865
1847316,0,16413,115,49865
1847366,0,16413,115,49865
1847416,0,16413,115,49865
1847466,0,16413,115,49866
1847516,0,16243,115,49866
1847566,0,16243,115,49866
1847616,0,16243,115,49866
1847666,0,16243,115,49866
1847716,0,16243,115,49866
1847766,0,16243,115,49866
1847816,0,16243,115,49866
1847866,0,16243,115,49867
1847916,0,15903,115,49867
1847966,0,15903,115,49867
1848016,0,15903,115,49867
1848066,0,15903,114,49867
1848244,0,16243,114,49867
1848294,0,15595,114,49868
1848344,0,15595,114,49868
1848394,0,15595,114,49868
1848444,0,15595,114,49868
1848494,0,15595,114,49868
1848544,0,15595,114,49868
1848594,0,15595,114,49868
1848644,0,15595,114,49868
1848694,0,15131,114,49869
1848744,0,15131,114,49869
1848794,0,15131,114,49869
1848844,0,15131,114,49869
1848894,0,15131,115,49869
1848944,0,15131,115,49869
1848994,0,15131,115,49869
1849129,0,14159,115,49850
1849179,0,14159,115,49850
1849273,0,14159,231,49850
1849323,0,13896,231,49850
1849373,0,13896,231,49850
1849423,0,13896,231,49850
1849473,0,13896,231,49850
1849523,0,12645,231,49850
1849573,0,12645,231,49850
1849623,0,12645,231,49850
1849673,0,12645,238,49850
1849723,0,12645,238,49850
1849773,0,12645,238,49850
1849823,0,12645,238,49850
1849873,0,12645,238,49850
1849923,0,11595,238,49850
1849973,0,11595,238,49850
1850023,0,11595,238,49850
1850073,0,11595,240,49850
1850165,0,9650,240,49850
1850300,0,9650,240,49850
1850350,0,9650,240,49850
1850400,0,9650,240,49850
1850450,0,9650,240,49850
1850500,0,7874,420,49850
1850550,0,7874,420,49850
1850600,0,7874,420,49850
1850650,0,7874,420,49850
1850700,0,7874,420,49840
1850750,0,7874,420,49840
1850800,0,7874,420,49840
1850850,0,7874,420,49840
1850900,0,7874,321,49840
1850950,0,7874,321,49840
1851000,0,7874,321,49840
1851050,0,7874,321,49840
1851100,0,4848,321,49841
1851192,0,4848,321,49841
1851242,0,4848,321,49841
1851292,0,4848,321,49841
1851428,0,4848,321,49841
1851478,0,4848,321,49841
1851528,0,4848,321,49841
1851578,0,4848,321,49841
1851628,0,4848,321,49841
1851678,0,4848,321,49841
1851728,0,4848,420,49841
1851778,0,4848,420,49841
1851828,0,4848,420,49841
1851878,0,4848,420,49841
1851928,0,4848,420,49817
1851978,0,4848,420,49817
1852028,0,4848,420,49817
1852078,0,4848,420,49817
1852128,0,4848,505,49817
1852178,0,4848,505,49817
1852270,0,4848,505,49817
1852320,0,4783,505,49838
1852370,0,4717,505,49838
1852420,0,4652,505,49838
1852555,0,4476,375,49838
1852605,0,4410,375,49838
1852655,0,4345,375,49838
1852705,0,4280,375,49839
1852755,0,4214,375,49839
1852805,0,4149,375,49839
1852855,0,4084,375,49839
1852905,0,4019,369,49839
1852955,0,3953,369,49839
1853005,0,3888,369,49839
1853055,0,3823,369,49839
1853105,0,3757,369,49840
1853155,0,3692,369,49840
1853205,0,3627,369,49840
1853255,0,3561,369,49840
1853305,0,3496,367,49840
1853397,0,3376,367,49840
1853447,0,3311,367,49840
1853497,0,3245,367,49841
1853547,0,3180,367,49841
1853682,0,3004,367,49841
1853732,0,2938,365,49841
1853782,0,2873,365,49841
1853832,0,2808,365,49841
1853882,0,2742,365,49841
1853932,0,2677,365,49771
1853982,0,2612,365,49771
1854032,0,2546,365,49771
1854082,0,2481,365,49771
1854132,0,2416,2303,49771
1854182,0,2350,2303,49771
1854232,0,2285,2303,49771
1854282,0,2220,2303,49771
1854332,0,2154,2303,49534
1854382,0,2089,2303,49534
1854432,0,2024,2303,49534
1854524,0,1904,2618,49534
1854574,0,1838,2618,49534
1854624,0,1773,2618,49534
1854674,0,1708,2618,49534
1854809,0,1531,2618,49504
1854859,0,1466,2618,49504
1854909,0,1401,3998,49504
1854959,0,1335,3998,49504
1855009,0,1270,3998,49504
1855059,0,1205,3998,49504
1855109,0,1140,3998,49460
1855159,0,1074,3998,49460
1855209,0,1009,3998,49460
1855259,0,944,3998,49460
1855309,0,878,4251,49460
1855359,0,813,4251,49460
1855409,0,748,4251,49460
1855459,0,682,4251,49460
1855509,0,617,4251,49460
1855559,0,617,4251,49432
1855651,0,617,4251,49432
1855701,0,617,4251,49432
1855751,0,617,4474,49432
1855801,0,617,4474,49432
1855936,0,617,4474,49401
1855986,0,617,4474,49401
1856036,0,617,4474,49401
1856086,0,617,4474,49401
1856136,0,617,4681,49401
1856186,0,617,4681,49401
1856236,0,617,4681,49401
1856286,0,617,4681,49401
1856336,0,617,4681,49366
1856386,0,617,4681,49366
1856436,0,617,4681,49366
1856486,0,617,4681,49366
1856536,0,617,4066,49366
1856586,0,617,4066,49366
1856678,0,617,4066,49366
1856728,0,2949,4066,49340
1856778,0,2949,4066,49340
1856828,0,2949,4066,49340
1856878,0,2949,4066,49340
1856928,0,2949,3831,49340
1857063,0,2949,3831,49340
1857113,0,2949,3831,49340
1857163,0,2949,3831,49300
1857213,0,2949,3831,49300
1857263,0,2949,3831,49300
1857313,0,2949,3831,49300
1857363,0,2949,4039,49300
1857413,0,2949,4039,49300
1857463,0,2949,4039,49300
1857513,0,4060,4039,49300
1857563,0,4060,4039,49270
1857613,0,4060,4039,49270
1857705,0,4060,4039,49270
1857755,0,4060,4242,49270
1857805,0,4060,4242,49270
1857855,0,4060,4242,49270
1857905,0,4060,4242,49270
1857955,0,4060,4242,49240
1858005,0,4060,4242,49240
1858055,0,4060,4242,49240
1858190,0,4060,4436,49240
1858240,0,4060,4436,49240
1858290,0,4755,4436,49240
1858340,0,4755,4436,49208
1858390,0,4755,4436,49208
1858440,0,4755,4436,49208
1858490,0,4755,4436,49208
1858540,0,4755,4634,49208
1858590,0,4755,4634,49208
1858724,0,5604,4634,49208
1858774,0,5604,4634,49171
1858824,0,5604,4634,49171
1858874,0,5604,4634,49171
1858924,0,5604,4634,49171
1858974,0,5604,4838,49171
1859024,0,5604,4838,49171
1859074,0,5604,4838,49171
1859124,0,5604,4838,49171
1859174,0,5604,4838,49138
1859224,0,5604,4838,49138
1859529,0,6068,5035,49138
1859579,0,6068,5035,49105
1859629,0,6068,5035,49105
1859679,0,6068,5035,49105
1859729,0,6793,5035,49105
1859779,0,6793,5243,49105
1859829,0,6793,5243,49105
1859921,0,6793,5243,49105
1859971,0,6793,5243,49074
1860021,0,6793,5243,49074
1860071,0,6793,5243,49074
1860121,0,6793,5243,49074
1860171,0,6793,5422,49074
1860221,0,6793,5422,49074
1860271,0,6793,5422,49074
1860321,0,7133,5422,49074
1860371,0,7133,5422,49041
1860421,0,7133,5422,49041
1860471,0,7133,5422,49041
1860521,0,7133,5422,49041
1860698,0,7751,5649,49041
1860748,0,7751,5649,49004
1860798,0,7751,5649,49004
1860848,0,7751,5649,49004
1860898,0,7751,5649,49004
1860990,0,7751,5829,49004
1861040,0,7751,5829,49004
1861090,0,8075,5829,49004
1861140,0,8075,5829,49004
1861190,0,8075,5829,48969
1861240,0,8075,5829,48969
1861290,0,8075,5829,48969
1861340,0,8075,5829,48969
1861390,0,8075,6052,48969
1861440,0,8075,6052,48969
1861490,0,8569,6052,48969
1861540,0,8569,6052,48969
1861590,0,8569,6052,48941
1861640,0,8569,6052,48941
1861690,0,8770,6052,48941
1861826,0,8770,6202,48941
1861876,0,8770,6202,48941
1861968,0,8770,6202,48904
1862018,0,8770,6202,48904
1862068,0,8770,6202,48904
1862118,0,9465,6202,48904
1862168,0,9465,6408,48904
1862218,0,9465,6408,48904
1862268,0,9465,6408,48904
1862318,0,9465,6408,48904
1862368,0,9465,6408,48872
1862418,0,9465,6408,48872
1862468,0,9465,6408,48872
1862518,0,9465,6408,48872
1862568,0,9465,6611,48872
1862618,0,9465,6611,48872
1862668,0,9465,6611,48872
1862718,0,10020,6611,48872
1862768,0,10020,6611,48840
1862818,0,10020,6611,48840
1862996,0,10020,6793,48840
1863046,0,10020,6793,48840
1863096,0,10221,6793,48840
1863146,0,10221,6793,48840
1863196,0,10221,6793,48803
1863246,0,10221,6793,48803
1863296,0,10792,6793,48803
1863346,0,10792,6793,48803
1863396,0,10792,7010,48803
1863446,0,10792,7010,48803
1863496,0,10792,7010,48803
1863546,0,10792,7010,48803
1863596,0,10792,7010,48769
1863646,0,10792,7010,48769
1863696,0,10870,7010,48769
1863746,0,10870,7010,48769
1863882,0,10870,7199,48769
1863974,0,11426,7199,48738
1864024,0,11426,7199,48738
1864074,0,11426,7199,48738
1864124,0,11426,7199,48738
1864174,0,11426,7370,48738
1864224,0,11426,7370,48738
1864274,0,11426,7370,48738
1864324,0,11426,7370,48738
1864374,0,11426,7370,48703
1864424,0,11426,7370,48703
1864474,0,11426,7370,48703
1864524,0,11966,7370,48703
1864574,0,11966,7563,48703
1864624,0,11966,7563,48703
1864674,0,11966,7563,48703
1864724,0,11873,7563,48703
1864774,0,11873,7563,48667
1864867,0,11873,7563,48667
1864917,0,12645,7563,48667
1865053,0,12645,7768,48667
1865103,0,12445,7768,48667
1865153,0,12445,7768,48667
1865203,0,12445,7768,48638
1865253,0,12445,7768,48638
1865303,0,12445,7768,48638
1865353,0,12445,7768,48638
1865403,0,12445,7983,48638
1865453,0,12445,7983,48638
1865503,0,12970,7983,48638
1865553,0,12970,7983,48638
1865603,0,12970,7983,48601
1865653,0,12970,7983,48601
1865703,0,13078,7983,48601
1865753,0,13078,7983,48601
1865845,0,13078,8177,48601
1865895,0,13417,8177,48601
1865945,0,13417,8177,48601
1865995,0,13417,8177,48565
1866045,0,13417,8177,48565
1866180,0,13649,8358,48565
1866230,0,13649,8358,48565
1866280,0,13649,8358,48565
1866330,0,14282,8358,48565
1866380,0,14282,8358,48532
1866430,0,14282,8358,48532
1866480,0,14282,8358,48532
1866530,0,14035,8358,48532
1866580,0,14035,8543,48532
1866630,0,14035,8543,48532
1866680,0,14035,8543,48532
1866730,0,14699,8543,48532
1866824,0,14699,8543,48491
1866874,0,14699,8543,48491
1866924,0,14560,8543,48491
1866974,0,14560,8543,48491
1867024,0,14560,8750,48491
1867074,0,14560,8750,48491
1867124,0,14560,8750,48491
1867174,0,14560,8750,48491
1867310,0,14977,8750,48454
1867360,0,14977,8750,48454
1867410,0,14977,8959,48454
1867460,0,14977,8959,48454
1867510,0,14977,8959,48454
1867560,0,14977,8959,48454
1867610,0,14977,8959,48420
1867660,0,14977,8959,48420
1867710,0,15595,8959,48420
1867802,0,15595,9159,48420
1867852,0,15595,9159,48420
1867902,0,15440,9159,48420
1867952,0,15440,9159,48420
1868002,0,15440,9159,48382
1868052,0,15440,9159,48382
1868102,0,15903,9159,48382
1868152,0,15903,9159,48382
1868202,0,15903,9352,48382
1868252,0,15903,9352,48382
1868302,0,16413,9352,48382
1868438,0,16413,9352,48347
1868488,0,16243,9352,48347
1868538,0,16243,9352,48347
1868588,0,16243,9352,48347
1868638,0,16243,10505,48347
1868688,0,16768,10505,48347
1868780,0,16768,10505,48347
1868830,0,16768,10505,48312
1868880,0,16768,10505,48312
1868930,0,16598,10505,48312
1868980,0,16598,10505,48312
1869030,0,16598,10764,48312
1869080,0,16598,10764,48312
1869130,0,17154,10764,48312
1869180,0,17154,10764,48312
1869230,0,17154,10764,48277
1869280,0,17154,10764,48277
1869330,0,16953,10764,48277
1869380,0,16953,10764,48277
1869430,0,16953,10991,48277
1869566,0,17540,10991,48277
1869616,0,17540,10991,48244
1869666,0,17540,10991,48244
1869758,0,17540,10991,48244
1869808,0,17540,11259,48244
1869858,0,17540,11259,48244
1869908,0,17941,11259,48244
1869958,0,17941,11259,48244
1870008,0,17941,11259,48203
1870058,0,17941,11259,48203
1870108,0,17741,11259,48203
1870158,0,17741,11259,48203
1870208,0,17741,11412,48203
1870258,0,17741,11412,48203
1870308,0,17941,11412,48203
1870358,0,17941,11412,48203
1870408,0,17941,11412,48167
1870458,0,17941,11412,48167
1870508,0,18590,11412,48167
1870600,0,18590,11412,48167
1870736,0,18374,10847,48167
1870786,0,18374,10847,48167
1870836,0,18374,10847,48132
1870886,0,18374,10847,48132
1870936,0,19053,10847,48132
1870986,0,19053,10847,48132
1871036,0,19053,10674,48132
1871086,0,19053,10674,48132
1871136,0,19300,10674,48132
1871186,0,19300,10674,48132
1871236,0,19300,10674,48096
1871286,0,19300,10674,48096
1871336,0,19053,10674,48096
1871386,0,19053,10674,48096
1871436,0,19053,10887,48096
1871486,0,19053,10887,48096
1871578,0,19794,10887,48096
1871628,0,19794,10887,48070
1871678,0,19794,10887,48070
1871728,0,19300,10887,48070
1871863,0,19300,11059,48070
1871913,0,19794,11059,48070
1871963,0,19794,11059,48070
1872013,0,19794,11059,48070
1872063,0,19794,11059,48029
1872113,0,20304,11059,48029
1872163,0,20304,11059,48029
1872213,0,20304,11059,48029
1872263,0,20304,11196,48029
1872313,0,20041,11196,48029
1872363,0,20041,11196,48029
1872413,0,20041,11196,48029
1872505,0,20582,11196,48003
1872555,0,20582,11196,48003
1872605,0,20582,11196,48003
1872655,0,20582,11386,48003
1872705,0,20582,11386,48003
1872755,0,20582,11386,48003
1872805,0,20582,11386,48003
1872855,0,20582,11386,47968
1872991,0,20582,11386,47968
1873041,0,20582,11572,47968
1873091,0,21138,11572,47968
1873141,0,21138,11572,47968
1873191,0,21138,11572,47968
1873241,0,21138,11572,47925
1873291,0,21138,11572,47925
1873341,0,21138,11572,47925
1873391,0,21138,11572,47925
1873483,0,21138,11730,47925
1873533,0,21138,11730,47925
1873583,0,21138,11730,47925
1873633,0,21138,11730,47925
1873683,0,21138,11730,47901
1873733,0,21431,11730,47901
1873783,0,21431,11730,47901
1873833,0,21431,11730,47901
1873883,0,21431,11935,47901
1873933,0,22049,11935,47901
1873983,0,22049,11935,47901
1874118,0,21431,11935,47862
1874168,0,21431,11935,47862
1874218,0,21431,11935,47862
1874268,0,21431,12074,47862
1874318,0,21740,12074,47862
1874410,0,21740,12074,47862
1874460,0,21740,12074,47831
1874510,0,22697,12074,47831
1874560,0,22697,12074,47831
1874610,0,22697,12074,47831
1874660,0,22697,12245,47831
1874710,0,22697,12245,47831
1874760,0,22697,12245,47831
1874810,0,22697,12245,47831
1874860,0,22697,12245,47802
1874910,0,21740,12245,47802
1874960,0,21740,12245,47802
1875010,0,21740,12245,47802
1875060,0,21740,12425,47802
1875110,0,22697,12425,47802
1875245,0,22697,12425,47754
1875295,0,23037,12425,47754
1875387,0,23037,12425,47754
1875437,0,23037,12425,47754
1875487,0,23037,12587,47754
1875537,0,23037,12587,47754
1875587,0,23037,12587,47754
1875637,0,23037,12587,47754
1875687,0,23037,12587,47737
1875737,0,23037,12587,47737
1875787,0,23037,12587,47737
1875837,0,23037,12587,47737
1875887,0,23392,12749,47737
1875937,0,23392,12749,47737
1875987,0,23392,12749,47737
1876037,0,23392,12749,47737
1876087,0,23747,12749,47694
1876137,0,23747,12749,47694
1876229,0,23747,12749,47694
1876279,0,23747,12876,47694
1876415,0,23747,12876,47694
1876465,0,23747,12876,47676
1876515,0,23747,12876,47676
1876565,0,23747,12876,47676
1876615,0,23747,12876,47676
1876665,0,23747,13044,47676
1876715,0,23747,13044,47676
1876765,0,23747,13044,47676
1876815,0,23747,13044,47676
1876865,0,23747,13044,47640
1876915,0,24504,13044,47640
1876965,0,24504,13044,47640
1877015,0,24504,13044,47640
1877065,0,24504,13216,47640
1877115,0,24890,13216,47640
1877207,0,24890,13216,47640
1877257,0,24890,13216,47605
1877307,0,24504,13216,47605
1877357,0,24504,13216,47605
1877407,0,24504,13216,47605
1877543,0,24890,13352,47605
1877593,0,24890,13352,47605
1877643,0,24890,13352,47605
1877693,0,24890,13352,47588
1877743,0,24890,13352,47588
1877793,0,24890,13352,47588
1877843,0,24890,13352,47588
1877893,0,25307,13543,47588
1877943,0,25307,13543,47588
1877993,0,25307,13543,47588
1878043,0,25307,13543,47588
1878093,0,25724,13543,47529
1878185,0,25724,13543,47529
1878235,0,25724,13543,47529
1878285,0,25724,13660,47529
1878335,0,25724,13660,47529
1878470,0,25724,13660,47513
1878520,0,25307,13660,47513
1878570,0,25307,13660,47513
1878620,0,25307,13660,47513
1878670,0,25307,13795,47513
1878720,0,25307,13795,47513
1878770,0,25307,13795,47513
1878820,0,25307,13795,47513
1878870,0,25307,13795,47484
1878920,0,26156,13795,47484
1878970,0,26156,13795,47484
1879020,0,26156,13795,47484
1879112,0,26619,13993,47484
1879162,0,26619,13993,47484
1879212,0,26619,13993,47484
1879262,0,26619,13993,47484
1879312,0,26619,13993,47440
1879362,0,26619,13993,47440
1879412,0,26619,13993,47440
1879462,0,26619,13993,47440
1879598,0,26619,14154,47440
1879648,0,26619,14154,47440
1879698,0,26156,14154,47413
1879748,0,26156,14154,47413
1879798,0,26156,14154,47413
1879848,0,26156,14154,47413
1879898,0,26619,14270,47413
1879948,0,26619,14270,47413
1879998,0,26619,14270,47413
1880090,0,26619,14270,47381
1880140,0,26619,14270,47381
1880190,0,26619,14270,47381
1880240,0,26619,14270,47381
1880290,0,27561,14482,47381
1880340,0,27561,14482,47381
1880390,0,27561,14482,47381
1880440,0,27561,14482,47381
1880490,0,27561,14482,47351
1880540,0,27561,14482,47351
1880590,0,27561,14482,47351
1880725,0,27561,14665,47351
1880775,0,27561,14665,47351
1880825,0,27561,14665,47351
1880875,0,27561,14665,47351
1880925,0,28071,14665,47308
1881017,0,28071,14665,47308
1881067,0,28071,14665,47308
1881117,0,28071,14831,47308
1881167,0,28071,14831,47308
1881217,0,28071,14831,47308
1881267,0,28071,14831,47308
1881317,0,27561,14831,47267
1881367,0,27561,14831,47267
1881417,0,27561,14831,47267
1881467,0,27561,14831,47267
1881517,0,27561,14936,47267
1881567,0,27561,14936,47267
1881617,0,27561,14936,47267
1881667,0,27561,14936,47267
1881717,0,27561,14936,47242
1881852,0,27561,14936,47242
1881902,0,28071,15062,47242
1881994,0,28071,15062,47242
1882044,0,28071,15062,47242
1882094,0,28580,15062,47230
1882144,0,28580,15062,47230
1882194,0,28580,15062,47230
1882244,0,28580,15062,47230
1882294,0,28580,15197,47230
1882344,0,28580,15197,47230
1882394,0,28580,15197,47230
1882444,0,28580,15197,47230
1882494,0,28580,15197,47204
1882544,0,28580,15197,47204
1882594,0,28580,15197,47204
1882644,0,28580,15197,47204
1882694,0,29120,15363,47204
1882744,0,29120,15363,47204
1882836,0,29120,15363,47204
1882886,0,29120,15363,47204
1883022,0,29120,15363,47165
1883072,0,29120,15363,47165
1883122,0,29120,15545,47165
1883172,0,29120,15545,47165
1883222,0,29120,15545,47165
1883272,0,29120,15545,47165
1883322,0,29692,15545,47131
1883372,0,29692,15545,47131
1883422,0,29692,15545,47131
1883472,0,29692,15545,47131
1883522,0,29692,15713,47131
1883572,0,29692,15713,47131
1883622,0,29692,15713,47131
1883672,0,29692,15713,47131
1883722,0,30263,15713,47090
1883814,0,30263,15713,47090
1883864,0,30263,15713,47090
1883914,0,30881,15905,47090
1883964,0,30881,15905,47090
1884014,0,30881,15905,47090
1884151,0,30881,15905,47063
1884201,0,30881,15905,47063
1884251,0,30881,15905,47063
1884301,0,30881,16039,47063
1884351,0,30881,16039,47063
1884401,0,30881,16039,47063
1884451,0,30881,16039,47063
1884501,0,30881,16039,47027
1884551,0,30881,16039,47027
1884601,0,30881,16039,47027
1884651,0,30881,16039,47027
1884743,0,30881,16190,47027
1884793,0,30881,16190,47027
1884843,0,30881,16190,47027
1884893,0,30881,16190,47027
1884943,0,30881,16190,47003
1884993,0,30881,16190,47003
1885043,0,30881,16190,47003
1885093,0,31498,16190,47003
1885143,0,31498,16319,47003
1885279,0,31498,16319,47003
1885329,0,31498,16319,46964
1885379,0,31498,16319,46964
1885429,0,31498,16319,46964
1885479,0,31498,16319,46964
1885529,0,31498,16468,46964
1885579,0,31498,16468,46964
1885629,0,31498,16468,46964
1885721,0,31498,16468,46932
1885771,0,31498,16468,46932
1885821,0,31498,16468,46932
1885871,0,31498,16468,46932
1885921,0,32162,16623,46932
1885971,0,32162,16623,46932
1886021,0,32162,16623,46932
1886071,0,32162,16623,46932
1886121,0,32162,16623,46909
1886171,0,32162,16623,46909
1886221,0,32162,16623,46909
1886271,0,32162,16623,46909
1886407,0,31498,16723,46909
1886457,0,31498,16723,46909
1886507,0,32162,16723,46909
1886557,0,32162,16723,46879
1886649,0,32162,16723,46879
1886699,0,32162,16723,46879
1886749,0,32162,16840,46879
1886799,0,32162,16840,46879
1886849,0,32162,16840,46879
1886899,0,32162,16840,46879
1886949,0,32162,16840,46849
1886999,0,32162,16840,46849
1887049,0,32162,16840,46849
1887099,0,32842,16840,46849
1887149,0,32842,16959,46849
1887199,0,32842,16959,46849
1887249,0,32842,16959,46849
1887299,0,32842,16959,46849
1887349,0,32842,16959,46828
1887399,0,32842,16959,46828
1887534,0,32842,17124,46828
1887626,0,32842,17124,46828
1887676,0,32842,17124,46828
1887726,0,32842,17124,46828
1887776,0,32842,17124,46790
1887826,0,32842,17124,46790
1887876,0,32842,17124,46790
1887926,0,32842,17124,46790
1887976,0,32842,17248,46790
1888026,0,32842,17248,46790
1888076,0,32842,17248,46790
1888126,0,33552,17248,46790
1888176,0,33552,17248,46747
1888226,0,33552,17248,46747
1888276,0,33552,17248,46747
1888326,0,32842,17248,46747
1888376,0,32842,17390,46747
1888468,0,32842,17390,46747
1888518,0,32842,17390,46747
1888568,0,32842,17390,46720
1888703,0,32842,17390,46720
1888753,0,32842,17517,46720
1888803,0,32842,17517,46720
1888853,0,32842,17517,46720
1888903,0,33552,17517,46720
1888953,0,33552,17517,46695
1889003,0,33552,17517,46695
1889053,0,33552,17517,46695
1889103,0,34309,17517,46695
1889153,0,34309,17672,46695
1889203,0,34309,17672,46695
1889253,0,34309,17672,46695
1889303,0,33552,17672,46695
1889353,0,33552,17672,46672
1889487,0,34309,17672,46672
1889537,0,34309,17790,46672
1889587,0,34309,17790,46672
1889637,0,34309,17790,46672
1889687,0,34309,17790,46672
1889737,0,34309,17790,46672
1890042,0,35081,17909,46655
1890092,0,34309,17909,46655
1890142,0,34309,17909,46599
1890192,0,34309,17909,46599
1890242,0,34309,17909,46599
1890292,0,34309,17909,46599
1890342,0,34309,18057,46599
1890392,0,34309,18057,46599
1890442,0,34309,18057,46599
1890492,0,34309,18057,46599
1890584,0,34309,18057,46591
1890634,0,34309,18057,46591
1890684,0,34309,18057,46591
1890734,0,34309,18057,46591
1890784,0,34309,18172,46591
1890834,0,34309,18172,46591
1890884,0,34309,18172,46591
1890934,0,35081,18172,46591
1890984,0,35081,18172,46564
1891034,0,35081,18172,46564
1891211,0,35081,18316,46564
1891261,0,35081,18316,46564
1891311,0,35081,18316,46564
1891361,0,35081,18316,46531
1891411,0,35081,18316,46531
1891461,0,35081,18316,46531
1891511,0,35899,18316,46531
1891603,0,35899,18416,46531
1891653,0,35899,18416,46531
1891703,0,35899,18416,46531
1891753,0,35899,18416,46477
1891803,0,35899,18416,46477
1891853,0,35899,18416,46477
1891903,0,35899,18416,46477
1891953,0,35899,18620,46477
1892003,0,35899,18620,46477
1892053,0,35899,18620,46477
1892103,0,35081,18620,46477
1892153,0,35081,18620,46474
1892203,0,35081,18620,46474
1892338,0,35899,18620,46474
1892388,0,35899,18725,46474
1892438,0,35899,18725,46474
1892530,0,36748,18725,46474
1892580,0,36748,18725,46450
1892630,0,36748,18725,46450
1892680,0,36748,18725,46450
1892730,0,36748,18725,46450
1892780,0,36748,18806,46450
1892830,0,36748,18806,46450
1892880,0,36748,18806,46450
1892930,0,36748,18806,46450
1892980,0,36748,18806,46389
1893030,0,36748,18806,46389
1893080,0,36748,18806,46389
1893130,0,35899,18806,46389
1893265,0,35899,18994,46389
1893315,0,36748,18994,46389
1893365,0,36748,18994,46395
1893415,0,36748,18994,46395
1893507,0,35899,18994,46395
1893557,0,35899,18994,46395
1893607,0,35899,19135,46395
1893657,0,35899,19135,46395
1893707,0,37659,19135,46395
1893757,0,37659,19135,46395
1893807,0,37659,19135,46350
1893857,0,37659,19135,46350
1893907,0,36748,19135,46350
1893957,0,36748,19135,46350
1894007,0,36748,19237,46350
1894057,0,36748,19237,46350
1894107,0,36748,19237,46350
1894157,0,36748,19237,46350
1894207,0,36748,19237,46327
1894257,0,36748,19237,46327
1894435,0,37659,19313,46327
1894485,0,37659,19313,46327
1894535,0,36748,19313,46327
1894585,0,36748,19313,46317
1894635,0,36748,19313,46317
1894685,0,36748,19313,46317
1894735,0,37659,19313,46317
1894785,0,37659,19417,46317
1894835,0,37659,19417,46317
1894885,0,37659,19417,46317
1894935,0,37659,19417,46317
1894985,0,37659,19417,46274
1895035,0,37659,19417,46274
1895085,0,37659,19417,46274
1895135,0,37659,19417,46274
1895185,0,37659,19518,46274
1895235,0,37659,19518,46274
1895327,0,37659,19518,46274
1895377,0,37659,19518,48989
1895427,0,37659,19518,48989
1895563,0,37659,19518,48989
1895613,0,37659,310,48989
1895663,0,37659,310,48989
1895713,0,38601,310,48989
1895763,0,38601,310,48989
1895813,0,38601,310,49056
1895863,0,38601,310,49056
1895913,0,37659,310,49056
1895963,0,37659,310,49056
1896013,0,37659,128,49056
1896063,0,37659,128,49056
1896113,0,37659,128,49056
1896163,0,37659,128,49056
1896213,0,37659,128,49098
1896305,0,37659,128,49098
1896355,0,37659,128,49098
1896405,0,37659,123,49098
1896455,0,37659,123,49098
1896505,0,37659,123,49098
1896555,0,37659,123,49098
1896690,0,37659,123,49130
1896740,0,37659,123,49130
1896790,0,37659,120,49130
1896840,0,37659,120,49130
1896890,0,37659,120,49130
1896940,0,37659,120,49130
1896990,0,37659,120,49155
1897040,0,37659,120,49155
1897090,0,36748,120,49155
1897140,0,36748,120,49155
1897190,0,36748,120,49155
1897240,0,36748,120,49155
1897332,0,36748,120,49155
1897382,0,36748,120,49155
1897432,0,36748,120,49177
1897482,0,36748,120,49177
1897532,0,35899,120,49177
1897582,0,35899,120,49177
1897632,0,35899,118,49177
1897682,0,35899,118,49177
1897818,0,36748,118,49196
1897868,0,36748,118,49196
1897918,0,36748,118,49196
1897968,0,36748,118,49196
1898018,0,36748,118,49196
1898068,0,36748,118,49196
1898118,0,35899,118,49196
1898168,0,35899,118,49196
1898218,0,35899,118,49213
1898340,0,35899,118,49213
1898390,0,35899,118,49213
1898440,0,35899,118,49213
1898490,0,35899,118,49213
1898540,0,35899,118,49213
1898590,0,35899,118,49213
1898640,0,35899,118,49229
1898690,0,35899,118,49229
1898740,0,35899,118,49229
1898790,0,35899,118,49229
1898840,0,35899,117,49229
1898976,0,35081,117,49229
1899026,0,35081,117,49245
1899076,0,35081,117,49245
1899126,0,35899,117,49245
1899176,0,35899,117,49245
1899226,0,35899,116,49245
1899276,0,35899,116,49245
1899368,0,35899,116,49245
1899418,0,35899,116,49258
1899468,0,35899,116,49258
1899518,0,35081,116,49258
1899568,0,35081,116,49258
1899618,0,35081,117,49258
1899668,0,35081,117,49258
1899718,0,35081,117,49258
1899768,0,35081,117,49258
1899818,0,35081,117,49271
1899868,0,35081,117,49271
1899918,0,35081,117,49271
1899968,0,35081,117,49271
1900104,0,35081,116,49271
1900154,0,35081,116,49271
1900204,0,35081,116,49271
1900254,0,35081,116,49283
1900304,0,35081,116,49283
1900396,0,35081,116,49283
1900446,0,35081,116,49283
1900496,0,35081,116,49283
1900546,0,35081,116,49283
1900596,0,35081,116,49283
1900646,0,35081,116,49295
1900696,0,34927,116,49295
1900746,0,34772,116,49295
1900796,0,34618,116,49295
1900846,0,34463,116,49295
1900896,0,34309,116,49295
1900946,0,34309,116,49295
1900996,0,34309,116,49295
1901046,0,34309,116,49306
1901096,0,34309,116,49306
1901231,0,34309,117,49306
1901281,0,34309,117,49306
1901331,0,34309,117,49306
1901423,0,34309,117,49316
1901473,0,34309,117,49316
1901523,0,34309,117,49316
1901573,0,34309,117,49316
1901623,0,34309,115,49316
1901673,0,34309,115,49316
1901723,0,33552,115,49316
1901773,0,33552,115,49316
1901823,0,33552,115,49326
1901873,0,33552,115,49326
1901923,0,33552,115,49326
1901973,0,33552,115,49326
1902023,0,33552,116,49326
1902073,0,33552,116,49326
1902123,0,34309,116,49326
1902173,0,34309,116,49326
1902223,0,34309,116,49335
1902359,0,33552,116,49335
1902451,0,33552,116,49335
1902501,0,34309,116,49335
1902551,0,34309,116,49335
1902601,0,34309,116,49335
1902651,0,34309,116,49345
1902701,0,33552,116,49345
1902751,0,33552,116,49345
1902801,0,33552,116,49345
1902851,0,33552,116,49345
1902901,0,33552,116,49345
1902951,0,33552,116,49345
1903001,0,33552,116,49345
1903051,0,33552,116,49354
1903101,0,33552,116,49354
1903151,0,33552,116,49354
1903201,0,33552,116,49354
1903251,0,33552,117,49354
1903343,0,32842,117,49354
1903393,0,32842,117,49354
1903528,0,32842,117,49363
1903578,0,32842,117,49363
1903628,0,32842,117,49363
1903678,0,32842,115,49363
1903728,0,32162,115,49363
1903778,0,32162,115,49363
1903828,0,32162,115,49363
1903878,0,32162,115,49370
1903928,0,31498,115,49370
1903978,0,31498,115,49370
1904028,0,31498,115,49370
1904078,0,31498,116,49370
1904128,0,31498,116,49370
1904178,0,31498,116,49370
1904228,0,31498,116,49370
1904278,0,31498,116,49378
1904370,0,31498,116,49378
1904420,0,31498,116,49378
1904470,0,31498,116,49378
1904520,0,31498,116,49378
1904655,0,31498,116,49386
1904705,0,31498,116,49386
1904755,0,31498,116,49386
1904805,0,31498,116,49386
1904855,0,31498,116,49386
1904905,0,31498,116,49386
1904955,0,31498,116,49386
1905005,0,31498,116,49386
1905055,0,31498,116,49394
1905105,0,31428,116,49394
1905155,0,31358,116,49394
1905205,0,31289,116,49394
1905255,0,31219,115,49394
1905305,0,31149,115,49394
1905397,0,31021,115,49394
1905447,0,30951,115,49401
1905497,0,30881,115,49401
1905547,0,30881,115,49401
1905597,0,30881,115,49401
1905647,0,30881,115,49401
1905783,0,30881,115,49401
1905833,0,30881,115,49401
1905883,0,30881,115,49408
1905933,0,30881,115,49408
1905983,0,30881,115,49408
1906033,0,30881,115,49408
1906083,0,30881,115,49408
1906133,0,30881,115,49408
1906183,0,30881,115,49408
1906233,0,30881,115,49408
1906283,0,30881,115,49415
1906333,0,30881,115,49415
1906425,0,30881,115,49415
1906475,0,30881,116,49415
1906525,0,30881,116,49415
1906575,0,30881,116,49415
1906625,0,30881,116,49415
1906675,0,30881,116,49421
1906725,0,30263,116,49421
1906775,0,30263,116,49421
1906910,0,30881,115,49421
1906960,0,30881,115,49421
1907010,0,30881,115,49421
1907060,0,30881,115,49429
1907110,0,30263,115,49429
1907160,0,30263,115,49429
1907210,0,30263,115,49429
1907260,0,30263,115,49429
1907310,0,30881,115,49429
1907360,0,30881,115,49429
1907452,0,30881,115,49429
1907502,0,30263,115,49434
1907552,0,30263,115,49434
1907602,0,30263,115,49434
1907652,0,30263,115,49434
1907702,0,29692,388,49434
1907838,0,29692,388,49434
1907888,0,29692,388,49430
1907938,0,29692,388,49430
1907988,0,29692,388,49430
1908038,0,29692,388,49430
1908088,0,29692,195,49430
1908138,0,29692,195,49430
1908188,0,29692,195,49430
1908238,0,29692,195,49430
1908288,0,29692,195,49435
1908338,0,29692,195,49435
1908388,0,29692,195,49435
1908480,0,29692,192,49435
1908530,0,29692,192,49435
1908580,0,29692,192,49435
1908630,0,29692,192,49435
1908680,0,29692,192,49441
1908730,0,29120,192,49441
1908780,0,29120,192,49441
1908830,0,29120,192,49441
1908966,0,29120,280,49441
1909016,0,29120,280,49441
1909066,0,29120,280,49441
1909116,0,29120,280,49432
1909166,0,29120,280,49432
1909216,0,29120,280,49432
1909266,0,29120,280,49432
1909316,0,29120,363,49432
1909366,0,29120,363,49432
1909458,0,29120,363,49432
1909508,0,29692,363,49427
1909558,0,29692,363,49427
1909608,0,29692,363,49427
1909658,0,29692,363,49427
1909708,0,29692,517,49427
1909758,0,29692,517,49427
1909808,0,29692,517,49427
1909858,0,29692,517,49427
1909908,0,29120,517,49430
1909958,0,29120,517,49430
1910094,0,29692,1584,49430
1910144,0,29692,1584,49430
1910194,0,29692,1584,49430
1910244,0,29692,1584,49430
1910294,0,29120,1584,49435
1910344,0,29120,1584,49435
1910394,0,29120,1584,49435
1910486,0,29120,1518,49435
1910536,0,28580,1518,49435
1910586,0,28580,1518,49435
1910636,0,28580,1518,49435
1910686,0,28580,1518,49442
1910736,0,28580,1518,49442
1910786,0,28580,1518,49442
1910836,0,28580,1518,49442
1910886,0,28580,1532,49442
1910936,0,28071,1532,49442
1910986,0,28071,1532,49442
1911036,0,28071,1532,49442
1911086,0,28071,1532,49445
1911222,0,28071,1532,49445
1911272,0,28071,1532,49445
1911322,0,27561,9759,49445
1911372,0,27561,9759,49445
1911464,0,27561,9759,49445
1911514,0,28071,9759,47375
1911564,0,28071,9759,47375
1911614,0,28071,9759,47375
1911664,0,28071,9759,47375
1911714,0,27561,16314,47375
1911764,0,27561,16314,47375
1911814,0,27561,16314,47375
1911864,0,27561,16314,47375
1911914,0,28071,16314,47311
1911964,0,28071,16314,47311
1912014,0,28071,16314,47311
1912064,0,28071,16314,47311
1912114,0,28580,16576,47311
1912164,0,28580,16576,47311
1912214,0,28580,16576,47311
1912392,0,29120,16576,47248
1912442,0,29120,16576,47248
1912492,0,28580,15598,47248
1912542,0,28580,15598,47248
1912592,0,28580,15598,47248
1912642,0,28580,15598,47248
1912692,0,29120,15598,47196
1912742,0,29120,15598,47196
1912792,0,29120,15598,47196
1912842,0,29120,15598,47196
1912892,0,29692,15705,47196
1912942,0,29692,15705,47196
1912992,0,29692,15705,47196
1913042,0,29692,15705,47196
1913092,0,29120,15705,47157
1913142,0,29120,15705,47157
1913192,0,29120,15705,47157
1913284,0,29120,15705,47157
1913334,0,29120,15799,47157
1913384,0,29120,15799,47157
1913520,0,28580,15799,47118
1913570,0,28580,15799,47118
1913620,0,28580,15799,47118
1913670,0,28580,15799,47118
1913720,0,29120,15921,47118
1913770,0,29120,15921,47118
1913820,0,29120,15921,47118
1913870,0,29120,15921,47118
1913920,0,29120,15921,47074
1913970,0,29120,15921,47074
1914020,0,29120,15921,47074
1914070,0,29120,15921,47074
1914120,0,29692,16053,47074
1914212,0,29692,16053,47074
1914262,0,29692,16053,47074
1914312,0,29692,16053,47041
1914362,0,29692,16053,47041
1914412,0,29692,16053,47041
1914462,0,29692,16053,47041
1914512,0,29692,16191,47041
1914647,0,29692,16191,47041
1914697,0,29692,16191,47041
1914747,0,29692,16191,47012
1914797,0,29692,16191,47012
1914847,0,29692,16191,47012
1914897,0,30263,16191,47012
1914947,0,30263,16303,47012
1914997,0,30263,16303,47012
1915047,0,30263,16303,47012
1915097,0,30263,16303,47012
1915189,0,30263,16303,46973
1915239,0,30263,16303,46973
1915289,0,30263,16303,46973
1915339,0,30263,16382,46973
1915389,0,30263,16382,46973
1915439,0,30263,16382,46973
1915489,0,30263,16382,46973
1915539,0,30263,16382,46957
1915589,0,30263,16382,46957
1915639,0,30263,16382,46957
1915775,0,31498,16499,46957
1915825,0,31498,16499,46957
1915875,0,31498,16499,46957
1915925,0,31498,16499,46930
1915975,0,31498,16499,46930
1916025,0,31498,16499,46930
1916119,0,30881,16601,46930
1916169,0,30881,16601,46930
1916219,0,30881,16601,46930
1916269,0,30881,16601,46930
1916319,0,31498,16601,46898
1916369,0,31498,16601,46898
1916419,0,31498,16601,46898
1916469,0,31498,16601,46898
1916519,0,31498,16728,46898
1916569,0,31498,16728,46898
1916619,0,31498,16728,46898
1916669,0,31498,16728,46898
1916719,0,31498,16728,46870
1916769,0,31498,16728,46870
1916905,0,31498,16728,46870
1916955,0,31498,16839,46870
1917005,0,31498,16839,46870
1917097,0,31498,16839,46870
1917147,0,31498,16839,46837
1917197,0,31498,16839,46837
1917247,0,31498,16839,46837
1917297,0,32162,16839,46837
1917347,0,32162,16941,46837
1917397,0,32162,16941,46837
1917447,0,32162,16941,46837
1917497,0,32842,16941,46837
1917547,0,32842,16941,46804
1917597,0,32842,16941,46804
1917647,0,32842,16941,46804
1917697,0,33552,16941,46804
1917747,0,33552,17068,46804
1917797,0,33552,17068,46804
1917847,0,33552,17068,46804
1917939,0,32842,17068,46788
1918075,0,32842,17068,46788
1918125,0,33552,17158,46788
1918175,0,33552,17158,46788
1918225,0,33552,17158,46788
1918275,0,33552,17158,46788
1918325,0,33552,17158,46788
1918375,0,33552,17158,46746
1918425,0,33552,17158,46746
1918475,0,33552,17158,46746
1918525,0,33552,17158,46746
1918575,0,33552,17240,46746
1918625,0,33552,17240,46746
1918675,0,33552,17240,46746
1918725,0,33552,17240,46746
1918775,0,33552,17240,46719
1918825,0,33552,17240,46719
1918917,0,33552,17240,46719
1918967,0,33552,17381,46719
1919017,0,33552,17381,46719
1919067,0,33552,17381,46719
1919202,0,33552,17381,46661
1919252,0,33552,17381,46661
1919302,0,33623,17381,46661
1919352,0,33694,17533,46661
1919402,0,33765,17533,46661
1919452,0,33836,17533,46661
1919502,0,33907,17533,46661
1919552,0,33978,17533,46663
1919602,0,34049,17533,46663
1919652,0,34120,17533,46663
1919702,0,34191,17533,46663
1919752,0,34262,17644,46663
1919802,0,34333,17644,46663
1919852,0,34404,17644,46663
1919944,0,34534,17644,46633
1919994,0,34605,17644,46633
1920044,0,34676,17644,46633
1920094,0,34747,17644,46633
1920144,0,34818,17644,46633
1920194,0,34889,17706,46633
1920329,0,35081,17706,46633
1920379,0,35081,17706,46601
1920429,0,35081,17706,46601
1920479,0,35081,17706,46601
1920529,0,35081,17706,46601
1920579,0,35081,17846,46601
1920629,0,35081,17846,46601
1920679,0,35081,17846,46601
1920729,0,35081,17846,46601
1920779,0,35081,17846,46554
1920829,0,35081,17846,46554
1920963,0,35081,18045,46554
1921013,0,35081,18045,46554
1921063,0,35081,18045,46554
1921113,0,35081,18045,46554
1921163,0,35081,18045,46516
1921213,0,35081,18045,46516
1921263,0,35081,18045,46516
1921313,0,34309,18045,46516
1921363,0,34309,18202,46516
1921668,0,35081,18202,46504
1921718,0,35081,18202,46504
1921768,0,35081,18327,46504
1921818,0,35081,18327,46504
1921868,0,35081,18327,46504
1921918,0,36748,18327,46504
1921968,0,36748,18327,46479
1922018,0,36748,18327,46479
1922110,0,35899,18327,46479
1922160,0,35899,18441,46479
1922210,0,35899,18441,46479
1922260,0,35899,18441,46479
1922310,0,36748,18441,46479
1922360,0,36748,18441,46424
1922410,0,36748,18441,46424
1922460,0,36748,18441,46424
1922637,0,35899,18649,46424
1922687,0,35899,18649,46424
1922737,0,35899,18649,46424
1922787,0,35899,18649,46396
1922837,0,35899,18649,46396
1922887,0,36748,18649,46396
1922937,0,36748,18649,46396
1922987,0,36748,18803,46396
1923079,0,36748,18803,46396
1923129,0,36748,18803,46396
1923179,0,36748,18803,46380
1923229,0,36748,18803,46380
1923279,0,36748,18803,46380
1923329,0,37659,18803,46380
1923379,0,37659,18866,46380
1923429,0,37659,18866,46380
1923479,0,37659,18866,46380
1923529,0,37659,18866,46380
1923579,0,37659,18866,46335
1923629,0,37659,18866,46335
1923765,0,36748,19109,46335
1923815,0,36748,19109,46335
1923865,0,36748,19109,46335
1923915,0,36748,19109,46335
1923965,0,36748,19109,46307
1924057,0,36748,19109,46307
1924107,0,37659,19109,46307
1924157,0,37659,19109,46307
1924207,0,37659,19266,46307
1924257,0,37659,19266,46307
1924307,0,37659,19266,46307
1924357,0,37659,19266,46307
1924407,0,37659,19266,46265
1924457,0,37659,19266,46265
1924507,0,37659,19266,46265
1924557,0,37659,19266,46265
1924607,0,37659,19417,46265
1924657,0,37659,19417,46265
1924707,0,37659,19417,46265
1924757,0,37659,19417,46265
1924893,0,37659,19417,46236
1924985,0,37659,19588,46236
1925035,0,37659,19588,46236
1925085,0,37659,19588,46236
1925135,0,38601,19588,46236
1925185,0,38601,19588,46213
1925235,0,38601,19588,46213
1925285,0,38601,19588,46213
1925335,0,38601,19588,46213
1925385,0,38601,19673,46213
1925435,0,38601,19673,46213
1925485,0,38601,19673,46213
1925535,0,38601,19673,46213
1925585,0,38601,19673,46146
1925635,0,38601,19673,46146
1925685,0,38601,19673,46146
1925735,0,37659,19673,46146
1925785,0,37659,12059,46146
1925877,0,37659,12059,46146
1925927,0,38601,12059,46146
1926063,0,38601,12059,48925
1926113,0,37659,12059,48925
1926163,0,37659,12059,48925
1926213,0,37659,197,48925
1926263,0,37659,197,48925
1926313,0,37659,197,48925
1926363,0,37659,197,48925
1926413,0,37659,197,48985
1926463,0,37659,197,48985
1926513,0,37659,197,48985
1926563,0,37659,197,48985
1926613,0,37659,126,48985
1926663,0,37659,126,48985
1926713,0,37659,126,48985
1926763,0,37659,126,48985
1926855,0,37659,126,49024
1926905,0,37659,126,49024
1926955,0,37659,126,49024
1927005,0,37659,121,49024
1927055,0,37659,121,49024
1927190,0,37659,121,49024
1927240,0,37659,121,49054
1927290,0,36748,121,49054
1927340,0,36748,121,49054
1927390,0,36748,121,49054
1927440,0,36748,119,49054
1927490,0,36748,119,49054
1927540,0,36748,119,49054
1927590,0,36748,119,49054
1927640,0,36748,119,49078
1927690,0,35899,119,49078
1927740,0,35899,119,49078
1927790,0,35899,119,49078
1927882,0,35899,118,49078
1927932,0,37659,118,49078
1927982,0,37659,118,49078
1928032,0,37659,118,49099
1928082,0,37659,118,49099
1928132,0,37659,118,49099
1928182,0,37659,118,49099
1928317,0,36748,118,49099
1928367,0,36748,118,49099
1928417,0,36748,118,49118
1928467,0,36748,118,49118
1928517,0,35899,118,49118
1928567,0,35899,118,49118
1928617,0,35899,118,49118
1928667,0,35899,118,49118
1928717,0,35899,118,49118
1928767,0,35899,118,49118
1928817,0,35899,118,49135
1928909,0,35899,118,49135
1928959,0,35899,118,49135
1929009,0,35899,117,49135
1929059,0,35899,117,49135
1929109,0,35899,117,49135
1929159,0,35899,117,49135
1929209,0,35899,117,49150
1929259,0,35899,117,49150
1929309,0,35899,117,49150
1929445,0,35899,116,49150
1929495,0,35899,116,49150
1929545,0,35899,116,49150
1929595,0,35899,116,49150
1929645,0,35899,116,49163
1929695,0,35759,116,49163
1929745,0,35619,116,49163
1929795,0,35479,116,49163
1929845,0,35339,116,49163
1929937,0,35081,116,49163
1929987,0,35081,116,49163
1930037,0,35081,116,49177
1930087,0,34309,116,49177
1930137,0,34309,116,49177
1930187,0,34309,116,49177
1930237,0,34309,118,49177
1930287,0,34309,118,49177
1930337,0,34309,118,49177
1930387,0,34309,118,49177
1930437,0,34309,118,49190
1930573,0,35899,118,49190
1930623,0,35899,116,49190
1930673,0,35899,116,49190
1930723,0,35081,116,49190
1930773,0,35081,116,49190
1930823,0,35081,116,49201
1930915,0,35081,116,49201
1930965,0,35081,116,49201
1931015,0,35081,116,49201
1931065,0,35081,116,49201
1931115,0,34309,116,49201
1931165,0,34309,116,49201
1931215,0,34309,116,49212
1931265,0,34309,116,49212
1931315,0,35081,116,49212
1931365,0,35081,116,49212
1931415,0,35081,116,49212
1931465,0,35081,116,49212
1931515,0,34309,116,49212
1931565,0,34309,116,49212
1931700,0,32842,116,49222
1931750,0,32842,116,49222
1931800,0,32842,116,49222
1931850,0,32842,115,49222
1931942,0,32842,115,49222
1931992,0,32842,115,49222
1932042,0,32842,115,49233
1932092,0,32842,115,49233
1932142,0,32842,115,49233
1932192,0,32842,115,49233
1932242,0,32842,115,49233
1932292,0,33552,115,49233
1932342,0,33552,115,49233
1932392,0,33552,115,49233
1932442,0,33552,115,49243
1932492,0,33552,115,49243
1932542,0,33552,115,49243
1932592,0,33552,115,49243
1932642,0,33552,116,49243
1932692,0,33552,116,49243
1932828,0,33552,116,49252
1932878,0,33552,116,49252
1932972,0,33552,116,49252
1933022,0,33552,116,49252
1933072,0,33552,116,49252
1933122,0,32842,116,49252
1933172,0,32842,116,49252
1933222,0,32842,116,49260
1933272,0,32842,116,49260
1933322,0,32842,116,49260
1933372,0,32842,116,49260
1933422,0,32842,116,49260
1933472,0,32842,115,49260
1933522,0,32842,115,49260
1933572,0,32842,115,49260
1933622,0,32842,115,49260
1933672,0,32842,115,49269
1933722,0,32162,115,49269
1933772,0,32162,115,49269
1933864,0,32162,115,49269
1934000,0,32842,115,49269
1934050,0,32842,115,49278
1934100,0,32162,115,49278
1934150,0,32162,115,49278
1934200,0,32162,115,49278
1934250,0,32162,115,49278
1934300,0,32842,115,49278
1934350,0,32842,115,49278
1934400,0,32842,115,49278
1934450,0,32842,115,49286
1934500,0,31498,115,49286
1934550,0,31498,115,49286
1934600,0,31498,115,49286
1934650,0,31498,115,49286
1934700,0,32162,115,49286
1934750,0,32162,115,49286
1934800,0,32162,115,49286
1934893,0,30881,115,49294
1934943,0,30881,115,49294
1934993,0,30881,115,49294
1935129,0,32162,116,49294
1935179,0,32162,116,49294
1935229,0,32162,116,49294
1935279,0,32162,116,49302
1935329,0,31498,116,49302
1935379,0,31498,116,49302
1935429,0,31498,116,49302
1935479,0,31498,115,49302
1935529,0,31498,115,49302
1935579,0,31498,115,49302
1935629,0,31498,115,49302
1935679,0,31498,115,49309
1935729,0,31498,115,49309
1935779,0,31498,115,49309
1935829,0,31498,115,49309
1935921,0,30881,115,49309
1935971,0,30881,115,49309
1936021,0,30881,115,49309
1936071,0,30881,115,49316
1936121,0,30881,115,49316
1936256,0,30881,115,49316
1936306,0,31498,115,49316
1936356,0,31498,115,49316
1936406,0,31498,115,49316
1936456,0,31498,115,49323
1936506,0,30881,115,49323
1936556,0,30881,115,49323
1936606,0,30881,115,49323
1936656,0,30881,115,49323
1936706,0,31498,115,49323
1936756,0,31498,115,49323
1936806,0,31498,115,49323
1936898,0,30881,115,49329
1936948,0,30881,115,49329
1936998,0,30881,115,49329
1937048,0,30881,115,49329
1937184,0,30881,115,49329
1937234,0,30881,115,49329
1937284,0,30881,115,49336
1937334,0,30881,115,49336
1937384,0,30881,115,49336
1937434,0,30881,115,49336
1937484,0,30881,115,49336
1937534,0,30263,115,49336
1937584,0,30263,115,49336
1937634,0,30263,115,49336
1937684,0,30263,115,49342
1937734,0,30881,115,49342
1937784,0,30881,115,49342
1937834,0,30881,115,49342
1937926,0,30263,115,49342
1937976,0,30263,115,49342
1938026,0,30263,115,49342
1938076,0,30263,115,49348
1938126,0,30263,115,49348
1938176,0,30263,115,49348
1938311,0,30263,114,49348
1938361,0,30263,114,49348
1938411,0,30263,114,49348
1938461,0,30263,114,49342
1938511,0,30263,114,49342
1938561,0,30263,114,49342
1938611,0,30263,114,49342
1938661,0,30263,201,49342
1938711,0,30263,201,49342
1938761,0,30263,201,49342
1938811,0,30263,201,49342
1938861,0,30263,201,49342
1938953,0,30263,201,49349
1939003,0,30263,201,49349
1939053,0,30263,201,49349
1939103,0,30149,193,49349
1939153,0,30035,193,49349
1939203,0,29920,193,49349
1939253,0,29806,193,49349
1939303,0,29692,193,49354
1939439,0,29692,193,49354
1939489,0,29692,192,49354
1939539,0,29692,192,49354
1939589,0,29692,192,49354
1939639,0,29692,192,49354
1939689,0,30263,192,49344
1939739,0,30263,192,49344
1939789,0,30263,192,49344
1939839,0,30263,192,49344
1939889,0,30263,405,49344
1939981,0,30263,405,49344
1940031,0,30263,405,49344
1940081,0,30263,405,49337
1940131,0,30263,405,49337
1940181,0,30263,405,49337
1940231,0,30263,405,49337
1940281,0,30263,376,49337
1940331,0,29692,376,49337
1940381,0,29692,376,49337
1940431,0,29692,376,49337
1940566,0,30263,376,49345
1940616,0,30263,376,49345
1940666,0,30263,376,49345
1940716,0,29120,369,49345
1940766,0,29120,369,49345
1940816,0,29120,369,49345
1940866,0,29120,369,49345
1940958,0,29692,369,49348
1941008,0,29692,369,49348
1941058,0,29692,369,49348
1941108,0,29692,364,49348
1941158,0,29692,364,49348
1941208,0,29692,364,49348
1941258,0,29692,364,49348
1941308,0,29120,364,49352
1941358,0,29120,364,49352
1941408,0,29120,364,49352
1941458,0,29120,364,49352
1941508,0,29692,364,49352
1941558,0,29692,364,49352
1941693,0,28071,364,49357
1941743,0,28071,364,49357
1941793,0,28071,364,49357
1941843,0,28071,364,49357
1941893,0,28580,365,49357
1941985,0,28580,365,49357
1942035,0,28580,365,49357
1942085,0,28580,365,49357
1942135,0,28071,365,47158
1942185,0,28071,365,47158
1942235,0,28071,365,47158
1942285,0,28071,365,47158
1942335,0,28580,15112,47158
1942385,0,28580,15112,47158
1942435,0,28580,15112,47158
1942485,0,28580,15112,47158
1942535,0,28580,15112,47212
1942585,0,28580,15112,47212
1942635,0,28580,15112,47212
1942685,0,28580,15112,47212
1942821,0,29692,15495,47212
1942871,0,29692,15495,47212
1942963,0,29120,15495,47167
1943013,0,29120,15495,47167
1943063,0,29120,15495,47167
1943113,0,29692,15642,47167
1943163,0,29692,15642,47167
1943213,0,29692,15642,47167
1943263,0,29692,15642,47167
1943313,0,29120,15642,47099
1943363,0,29120,15642,47099
1943413,0,29120,15642,47099
1943463,0,29120,15642,47099
1943513,0,30263,15822,47099
1943563,0,30263,15822,47099
1943613,0,30263,15822,47099
1943663,0,30263,15822,47099
1943713,0,30263,15822,47055
1943763,0,30263,15822,47055
1943855,0,30263,15822,47055
1943990,0,30881,15963,47055
1944040,0,30881,15963,47055
1944090,0,30263,15963,47055
1944140,0,30263,15963,47017
1944190,0,30263,15963,47017
1944240,0,30263,15963,47017
1944290,0,30881,15963,47017
1944340,0,30881,16114,47017
1944390,0,30881,16114,47017
1944440,0,30881,16114,47017
1944490,0,30881,16114,47017
1944540,0,30881,16114,46981
1944590,0,30881,16114,46981
1944640,0,30881,16114,46981
1944690,0,31498,16114,46981
1944782,0,31498,16251,46981
1944832,0,31498,16251,46981
1944882,0,31498,16251,46981
1944932,0,31498,16251,46939
1944982,0,31498,16251,46939
1945118,0,31498,16442,46939
1945168,0,31498,16442,46939
1945218,0,31498,16442,46939
1945268,0,31498,16442,46939
1945318,0,31498,16442,46890
1945368,0,31498,16442,46890
1945418,0,31498,16442,46890
1945468,0,31498,16442,46890
1945518,0,32842,16617,46890
1945568,0,32842,16617,46890
1945618,0,32842,16617,46890
1945668,0,32842,16617,46890
1945760,0,32162,16617,46849
1945810,0,32162,16617,46849
1945860,0,32162,16617,46849
1945910,0,32162,16735,46849
1945960,0,32162,16735,46849
1946010,0,32162,16735,46849
1946060,0,32162,16735,46849
1946110,0,32162,16735,46817
1946245,0,32162,16735,46817
1946295,0,31498,16735,46817
1946345,0,31498,16868,46817
1946395,0,31498,16868,46817
1946445,0,31498,16868,46817
1946495,0,32162,16868,46817
1946545,0,32162,16868,46772
1946595,0,32162,16868,46772
1946687,0,32162,16868,46772
1946737,0,32162,17047,46772
1946787,0,32162,17047,46772
1946837,0,32162,17047,46772
1946887,0,32842,17047,46772
1946937,0,32842,17047,46736
1946987,0,32842,17047,46736
1947037,0,32842,17047,46736
1947087,0,32842,17047,46736
1947137,0,32842,17196,46736
1947187,0,32842,17196,46736
1947237,0,32842,17196,46736
1947373,0,32842,17196,46677
1947423,0,32842,17196,46677
1947473,0,32842,17196,46677
1947523,0,32842,17196,46677
1947573,0,32842,17379,46677
1947665,0,32842,17379,46677
1947715,0,34309,17379,46677
1947765,0,34309,17379,46651
1947815,0,34309,17379,46651
1947865,0,34309,17379,46651
1947915,0,34309,17379,46651
1947965,0,34309,17518,46651
1948015,0,34309,17518,46651
1948065,0,34309,17518,46651
1948115,0,33552,17518,46651
1948165,0,33552,17518,46639
1948215,0,33552,17518,46639
1948265,0,33552,17518,46639
1948315,0,34309,17518,46639
1948365,0,34309,17621,46639
1948501,0,34309,17621,46639
1948593,0,34309,17621,46582
1948643,0,34309,17621,46582
1948693,0,34309,17621,46582
1948743,0,34309,17798,46582
1948793,0,34309,17798,46582
1948843,0,34309,17798,46582
1948893,0,34309,17798,46582
1948943,0,34309,17798,46557
1948993,0,34309,17798,46557
1949043,0,34309,17798,46557
1949093,0,33552,17798,46557
1949143,0,33552,17934,46557
1949193,0,33552,17934,46557
1949243,0,33552,17934,46557
1949293,0,33552,17934,46557
1949343,0,33552,17934,46509
1949393,0,33552,17934,46509
1949485,0,33552,17934,46509
1949535,0,34309,17934,46509
1949670,0,34309,18097,46509
1949720,0,35081,18097,46509
1949770,0,35081,18097,46490
1949820,0,35081,18097,46490
1949870,0,35081,18097,46490
1949920,0,35899,18097,46490
1949970,0,35899,18234,46490
1950020,0,35899,18234,46490
1950070,0,35899,18234,46490
1950120,0,35899,18234,46490
1950170,0,35899,18234,46438
1950220,0,35899,18234,46438
1950270,0,35899,18234,46438
1950320,0,35899,18234,46438
1950412,0,35899,18372,46438
1950462,0,35899,18372,46438
1950512,0,35081,18372,46438
1950562,0,35081,18372,46422
1950612,0,35081,18372,46422
1950662,0,35081,18372,46422
1950799,0,35899,18483,46422
1950849,0,35899,18483,46422
1950899,0,35081,18483,46422
1950949,0,35081,18483,46380
1950999,0,35081,18483,46380
1951049,0,35081,18483,46380
1951099,0,36748,18483,46380
1951149,0,36748,18687,46380
1951199,0,36748,18687,46380
1951249,0,36748,18687,46380
1951299,0,36748,18687,46380
1951392,0,36748,18687,46345
1951442,0,36748,18687,46345
1951492,0,36748,18687,46345
1951542,0,36748,18687,46345
1951592,0,36748,18890,46345
1951727,0,35899,18890,46345
1951777,0,35899,18890,46307
1951827,0,35899,18890,46307
1951877,0,35899,18890,46307
1951927,0,36748,18890,46307
1951977,0,36748,19028,46307
1952027,0,36748,19028,46307
1952077,0,36748,19028,46307
1952127,0,36748,19028,46307
1952177,0,36748,19028,46266
1952227,0,36748,19028,46266
1952361,0,37659,19132,46266
1952411,0,37659,19132,46266
1952461,0,37659,19132,46266
1952511,0,37659,19132,46266
1952561,0,37659,19132,46233
1952611,0,37659,19132,46233
1952661,0,37659,19132,46233
1952711,0,37659,19132,46233
1952761,0,37659,19334,46233
1953066,0,37659,19334,46199
1953116,0,36748,19334,46199
1953166,0,36748,19493,46199
1953216,0,36748,19493,46199
1953266,0,36748,19493,46199
1953316,0,38601,19493,46199
1953366,0,38601,19493,46199
1953416,0,38601,19493,46152
1953508,0,38601,19493,46152
1953558,0,38601,19493,46152
1953608,0,38601,19738,46152
1953658,0,38601,19738,46152
1953708,0,37659,19738,46152
1953758,0,37659,19738,46152
1953808,0,37659,19738,46127
1953858,0,37659,19738,46127
1953908,0,38601,19738,46127
1953958,0,38601,19738,46127
1954008,0,38601,19848,46127
1954058,0,38601,19848,46127
1954235,0,38601,19848,46064
1954285,0,38601,19848,46064
1954335,0,38601,19848,46064
1954385,0,38601,18451,46064
1954477,0,38601,18451,46064
1954527,0,38601,18451,46064
1954577,0,38601,18451,48857
1954627,0,38601,18451,48857
1954677,0,38601,18451,48857
1954727,0,38601,18451,48857
1954777,0,38601,231,48857
1954827,0,38601,231,48857
1954877,0,38601,231,48857
1954927,0,38601,231,48857
1954977,0,38601,231,48920
1955027,0,38601,231,48920
1955077,0,38601,231,48920
1955127,0,38491,231,48920
1955177,0,38381,126,48920
1955227,0,38271,126,48920
1955363,0,37972,126,48920
1955413,0,37861,126,48958
1955505,0,37659,126,48958
1955555,0,37659,126,48958
1955605,0,37659,121,48958
1955655,0,37659,121,48958
1955705,0,38601,121,48958
1955755,0,38601,121,48958
1955805,0,38601,121,48988
1955855,0,38601,121,48988
1955905,0,38601,121,48988
1955955,0,38601,121,48988
1956005,0,38601,120,48988
1956055,0,38601,120,48988
1956105,0,38601,120,48988
1956155,0,38601,120,48988
1956205,0,38601,120,49012
1956255,0,38601,120,49012
1956305,0,37659,120,49012
1956355,0,37659,120,49012
1956533,0,37659,119,49012
1956583,0,37659,119,49012
1956633,0,37659,119,49032
1956683,0,37659,119,49032
1956733,0,37659,119,49032
1956783,0,37659,119,49032
1956833,0,37659,118,49032
1956883,0,37659,118,49032
1956933,0,37659,118,49032
1956983,0,37659,118,49032
1957033,0,37659,118,49051
1957083,0,37659,118,49051
1957133,0,37659,118,49051
1957183,0,37659,118,49051
1957233,0,37659,117,49051
1957283,0,37659,117,49051
1957333,0,36748,117,49051
1957383,0,36748,117,49051
1957475,0,36748,117,49068
1957525,0,37659,117,49068
1957661,0,37659,117,49068
1957711,0,37659,117,49068
1957761,0,37659,117,49068
1957811,0,37659,117,49083
1957861,0,37659,117,49083
1957911,0,37659,117,49083
1957961,0,37659,117,49083
1958011,0,37659,117,49083
1958061,0,37659,117,49083
1958111,0,37659,117,49083
1958161,0,37659,117,49083
1958211,0,37659,117,49096
1958261,0,37659,117,49096
1958311,0,36748,117,49096
1958361,0,36748,117,49096
1958453,0,36748,117,49096
1958503,0,35899,117,49096
1958553,0,35899,117,49096
1958603,0,35899,117,49110
1958653,0,35899,117,49110
1958789,0,37659,117,49110
1958839,0,37659,117,49110
1958889,0,37659,117,49110
1958939,0,37659,117,49110
1958989,0,37659,117,49110
1959039,0,37659,117,49121
1959089,0,36748,117,49121
1959139,0,36748,117,49121
1959189,0,36748,117,49121
1959239,0,36748,116,49121
1959289,0,35899,116,49121
1959339,0,35899,116,49121
1959389,0,35899,116,49121
1959482,0,35899,116,49132
1959532,0,35899,116,49132
1959582,0,35899,116,49132
1959632,0,35899,116,49132
1959682,0,35899,116,49132
1959732,0,36748,116,49132
1959782,0,36748,116,49132
1959917,0,36748,116,49144
1959967,0,36748,116,49144
1960017,0,36748,116,49144
1960067,0,36748,116,49144
1960117,0,37659,116,49144
1960167,0,37659,116,49144
1960217,0,37659,116,49155
1960267,0,37659,116,49155
1960317,0,35899,116,49155
1960367,0,35899,116,49155
1960417,0,35899,116,49155
1960509,0,35899,116,49155
1960559,0,35899,116,49155
1960609,0,35899,116,49155
1960659,0,35899,116,49164
1960709,0,35899,116,49164
1960759,0,35899,116,49164
1960809,0,35899,116,49164
1960859,0,35899,116,49164
1960909,0,36748,116,49164
1961045,0,36748,116,49174
1961095,0,35899,116,49174
1961145,0,35899,116,49174
1961195,0,35899,116,49174
1961245,0,35899,115,49174
1961295,0,36748,115,49174
1961345,0,36748,115,49174
1961395,0,36748,115,49174
1961487,0,35899,115,49183
1961537,0,35899,115,49183
1961587,0,35899,115,49183
1961637,0,35899,116,49183
1961687,0,35899,116,49183
1961737,0,35899,116,49183
1961787,0,35899,116,49183
1961837,0,35899,116,49191
1961887,0,35081,116,49191
1961937,0,35081,116,49191
1961987,0,35081,116,49191
1962037,0,35081,115,49191
1962173,0,35081,115,49191
1962223,0,35081,115,49191
1962273,0,35081,115,49200
1962323,0,35899,115,49200
1962373,0,35899,115,49200
1962423,0,35899,115,49200
1962515,0,35081,116,49200
1962565,0,35081,116,49200
1962615,0,35081,116,49200
1962665,0,35081,116,49208
1962715,0,35899,116,49208
1962765,0,35899,116,49208
1962815,0,35899,116,49208
1962865,0,35899,115,49208
1962915,0,35081,115,49208
1962965,0,35081,115,49208
1963015,0,35081,115,49208
1963065,0,35081,115,49216
1963115,0,35899,115,49216
1963165,0,35899,115,49216
1963301,0,34309,116,49216
1963351,0,34309,116,49216
1963401,0,34309,116,49216
1963493,0,34309,116,49224
1963543,0,34309,116,49224
1963593,0,34309,116,49224
1963643,0,34309,115,49224
1963693,0,35081,115,49224
1963743,0,35081,115,49224
1963793,0,35081,115,49224
1963843,0,35081,115,49231
1963893,0,35081,115,49231
1963943,0,35081,115,49231
1963993,0,35081,115,49231
1964043,0,35081,115,49231
1964093,0,35081,115,49231
1964143,0,35081,115,49231
1964193,0,35081,115,49231
1964243,0,35081,115,49238
1964293,0,35081,115,49238
1964429,0,35081,115,49238
1964521,0,34309,116,49238
1964571,0,34309,116,49238
1964621,0,34309,116,49238
1964671,0,34309,116,49245
1964721,0,33552,116,49245
1964771,0,33552,116,49245
1964821,0,33552,116,49245
1964871,0,33552,116,49245
1964921,0,33552,116,49245
1964971,0,33552,116,49245
1965021,0,33552,116,49245
1965071,0,33552,116,49251
1965121,0,33552,116,49251
1965171,0,33552,116,49251
1965221,0,33552,116,49251
1965271,0,33552,115,49251
1965321,0,33552,115,49251
1965371,0,33552,115,49251
1965494,0,33552,115,49257
1965630,0,33552,115,49257
1965680,0,33552,114,49257
1965730,0,33552,114,49257
1965780,0,33552,114,49257
1965830,0,33552,114,49257
1965880,0,33552,114,49264
1965930,0,33473,114,49264
1965980,0,33394,114,49264
1966030,0,33315,114,49264
1966080,0,33236,115,49264
1966130,0,33158,115,49264
1966180,0,33079,115,49264
1966230,0,33000,115,49264
1966280,0,32921,115,49270
1966330,0,32842,115,49270
1966380,0,32842,115,49270
1966516,0,33552,115,49270
1966566,0,33552,115,49270
1966658,0,33552,115,49276
1966708,0,32842,115,49276
1966758,0,32842,115,49276
1966808,0,32842,115,49276
1966858,0,32842,115,49276
1966908,0,32842,115,49276
1966958,0,32842,115,49276
1967008,0,32842,115,49276
1967058,0,32842,115,49276
1967108,0,32842,115,49282
1967158,0,32842,115,49282
1967208,0,32842,115,49282
1967258,0,32842,115,49282
1967308,0,32162,115,49282
1967358,0,32162,115,49282
1967408,0,32162,115,49282
1967458,0,32162,115,49282
1967550,0,31498,115,49288
1967685,0,31498,115,49288
1967735,0,32162,115,49288
1967785,0,32162,115,49288
1967835,0,32162,115,49288
1967885,0,32162,115,49293
1967935,0,32162,115,49293
1967985,0,32162,115,49293
1968035,0,32162,115,49293
1968085,0,32162,116,49293
1968135,0,31498,116,49293
1968185,0,31498,116,49293
1968235,0,31498,116,49293
1968285,0,31498,116,49299
1968335,0,31498,116,49299
1968385,0,31498,116,49299
1968435,0,31498,116,49299
1968485,0,31498,116,49299
1968577,0,31498,116,49299
1968627,0,31498,116,49299
1968677,0,31498,116,49304
1968813,0,31498,116,49304
1968863,0,31498,116,49304
1968913,0,30881,114,49304
1968963,0,30881,114,49304
1969013,0,30881,114,49304
1969063,0,30881,114,49304
1969113,0,30881,114,49309
1969163,0,30881,114,49309
1969213,0,30881,114,49309
1969263,0,30881,114,49309
1969313,0,30263,115,49309
1969363,0,30263,115,49309
1969413,0,30263,115,49309
1969463,0,30263,115,49309
1969513,0,30263,115,49314
1969605,0,30263,115,49314
1969655,0,30263,115,49314
1969705,0,30263,115,49314
1969755,0,30263,115,49314
1969805,0,30263,115,49314
1969941,0,30263,115,49318
1969991,0,30263,115,49318
1970041,0,30263,115,49318
1970091,0,30263,115,49318
1970141,0,30263,115,49318
1970191,0,30263,115,49318
1970241,0,30263,115,49318
1970291,0,29692,115,49324
1970341,0,29692,115,49324
1970391,0,29692,115,49324
1970441,0,29692,115,49324
1970491,0,30263,116,49324
1970583,0,30263,116,49324
1970633,0,30263,116,49324
1970683,0,30263,116,49317
1970733,0,29692,116,49317
1970783,0,29692,116,49317
1970833,0,29692,116,49317
1970883,0,29692,197,49317
1970933,0,29692,197,49317
1971069,0,29692,197,49317
1971119,0,29692,197,49322
1971169,0,29692,197,49322
1971219,0,29692,197,49322
1971269,0,29692,197,49322
1971319,0,30263,192,49322
1971369,0,30263,192,49322
1971419,0,30263,192,49322
1971469,0,30263,192,49322
1971519,0,29692,192,49326
1971611,0,29692,192,49326
1971661,0,29692,192,49326
1971711,0,29692,201,49326
1971761,0,29692,201,49326
1971811,0,29692,201,49326
1971861,0,29692,201,49326
1971911,0,29692,201,49315
1971961,0,29692,201,49315
1972011,0,29692,201,49315
1972061,0,29692,201,49315
1972196,0,29692,343,49315
1972246,0,29692,343,49315
1972296,0,29120,343,49308
1972346,0,29120,343,49308
1972396,0,29120,343,49308
1972446,0,29120,343,49308
1972496,0,29120,371,49308
1972588,0,29120,371,49308
1972638,0,29120,371,49308
1972688,0,29120,371,49313
1972738,0,29120,371,49313
1972788,0,29120,371,49313
1972838,0,29120,371,49313
1972888,0,28071,371,49313
1972938,0,28071,371,49313
1972988,0,28071,371,49313
1973038,0,28071,371,49313
1973088,0,28071,371,49313
1973138,0,28071,371,49316
1973188,0,28071,371,49316
1973323,0,28580,365,49316
1973373,0,28580,365,49316
1973423,0,28580,365,49316
1973473,0,28580,365,49316
1973523,0,28071,365,49319
1973615,0,28071,365,49319
1973665,0,28071,365,49319
1973715,0,28071,362,49319
1973765,0,28071,362,49319
1973815,0,28071,362,49319
1973865,0,28071,362,49319
1973915,0,28071,362,49323
1973965,0,28071,362,49323
1974015,0,28071,362,49323
1974065,0,28071,362,49323
1974115,0,28071,1321,49323
1974165,0,28071,1321,49323
1974215,0,28071,1321,49323
1974265,0,28071,1321,49323
1974315,0,28071,1321,47298
1974451,0,28071,1321,47298
1974501,0,28071,1321,47298
1974551,0,28071,14682,47298
1974643,0,28071,14682,47298
1974693,0,28580,14682,47298
1974743,0,28580,14682,47255
1974793,0,28580,14682,47255
1974843,0,28580,14682,47255
1974893,0,28071,14682,47255
1974943,0,28071,14883,47255
1974993,0,28071,14883,47255
1975043,0,28071,14883,47255
1975093,0,28071,14883,47255
1975143,0,28071,14883,47187
1975193,0,28071,14883,47187
1975243,0,28071,14883,47187
1975293,0,28071,14883,47187
1975343,0,28071,15013,47187
1975393,0,28071,15013,47187
1975485,0,28071,15013,47187
1975620,0,28071,15013,47159
1975670,0,28071,15013,47159
1975720,0,28580,15146,47159
1975770,0,28580,15146,47159
1975820,0,28580,15146,47159
1975870,0,28580,15146,47159
1975920,0,28071,15146,47110
1975970,0,28071,15146,47110
1976020,0,28071,15146,47110
1976070,0,28071,15146,47110
1976120,0,28580,15289,47110
1976170,0,28580,15289,47110
1976220,0,28580,15289,47110
1976270,0,28580,15289,47110
1976320,0,29692,15289,47065
1976370,0,29692,15289,47065
1976462,0,29692,15289,47065
1976512,0,29120,15289,47065
1976562,0,29120,15448,47065
1976612,0,29120,15448,47065
1976748,0,29692,15448,47025
1976798,0,29692,15448,47025
1976848,0,29692,15448,47025
1976898,0,29692,15448,47025
1976948,0,29692,15635,47025
1976998,0,29692,15635,47025
1977048,0,29692,15635,47025
1977098,0,29692,15635,47025
1977148,0,29692,15635,46985
1977198,0,29692,15635,46985
1977248,0,29692,15635,46985
1977298,0,30263,15635,46985
1977390,0,30263,15821,46985
1977440,0,30263,15821,46985
1977490,0,30263,15821,46985
1977540,0,30263,15821,46935
1977590,0,30263,15821,46935
1977640,0,30263,15821,46935
1977690,0,30881,15821,46935
1977740,0,30881,16010,46935
1977876,0,30881,16010,46935
1977926,0,30881,16010,46891
1977976,0,30881,16010,46891
1978026,0,30881,16010,46891
1978076,0,30881,16010,46891
1978126,0,30881,16220,46891
1978176,0,30881,16220,46891
1978226,0,30881,16220,46891
1978276,0,30881,16220,46891
1978368,0,30881,16220,46846
1978418,0,30881,16220,46846
1978468,0,30881,16220,46846
1978518,0,31498,16220,46846
1978568,0,31498,16386,46846
1978618,0,31498,16386,46846
1978668,0,31498,16386,46846
1978718,0,32162,16386,46846
1978768,0,32162,16386,46810
1978818,0,32162,16386,46810
1978868,0,32162,16386,46810
1979004,0,32162,16580,46810
1979054,0,32162,16580,46810
1979104,0,32162,16580,46810
1979154,0,32162,16580,46761
1979204,0,32162,16580,46761
1979296,0,32162,16580,46761
1979346,0,32162,16764,46761
1979396,0,32162,16764,46761
1979446,0,32162,16764,46761
1979496,0,32842,16764,46761
1979546,0,32842,16764,46708
1979596,0,32842,16764,46708
1979646,0,32842,16764,46708
1979696,0,32842,16764,46708
1979746,0,32842,16987,46708
1979796,0,32842,16987,46708
1979846,0,32842,16987,46708
1979896,0,32842,16987,46708
1979946,0,32842,16987,46659
1979996,0,32842,16987,46659
1980132,0,32842,16987,46659
1980182,0,32842,17174,46659
1980274,0,32842,17174,46659
1980324,0,33552,17174,46659
1980374,0,33552,17174,46636
1980424,0,33552,17174,46636
1980474,0,33552,17174,46636
1980524,0,33552,17174,46636
1980574,0,33552,17333,46636
1980624,0,33552,17333,46636
1980674,0,33552,17333,46636
1980724,0,32842,17333,46636
1980774,0,32842,17333,46592
1980824,0,32842,17333,46592
1980874,0,32842,17333,46592
1980924,0,32842,17333,46592
1981060,0,32842,17470,46592
1981110,0,33552,17470,46592
1981202,0,33552,17470,46550
1981252,0,33552,17470,46550
1981302,0,32842,17470,46550
1981352,0,32842,17470,46550
1981402,0,32842,17668,46550
1981452,0,32842,17668,46550
1981502,0,34309,17668,46550
1981552,0,34309,17668,46550
1981602,0,34309,17668,46518
1981652,0,34309,17668,46518
1981702,0,34309,17668,46518
1981752,0,34309,17668,46518
1981802,0,34309,17815,46518
1981852,0,34309,17815,46518
1981902,0,34309,17815,46518
1981952,0,34309,17815,46518
1982002,0,34309,17815,46480
1982095,0,34309,17815,46480
1982231,0,34309,17988,46480
1982281,0,34309,17988,46480
1982331,0,34309,17988,46480
1982381,0,34309,17988,46444
1982431,0,34309,17988,46444
1982481,0,34309,17988,46444
1982531,0,35081,17988,46444
1982581,0,35081,18120,46444
1982631,0,35081,18120,46444
1982681,0,35081,18120,46444
1982731,0,35081,18120,46444
1982781,0,35081,18120,46413
1982831,0,35081,18120,46413
1982881,0,35081,18120,46413
1982931,0,35081,18120,46413
1983025,0,35081,18219,46413
1983075,0,35081,18219,46413
1983125,0,35081,18219,46413
1983175,0,35081,18219,46367
1983225,0,35081,18219,46367
1983360,0,35081,18219,46367
1983410,0,35081,18371,46367
1983460,0,35081,18371,46367
1983510,0,35899,18371,46367
1983560,0,35899,18371,46367
1983610,0,35899,18371,46320
1983660,0,35899,18371,46320
1983710,0,35899,18371,46320
1983760,0,35899,18371,46320
1983810,0,35899,18546,46320
1983860,0,35899,18546,46320
1983910,0,36748,18546,46320
1984044,0,36748,18546,46307
1984094,0,35899,18546,46307
1984144,0,35899,18546,46307
1984194,0,35899,18646,46307
1984244,0,35899,18646,46307
1984294,0,35899,18646,46307
1984344,0,35899,18646,46307
1984394,0,35899,18646,46275
1984699,0,35899,18774,46275
1984749,0,35899,18774,46275
1984799,0,35899,18774,46245
1984849,0,35899,18774,46245
1984899,0,36748,18774,46245
1984949,0,36748,18774,46245
1984999,0,36748,18894,46245
1985049,0,36748,18894,46245
1985141,0,36748,18894,46245
1985191,0,36748,18894,46217
1985241,0,36748,18894,46217
1985291,0,36748,18894,46217
1985341,0,36748,18894,46217
1985391,0,36748,18973,46217
1985441,0,36748,18973,46217
1985491,0,35899,18973,46217
1985541,0,35899,18973,46217
1985591,0,35899,18973,46164
1985641,0,35899,18973,46164
1985691,0,36748,18973,46164
1985868,0,36748,19136,46164
1985918,0,37659,19136,46164
1985968,0,37659,19136,46164
1986018,0,37659,19136,46146
1986068,0,37659,19136,46146
1986160,0,36748,19136,46146
1986210,0,36748,19261,46146
1986260,0,36748,19261,46146
1986310,0,36748,19261,46146
1986360,0,36748,19261,46146
1986410,0,36748,19261,46135
1986460,0,36748,19261,46135
1986510,0,36748,19261,46135
1986560,0,36748,19261,46135
1986610,0,36748,19331,46135
1986660,0,36748,19331,46135
1986710,0,36748,19331,46135
1986760,0,36748,19331,46135
1986810,0,36748,19331,46102
1986860,0,36748,19331,46102
1986996,0,37659,16223,46102
1987088,0,37659,16223,46102
1987138,0,37659,16223,46102
1987188,0,37659,16223,46102
1987238,0,37659,16223,47964
1987288,0,36748,16223,47964
1987338,0,36748,16223,47964
1987388,0,36748,16223,47964
1987438,0,36748,6145,47964
1987488,0,36748,6145,47964
1987538,0,36748,6145,47964
1987588,0,36748,6145,47964
1987638,0,36748,6145,47974
1987688,0,37659,6145,47974
1987738,0,37659,6145,47974
1987788,0,37659,6145,47974
1987838,0,37659,6213,47974
1987888,0,37659,6213,47974
1987980,0,37659,6213,47974
1988030,0,37659,6213,47964
1988286,0,37659,6391,47964
1988336,0,36748,6391,47964
1988386,0,36748,6391,47964
1988436,0,36748,6391,48022
1988486,0,36748,6391,48022
1988536,0,36748,6391,48022
1988586,0,36748,6391,48022
1988636,0,36748,5782,48022
1988686,0,36748,5782,48022
1988736,0,36748,5782,48022
1988786,0,36748,5782,48022
1988836,0,36748,5782,48883
1988886,0,36748,5782,48883
1988936,0,35899,5782,48883
1988986,0,35899,5782,48883
1989078,0,35899,154,48883
1989128,0,36748,154,48883
1989178,0,36748,154,48883
1989228,0,36748,154,48916
1989278,0,36748,154,48916
1989414,0,36748,121,48916
1989464,0,36748,121,48916
1989514,0,35899,121,48916
1989564,0,35899,121,48916
1989614,0,35899,121,48942
1989664,0,35899,121,48942
1989714,0,35081,121,48942
1989764,0,35081,121,48942
1989814,0,35081,119,48942
1989864,0,35081,119,48942
1989914,0,35899,119,48942
1989964,0,35899,119,48942
1990014,0,35899,119,48961
1990106,0,35081,119,48961
1990156,0,35081,119,48961
1990206,0,35081,119,48961
1990256,0,35081,118,48961
1990306,0,35081,118,48961
1990356,0,35081,118,48961
1990406,0,35081,118,48961
1990542,0,36748,118,48979
1990592,0,36748,118,48979
1990642,0,36748,118,48979
1990692,0,35081,118,48979
1990742,0,35081,118,48979
1990792,0,35081,118,48979
1990842,0,35081,118,48995
1990892,0,35081,118,48995
1990942,0,35081,118,48995
1990992,0,35081,118,48995
1991084,0,35081,117,48995
1991134,0,34309,117,48995
1991184,0,34309,117,48995
1991234,0,34309,117,49010
1991284,0,34309,117,49010
1991334,0,34309,117,49010
1991384,0,34309,117,49010
1991434,0,34309,118,49010
1991484,0,34309,118,49010
1991534,0,34309,118,49010
1991669,0,34309,118,49023
1991719,0,34309,118,49023
1991769,0,34309,118,49023
1991819,0,34309,117,49023
1991869,0,34309,117,49023
1991919,0,35081,117,49023
1991969,0,35081,117,49023
1992019,0,35081,117,49036
1992111,0,35081,117,49036
1992161,0,35081,117,49036
1992211,0,35081,117,49036
1992261,0,35081,116,49036
1992311,0,35081,116,49036
1992361,0,35081,116,49036
1992411,0,35081,116,49036
1992461,0,35081,116,49046
1992511,0,35081,116,49046
1992561,0,35081,116,49046
1992611,0,35081,116,49046
1992661,0,35081,117,49046
1992797,0,34309,117,49046
1992847,0,34309,117,49058
1992897,0,33552,117,49058
1992947,0,33552,117,49058
1992997,0,33552,117,49058
1993047,0,33552,117,49058
1993139,0,33552,117,49058
1993189,0,33552,117,49058
1993239,0,33552,117,49069
1993289,0,33552,117,49069
1993339,0,33552,117,49069
1993389,0,33552,117,49069
1993439,0,33552,116,49069
1993489,0,32842,116,49069
1993539,0,32842,116,49069
1993589,0,32842,116,49069
1993639,0,32842,116,49079
1993689,0,34309,116,49079
1993739,0,34309,116,49079
1993789,0,34309,116,49079
1993925,0,34309,115,49079
1993975,0,34309,115,49079
1994025,0,34309,115,49079
1994117,0,33552,115,49088
1994167,0,33552,115,49088
1994217,0,33552,115,49088
1994267,0,33552,116,49088
1994317,0,34309,116,49088
1994367,0,34309,116,49088
1994417,0,34309,116,49088
1994467,0,34309,116,49098
1994517,0,33552,116,49098
1994567,0,33552,116,49098
1994617,0,33552,116,49098
1994667,0,33552,116,49098
1994717,0,33552,116,49098
1994767,0,33552,116,49098
1994817,0,33552,116,49098
1994867,0,33552,116,49106
1994917,0,33552,116,49106
1995052,0,33552,116,49106
1995144,0,32842,116,49106
1995194,0,32842,116,49106
1995244,0,32842,116,49106
1995294,0,32842,116,49115
1995344,0,32842,116,49115
1995394,0,32842,116,49115
1995444,0,32842,116,49115
1995494,0,32162,116,49115
1995544,0,32162,116,49115
1995594,0,32162,116,49115
1995644,0,32162,116,49115
1995694,0,32162,116,49124
1995744,0,32162,116,49124
1995794,0,32162,116,49124
1995844,0,32162,116,49124
1995979,0,32162,115,49124
1996029,0,32162,115,49124
1996079,0,32162,115,49131
1996171,0,32162,115,49131
1996221,0,32162,115,49131
1996271,0,32162,116,49131
1996321,0,32162,116,49131
1996371,0,32162,116,49131
1996421,0,32162,116,49131
1996471,0,32162,116,49138
1996521,0,32162,116,49138
1996571,0,32162,116,49138
1996621,0,32162,116,49138
1996671,0,32162,116,49138
1996721,0,32143,116,49138
1996771,0,32123,116,49138
1996821,0,32104,116,49138
1996871,0,32084,116,49146
1996921,0,32065,116,49146
1996971,0,32045,116,49146
1997106,0,31992,116,49146
1997198,0,31957,116,49146
1997248,0,31937,116,49146
1997298,0,31918,116,49154
1997348,0,31898,116,49154
1997398,0,31879,116,49154
1997448,0,31859,116,49154
1997498,0,31840,115,49154
1997548,0,31820,115,49154
1997598,0,31801,115,49154
1997648,0,31781,115,49154
1997698,0,31762,115,49160
1997748,0,31742,115,49160
1997798,0,31723,115,49160
1997848,0,31703,115,49160
1997898,0,31684,115,49160
1997948,0,31664,115,49160
1997998,0,31645,115,49160
1998048,0,31625,115,49160
1998098,0,31606,115,49167
1998233,0,31553,115,49167
1998283,0,31534,115,49167
1998375,0,31498,115,49167
1998425,0,31498,115,49167
1998475,0,31498,115,49173
1998525,0,31498,115,49173
1998575,0,31498,115,49173
1998625,0,31498,115,49173
1998675,0,31498,116,49173
1998725,0,31498,116,49173
1998775,0,31498,116,49173
1998825,0,31498,116,49173
1998875,0,31498,116,49180
1998925,0,31498,116,49180
1998975,0,31498,116,49180
1999025,0,31498,116,49180
1999075,0,31498,116,49180
1999125,0,31498,116,49180
1999175,0,31498,116,49180
1999225,0,31498,116,49180
1999403,0,31498,116,49186
1999453,0,31498,116,49186
1999503,0,30881,116,49186
1999553,0,30881,116,49186
1999603,0,30881,116,49186
1999653,0,30881,116,49186
1999703,0,30881,116,49192
1999753,0,30881,116,49192
1999803,0,30881,116,49192
1999853,0,30881,116,49192
1999903,0,30881,115,49192
1999953,0,30881,115,49192
2000003,0,30881,115,49192
2000053,0,30881,115,49192
2000103,0,30881,115,49198
2000153,0,30881,115,49198
2000203,0,30881,115,49198
2000295,0,30263,115,49198
2000345,0,30263,115,49198
2000395,0,30263,115,49198
2000531,0,30881,115,49204
2000581,0,30881,115,49204
2000631,0,30881,115,49204
2000681,0,30881,115,49204
2000731,0,30263,115,49204
2000781,0,30263,115,49204
2000831,0,30263,115,49204
2000881,0,30263,115,49204
2000931,0,29692,115,49209
2000981,0,29692,115,49209
2001031,0,29692,115,49209
2001081,0,29692,115,49209
2001131,0,29120,116,49209
2001181,0,29120,116,49209
2001231,0,29120,116,49209
2001323,0,29692,116,49215
2001373,0,29692,116,49215
2001423,0,29692,116,49215
2001473,0,29692,116,49215
2001523,0,29692,115,49215
2001658,0,29692,115,49215
2001708,0,29120,115,49220
2001758,0,29120,115,49220
2001808,0,29120,115,49220
2001858,0,29120,115,49220
2001908,0,29692,115,49220
2001958,0,29692,115,49220
2002008,0,29692,115,49220
2002058,0,29692,115,49220
2002108,0,29692,115,49225
2002158,0,29692,115,49225
2002208,0,29692,115,49225
2002258,0,29692,115,49225
2002350,0,29692,116,49225
2002400,0,29692,116,49225
2002450,0,29692,116,49225
2002500,0,29120,116,49230
2002550,0,29120,116,49230
2002600,0,29120,116,49230
2002650,0,29120,116,49230
2002785,0,29120,115,49230
2002835,0,29120,115,49230
2002885,0,29120,115,49230
2002935,0,29120,115,49221
2002985,0,29120,115,49221
2003035,0,29120,115,49221
2003085,0,29120,115,49221
2003135,0,29692,213,49221
2003185,0,29692,213,49221
2003235,0,29692,213,49221
2003327,0,30263,213,49228
2003377,0,30263,213,49228
2003427,0,30263,213,49228
2003477,0,30263,213,49228
2003527,0,29692,193,49228
2003577,0,29692,193,49228
2003627,0,29692,193,49228
2003677,0,29692,193,49228
2003727,0,29692,193,49233
2003777,0,29692,193,49233
2003912,0,29692,192,49233
2003962,0,29692,192,49233
2004012,0,29692,192,49233
2004062,0,29692,192,49233
2004112,0,29692,192,49222
2004162,0,29692,192,49222
2004212,0,29692,192,49222
2004262,0,29692,192,49222
2004354,0,30263,292,49222
2004404,0,30263,292,49222
2004454,0,30263,292,49222
2004504,0,30263,292,49215
2004554,0,30263,292,49215
2004604,0,30263,292,49215
2004654,0,30263,292,49215
2004704,0,29692,379,49215
2004754,0,29692,379,49215
2004804,0,29692,379,49215
2004854,0,29692,379,49215
2004904,0,29120,379,49215
2005039,0,29120,379,49219
2005089,0,29120,379,49219
2005139,0,29120,371,49219
2005189,0,29120,371,49219
2005239,0,29120,371,49219
2005331,0,28580,371,49224
2005381,0,28580,371,49224
2005431,0,28580,371,49224
2005481,0,28580,371,49224
2005531,0,28580,364,49224
2005581,0,28580,364,49224
2005631,0,28580,364,49224
2005681,0,28580,364,49224
2005731,0,28071,364,49227
2005781,0,28071,364,49227
2005831,0,28071,364,49227
2005881,0,28071,364,49227
2005931,0,28071,364,49227
2005981,0,28071,364,49227
2006031,0,28071,364,49227
2006168,0,28071,364,49231
2006218,0,28071,364,49231
2006268,0,28071,364,49231
2006360,0,28071,366,49231
2006410,0,28071,366,49231
2006460,0,28071,366,49231
2006510,0,28580,366,49231
2006560,0,28580,366,47527
2006610,0,28580,366,47527
2006660,0,28580,366,47527
2006710,0,28071,366,47527
2006760,0,28071,14563,47527
2006810,0,28071,14563,47527
2006860,0,28071,14563,47527
2006910,0,29120,14563,47527
2006960,0,29120,14563,47155
2007010,0,29120,14563,47155
2007060,0,29120,14563,47155
2007110,0,29120,14563,47155
2007160,0,29120,15072,47155
2007338,0,29120,15072,47107
2007388,0,29120,15072,47107
2007438,0,29120,15072,47107
2007488,0,29120,15072,47107
2007538,0,29120,15200,47107
2007588,0,29120,15200,47107
2007638,0,29120,15200,47107
2007688,0,28580,15200,47107
2007738,0,28580,15200,47054
2007788,0,28580,15200,47054
2007838,0,28580,15200,47054
2007888,0,28580,15200,47054
2007938,0,28580,15301,47054
2007988,0,28580,15301,47054
2008038,0,28580,15301,47054
2008088,0,28580,15301,47054
2008138,0,28580,15301,47008
2008230,0,28580,15301,47008
2008280,0,28580,15301,47008
2008330,0,28580,15301,47008
2008466,0,28580,15420,47008
2008516,0,29120,15420,47008
2008566,0,29120,15420,46979
2008616,0,29120,15420,46979
2008666,0,29120,15420,46979
2008716,0,29120,15420,46979
2008766,0,29120,15484,46979
2008816,0,29120,15484,46979
2008866,0,29120,15484,46979
2008916,0,29120,15484,46979
2008966,0,29120,15484,46937
2009016,0,29120,15484,46937
2009066,0,29120,15484,46937
2009158,0,29692,15547,46937
2009208,0,29692,15547,46937
2009258,0,29692,15547,46937
2009308,0,29692,15547,46937
2009358,0,29692,15547,46911
2009408,0,29692,15547,46911
2009458,0,29692,15547,46911
2009594,0,29692,15696,46911
2009644,0,29692,15696,46911
2009694,0,29692,15696,46911
2009744,0,29692,15696,46869
2009794,0,29692,15696,46869
2009844,0,29692,15696,46869
2009894,0,30263,15696,46869
2009944,0,30263,15832,46869
2009994,0,30263,15832,46869
2010044,0,30263,15832,46869
2010136,0,30263,15832,46869
2010186,0,30263,15832,46836
2010236,0,30263,15832,46836
2010286,0,30263,15832,46836
2010336,0,30881,15832,46836
2010386,0,30881,15969,46836
2010522,0,30881,15969,46836
2010572,0,30881,15969,46790
2010622,0,30881,15969,46790
2010672,0,30881,15969,46790
2010722,0,30881,15969,46790
2010772,0,30881,17196,46790
2010822,0,30881,17196,46790
2010872,0,30881,17196,46790
2010922,0,30881,17196,46790
2010972,0,30881,17196,46757
2011064,0,30881,17196,46757
2011114,0,31498,17196,46757
2011164,0,31498,17447,46757
2011214,0,31498,17447,46757
2011264,0,31498,17447,46757
2011314,0,31498,17447,46757
2011364,0,31498,17447,46718
2011414,0,31498,17447,46718
2011464,0,31498,17447,46718
2011514,0,31498,17447,46718
2011649,0,31498,17650,46718
2011699,0,32162,17650,46718
2011749,0,32162,17650,46718
2011799,0,32162,17650,46663
2011849,0,32162,17650,46663
2011899,0,32162,17650,46663
2011949,0,32162,17650,46663
2012041,0,32162,17909,46663
2012091,0,32162,17909,46663
2012141,0,32162,17909,46663
2012191,0,32162,17909,46606
2012241,0,32162,17909,46606
2012291,0,32842,17909,46606
2012341,0,32842,17909,46606
2012391,0,32842,18104,46606
2012441,0,32842,18104,46606
2012491,0,32162,18104,46606
2012541,0,32162,18104,46606
2012591,0,32162,18104,46559
2012641,0,32162,18104,46559
2012776,0,32162,18300,46559
2012826,0,32162,18300,46559
2012876,0,32162,18300,46559
2012968,0,32842,18300,46531
2013018,0,32842,18300,46531
2013068,0,32842,18300,46531
2013118,0,32842,18300,46531
2013168,0,32842,17400,46531
2013218,0,32842,17400,46531
2013268,0,32842,17400,46531
2013318,0,32842,17400,46531
2013368,0,32842,17400,46531
2013418,0,32842,17400,46489
2013468,0,32842,17400,46489
2013518,0,32842,17400,46489
2013568,0,32842,17400,46489
2013618,0,32842,17462,46489
2013668,0,32842,17462,46489
2013718,0,32842,17462,46489
2013768,0,32842,17462,46489
2013946,0,32842,17462,46458
2013996,0,32842,17620,46458
2014046,0,32842,17620,46458
2014096,0,34309,17620,46458
2014146,0,34309,17620,46458
2014196,0,34309,17620,46430
2014246,0,34309,17620,46430
2014296,0,34309,17620,46430
2014346,0,34309,17620,46430
2014396,0,34309,17759,46430
2014446,0,34309,17759,46430
2014496,0,34309,17759,46430
2014546,0,34309,17759,46430
2014596,0,34309,17759,46387
2014646,0,34309,17759,46387
2014696,0,35081,17759,46387
2014788,0,35081,17897,46387
2014838,0,35081,17897,46387
2014888,0,34309,17897,46387
2014938,0,34309,17897,46387
2015073,0,34309,17897,46348
2015123,0,34309,17897,46348
2015173,0,34309,17897,46348
2015223,0,34309,18042,46348
2015273,0,34309,18042,46348
2015323,0,35081,18042,46348
2015373,0,35081,18042,46348
2015423,0,35081,18042,46316
2015473,0,35081,18042,46316
2015523,0,34309,18042,46316
2015573,0,34309,18042,46316
2015623,0,34309,18116,46316
2015673,0,34309,18116,46316
2015807,0,35899,18116,46303
2015857,0,35899,18116,46303
2015907,0,35899,18116,46303
2015957,0,35899,18116,46303
2016007,0,35899,18166,46303
2016057,0,35899,18166,46303
2016107,0,35899,18166,46303
2016412,0,35899,18269,46268
2016462,0,35899,18269,46268
2016512,0,35081,18269,46268
2016562,0,35081,18269,46268
2016612,0,35081,18269,46251
2016662,0,35081,18269,46251
2016712,0,35081,18269,46251
2016762,0,35081,18269,46251
2016812,0,35081,18356,46251
2016904,0,35081,18356,46251
2016954,0,35081,18356,46251
2017004,0,35081,18356,48768
2017054,0,35081,18356,48768
2017104,0,35081,18356,48768
2017154,0,35081,18356,48768
2017204,0,35081,370,48768
2017254,0,35081,370,48768
2017304,0,35899,370,48768
2017354,0,35899,370,48768
2017404,0,35899,370,48834
2017581,0,35899,370,48834
2017631,0,35899,127,48834
2017681,0,35899,127,48834
2017731,0,35081,127,48834
2017781,0,35081,127,48834
2017831,0,35081,127,48872
2017881,0,35081,127,48872
2017973,0,35081,127,48872
2018023,0,35081,121,48872
2018073,0,35081,121,48872
2018123,0,34309,121,48872
2018173,0,34309,121,48872
2018223,0,34309,121,48899
2018273,0,34309,121,48899
2018323,0,34309,121,48899
2018373,0,34309,121,48899
2018423,0,34309,120,48899
2018473,0,34309,120,48899
2018523,0,34309,120,48899
2018573,0,34309,120,48899
2018708,0,34309,120,48921
2018758,0,34309,120,48921
2018808,0,34309,119,48921
2018858,0,34309,119,48921
2018950,0,34309,119,48921
2019000,0,34309,119,48941
2019050,0,34309,119,48941
2019100,0,34309,119,48941
2019150,0,34309,119,48941
2019200,0,34309,118,48941
2019250,0,34309,118,48941
2019300,0,34254,118,48941
2019350,0,34198,118,48941
2019400,0,34143,118,48956
2019450,0,34088,118,48956
2019500,0,34033,118,48956
2019550,0,33977,118,48956
2019600,0,33922,117,48956
2019650,0,33867,117,48956
2019700,0,33812,117,48956
2019835,0,33663,117,48971
2019885,0,33607,117,48971
2019935,0,33552,117,48971
2020027,0,33552,116,48971
2020077,0,33552,116,48971
2020127,0,32842,116,48971
2020177,0,32842,116,48971
2020227,0,32842,116,48985
2020277,0,32842,116,48985
2020327,0,32162,116,48985
2020377,0,32162,116,48985
2020427,0,32162,117,48985
2020477,0,32162,117,48985
2020527,0,32162,117,48985
2020577,0,32162,117,48985
2020627,0,32162,117,48997
2020677,0,32162,117,48997
2020727,0,32162,117,48997
2020777,0,32162,117,48997
2020827,0,32162,116,48997
2020962,0,31498,116,48997
2021054,0,31498,116,49009
2021104,0,32162,116,49009
2021154,0,32162,116,49009
2021204,0,32162,116,49009
2021254,0,32162,116,49009
2021304,0,32162,116,49009
2021354,0,32162,116,49009
2021404,0,32162,116,49009
2021454,0,32162,116,49019
2021504,0,32162,116,49019
2021554,0,32162,116,49019
2021604,0,32162,116,49019
2021654,0,32162,116,49019
2021704,0,31498,116,49019
2021754,0,31498,116,49019
2021804,0,31498,116,49019
2021854,0,31498,116,49029
2021904,0,31498,116,49029
2021996,0,31498,116,49029
2022131,0,31498,116,49029
2022181,0,31498,116,49029
2022231,0,31498,116,49039
2022281,0,31498,116,49039
2022331,0,31498,116,49039
2022381,0,31498,116,49039
2022431,0,31498,116,49039
2022481,0,31498,116,49039
2022531,0,30881,116,49039
2022581,0,30881,116,49039
2022631,0,30881,116,49048
2022681,0,30881,116,49048
2022731,0,30881,116,49048
2022781,0,30881,116,49048
2022831,0,30881,116,49048
2022881,0,30881,116,49048
2022973,0,30263,116,49048
2023023,0,30263,116,49048
2023073,0,30263,116,49057
2023123,0,30263,116,49057
2023260,0,30263,117,49057
2023310,0,29692,117,49057
2023360,0,29692,117,49057
2023410,0,29692,117,49057
2023460,0,29692,117,49065
2023510,0,30263,117,49065
2023560,0,30263,117,49065
2023610,0,30263,117,49065
2023660,0,30263,115,49065
2023710,0,29692,115,49065
2023760,0,29692,115,49065
2023810,0,29692,115,49065
2023860,0,29692,115,49073
2023910,0,29692,115,49073
2024002,0,29692,115,49073
2024052,0,29692,235,49073
2024102,0,29120,235,49073
2024152,0,29120,235,49073
2024202,0,29120,235,49073
2024252,0,29120,235,49070
2024388,0,29692,235,49070
2024438,0,29692,196,49070
2024488,0,29692,196,49070
2024538,0,29692,196,49070
2024588,0,29692,196,49070
2024638,0,29692,196,49077
2024688,0,29692,196,49077
2024738,0,29692,196,49077
2024788,0,29692,196,49077
2024838,0,29692,193,49077
2024888,0,29692,193,49077
2024938,0,29692,193,49077
2025030,0,29692,193,49077
2025080,0,29692,193,49085
2025130,0,29120,193,49085
2025180,0,29120,193,49085
2025316,0,29692,234,49085
2025366,0,29692,234,49085
2025416,0,29692,234,49085
2025466,0,29692,234,49077
2025516,0,29120,234,49077
2025566,0,29120,234,49077
2025616,0,29120,234,49077
2025666,0,29120,354,49077
2025716,0,29692,354,49077
2025766,0,29692,354,49077
2025816,0,29692,354,49077
2025866,0,29692,354,49070
2025916,0,29120,354,49070
2026008,0,29120,354,49070
2026058,0,29120,373,49070
2026108,0,29120,373,49070
2026158,0,29120,373,49070
2026208,0,29120,373,49070
2026258,0,29120,373,49078
2026308,0,29120,373,49078
2026443,0,29120,373,49078
2026493,0,29692,371,49078
2026543,0,29692,371,49078
2026593,0,29692,371,49078
2026643,0,29692,371,49078
2026693,0,29692,371,49085
2026743,0,29692,371,49085
2026793,0,29692,371,49085
2026843,0,29692,371,49085
2026893,0,29120,365,49085
2026943,0,29120,365,49085
2027035,0,29120,365,49085
2027085,0,29120,365,49093
2027135,0,29120,365,49093
2027185,0,29120,365,49093
2027235,0,29120,365,49093
2027285,0,29120,364,49093
2027335,0,29120,364,49093
2027385,0,29120,364,49093
2027435,0,29120,364,49093
2027571,0,29120,364,49096
2027621,0,29120,364,49096
2027671,0,29120,2291,49096
2027721,0,28071,2291,49096
2027771,0,28071,2291,49096
2027821,0,28071,2291,49096
2027871,0,28071,2291,46984
2027921,0,28580,2291,46984
2028013,0,28580,2291,46984
2028063,0,28580,2291,46984
2028113,0,29120,15451,46984
2028163,0,29120,15451,46984
2028213,0,29120,15451,46984
2028263,0,29120,15451,46984
2028313,0,29120,15451,46918
2028363,0,29120,15451,46918
2028413,0,29120,15451,46918
2028463,0,29120,15451,46918
2028513,0,29120,15814,46918
2028563,0,29120,15814,46918
2028698,0,29692,15814,46849
2028748,0,29692,15814,46849
2028798,0,29692,15814,46849
2028848,0,29692,15814,46849
2028898,0,29692,16932,46849
2028990,0,29692,16932,46849
2029040,0,29692,16932,46849
2029090,0,30263,16932,46803
2029140,0,30263,16932,46803
2029190,0,30263,16932,46803
2029240,0,30263,16932,46803
2029290,0,30263,17275,46803
2029340,0,30263,17275,46803
2029390,0,30263,17275,46803
2029440,0,30263,17275,46803
2029490,0,30263,17275,46750
2029540,0,30263,17275,46750
2029590,0,30263,17275,46750
2029640,0,30263,17275,46750
2029690,0,30263,17488,46750
2029826,0,30263,17488,46750
2029876,0,30263,17488,46704
2029968,0,30263,17488,46704
2030018,0,30263,17488,46704
2030068,0,30263,17488,46704
2030118,0,30881,17508,46704
2030168,0,30881,17508,46704
2030218,0,30881,17508,46704
2030268,0,30881,17508,46704
2030318,0,30881,17508,46657
2030368,0,30881,17508,46657
2030418,0,30881,17508,46657
2030468,0,30881,17508,46657
2030518,0,30881,17710,46657
2030568,0,30881,17710,46657
2030618,0,30881,17710,46657
2030668,0,30881,17710,46657
2030718,0,31498,17710,46603
2030810,0,31498,17710,46603
2030860,0,31498,17710,46603
2030995,0,31498,17892,46603
2031045,0,31498,17892,46603
2031095,0,30881,17892,46574
2031145,0,30881,17892,46574
2031195,0,30881,17892,46574
2031245,0,30881,17892,46574
2031295,0,31498,17303,46574
2031345,0,31498,17303,46574
2031395,0,31498,17303,46574
2031445,0,31498,17303,46574
2031495,0,32162,17303,46530
2031545,0,32162,17303,46530
2031595,0,32162,17303,46530
2031645,0,32162,17303,46530
2031695,0,32162,17066,46530
2031787,0,32162,17066,46530
2031837,0,32162,17066,46530
2031887,0,31498,17066,46497
2031937,0,31498,17066,46497
2031987,0,31498,17066,46497
2032151,0,32162,17230,46497
2032201,0,32162,17230,46497
2032251,0,32162,17230,46497
2032301,0,32842,17230,46463
2032351,0,32842,17230,46463
2032401,0,32842,17230,46463
2032451,0,32842,17230,46463
2032501,0,32842,17400,46463
2032551,0,32842,17400,46463
2032601,0,32842,17400,46463
2032651,0,32842,17400,46463
2032743,0,32842,17400,46427
2032793,0,32842,17400,46427
2032843,0,32842,17400,46427
2032893,0,33552,17559,46427
2032943,0,33552,17559,46427
2032993,0,33552,17559,46427
2033043,0,33552,17559,46427
2033093,0,33552,17559,46427
2033143,0,33552,17559,46381
2033279,0,33552,17559,46381
2033329,0,34309,17719,46381
2033379,0,34309,17719,46381
2033429,0,34309,17719,46381
2033479,0,34309,17719,46381
2033529,0,33552,17719,46348
2033579,0,33552,17719,46348
2033629,0,33552,17719,46348
2033721,0,34309,17843,46348
2033771,0,34309,17843,46348
2033821,0,34309,17843,46348
2033871,0,34309,17843,46348
2033921,0,34309,17843,48782
2033971,0,34309,17843,48782
2034021,0,34309,17843,48782
2034071,0,34309,17843,48782
2034121,0,33552,401,48782
2034171,0,33552,401,48782
2034221,0,33552,401,48782
2034271,0,33552,401,48782
2034407,0,32842,401,48844
2034457,0,32842,401,48844
2034507,0,32842,401,48844
2034557,0,32842,128,48844
2034607,0,32842,128,48844
2034699,0,32842,128,48844
2034749,0,32842,128,48879
2034799,0,32842,128,48879
2034849,0,32842,128,48879
2034899,0,32842,128,48879
2034949,0,32842,121,48879
2034999,0,32842,121,48879
2035049,0,32842,121,48879
2035099,0,32162,121,48879
2035149,0,32162,121,48905
2035199,0,32162,121,48905
2035249,0,32162,121,48905
2035299,0,32842,121,48905
2035349,0,32842,118,48905
2035399,0,32842,118,48905
2035534,0,32842,118,48925
2035584,0,32842,118,48925
2035676,0,32842,118,48925
2035726,0,33552,117,48925
2035776,0,33552,117,48925
2035826,0,33552,117,48925
2035876,0,33552,117,48925
2035926,0,33552,117,48941
2035976,0,33552,117,48941
2036026,0,33552,117,48941
2036076,0,33552,117,48941
2036126,0,33552,117,48941
2036176,0,33552,117,48941
2036226,0,33552,117,48941
2036276,0,33552,117,48941
2036326,0,32842,117,48957
2036376,0,32842,117,48957
2036426,0,32842,117,48957
2036476,0,32842,117,48957
2036526,0,32842,117,48957
2036704,0,32162,117,48957
2036754,0,32162,117,48970
2036804,0,32162,117,48970
2036854,0,32162,117,48970
2036904,0,32842,117,48970
2036954,0,32842,117,48970
2037004,0,32842,117,48970
2037054,0,32842,117,48970
2037104,0,32162,117,48970
2037154,0,32162,117,48981
2037204,0,32162,117,48981
2037254,0,32162,117,48981
2037304,0,32162,117,48981
2037354,0,32162,117,48981
2037404,0,32162,117,48981
2037454,0,32162,117,48981
2037504,0,32162,117,48981
2037554,0,32162,117,48993
2037646,0,32162,117,48993
2037696,0,31498,117,48993
2037831,0,31498,115,48993
2037881,0,31498,115,48993
2037931,0,30881,115,49003
2037981,0,30881,115,49003
2038031,0,30881,115,49003
2038081,0,30881,115,49003
2038131,0,31498,116,49003
2038181,0,31498,116,49003
2038231,0,31498,116,49003
2038281,0,31498,116,49003
2038331,0,31498,116,49013
2038381,0,31498,116,49013
2038431,0,31498,116,49013
2038481,0,31498,116,49013
2038531,0,31498,116,49013
2038623,0,31498,116,49013
2038673,0,31498,116,49013
2038723,0,31498,116,49013
2038773,0,31498,116,49022
2038823,0,31498,116,49022
2038958,0,31498,116,49022
2039008,0,31498,116,49022
2039058,0,31498,116,49022
2039108,0,30881,116,49022
2039158,0,30881,116,49031
2039208,0,30881,116,49031
2039258,0,30881,116,49031
2039308,0,30881,116,49031
2039358,0,30881,115,49031
2039408,0,30881,115,49031
2039458,0,30881,115,49031
2039508,0,31498,115,49031
2039558,0,31498,115,49039
2039650,0,31498,115,49039
2039700,0,30881,115,49039
2039750,0,30881,115,49039
2039885,0,30881,115,49039
2039935,0,30881,115,49039
2039985,0,30881,115,49047
2040035,0,30881,115,49047
2040085,0,30881,115,49047
2040135,0,30881,115,49047
2040185,0,30881,116,49047
2040235,0,30881,116,49047
2040285,0,30881,116,49047
2040335,0,30881,116,49047
2040385,0,30881,116,49055
2040435,0,30881,116,49055
2040485,0,30881,116,49055
2040535,0,30881,116,49055
2040585,0,30881,116,49055
2040677,0,30881,116,49055
2040727,0,30881,116,49055
2040777,0,30881,116,49062
2040827,0,30881,116,49062
2040877,0,30881,116,49062
2041012,0,30526,116,49062
2041062,0,30394,116,49062
2041112,0,30263,116,49062
2041162,0,30263,116,49069
2041212,0,30263,116,49069
2041262,0,30263,116,49069
2041312,0,30881,116,49069
2041362,0,30881,115,49069
2041412,0,30881,115,49069
2041462,0,30881,115,49069
2041512,0,30881,115,49069
2041562,0,30881,115,49076
2041612,0,30881,115,49076
2041704,0,30263,115,49076
2041754,0,30263,115,49076
2041804,0,30263,115,49076
2041854,0,30263,115,49076
2041904,0,30263,115,49076
2041954,0,30263,115,49076
2042004,0,30263,115,49082
2042140,0,30263,115,49082
2042190,0,30263,115,49082
2042240,0,30263,115,49082
2042290,0,29692,115,49082
2042340,0,29692,115,49082
2042390,0,29692,115,49088
2042440,0,29692,115,49088
2042490,0,29692,115,49088
2042540,0,29692,115,49088
2042590,0,29692,115,49088
2042682,0,29692,115,49088
2042732,0,30881,115,49088
2042782,0,30881,115,49094
2042832,0,30881,115,49094
2042882,0,30881,115,49094
2042932,0,30263,115,49094
2042982,0,30263,114,49094
2043032,0,30263,114,49094
2043082,0,30263,114,49094
2043132,0,30881,114,49094
2043267,0,30881,114,49100
2043317,0,30263,114,49100
2043367,0,30263,115,49100
2043417,0,30263,115,49100
2043467,0,30263,115,49100
2043517,0,30263,115,49100
2043567,0,30263,115,49105
2043617,0,30263,115,49105
2043709,0,30263,115,49105
2043759,0,30263,115,49105
2043809,0,30263,115,49105
2043859,0,30263,115,49105
2043909,0,30263,115,49105
2043959,0,30263,115,49105
2044009,0,30263,115,49112
2044059,0,30263,115,49112
2044109,0,30263,115,49112
2044159,0,30263,115,49112
2044209,0,30263,116,49112
2044259,0,30263,116,49112
2044394,0,29692,116,49117
2044444,0,29692,116,49117
2044494,0,29120,116,49117
2044544,0,29120,116,49117
2044594,0,29120,115,49117
2044686,0,29120,115,49117
2044736,0,29692,115,49117
2044786,0,29692,115,49122
2044836,0,29692,115,49122
2044886,0,29692,115,49122
2044936,0,29120,115,49122
2044986,0,29120,115,49122
2045036,0,29120,115,49122
2045086,0,29120,115,49122
2045136,0,28580,115,49122
2045186,0,28580,115,49128
2045236,0,28580,115,49128
2045286,0,28580,115,49128
2045336,0,28580,115,49128
2045386,0,28580,114,49128
2045521,0,28580,114,49128
2045571,0,28580,114,49128
2045621,0,28580,114,49133
2045713,0,28580,114,49133
2045763,0,28580,114,49133
2045813,0,28580,115,49133
2045863,0,28580,115,49133
2045913,0,28580,115,49133
2045963,0,28580,115,49133
2046013,0,28580,115,49138
2046063,0,28580,115,49138
2046113,0,28580,115,49138
2046163,0,28580,115,49138
2046213,0,28580,185,49138
2046263,0,28580,185,49138
2046313,0,28623,185,49138
2046363,0,28666,185,49138
2046413,0,28709,185,49143
2046463,0,28752,185,49143
2046513,0,28795,185,49143
2046648,0,28912,333,49143
2046698,0,28955,333,49143
2046790,0,29034,333,49143
2046840,0,29077,333,49147
2046890,0,29120,333,49147
2046940,0,29120,333,49147
2046990,0,29120,333,49147
2047040,0,29120,363,49147
2047090,0,28580,363,49147
2047140,0,28580,363,49147
2047190,0,28580,363,49147
2047240,0,28580,363,49152
2047290,0,28580,363,49152
2047340,0,28580,363,49152
2047390,0,28580,363,49152
2047440,0,28580,375,49152
2047490,0,28580,375,49152
2047540,0,28580,375,49152
2047590,0,28580,375,49152
2047640,0,28580,375,49157
2048029,0,27561,366,49161
2048079,0,27561,366,49161
2048129,0,28071,366,49161
2048179,0,28071,366,49161
2048229,0,28071,388,49161
2048279,0,28071,388,49161
2048329,0,27561,388,49161
2048379,0,27561,388,49161
2048429,0,27561,388,49165
2048479,0,27561,388,49165
2048529,0,27561,388,49165
2048579,0,27561,388,49165
2048629,0,27561,332,49165
2048679,0,27561,332,49165
2048729,0,28071,332,49165
2048779,0,28071,332,49165
2048829,0,28071,332,49169
2048921,0,28071,332,49169
2048971,0,28071,332,49169
2049021,0,28071,368,49169
2049199,0,27561,368,49169
2049249,0,27561,368,49173
2049299,0,28071,368,49173
2049349,0,28071,368,49173
2049399,0,28071,368,49173
2049449,0,28071,130,49173
2049499,0,27082,130,49173
2049549,0,27082,130,49173
2049599,0,27082,130,49173
2049649,0,27082,130,49177
2049699,0,27082,130,49177
2049749,0,27082,130,49177
2049799,0,27082,130,49177
2049849,0,27082,115,49177
2049899,0,27082,115,49177
2049991,0,27082,115,49177
2050041,0,27082,115,49181
2050091,0,27082,115,49181
2050141,0,27082,115,49181
2050191,0,27082,115,49181
2050326,0,27561,115,49181
2050376,0,27561,115,49181
2050426,0,27561,115,49184
2050476,0,27561,115,49184
2050526,0,27082,115,49184
2050576,0,27082,115,49184
2050626,0,27082,116,49184
2050676,0,27082,116,49184
2050726,0,27561,116,49184
2050776,0,27561,116,49184
2050826,0,27561,116,49188
2050876,0,27561,116,49188
2050926,0,27082,116,49188
2051018,0,27082,115,49188
2051068,0,27082,115,49188
2051118,0,26156,115,49188
2051168,0,26156,115,49188
2051218,0,26156,115,49191
2051268,0,26156,115,49191
2051318,0,26619,115,49191
2051453,0,26619,115,49191
2051503,0,26619,115,49191
2051553,0,26619,115,49191
2051603,0,26619,115,49191
2051653,0,26619,115,49195
2051703,0,26156,115,49195
2051753,0,26156,115,49195
2051803,0,26156,115,49195
2051853,0,26156,114,49195
2051903,0,26619,114,49195
2051995,0,26619,114,49195
2052045,0,26619,114,49198
2052095,0,27082,114,49198
2052145,0,27082,114,49198
2052195,0,27082,114,49198
2052245,0,27082,115,49198
2052295,0,26156,115,49198
2052345,0,26156,115,49198
2052395,0,26156,115,49198
2052445,0,26156,115,49202
2052581,0,26156,115,49202
2052631,0,26156,115,49202
2052681,0,26156,115,49202
2052731,0,26156,115,49202
2052781,0,26156,115,49202
2052831,0,26156,115,49205
2052881,0,26156,115,49205
2052931,0,25724,115,49205
2053023,0,25724,115,49205
2053073,0,25724,115,49205
2053123,0,26619,115,49205
2053173,0,26619,115,49205
2053223,0,26619,115,49205
2053273,0,26619,115,49209
2053323,0,26619,115,49209
2053373,0,26619,115,49209
2053423,0,26619,115,49209
2053473,0,26619,114,49209
2053523,0,26619,114,49209
2053573,0,26619,114,49209
2053708,0,25724,114,49212
2053758,0,25724,114,49212
2053808,0,25724,114,49212
2053858,0,25724,115,49212
2053908,0,25724,115,49212
2053958,0,25724,115,49212
2054050,0,25724,115,49214
2054100,0,25307,115,49214
2054150,0,25307,115,49214
2054200,0,25307,115,49214
2054250,0,25307,116,49214
2054300,0,25724,116,49214
2054350,0,25724,116,49214
2054400,0,25724,116,49214
2054450,0,25724,116,49217
2054500,0,25724,116,49217
