Tick,Throttle,Speed,Current,Voltage
18968,0,11348,6748,52078
19274,0,11781,6803,52049
19324,0,11781,6803,52049
19374,0,11781,6803,52049
19424,0,11781,6803,52016
19474,0,11781,6803,52016
19524,0,11781,6803,52016
19574,0,11781,6803,52016
19624,0,11873,6513,52016
19674,0,11873,6513,52016
19724,0,11873,6513,52016
19774,0,11873,6513,52016
19824,0,12244,6513,51993
19874,0,12244,6513,51993
19924,0,12244,6513,51993
19974,0,12244,6513,51993
20024,0,12244,6563,51993
20074,0,12244,6563,51993
20166,0,12244,6563,51993
20216,0,12244,6563,51960
20266,0,12553,6563,51960
20443,0,12553,6667,51960
20493,0,12553,6667,51960
20543,0,12553,6667,51960
20593,0,12553,6667,51940
20643,0,12352,6667,51940
20693,0,12352,6667,51940
20743,0,12352,6667,51940
20793,0,12352,6750,51940
20843,0,12862,6750,51940
20893,0,12862,6750,51940
20943,0,12862,6750,51940
20993,0,12862,6750,51940
21043,0,12862,6750,51908
21093,0,12862,6750,51908
21143,0,12862,6750,51908
21235,0,12970,6853,51908
21285,0,12970,6853,51908
21335,0,12970,6853,51908
21385,0,12970,6853,51908
21435,0,13078,6853,51881
21570,0,13078,6853,51881
21620,0,13078,6927,51881
21670,0,13078,6927,51881
21720,0,13078,6927,51881
21770,0,13078,6927,51881
21820,0,13078,6927,51853
21870,0,13417,6927,51853
21920,0,13417,6927,51853
21970,0,13417,6927,51853
22020,0,13417,7007,51853
22070,0,13078,7007,51853
22120,0,13078,7007,51853
22170,0,13078,7007,51853
22262,0,13773,7007,51828
22312,0,13773,7007,51828
22362,0,13773,7007,51828
22412,0,13773,7110,51828
22462,0,13649,7110,51828
22512,0,13649,7110,51828
22562,0,13649,7110,51828
22698,0,14035,7110,51801
22748,0,14035,7110,51801
22798,0,14035,7110,51801
22848,0,14035,7206,51801
22898,0,14035,7206,51801
22948,0,14035,7206,51801
22998,0,14035,7206,51801
23048,0,14282,7206,51773
23098,0,14282,7206,51773
23148,0,14282,7206,51773
23198,0,14282,7206,51773
23290,0,14282,7299,51773
23340,0,14282,7299,51773
23390,0,14282,7299,51773
23440,0,14560,7299,51743
23490,0,14560,7299,51743
23540,0,14560,7299,51743
23590,0,14560,7299,51743
23640,0,14560,7396,51743
23690,0,14560,7396,51743
23825,0,14159,7396,51727
23875,0,14159,7396,51727
23925,0,14159,7396,51727
23975,0,14159,7396,51727
24025,0,14838,7479,51727
24075,0,14838,7479,51727
24125,0,14838,7479,51727
24175,0,14838,7479,51727
24225,0,14838,7479,51702
24275,0,14838,7479,51702
24367,0,14838,7479,51702
24417,0,14838,7570,51702
24467,0,14977,7570,51702
24517,0,14977,7570,51702
24567,0,14977,7570,51702
24617,0,14977,7570,51676
24667,0,14699,7570,51676
24717,0,14699,7570,51676
24767,0,14699,7570,51676
24817,0,14699,7657,51676
24952,0,15286,7657,51676
25002,0,15286,7657,51676
25052,0,14838,7657,51644
25102,0,14838,7657,51644
25152,0,14838,7657,51644
25202,0,14838,7657,51644
25252,0,15286,7747,51644
25302,0,15286,7747,51644
25394,0,15286,7747,51644
25444,0,15440,7747,51623
25494,0,15440,7747,51623
25544,0,15440,7747,51623
25594,0,15440,7747,51623
25644,0,15749,7826,51623
25694,0,15749,7826,51623
25744,0,15749,7826,51623
25794,0,15749,7826,51623
25844,0,15440,7826,51601
25894,0,15440,7826,51601
25944,0,15440,7826,51601
26080,0,15749,7906,51601
26130,0,15749,7906,51601
26180,0,15749,7906,51601
26230,0,15595,7906,51578
26280,0,15595,7906,51578
26330,0,15595,7906,51578
26422,0,15595,7906,51578
26472,0,16243,7967,51578
26522,0,16243,7967,51578
26572,0,16243,7967,51578
26622,0,16243,7967,51578
26672,0,15749,7967,51549
26722,0,15749,7967,51549
26772,0,15749,7967,51549
26822,0,15749,7967,51549
26872,0,16413,8069,51549
26922,0,16413,8069,51549
26972,0,16413,8069,51549
27022,0,16413,8069,51549
27072,0,16413,8069,51527
27207,0,16413,8069,51527
27257,0,16413,8142,51527
27307,0,16413,8142,51527
27357,0,16413,8142,51527
27407,0,16413,8142,51527
27499,0,16768,8142,51504
27549,0,16768,8142,51504
27599,0,16768,8142,51504
27649,0,16768,8206,51504
27699,0,16768,8206,51504
27749,0,16768,8206,51504
27799,0,16768,8206,51504
27849,0,16953,8206,51479
27899,0,16953,8206,51479
27949,0,16953,8206,51479
27999,0,16953,8206,51479
28049,0,16768,8281,51479
28099,0,16768,8281,51479
28149,0,16768,8281,51479
28199,0,16768,8281,51479
28334,0,17154,8281,51458
28384,0,17154,8281,51458
28434,0,16953,8281,51458
28526,0,16953,8369,51458
28576,0,16953,8369,51458
28626,0,17339,8369,51458
28676,0,17339,8369,51434
28726,0,17339,8369,51434
28776,0,17339,8369,51434
28826,0,17339,8369,51434
28876,0,17339,8449,51434
28926,0,17339,8449,51434
28976,0,17339,8449,51434
29026,0,17339,8449,51434
29076,0,17339,8449,51412
29126,0,17339,8449,51412
29176,0,17339,8449,51412
29226,0,17540,8449,51412
29276,0,17540,8541,51412
29326,0,17540,8541,51412
29461,0,17540,8541,51387
29553,0,17540,8541,51387
29603,0,17540,8541,51387
29653,0,17941,8605,51387
29703,0,17941,8605,51387
29753,0,17941,8605,51387
29803,0,17941,8605,51387
29853,0,17741,8605,51368
29903,0,17741,8605,51368
29953,0,17741,8605,51368
30003,0,17741,8605,51368
30053,0,18158,8676,51368
30103,0,18158,8676,51368
30153,0,18158,8676,51368
30203,0,18158,8676,51368
30253,0,17941,8676,51342
30303,0,17941,8676,51342
30353,0,17941,8676,51342
30403,0,17941,8676,51342
30495,0,17941,8735,51342
30631,0,18374,8735,51342
30681,0,18374,8735,51323
30731,0,18374,8735,51323
30781,0,18374,8735,51323
30831,0,17941,8735,51323
30881,0,17941,8794,51323
30931,0,17941,8794,51323
30981,0,17941,8794,51323
31031,0,18590,8794,51323
31081,0,18590,8794,51302
31131,0,18590,8794,51302
31181,0,18590,8794,51302
31231,0,18158,8794,51302
31281,0,18158,8878,51302
31331,0,18158,8878,51302
31381,0,18158,8878,51302
31431,0,18374,8878,51302
31481,0,18374,8878,51284
31573,0,18374,8878,51284
31623,0,18374,8878,51284
31759,0,19053,8962,51284
31809,0,19053,8962,51284
31859,0,18374,8962,51284
31909,0,18374,8962,51263
31959,0,18374,8962,51263
32009,0,18374,8962,51263
32059,0,19053,8962,51263
32109,0,19053,9043,51263
32159,0,19053,9043,51263
32209,0,19053,9043,51263
32259,0,18590,9043,51263
32309,0,18590,9043,51232
32359,0,18590,9043,51232
32409,0,18590,9043,51232
32459,0,18822,9043,51232
32509,0,18822,9451,51232
32601,0,18822,9451,51232
32651,0,18822,9451,51232
32701,0,18822,9451,51205
32751,0,18822,9451,51205
32888,0,19053,9936,51205
32938,0,19053,9936,51205
32988,0,19053,9936,51205
33038,0,19300,9936,51205
33088,0,19300,9936,51194
33138,0,19300,9936,51194
33188,0,19300,9936,51194
33238,0,19300,9936,51194
33288,0,19300,10093,51194
33338,0,19300,10093,51194
33388,0,19300,10093,51194
33438,0,19053,10093,51194
33488,0,19053,10093,51170
33538,0,19053,10093,51170
33630,0,19532,10093,51170
33680,0,19532,10093,51170
33815,0,19532,10093,51170
33865,0,19300,10093,51170
33915,0,19300,10093,51149
33965,0,19300,10093,51149
34015,0,19300,10093,51149
34065,0,19300,10093,51149
34115,0,19300,10164,51149
34165,0,19300,10164,51149
34215,0,19300,10164,51149
34265,0,19794,10164,51149
34315,0,19794,10164,51134
34365,0,19794,10164,51134
34415,0,19794,10164,51134
34465,0,19300,10164,51134
34515,0,19300,10309,51134
34565,0,19300,10309,51134
34657,0,19794,10309,51134
34707,0,19794,10309,51114
34757,0,19794,10309,51114
34807,0,19794,10309,51114
34942,0,20304,10356,51114
34992,0,20304,10356,51114
35042,0,19794,10356,51114
35092,0,19794,10356,51086
35142,0,19794,10356,51086
35192,0,19794,10356,51086
35242,0,20041,10356,51086
35292,0,20041,9786,51086
35342,0,20041,9786,51086
35392,0,20041,9786,51086
35442,0,20582,9786,51086
35492,0,20582,9786,51061
35542,0,20582,9786,51061
35592,0,20582,9786,51061
35684,0,20304,9786,51061
35734,0,20304,9682,51061
35784,0,20304,9682,51061
35834,0,20582,9682,51061
35884,0,20582,9682,51061
35934,0,20582,9682,51040
36069,0,20860,9682,51040
36119,0,20860,9764,51040
36169,0,20860,9764,51040
36219,0,20860,9764,51040
36269,0,20304,9764,51040
36319,0,20304,9764,50998
36369,0,20304,9764,50998
36419,0,20304,9764,50998
36469,0,20582,9764,50998
36519,0,20582,9867,50998
36569,0,20582,9867,50998
36619,0,20582,9867,50998
36711,0,21138,9867,50997
36761,0,21138,9867,50997
36811,0,21138,9867,50997
36861,0,20582,9867,50997
36911,0,20582,9900,50997
36961,0,20582,9900,50997
37011,0,20582,9900,50997
37061,0,20860,9900,50997
37196,0,20860,9900,50979
37246,0,21138,9900,50979
37296,0,21138,9900,50979
37346,0,21138,9976,50979
37396,0,21138,9976,50979
37446,0,20860,9976,50979
37496,0,20860,9976,50979
37546,0,20860,9976,50951
37596,0,20860,9976,50951
37646,0,21431,9976,50951
37738,0,21431,10024,50951
37788,0,21431,10024,50951
37838,0,21740,10024,50951
37888,0,21740,10024,50951
37938,0,21740,10024,50943
37988,0,21740,10024,50943
38038,0,21431,10024,50943
38088,0,21431,10024,50943
38138,0,21431,10103,50943
38188,0,21431,10103,50943
38323,0,21138,10103,50917
38373,0,21138,10103,50917
38423,0,21138,10103,50917
38473,0,21740,10103,50917
38523,0,21740,10132,50917
38573,0,21740,10132,50917
38623,0,21740,10132,50917
38673,0,21740,10132,50917
38765,0,21740,10132,50902
38815,0,21740,10132,50902
38865,0,21431,10132,50902
38915,0,21431,10215,50902
38965,0,21431,10215,50902
39015,0,21431,10215,50902
39065,0,22049,10215,50902
39115,0,22049,10215,50885
39165,0,22049,10215,50885
39215,0,22049,10215,50885
39265,0,21740,10215,50885
39315,0,21740,10268,50885
39450,0,22049,10268,50885
39500,0,22049,10268,50885
39550,0,22049,10268,50863
39600,0,22049,10268,50863
39650,0,22049,10268,50863
39742,0,22049,10349,50863
39792,0,22049,10349,50863
39842,0,22049,10349,50863
39892,0,22049,10349,50863
39942,0,22049,10349,50848
39992,0,22049,10349,50848
40042,0,22697,10349,50848
40092,0,22697,10349,50848
40142,0,22697,10406,50848
40192,0,22697,10406,50848
40242,0,22373,10406,50848
40292,0,22373,10406,50848
40342,0,22373,10406,50818
40392,0,22373,10406,50818
40442,0,22049,10406,50818
40577,0,22049,10479,50818
40627,0,23037,10479,50818
40677,0,23037,10479,50818
40769,0,23037,10479,50804
40819,0,23037,10479,50804
40869,0,22697,10479,50804
40919,0,22697,10479,50804
40969,0,22697,10568,50804
41019,0,22697,10568,50804
41069,0,22697,10568,50804
41119,0,22697,10568,50804
41169,0,22697,10568,50778
41219,0,22697,10568,50778
41269,0,22697,10568,50778
41319,0,22697,10568,50778
41369,0,22697,10628,50778
41419,0,22697,10628,50778
41469,0,23037,10628,50778
41519,0,23037,10628,50778
41569,0,23037,10628,50755
41705,0,23037,10628,50755
41797,0,23037,10755,50755
41847,0,23037,10755,50755
41897,0,23037,10755,50755
41947,0,23037,10755,50722
41997,0,23037,10755,50722
42047,0,23392,10755,50722
42097,0,23392,10755,50722
42147,0,23392,10769,50722
42197,0,23392,10769,50722
42247,0,23037,10769,50722
42297,0,23037,10769,50722
42347,0,23037,10769,50720
42397,0,23037,10769,50720
42447,0,23037,10769,50720
42497,0,23037,10769,50720
42547,0,23037,10843,50720
42597,0,23037,10843,50720
42689,0,23037,10843,50720
42739,0,23037,10843,50699
42874,0,23392,10843,50699
42924,0,23392,10843,50699
42974,0,23392,10887,50699
43024,0,23747,10887,50699
43074,0,23747,10887,50699
43124,0,23747,10887,50699
43174,0,23747,10887,50684
43224,0,23747,10887,50684
43274,0,23747,10887,50684
43324,0,23747,10887,50684
43374,0,23747,10958,50684
43424,0,23392,10958,50684
43474,0,23392,10958,50684
43524,0,23392,10958,50684
43574,0,23392,10958,50664
43624,0,23747,10958,50664
43716,0,23747,10958,50664
43766,0,23747,11063,50664
43816,0,23747,11063,50664
43866,0,24118,11063,50664
44001,0,24118,11063,50608
44051,0,24504,11063,50608
44101,0,24504,11063,50608
44151,0,24504,11084,50608
44201,0,24504,11084,50608
44251,0,24118,11084,50608
44301,0,24118,11084,50608
44351,0,24118,11084,50630
44401,0,24118,11084,50630
44451,0,24118,11084,50630
44501,0,24118,11084,50630
44551,0,24118,11176,50630
44601,0,24118,11176,50630
44651,0,24118,11176,50630
44743,0,24118,11176,50630
44793,0,24118,11176,50591
44843,0,24118,11176,50591
44893,0,24118,11176,50591
44943,0,24118,11176,50591
44993,0,24118,11210,50591
45129,0,24890,11210,50591
45179,0,24890,11210,50584
45229,0,23747,11210,50584
45279,0,23747,11210,50584
45329,0,23747,11210,50584
45379,0,23747,11308,50584
45429,0,24504,11308,50584
45479,0,24504,11308,50584
45529,0,24504,11308,50584
45579,0,24504,11308,50566
45629,0,24504,11308,50566
45721,0,24504,11308,50566
45771,0,24504,11375,50566
45821,0,24504,11375,50566
45871,0,24890,11375,50566
45921,0,24890,11375,50566
45971,0,24890,11375,50546
46021,0,24890,11375,50546
46071,0,24890,11375,50546
46121,0,24890,11375,50546
46257,0,25307,11417,50546
46307,0,25307,11417,50546
46357,0,25307,11417,50526
46407,0,25307,11417,50526
46457,0,24890,11417,50526
46507,0,24890,11417,50526
46557,0,24890,12406,50526
46607,0,24890,12406,50526
46657,0,24890,12406,50526
46749,0,24890,12406,50526
46799,0,24890,12406,50502
46849,0,25307,12406,50502
46899,0,25307,12406,50502
46949,0,25307,12406,50502
46999,0,25307,12581,50502
47049,0,25307,12581,50502
47099,0,25307,12581,50502
47149,0,25307,12581,50502
47199,0,25307,12581,50495
47249,0,24504,12581,50495
47384,0,24504,12533,50495
47434,0,24890,12533,50495
47484,0,24890,12533,50495
47534,0,24890,12533,50495
47584,0,24890,12533,50463
47634,0,25307,12533,50463
47684,0,25307,12533,50463
47776,0,25307,12530,50463
47826,0,25724,12530,50463
47876,0,25724,12530,50463
47926,0,25724,12530,50463
47976,0,25724,12530,50459
48026,0,25724,12530,50459
48076,0,25724,12530,50459
48126,0,25724,12530,50459
48176,0,25724,12712,50459
48312,0,25724,12712,50459
48362,0,25724,12712,50459
48412,0,25724,12712,50455
48462,0,25307,12712,50455
48512,0,25307,12712,50455
48562,0,25307,12712,50455
48612,0,25307,12800,50455
48662,0,25724,12800,50455
48754,0,25724,12800,50455
48804,0,25724,12800,50438
48854,0,25307,12800,50438
48904,0,25307,12800,50438
48954,0,25307,12800,50438
49004,0,25307,12862,50438
49054,0,25724,12862,50438
49104,0,25724,12862,50438
49154,0,25724,12862,50438
49204,0,25724,12862,50425
49254,0,26156,12862,50425
49304,0,26156,12862,50425
49440,0,25724,11853,50425
49490,0,25724,11853,50425
49540,0,25724,11853,50425
49590,0,25724,11853,50404
49640,0,25724,11853,50404
49690,0,25724,11853,50404
49782,0,25724,11853,50404
49832,0,25724,11875,50404
49882,0,25724,11875,50404
49932,0,25724,11875,50404
49982,0,25724,11875,50404
50032,0,26156,11875,50384
50082,0,26156,11875,50384
50132,0,26156,11875,50384
50182,0,26156,11875,50384
50232,0,26619,11940,50384
50282,0,26619,11940,50384
50332,0,26619,11940,50384
50382,0,26619,11940,50384
50432,0,26619,11940,50364
50569,0,26619,11940,50364
50619,0,26619,11998,50364
50669,0,26619,11998,50364
50719,0,26619,11998,50364
50811,0,26619,11998,50334
50861,0,26619,11998,50334
50911,0,26619,11998,50334
50961,0,26619,11998,50334
51011,0,26619,12045,50334
51061,0,26619,12045,50334
51111,0,26619,12045,50334
51161,0,26619,12045,50334
51211,0,26619,12045,50333
51261,0,26619,12045,50333
51311,0,26619,12045,50333
51361,0,26619,12045,50333
51411,0,26619,12116,50333
51461,0,26668,12116,50333
51511,0,26718,12116,50333
51561,0,26767,12116,50333
51696,0,26900,12116,50316
51746,0,26950,12116,50316
51880,0,27082,12166,50316
51930,0,27082,12166,50316
51980,0,27082,12166,50316
52030,0,27082,12166,50295
52080,0,27082,12166,50295
52130,0,27082,12166,50295
52180,0,27082,12166,50295
52230,0,27561,12264,50295
52280,0,27561,12264,50295
52330,0,27561,12264,50295
52380,0,27561,12264,50295
52430,0,27082,12264,50271
52480,0,27082,12264,50271
52530,0,27082,12264,50271
52580,0,27082,12264,50271
52630,0,27561,12298,50271
52680,0,27561,12298,50271
52730,0,27561,12298,50271
53078,0,27082,12354,50262
53128,0,27082,12354,50262
53178,0,27082,12354,50262
53228,0,27082,12354,50242
53278,0,27082,12354,50242
53328,0,27082,12354,50242
53378,0,27082,12354,50242
53428,0,27561,12402,50242
53478,0,27561,12402,50242
53528,0,27561,12402,50242
53578,0,27561,12402,50242
53628,0,28071,12402,50236
53678,0,28071,12402,50236
53728,0,28071,12402,50236
53778,0,28071,12402,50236
53828,0,27082,12467,50236
53878,0,27082,12467,50236
53970,0,27082,12467,50236
54020,0,27082,12467,50214
54070,0,27561,12467,50214
54247,0,27561,12519,50214
54297,0,27561,12519,50214
54347,0,27561,12519,50214
54397,0,27561,12519,50214
54447,0,27561,12519,50198
54497,0,27561,12519,50198
54547,0,27561,12519,50198
54597,0,27561,12519,50198
54647,0,27082,12543,50198
54697,0,27082,12543,50198
54747,0,27082,12543,50198
54797,0,27082,12543,50198
54847,0,27561,12543,50189
54897,0,27561,12543,50189
54947,0,27561,12543,50189
55039,0,27561,12580,50189
55089,0,27561,12580,50189
55139,0,27561,12580,50189
55189,0,27561,12580,50189
55239,0,27561,12580,50172
55374,0,27561,12580,50172
55424,0,28071,12648,50172
55474,0,28071,12648,50172
55524,0,28071,12648,50172
55574,0,28071,12648,50172
55624,0,28071,12648,50187
55674,0,28071,12648,50187
55724,0,28071,12648,50187
55774,0,28071,12648,50187
55824,0,28071,12648,50187
55874,0,28071,12740,50187
55924,0,28071,12740,50187
55974,0,28071,12740,50187
56066,0,28071,12740,50150
56116,0,28071,12740,50150
56166,0,28071,12740,50150
56216,0,28071,12740,50150
56266,0,27561,12675,50150
56316,0,27561,12675,50150
56366,0,27561,12675,50150
56502,0,28580,12675,50129
56552,0,28580,12675,50129
56602,0,28580,12675,50129
56652,0,28071,12726,50129
56702,0,28071,12726,50129
56752,0,28071,12726,50129
56802,0,28071,12726,50129
56852,0,28071,12726,50123
56902,0,28071,12726,50123
56952,0,28071,12726,50123
57044,0,28071,12765,50123
57094,0,28071,12765,50123
57144,0,28071,12765,50123
57194,0,28071,12765,50123
57244,0,28071,12765,50101
57294,0,28071,12765,50101
57344,0,28071,12765,50101
57394,0,28071,12765,50101
57444,0,28071,12818,50101
57494,0,28071,12818,50101
57629,0,28580,12818,50101
57679,0,28580,12818,50093
57729,0,28580,12818,50093
57779,0,28580,12818,50093
57829,0,28580,12818,50093
57879,0,28580,12863,50093
57929,0,28580,12863,50093
57979,0,28580,12863,50093
58071,0,28580,12863,50072
58121,0,28580,12863,50072
58171,0,28580,12863,50072
58221,0,28580,12863,50072
58271,0,29120,12929,50072
58321,0,29120,12929,50072
58371,0,29120,12929,50072
58421,0,29120,12929,50072
58471,0,29692,12929,50065
58521,0,29692,12929,50065
58571,0,29692,12929,50065
58621,0,29692,12929,50065
58757,0,29692,12988,50065
58807,0,29692,12988,50065
58857,0,29692,12988,50053
58907,0,29692,12988,50053
58957,0,29692,12988,50053
59007,0,29692,12988,50053
59099,0,29120,13037,50053
59149,0,29120,13037,50053
59199,0,29120,13037,50053
59249,0,29692,13037,50036
59299,0,29692,13037,50036
59349,0,29692,13037,50036
59399,0,29692,13037,50036
59449,0,29692,13124,50036
59499,0,29692,13124,50036
59549,0,29692,13124,50036
59599,0,29692,13124,50036
59649,0,29120,13124,50007
59699,0,29120,13124,50007
59749,0,29120,13124,50007
59884,0,29120,13206,50007
59934,0,29120,13206,50007
59984,0,29120,13206,50007
60076,0,29692,13206,49989
60126,0,29692,13206,49989
60176,0,29692,13206,49989
60226,0,29692,13206,49989
60276,0,29692,13279,49989
60326,0,29692,13279,49989
60376,0,29692,13279,49989
60426,0,29692,13279,49989
60476,0,29692,13279,49930
60526,0,29692,13279,49930
60576,0,29692,13279,49930
60626,0,29692,13279,49930
60676,0,29692,13948,49930
60726,0,29692,13948,49930
60776,0,29692,13948,49930
60826,0,30263,13948,49930
60876,0,30263,13948,49954
61011,0,30263,13948,49954
61103,0,29692,14235,49954
61153,0,29692,14235,49954
61203,0,29692,14235,49954
61253,0,29692,14235,49954
61303,0,29692,14235,49945
61353,0,29692,14235,49945
61403,0,29692,14235,49945
61453,0,30263,14235,49945
61503,0,30263,14333,49945
61553,0,30263,14333,49945
61603,0,30263,14333,49945
61653,0,29120,14333,49945
61703,0,29120,14333,49925
61753,0,29120,14333,49925
61803,0,29120,14333,49925
61853,0,29692,14333,49925
61903,0,29692,14404,49925
61953,0,29692,14404,49925
62045,0,29692,14404,49925
62181,0,29692,14404,49910
62231,0,29120,14404,49910
62281,0,29120,13615,49910
62331,0,29120,13615,49910
62381,0,29120,13615,49910
62431,0,29692,13615,49910
62481,0,29692,13615,49904
62531,0,29692,13615,49904
62581,0,29692,13615,49904
62631,0,29692,13615,49904
62681,0,29692,13567,49904
62731,0,29692,13567,49904
62781,0,29692,13567,49904
62831,0,30263,13567,49904
62881,0,30263,13567,49883
62931,0,30263,13567,49883
63109,0,30263,13631,49883
63159,0,30263,13631,49883
63209,0,30263,13631,49883
63259,0,30881,13631,49883
63309,0,30881,13631,49863
63359,0,30881,13631,49863
63409,0,30881,13631,49863
63459,0,30263,13631,49863
63509,0,30263,13695,49863
63559,0,30263,13695,49863
63609,0,30263,13695,49863
63659,0,30263,13695,49863
63709,0,30263,13695,49843
63759,0,30263,13695,49843
63809,0,30263,13695,49843
63859,0,30263,13695,49843
63909,0,30263,13740,49843
63959,0,30263,13740,49843
64051,0,30881,13740,49843
64101,0,30881,13740,49842
64236,0,30263,13740,49842
64286,0,30263,13793,49842
64336,0,30263,13793,49842
64386,0,30263,13793,49842
64436,0,30881,13793,49842
64486,0,30881,13793,49826
64536,0,30881,13793,49826
64586,0,30881,13793,49826
64636,0,30881,13793,49826
64686,0,30881,13809,49826
64736,0,30881,13809,49826
64786,0,30881,13809,49826
64836,0,31498,13809,49826
64886,0,31498,13809,49807
64936,0,31498,13809,49807
64986,0,31498,13809,49807
65078,0,30263,13809,49807
65128,0,30263,13864,49807
65178,0,30263,13864,49807
65228,0,31498,13864,49807
65363,0,31498,13864,49800
65413,0,31498,13864,49800
65463,0,31498,13864,49800
65513,0,31498,13947,49800
65563,0,31498,13947,49800
65613,0,31498,13947,49800
65663,0,30881,13947,49800
65713,0,30881,13947,49788
65763,0,30881,13947,49788
65813,0,30881,13947,49788
65863,0,30881,13947,49788
65913,0,30881,13957,49788
65963,0,30881,13957,49788
66055,0,31498,13957,49788
66105,0,31498,13957,49779
66155,0,31498,13957,49779
66205,0,31498,13957,49779
66255,0,30881,13957,49779
66305,0,30881,13983,49779
66355,0,30881,13983,49779
66491,0,31498,13983,49761
66541,0,31498,13983,49761
66591,0,31498,13983,49761
66641,0,31498,13983,49761
66691,0,31498,14006,49761
66741,0,31498,14006,49761
66791,0,31498,14006,49761
66841,0,30881,14006,49761
66891,0,30881,14006,49765
66941,0,30881,14006,49765
66991,0,30881,14006,49765
67083,0,31498,14006,49765
67133,0,31498,14032,49765
67183,0,31498,14032,49765
67233,0,31498,14032,49765
67283,0,31498,14032,49765
67333,0,31498,14032,49744
67383,0,31498,14032,49744
67433,0,31498,14032,49744
67483,0,31498,14032,49744
67620,0,31498,14118,49744
67670,0,31498,14118,49744
67720,0,31498,14118,49725
67770,0,31498,14118,49725
67820,0,31498,14118,49725
67870,0,31498,14118,49725
67920,0,31498,14182,49725
67970,0,31498,14182,49725
68062,0,31498,14182,49725
68112,0,31498,14182,49704
68162,0,31498,14182,49704
68212,0,31498,14182,49704
68262,0,32842,14182,49704
68312,0,32842,14226,49704
68362,0,32842,14226,49704
68412,0,32842,14226,49704
68462,0,32162,14226,49704
68512,0,32162,14226,49693
68562,0,32162,14226,49693
68612,0,32162,14226,49693
68747,0,32162,14269,49693
68797,0,32162,14269,49693
68847,0,32162,14269,49693
68897,0,32162,14269,49693
68947,0,32162,14269,49678
68997,0,32162,14269,49678
69089,0,32162,14269,49678
69139,0,32162,14326,49678
69189,0,32162,14326,49678
69239,0,32842,14326,49678
69289,0,32842,14326,49678
69339,0,32842,14326,49670
69389,0,32842,14326,49670
69439,0,32842,14326,49670
69489,0,32842,14326,49670
69539,0,32842,14358,49670
69589,0,32842,14358,49670
69639,0,32842,14358,49670
69689,0,32842,14358,49670
69739,0,32842,14358,49654
69874,0,32842,14358,49654
69924,0,32842,14404,49654
69974,0,32842,14404,49654
70024,0,32842,14404,49654
70116,0,32842,14404,49654
70166,0,32842,14404,49652
70216,0,32842,14404,49652
70266,0,32842,14404,49652
70316,0,32842,14404,49652
70366,0,32842,14398,49652
70416,0,32842,14398,49652
70466,0,32706,14398,49652
70516,0,32570,14398,49652
70566,0,32434,14398,49646
70616,0,32298,14398,49646
70666,0,32162,14398,49646
70716,0,32162,14398,49646
70766,0,32162,14412,49646
70816,0,32162,14412,49646
70866,0,33552,14412,49646
71002,0,33552,14412,49630
71052,0,32162,14412,49630
71144,0,32162,14470,49630
71194,0,32162,14470,49630
71244,0,32162,14470,49630
71294,0,32162,14470,49630
71344,0,32162,14470,49609
71394,0,32162,14470,49609
71444,0,32162,14470,49609
71494,0,32162,14470,49609
71544,0,32162,14518,49609
71594,0,32162,14518,49609
71644,0,32842,14518,49609
71694,0,32842,14518,49609
71744,0,32842,14518,49593
71794,0,32842,14518,49593
71844,0,32842,14518,49593
71894,0,32842,14518,49593
71944,0,32842,14578,49593
71994,0,32842,14578,49593
72172,0,32842,14578,49556
72222,0,32842,14578,49556
72272,0,32842,14578,49556
72322,0,32842,14578,49556
72372,0,32842,14640,49556
72422,0,32842,14640,49556
72472,0,33552,14640,49556
72522,0,33552,14640,49556
72572,0,33552,14640,49583
72622,0,33552,14640,49583
72672,0,33552,14640,49583
72722,0,33552,14640,49583
72772,0,33552,14619,49583
72822,0,33552,14619,49583
72872,0,33552,14619,49583
72922,0,33552,14619,49583
72972,0,33552,14619,49581
73064,0,32842,14619,49581
73114,0,32842,14619,49581
73164,0,32842,14638,49581
73300,0,32842,14638,49581
73350,0,32842,14638,49564
73400,0,32842,14638,49564
73450,0,32842,14638,49564
73500,0,32842,14638,49564
73550,0,32842,14696,49564
73600,0,32842,14696,49564
73650,0,33552,14696,49564
73700,0,33552,14696,49564
73750,0,33552,14696,49538
73800,0,33552,14696,49538
73850,0,33552,14696,49538
73900,0,33552,14696,49538
73950,0,33552,14772,49538
74000,0,33552,14772,49538
74092,0,32842,14772,49538
74142,0,32842,14772,49538
74192,0,32842,14772,49544
74242,0,33552,14772,49544
74292,0,33552,14772,49544
74427,0,32842,14814,49544
74477,0,32842,14814,49544
74527,0,32842,14814,49544
74577,0,32842,14814,49526
74627,0,33552,14814,49526
74677,0,33552,14814,49526
74727,0,33552,14814,49526
74777,0,33552,14783,49526
74827,0,34309,14783,49526
74877,0,34309,14783,49526
74927,0,34309,14783,49526
74977,0,34309,14783,49518
75027,0,33552,14783,49518
75119,0,33552,14783,49518
75169,0,33552,14816,49518
75219,0,33552,14816,49518
75269,0,33552,14816,49518
75319,0,33552,14816,49518
75369,0,33552,14816,49499
75419,0,33552,14816,49499
75554,0,33552,14816,49499
75604,0,33552,14887,49499
75654,0,33552,14887,49499
75704,0,33552,14887,49499
75754,0,33552,14887,49499
75804,0,33552,14887,49475
75854,0,33552,14887,49475
75904,0,33552,14887,49475
75954,0,33552,14887,49475
76004,0,33552,14963,49475
76096,0,33552,14963,49475
76146,0,33552,14963,49475
76196,0,33552,14963,49453
76246,0,34309,14963,49453
76296,0,34309,14963,49453
76346,0,34309,14963,49453
76396,0,34309,15085,49453
76446,0,35081,15085,49453
76496,0,35081,15085,49453
76546,0,35081,15085,49453
76681,0,35081,15085,49467
76731,0,35081,15085,49467
76781,0,35081,14999,49467
76831,0,35081,14999,49467
76881,0,35081,14999,49467
76931,0,35081,14999,49467
76981,0,35081,14999,49459
77031,0,34309,14999,49459
77123,0,34309,14999,49459
77173,0,34309,15047,49459
77223,0,34309,15047,49459
77273,0,34309,15047,49459
77323,0,34309,15047,49459
77373,0,34309,15047,49427
77423,0,34309,15047,49427
77473,0,34309,15047,49427
77608,0,34309,15082,49427
77658,0,33552,15082,49427
77708,0,33552,15082,49427
77758,0,33552,15082,49427
77808,0,33552,15082,49435
77858,0,34309,15082,49435
77908,0,34309,15082,49435
77958,0,34309,15082,49435
78008,0,34309,15127,49435
78058,0,34309,15127,49435
78150,0,34309,15127,49435
78200,0,34309,15127,49427
78250,0,35081,15127,49427
78300,0,35081,15127,49427
78350,0,35081,15127,49427
78400,0,35081,15044,49427
78450,0,35081,15044,49427
78500,0,35081,15044,49427
78550,0,35081,15044,49427
78600,0,35081,15044,49394
78735,0,35081,15044,49394
78785,0,35081,15166,49394
78835,0,34309,15166,49394
78885,0,34309,15166,49394
78935,0,34309,15166,49394
78985,0,34309,15166,49397
79035,0,34309,15166,49397
79127,0,34309,15166,49397
79177,0,34309,15200,49397
79227,0,34309,15200,49397
79277,0,34309,15200,49397
79327,0,34309,15200,49397
79377,0,34309,15200,52106
79427,0,34309,15200,52106
79477,0,34309,15200,52106
79527,0,34309,15200,52106
79577,0,34309,351,52106
79627,0,34309,351,52106
79677,0,34309,351,52106
79727,0,34309,351,52106
79862,0,34309,351,52186
79912,0,34309,351,52186
79962,0,34309,351,52186
80012,0,34309,131,52186
80062,0,35081,131,52186
80112,0,35081,131,52186
80204,0,35081,131,52232
80254,0,33552,131,52232
80304,0,33552,131,52232
80354,0,33552,131,52232
80404,0,33552,124,52232
80454,0,33552,124,52232
80504,0,33552,124,52232
80554,0,33552,124,52232
80604,0,33552,124,52268
80654,0,33552,124,52268
80704,0,33552,124,52268
80754,0,33552,124,52268
80804,0,33552,122,52268
80854,0,33552,122,52268
80989,0,33552,122,52268
81039,0,32842,122,52300
81089,0,32842,122,52300
81139,0,32842,122,52300
81231,0,32842,120,52300
81281,0,32842,120,52300
81331,0,32842,120,52300
81381,0,32842,120,52300
81431,0,32842,120,52327
81481,0,32842,120,52327
81531,0,32842,120,52327
81581,0,32842,120,52327
81631,0,33552,119,52327
81681,0,33552,119,52327
81731,0,33552,119,52327
81781,0,33552,119,52327
81831,0,33552,119,52351
81881,0,33552,119,52351
81931,0,33552,119,52351
81981,0,33552,119,52351
82117,0,33552,118,52351
82167,0,33552,118,52351
82217,0,33552,118,52372
82309,0,32842,118,52372
82359,0,32842,118,52372
82409,0,32842,119,52372
82459,0,32842,119,52372
82509,0,32842,119,52372
82559,0,32842,119,52372
82609,0,32842,119,52393
82659,0,32842,119,52393
82709,0,32842,119,52393
82759,0,32842,119,52393
82809,0,32842,118,52393
82859,0,32162,118,52393
82909,0,32162,118,52393
82959,0,32162,118,52393
83009,0,32162,118,52411
83059,0,32162,118,52411
83109,0,32162,118,52411
83244,0,32162,117,52411
83294,0,32162,117,52411
83386,0,32162,117,52411
83436,0,31498,117,52428
83486,0,31498,117,52428
83536,0,31498,117,52428
83586,0,31498,117,52428
83636,0,31498,117,52428
83686,0,31498,117,52428
83736,0,31498,117,52428
83786,0,31498,117,52428
83836,0,31498,117,52444
83886,0,31498,117,52444
83936,0,31498,117,52444
83986,0,31498,117,52444
84036,0,30881,117,52444
84086,0,30881,117,52444
84136,0,30881,117,52444
84186,0,30881,117,52444
84236,0,30881,117,52459
84371,0,30881,117,52459
84505,0,30881,117,52459
84555,0,30881,117,52459
84605,0,30881,117,52459
84655,0,32162,117,52473
84705,0,32162,117,52473
84755,0,32162,117,52473
84805,0,32162,117,52473
84855,0,30881,117,52473
84905,0,30881,117,52473
84955,0,30881,117,52473
85005,0,30881,117,52473
85055,0,30881,117,52487
85105,0,30881,117,52487
85155,0,30881,117,52487
85205,0,30881,117,52487
85255,0,30263,116,52487
85305,0,30263,116,52487
85355,0,30263,116,52487
85405,0,30263,116,52487
85754,0,29692,117,52500
85804,0,29692,117,52500
85854,0,30263,117,52512
85904,0,30263,117,52512
85954,0,30263,117,52512
86004,0,30263,117,52512
86054,0,30263,117,52512
86104,0,30263,117,52512
86154,0,30263,117,52512
86204,0,30263,117,52512
86254,0,30263,117,52524
86304,0,30263,117,52524
86354,0,30263,117,52524
86404,0,30263,117,52524
86454,0,30263,117,52524
86504,0,30263,117,52524
86554,0,30263,117,52524
86604,0,30263,117,52524
86654,0,30263,117,52535
86746,0,30263,117,52535
86923,0,29692,117,52535
86973,0,29692,117,52535
87023,0,29692,117,52535
87073,0,29692,117,52546
87123,0,29692,117,52546
87173,0,29692,117,52546
87223,0,29692,117,52546
87273,0,29692,116,52546
87323,0,29692,116,52546
87373,0,29692,116,52546
87423,0,29692,116,52546
87473,0,29120,116,52556
87523,0,29120,116,52556
87573,0,29120,116,52556
87623,0,29120,116,52556
87673,0,29692,116,52556
87723,0,29692,116,52556
87773,0,29692,116,52556
87865,0,29692,116,52567
87915,0,29692,116,52567
88051,0,29692,116,52567
88101,0,29692,116,52567
88151,0,29692,116,52567
88201,0,29692,116,52567
88251,0,29120,116,52577
88301,0,29120,116,52577
88351,0,29120,116,52577
88401,0,29120,116,52577
88451,0,29692,116,52577
88501,0,29692,116,52577
88551,0,29692,116,52577
88601,0,29692,116,52577
88651,0,29120,116,52586
88701,0,29120,116,52586
88751,0,29120,116,52586
88801,0,29120,116,52586
88851,0,29692,117,52586
88943,0,29692,117,52586
88993,0,29692,117,52586
89043,0,29120,117,52586
89178,0,29120,117,52595
89228,0,29120,117,52595
89278,0,29120,116,52595
89328,0,29120,116,52595
89378,0,29120,116,52595
89428,0,29120,116,52595
89478,0,29120,116,52604
89528,0,29120,116,52604
89578,0,29120,116,52604
89628,0,29692,116,52604
89678,0,29692,115,52604
89728,0,29692,115,52604
89778,0,29692,115,52604
89828,0,29120,115,52604
89878,0,29120,115,52612
89928,0,29120,115,52612
90020,0,29120,115,52612
90070,0,28580,116,52612
90120,0,28580,116,52612
90170,0,28580,116,52612
90306,0,28071,116,52368
90356,0,28071,116,52368
90406,0,28071,116,52368
90456,0,28580,236,52368
90506,0,28580,236,52368
90556,0,28580,236,52368
90606,0,28580,236,52368
90656,0,28071,236,52613
90706,0,28071,236,52613
90756,0,28071,236,52613
90806,0,28071,236,52613
90856,0,28071,194,52613
90906,0,28071,194,52613
90956,0,28071,194,52613
91006,0,28071,194,52613
91098,0,27561,194,52621
91148,0,27561,194,52621
91198,0,27561,194,52621
91248,0,28071,194,52621
91298,0,28071,193,52621
91433,0,28071,193,52621
91483,0,28071,193,52610
91533,0,28071,193,52610
91583,0,28071,193,52610
91633,0,28580,193,52610
91683,0,28580,289,52610
91733,0,28580,289,52610
91783,0,28580,289,52610
91833,0,28580,289,52610
91883,0,28580,289,52601
91933,0,28580,289,52601
91983,0,28580,289,52601
92033,0,28071,289,52601
92083,0,28071,380,52601
92175,0,28071,380,52601
92225,0,27561,380,52601
92360,0,27561,380,52608
92410,0,27561,380,52608
92460,0,27082,380,52608
92510,0,27082,374,52608
92560,0,27082,374,52608
92610,0,27082,374,52608
92660,0,26619,374,52608
92710,0,26619,374,52614
92760,0,26619,374,52614
92810,0,26619,374,52614
92860,0,27561,374,52614
92910,0,27561,367,52614
92960,0,27561,367,52614
93010,0,27561,367,52614
93060,0,26619,367,52614
93110,0,26619,367,52620
93160,0,26619,367,52620
93252,0,27082,367,52620
93302,0,27082,369,52620
93352,0,27082,369,52620
93487,0,27082,369,52627
93537,0,27082,369,52627
93587,0,27082,369,52627
93637,0,26619,369,52627
93687,0,26619,370,52627
93737,0,26619,370,52627
93787,0,26619,370,52627
93837,0,26619,370,52627
93887,0,26619,370,52080
93937,0,26619,370,52080
93987,0,26619,370,52080
94037,0,26156,370,52080
94087,0,26156,12098,52080
94137,0,26156,12098,52080
94187,0,26156,12098,52080
94237,0,26619,12098,52080
94329,0,26619,12098,50251
94379,0,26619,12098,50251
94429,0,26156,12098,50251
94479,0,26156,12098,50251
94614,0,26156,13351,50251
94664,0,26619,13351,50251
94714,0,26619,13351,50198
94764,0,26619,13351,50198
94814,0,26619,13351,50198
94864,0,27082,13351,50198
94914,0,27082,13506,50198
94964,0,27082,13506,50198
95014,0,27082,13506,50198
95064,0,27561,13506,50198
95114,0,27561,13506,50138
95164,0,27561,13506,50138
95214,0,27561,13506,50138
95306,0,27561,13624,50138
95356,0,27561,13624,50138
95406,0,27561,13624,50138
95456,0,27082,13624,50138
95506,0,27082,13624,50099
95556,0,27082,13624,50099
95606,0,27082,13624,50099
95741,0,27082,13732,50099
95791,0,27082,13732,50099
95841,0,27082,13732,50099
95891,0,27082,13732,50099
95941,0,27082,13732,50045
95991,0,27082,13732,50045
96041,0,27082,13732,50045
96091,0,27082,13732,50045
96141,0,27082,13786,50045
96191,0,27082,13786,50045
96241,0,28071,13786,50045
96333,0,28071,13786,50019
96383,0,28071,13786,50019
96433,0,28071,13786,50019
96483,0,28071,13786,50019
96533,0,28071,13894,50019
96583,0,28071,13894,50019
96633,0,28580,13894,50019
96683,0,28580,13894,50019
96733,0,28580,13894,49988
96868,0,28580,13894,49988
96918,0,28580,14020,49988
96968,0,28580,14020,49988
97018,0,28580,14020,49988
97068,0,28580,14020,49988
97118,0,28580,14020,49942
97168,0,28580,14020,49942
97218,0,28580,14020,49942
97268,0,28071,14020,49942
97360,0,28071,14141,49942
97410,0,28071,14141,49942
97460,0,28580,14141,49942
97510,0,28580,14141,49904
97560,0,28580,14141,49904
97610,0,28580,14141,49904
97660,0,29120,14141,49904
97710,0,29120,14254,49904
97760,0,29120,14254,49904
97810,0,29120,14254,49904
97860,0,28580,14254,49904
97996,0,28580,14254,49866
98046,0,28071,14254,49866
98096,0,28071,14254,49866
98146,0,28071,14357,49866
98196,0,28071,14357,49866
98246,0,28580,14357,49866
98338,0,28580,14357,49830
98388,0,28580,14357,49830
98438,0,28580,14357,49830
98488,0,28580,14357,49830
98538,0,28580,14467,49830
98588,0,28580,14467,49830
98638,0,29120,14467,49830
98688,0,29120,14467,49830
98738,0,29120,14467,49784
98788,0,29120,14467,49784
98838,0,29692,14467,49784
98888,0,29692,14467,49784
98938,0,29692,14563,49784
98988,0,29692,14563,49784
99123,0,29120,14563,49754
99173,0,29120,14563,49754
99223,0,29120,14563,49754
99273,0,29120,14563,49754
99365,0,29120,14676,49754
99415,0,29120,14676,49754
99465,0,29120,14676,49754
99515,0,29120,14676,49726
99565,0,29120,14676,49726
99615,0,29120,14676,49726
99665,0,29120,14676,49726
99715,0,29120,14753,49726
99765,0,29120,14753,49726
99815,0,29120,14753,49726
99865,0,29692,14753,49726
99915,0,29692,14753,49701
99965,0,29692,14753,49701
100015,0,29692,14753,49701
100065,0,30263,14753,49701
100115,0,30263,14840,49701
100250,0,29692,14840,49701
100300,0,29692,14840,49701
100392,0,29692,14840,49680
100442,0,29692,14840,49680
100492,0,29692,14840,49680
100542,0,29692,14932,49680
100592,0,29692,14932,49680
100642,0,30263,14932,49680
100692,0,30263,14932,49680
100742,0,30263,14932,49652
100792,0,30263,14932,49652
100842,0,30881,14932,49652
100892,0,30881,14932,49652
100942,0,30881,15050,49652
100992,0,30881,15050,49652
101042,0,30263,15050,49652
101092,0,30263,15050,49652
101142,0,30263,15050,49620
101192,0,30263,15050,49620
101284,0,30263,15050,49620
101419,0,30263,15135,49620
101469,0,30881,15135,49620
101519,0,30881,15135,49620
101569,0,30881,15135,49588
101619,0,30881,15135,49588
101669,0,30881,15135,49588
101719,0,30881,15135,49588
101769,0,30881,15243,49588
101819,0,30881,15243,49588
101869,0,30881,15243,49588
101919,0,30881,15243,49588
101969,0,30881,15243,49552
102019,0,30881,15243,49552
102069,0,30881,15243,49552
102119,0,30881,15243,49552
102169,0,30881,15340,49552
102261,0,31498,15340,49552
102311,0,31498,15340,49552
102361,0,31498,15340,49525
102411,0,31498,15340,49525
102546,0,31498,15443,49525
102596,0,31498,15443,49525
102646,0,30881,15443,49525
102696,0,30881,15443,49525
102746,0,30881,15443,49493
102796,0,30881,15443,49493
102846,0,30881,15443,49493
102896,0,30881,15443,49493
102946,0,30881,15557,49493
102996,0,30881,15557,49493
103046,0,30881,15557,49493
103096,0,30881,15557,49493
103146,0,30881,15557,49461
103240,0,31498,15557,49461
103290,0,31498,15557,49461
103340,0,31498,15663,49461
103390,0,31498,15663,49461
103440,0,31498,15663,49461
103490,0,31498,15663,49461
103540,0,31498,15663,49461
103676,0,30881,15663,49451
103726,0,30881,15663,49451
103776,0,30881,15761,49451
103826,0,31498,15761,49451
103876,0,31498,15761,49451
103926,0,31498,15761,49451
103976,0,31498,15761,49416
104026,0,31498,15761,49416
104076,0,31498,15761,49416
104126,0,31498,15761,49416
104218,0,31498,15835,49416
104268,0,32162,15835,49416
104318,0,32162,15835,49416
104368,0,32162,15835,49405
104418,0,32162,15835,49405
104468,0,32162,15835,49405
104518,0,32162,15835,49405
104568,0,32162,15903,49405
104618,0,32162,15903,49405
104668,0,32162,15903,49405
104804,0,32162,15903,49384
104854,0,32162,15903,49384
104904,0,32162,15903,49384
104954,0,32162,15992,49384
105004,0,32162,15992,49384
105054,0,32842,15992,49384
105104,0,32842,15992,49384
105196,0,32842,15992,49356
105246,0,32842,15992,49356
105296,0,32842,15992,49356
105346,0,32842,15992,49356
105396,0,32842,16085,49356
105446,0,32842,16085,49356
105496,0,32842,16085,49356
105546,0,32842,16085,49356
105596,0,32842,16085,49329
105646,0,32842,16085,49329
105696,0,32842,16085,49329
105746,0,32842,16085,49329
105796,0,32842,16184,49329
105932,0,32842,16184,49329
105982,0,32842,16184,49285
106032,0,32842,16184,49285
106082,0,32842,16184,49285
106174,0,32842,16297,49285
106224,0,32984,16297,49285
106274,0,33126,16297,49285
106324,0,33268,16297,49285
106374,0,33410,16297,49262
106424,0,33552,16297,49262
106474,0,33552,16297,49262
106524,0,33552,16297,49262
106574,0,33552,16372,49262
106624,0,32842,16372,49262
106674,0,32842,16372,49262
106724,0,32842,16372,49262
106860,0,32842,16372,49250
106910,0,32842,16372,49250
106960,0,32842,16482,49250
107010,0,32842,16482,49250
107060,0,32842,16482,49250
107110,0,32842,16482,49250
107202,0,32842,16482,49237
107252,0,33552,16482,49237
107302,0,33552,16482,49237
107352,0,33552,16482,49237
107402,0,33552,16560,49237
107452,0,32842,16560,49237
107502,0,32842,16560,49237
107552,0,32842,16560,49237
107602,0,32842,16560,49203
107652,0,34309,16560,49203
107702,0,34309,16560,49203
107752,0,34309,16560,49203
107802,0,34309,16639,49203
107852,0,33552,16639,49203
107988,0,33552,16639,49160
108038,0,34309,16639,49160
108088,0,34309,16639,49160
108180,0,34309,16731,49160
108230,0,33552,16731,49160
108280,0,33552,16731,49160
108330,0,33552,16731,49160
108380,0,33552,16731,49147
108430,0,34309,16731,49147
108480,0,34309,16731,49147
108530,0,34309,16731,49147
108580,0,34309,16823,49147
108630,0,33552,16823,49147
108680,0,33552,16823,49147
108730,0,33552,16823,49147
108780,0,33552,16823,49135
108830,0,34309,16823,49135
108880,0,34309,16823,49135
108930,0,34309,16823,49135
108980,0,34309,16867,49135
109158,0,33552,16867,49135
109208,0,33552,16867,49106
109258,0,34309,16867,49106
109308,0,34309,16867,49106
109358,0,34309,16867,49106
109408,0,34309,16998,49106
109458,0,35081,16998,49106
109508,0,35081,16998,49106
109558,0,35081,16998,49106
109608,0,35081,16998,49071
109658,0,35081,16998,49071
109708,0,35081,16998,49071
109758,0,35081,16998,49071
109808,0,35081,17106,49071
109858,0,35081,17106,49071
109908,0,35081,17106,49071
109958,0,35081,17106,49071
110050,0,34309,17106,49060
110100,0,34309,17106,49060
110150,0,34309,17106,49060
110286,0,35081,17184,49060
110336,0,35081,17184,49060
110386,0,35081,17184,49060
110436,0,35081,17184,49045
110486,0,35081,17184,49045
110536,0,35081,17184,49045
110586,0,35081,17184,49045
110636,0,34309,17220,49045
110686,0,34309,17220,49045
110736,0,34309,17220,49045
110786,0,34309,17220,49045
110836,0,35081,17220,49002
110886,0,35081,17220,49002
110936,0,35081,17220,49002
111028,0,35899,12694,49002
111078,0,35899,12694,49002
111128,0,35899,12694,49002
111178,0,35899,12694,49002
111228,0,35081,12694,52026
111278,0,35081,12694,52026
111413,0,35081,231,52026
111463,0,35081,231,52026
111513,0,35081,231,52026
111563,0,35081,231,52026
111613,0,35081,231,52094
111663,0,34309,231,52094
111713,0,34309,231,52094
111763,0,34309,231,52094
111813,0,34309,129,52094
111863,0,33552,129,52094
111913,0,33552,129,52094
111963,0,33552,129,52094
112055,0,34309,129,52139
112105,0,34309,129,52139
112155,0,34309,129,52139
112205,0,34309,124,52139
112255,0,34309,124,52139
112305,0,34309,124,52139
112355,0,34309,124,52139
112405,0,34309,124,52175
112541,0,35081,124,52175
112591,0,35081,124,52175
112641,0,33552,121,52175
112691,0,33552,121,52175
112741,0,33552,121,52175
112791,0,33552,121,52175
112841,0,33552,121,52207
112891,0,33552,121,52207
112941,0,33552,121,52207
112991,0,33552,121,52207
113083,0,34309,120,52207
113133,0,34309,120,52207
113183,0,34309,120,52207
113233,0,33552,120,52234
113283,0,33552,120,52234
113333,0,33552,120,52234
113383,0,33552,120,52234
113433,0,33552,119,52234
113483,0,33552,119,52234
113533,0,33552,119,52234
113669,0,33552,119,52258
113719,0,33552,119,52258
113769,0,33552,119,52258
113819,0,33552,119,52258
113869,0,33552,119,52258
113919,0,33552,119,52258
113969,0,33552,119,52258
114019,0,33552,119,52280
114111,0,33552,119,52280
114161,0,33552,119,52280
114211,0,33552,119,52280
114261,0,33552,118,52280
114311,0,33552,118,52280
114361,0,33552,118,52280
114411,0,33552,118,52280
114461,0,33410,118,52300
114511,0,33268,118,52300
114561,0,33126,118,52300
114611,0,32984,118,52300
114661,0,32842,118,52300
114797,0,32842,118,52300
114847,0,32842,118,52318
114897,0,32842,118,52318
114947,0,32842,118,52318
114997,0,32842,118,52318
115047,0,33552,117,52318
115097,0,33552,117,52318
115190,0,33552,117,52318
115240,0,32842,117,52335
115290,0,32842,117,52335
115340,0,32842,117,52335
115390,0,32842,117,52335
115440,0,32842,117,52335
115490,0,32842,117,52335
115540,0,32842,117,52335
115590,0,32842,117,52335
115640,0,33552,117,52351
115690,0,33552,117,52351
115740,0,33552,117,52351
115790,0,33552,117,52351
115925,0,32842,117,52351
115975,0,32842,117,52351
116025,0,32162,117,52351
116075,0,32162,117,52366
116125,0,32162,117,52366
116217,0,32162,117,52366
116267,0,32162,117,52366
116317,0,32162,117,52366
116367,0,32162,117,52366
116417,0,32162,117,52366
116467,0,32162,117,52381
116517,0,32162,117,52381
116567,0,32162,117,52381
116617,0,32162,117,52381
116667,0,32162,117,52381
116717,0,32162,117,52381
116767,0,32162,117,52381
116817,0,32162,117,52381
116867,0,32162,117,52393
116917,0,32162,117,52393
117052,0,32162,118,52393
117102,0,32162,118,52393
117152,0,32162,118,52393
117202,0,32162,118,52393
117336,0,32372,118,52406
117386,0,32450,118,52406
117436,0,32529,117,52406
117486,0,32607,117,52406
117536,0,32685,117,52406
117586,0,32764,117,52406
117636,0,32842,117,52418
117686,0,32842,117,52418
117736,0,32842,117,52418
117786,0,32842,117,52418
117836,0,32162,117,52418
117886,0,32162,117,52418
117936,0,32162,117,52418
117986,0,32162,117,52418
118036,0,32162,117,52418
118086,0,32162,117,52431
118391,0,32162,117,52431
118441,0,32162,117,52441
118491,0,32162,117,52441
118583,0,32162,117,52441
118633,0,31498,117,52441
118683,0,31498,116,52441
118733,0,31498,116,52441
118783,0,31498,116,52441
118833,0,31498,116,52441
118883,0,31498,116,52452
118933,0,31498,116,52452
118983,0,31498,116,52452
119033,0,31498,116,52452
119083,0,31498,117,52452
119133,0,31498,117,52452
119183,0,31498,117,52452
119233,0,31498,117,52452
119283,0,31498,117,52463
119333,0,31498,117,52463
119383,0,31498,117,52463
119560,0,31498,117,52463
119652,0,31498,117,52473
119702,0,31498,117,52473
119752,0,31498,117,52473
119802,0,31498,117,52473
119852,0,32162,116,52473
119902,0,32162,116,52473
119952,0,32162,116,52473
120002,0,32162,116,52473
120052,0,31498,116,52481
120102,0,31498,116,52481
120152,0,31498,116,52481
120202,0,31498,116,52481
120252,0,31498,117,52481
120302,0,31498,117,52481
120352,0,31498,117,52481
120402,0,31498,117,52481
120452,0,30881,117,52490
120502,0,30881,117,52490
120596,0,30881,117,52490
120731,0,30263,116,52490
120781,0,30263,116,52490
120831,0,30263,116,52490
120881,0,30263,116,52499
120931,0,30263,116,52499
120981,0,30263,116,52499
121031,0,30881,116,52499
121081,0,30881,116,52499
121131,0,30881,116,52499
121181,0,30881,116,52499
121231,0,30881,116,52499
121281,0,30881,116,52508
121331,0,30881,116,52508
121381,0,30881,116,52508
121431,0,30263,116,52508
121481,0,30263,116,52508
121617,0,30263,116,52508
121667,0,30263,116,52517
121759,0,30263,116,52517
121809,0,30263,116,52517
121859,0,30263,116,52517
121909,0,30263,116,52517
121959,0,30263,116,52517
122009,0,30263,116,52517
122059,0,30263,116,52517
122109,0,30263,116,52525
122159,0,30263,116,52525
122209,0,30263,116,52525
122259,0,29692,116,52525
122309,0,29692,117,52525
122359,0,29692,117,52525
122409,0,29692,117,52525
122459,0,30263,117,52525
122509,0,30263,117,52533
122559,0,30263,117,52533
122609,0,30263,117,52533
122787,0,30263,116,52533
122837,0,30263,116,52533
122887,0,30263,116,52540
122937,0,30263,116,52540
122987,0,30263,116,52540
123037,0,29692,116,52540
123087,0,29692,116,52540
123137,0,29692,116,52540
123187,0,29692,116,52540
123237,0,29120,116,52540
123287,0,29120,116,52547
123337,0,29120,116,52547
123387,0,29120,116,52547
123437,0,29692,116,52547
123487,0,29692,116,52547
123537,0,29692,116,52547
123587,0,29692,116,52547
123637,0,29120,116,52547
123729,0,29120,116,52554
123779,0,29120,116,52554
123915,0,29120,116,52554
123965,0,29120,116,52554
124015,0,29120,116,52554
124065,0,29120,116,52554
124115,0,29120,116,52562
124165,0,29120,116,52562
124215,0,29120,116,52562
124265,0,28580,116,52562
124315,0,28580,115,52562
124365,0,28580,115,52562
124415,0,28580,115,52562
124465,0,28580,115,52562
124515,0,28580,115,52568
124565,0,28580,115,52568
124615,0,28580,115,52568
124665,0,28071,115,52568
124715,0,28071,115,52568
124807,0,28071,115,52568
124857,0,28071,115,52568
124907,0,28071,115,52575
125042,0,27561,115,52575
125092,0,27561,116,52575
125142,0,27561,116,52575
125192,0,27561,116,52575
125242,0,28071,116,52575
125292,0,28071,116,52582
125342,0,28071,116,52582
125392,0,28071,116,52582
125442,0,27082,116,52582
125492,0,27082,116,52582
125542,0,27082,116,52582
125592,0,27082,116,52582
125642,0,28071,116,52582
125692,0,28071,116,52587
125742,0,28071,116,52587
125834,0,27561,116,52587
125884,0,27561,116,52587
125934,0,27561,115,52587
125984,0,27561,115,52587
126034,0,27561,115,52587
126169,0,27561,115,52593
126219,0,27561,115,52593
126269,0,27082,115,52593
126319,0,27082,116,52593
126369,0,27082,116,52593
126419,0,27082,116,52593
126469,0,26619,116,52593
126519,0,26619,116,52585
126569,0,26619,116,52585
126619,0,26619,116,52585
126669,0,26619,116,52585
126719,0,26619,200,52585
126769,0,26619,200,52585
126861,0,27082,200,52585
126911,0,27082,200,52591
126961,0,27082,200,52591
127011,0,27082,200,52591
127061,0,26156,200,52591
127111,0,26156,193,52591
127161,0,26156,193,52591
127296,0,26619,193,52591
127346,0,26619,193,52597
127396,0,26619,193,52597
127446,0,26619,193,52597
127496,0,26619,193,52597
127546,0,26619,200,52597
127596,0,26619,200,52597
127646,0,25724,200,52597
127696,0,25724,200,52597
127746,0,25724,200,52584
127796,0,25724,200,52584
127888,0,25724,200,52584
127938,0,25724,342,52584
127988,0,25724,342,52584
128038,0,25307,342,52584
128088,0,25307,342,52584
128138,0,25307,342,52574
128188,0,25307,342,52574
128238,0,25307,342,52574
128288,0,25307,342,52574
128424,0,25724,375,52574
128474,0,25724,375,52574
128524,0,25724,375,52580
128574,0,25724,375,52580
128624,0,25724,375,52580
128674,0,25724,375,52580
128724,0,25724,372,52580
128774,0,25724,372,52580
128824,0,24890,372,52580
128874,0,24890,372,52580
128966,0,24890,372,52585
129016,0,24890,372,52585
129066,0,24890,372,52585
129116,0,24890,368,52585
129166,0,24890,368,52585
129216,0,24890,368,52585
129266,0,24504,368,52585
129316,0,24504,368,52589
129366,0,24504,368,52589
129416,0,24504,368,52589
129551,0,24890,367,52589
129601,0,24890,367,52589
129651,0,24890,367,52589
129701,0,24890,367,52589
129751,0,24890,367,52594
129801,0,24890,367,52594
129851,0,24118,367,52594
129901,0,24118,367,52594
129993,0,24118,796,52594
130043,0,24118,796,52594
130093,0,24118,796,52594
130143,0,24118,796,50475
130193,0,24118,796,50475
130243,0,24118,796,50475
130293,0,24118,796,50475
130343,0,24118,12284,50475
130393,0,24118,12284,50475
130443,0,24504,12284,50475
130493,0,24504,12284,50475
130543,0,24504,12284,50419
130679,0,24504,12284,50419
130729,0,24504,12443,50419
130779,0,24504,12443,50419
130829,0,24890,12443,50419
130879,0,24890,12443,50419
130929,0,24890,12443,50384
131021,0,24890,12443,50384
131071,0,24890,12443,50384
131121,0,24890,12443,50384
131171,0,24890,12539,50384
131221,0,24890,12539,50384
131271,0,24890,12539,50384
131321,0,24890,12539,50384
131371,0,24890,12539,50329
131421,0,24890,12539,50329
131471,0,24890,12539,50329
131521,0,24890,12539,50329
131571,0,24890,12597,50329
131621,0,24890,12597,50329
131671,0,25307,12597,50329
131807,0,25307,12597,50304
131857,0,25724,12597,50304
131907,0,25724,12597,50304
131999,0,25724,12690,50304
132049,0,25307,12690,50304
132099,0,25307,12690,50304
132149,0,25307,12690,50256
132199,0,25307,12690,50256
132249,0,25307,12690,50256
132299,0,25307,12690,50256
132349,0,25307,12797,50256
132399,0,25307,12797,50256
132449,0,25724,12797,50256
132499,0,25724,12797,50256
132549,0,25724,12797,50217
132599,0,25724,12797,50217
132649,0,25724,12797,50217
132699,0,25724,12797,50217
132749,0,25724,12862,50217
132799,0,25724,12862,50217
132977,0,25724,12862,50191
133027,0,25724,12862,50191
133077,0,25724,12862,50191
133127,0,25724,12862,50191
133177,0,25724,12999,50191
133227,0,26156,12999,50191
133277,0,26156,12999,50191
133327,0,26156,12999,50191
133377,0,26156,12999,50145
133427,0,26156,12999,50145
133477,0,26156,12999,50145
133527,0,26156,12999,50145
133577,0,26156,13174,50145
133627,0,26619,13174,50145
133677,0,26619,13174,50145
133727,0,26619,13174,50145
133777,0,26619,13174,50096
133869,0,26156,13174,50096
133919,0,26156,13174,50096
133969,0,26156,13228,50096
134104,0,26156,13228,50096
134154,0,26156,13228,50072
134204,0,26156,13228,50072
134254,0,26156,13228,50072
134304,0,26156,13228,50072
134354,0,26156,13339,50072
134404,0,26156,13339,50072
134454,0,26619,13339,50072
134504,0,26619,13339,50072
134554,0,26619,13339,50053
134604,0,26619,13339,50053
134654,0,26619,13339,50053
134704,0,26619,13339,50053
134754,0,26619,13491,50053
134846,0,26156,13491,50053
134896,0,26156,13491,50053
134946,0,26156,13491,50053
134996,0,26156,13491,50012
135046,0,27082,13491,50012
135096,0,27082,13491,50012
135232,0,26619,13601,50012
135282,0,26619,13601,50012
135332,0,26619,13601,50012
135382,0,26619,13601,49968
135432,0,27082,13601,49968
135482,0,27082,13601,49968
135532,0,27082,13601,49968
135582,0,27082,13713,49968
135632,0,27082,13713,49968
135682,0,27082,13713,49968
135732,0,27082,13713,49968
135824,0,27561,13713,49937
135874,0,27561,13713,49937
135924,0,27561,13713,49937
135974,0,27561,13834,49937
136024,0,27561,13834,49937
136160,0,27561,13834,49937
136210,0,27561,13834,49914
136260,0,27561,13834,49914
136310,0,27561,13834,49914
136360,0,27561,13834,49914
136410,0,27561,13970,49914
136460,0,27561,13970,49914
136510,0,27561,13970,49914
136560,0,27561,13970,49914
136610,0,27561,13970,49865
136660,0,28071,13970,49865
136710,0,28071,13970,49865
136802,0,28071,14101,49865
136852,0,28071,14101,49865
136902,0,28071,14101,49865
136952,0,28071,14101,49865
137002,0,28071,14101,49835
137052,0,28071,14101,49835
137102,0,28071,14101,49835
137152,0,28071,14101,49835
137288,0,28071,14237,49835
137338,0,28071,14237,49835
137388,0,28071,14237,49781
137438,0,28071,14237,49781
137488,0,28071,14237,49781
137538,0,28071,14237,49781
137588,0,28071,14365,49781
137638,0,28580,14365,49781
137688,0,28580,14365,49781
137780,0,28580,14365,49761
137830,0,28580,14365,49761
137880,0,28580,14365,49761
137930,0,28580,14365,49761
137980,0,28580,14491,49761
138030,0,29120,14491,49761
138080,0,29120,14491,49761
138130,0,29120,14491,49761
138180,0,29120,14491,49738
138230,0,29120,14491,49738
138280,0,29120,14491,49738
138417,0,29120,14560,49738
138467,0,29120,14560,49738
138517,0,29120,14560,49738
138567,0,29120,14560,49738
138617,0,29120,14560,49707
138667,0,28580,14560,49707
138759,0,28580,14560,49707
138809,0,28580,14663,49707
138859,0,29120,14663,49707
138909,0,29120,14663,49707
138959,0,29120,14663,49707
139009,0,29120,14663,49681
139059,0,29120,14663,49681
139109,0,29120,14663,49681
139159,0,29120,14663,49681
139209,0,29120,14815,49681
139259,0,29120,14815,49681
139309,0,29120,14815,49681
139359,0,29120,14815,49681
139409,0,29120,14815,49649
139544,0,29120,14815,49649
139594,0,29120,14955,49649
139644,0,29692,14955,49649
139736,0,29692,14955,49649
139786,0,29692,14955,49608
139836,0,29692,14955,49608
139886,0,29692,14955,49608
139936,0,29692,14955,49608
139986,0,29692,15108,49608
140036,0,29692,15108,49608
140086,0,29692,15108,49608
140136,0,29692,15108,49608
140186,0,29692,15108,49584
140236,0,29692,15108,49584
140286,0,29692,15108,49584
140336,0,29692,15108,49584
140386,0,29692,15164,49584
140436,0,29692,15164,49584
140486,0,29692,15164,49584
140536,0,29692,15164,49584
140714,0,29692,15164,49561
140764,0,29692,15164,49561
140814,0,29692,15253,49561
140864,0,30263,15253,49561
140914,0,30263,15253,49561
140964,0,30263,15253,49561
141014,0,30263,15253,49524
141064,0,30263,15253,49524
141114,0,30263,15253,49524
141164,0,30263,15253,49524
141214,0,30263,15379,49524
141264,0,30263,15379,49524
141314,0,30263,15379,49524
141364,0,30263,15379,49524
141414,0,30263,15379,49497
141464,0,30263,15379,49497
141514,0,30263,15379,49497
141606,0,30263,15485,49497
141656,0,30881,15485,49497
141706,0,30881,15485,49497
141841,0,30263,15485,49474
141891,0,30263,15485,49474
141941,0,30263,15485,49474
141991,0,30263,15485,49474
142041,0,30881,15583,49474
142091,0,30881,15583,49474
142141,0,30881,15583,49474
142191,0,30881,15583,49474
142241,0,30881,15583,49449
142291,0,30881,15583,49449
142341,0,30881,15583,49449
142391,0,30881,15583,49449
142441,0,30881,15650,49449
142491,0,30881,15650,49449
142583,0,30881,15650,49449
142633,0,30881,15650,49421
142683,0,30881,15650,49421
142733,0,30881,15650,49421
142783,0,30881,15650,49421
142833,0,31498,15705,49421
142968,0,31498,15705,49421
143018,0,31498,15705,49397
143068,0,30881,15705,49397
143118,0,30881,15705,49397
143168,0,30881,15705,49397
143218,0,30881,15818,49397
143268,0,30881,15818,49397
143318,0,30881,15818,49397
143368,0,30881,15818,49397
143418,0,30881,15818,49367
143468,0,31498,15818,49367
143560,0,31498,15818,49367
143610,0,31498,15914,49367
143660,0,31498,15914,49367
143710,0,31498,15914,49367
143760,0,31498,15914,49367
143810,0,31498,15914,49347
143860,0,31498,15914,49347
143910,0,31498,15914,49347
143960,0,31498,15914,49347
144096,0,30881,15997,49347
144146,0,30881,15997,49347
144196,0,30881,15997,49347
144246,0,32162,15997,49308
144296,0,32162,15997,49308
144346,0,32162,15997,49308
144396,0,32162,15997,49308
144446,0,31498,16087,49308
144538,0,31498,16087,49308
144588,0,31498,16087,49308
144638,0,31498,16087,49290
144688,0,31498,16087,49290
144738,0,31498,16087,49290
144788,0,31498,16087,49290
144838,0,32162,16186,49290
144888,0,32162,16186,49290
144938,0,32162,16186,49290
144988,0,32162,16186,49290
145038,0,32162,16186,49279
145088,0,32162,16186,49279
145223,0,32162,16245,49279
145273,0,32162,16245,49279
145323,0,32162,16245,49279
145373,0,32162,16245,49279
145423,0,32162,16245,49252
145473,0,32162,16245,49252
145565,0,32162,16245,49252
145615,0,32162,16245,49252
145665,0,32162,16298,49252
145715,0,32162,16298,49252
145765,0,32162,16298,49252
145815,0,32162,16298,49252
145865,0,32842,16298,49242
145915,0,32842,16298,49242
145965,0,32842,16298,49242
146015,0,32842,16298,49242
146065,0,32162,16363,49242
146115,0,32162,16363,49242
146165,0,32162,16363,49242
146215,0,32162,16363,49242
146351,0,32162,16363,49232
146401,0,32162,16363,49232
146451,0,32162,16376,49232
146543,0,32162,16376,49232
146593,0,32162,16376,49232
146643,0,32162,16376,49216
146693,0,32162,16376,49216
146743,0,32162,16376,49216
146793,0,32162,16376,49216
146843,0,32162,16438,49216
146893,0,32162,16438,49216
146943,0,32162,16438,49216
146993,0,32162,16438,49216
147043,0,32162,16438,49182
147093,0,32162,16438,49182
147143,0,32162,16438,49182
147193,0,32162,16438,49182
147243,0,32842,16550,49182
147293,0,32842,16550,49182
147343,0,32842,16550,49182
147521,0,32162,16550,49145
147571,0,32162,16550,49145
147621,0,32162,16550,49145
147671,0,32842,16653,49145
147721,0,32842,16653,49145
147771,0,32842,16653,49145
147821,0,32842,16653,49145
147871,0,32162,16653,49120
147921,0,32162,16653,49120
147971,0,32162,16653,49120
148021,0,32162,16653,49120
148071,0,32842,16725,49120
148121,0,32842,16725,49120
148171,0,32842,16725,49120
148221,0,32842,16725,49120
148271,0,33552,16725,49110
148321,0,33552,16725,49110
148413,0,33552,16725,49110
148463,0,33552,16759,49110
148513,0,33552,16759,49110
148648,0,34309,16759,49108
148698,0,34309,16759,49108
148748,0,34309,16759,49108
148798,0,34309,16759,49108
148848,0,33552,16809,49108
148898,0,33552,16809,49108
148948,0,33552,16809,49108
148998,0,33552,16809,49108
149048,0,33552,16809,49092
149098,0,33552,16809,49092
149148,0,33552,16809,49092
149198,0,33552,16809,49092
149248,0,34309,16894,49092
149298,0,34309,16894,49092
149432,0,33552,16894,49092
149482,0,33552,16894,49061
149532,0,33552,16894,49061
149582,0,33552,16894,49061
149632,0,33552,16894,49061
149682,0,33552,16962,49061
149987,0,32842,16962,49034
150037,0,33552,16962,49034
150087,0,33552,17001,49034
150137,0,33552,17001,49034
150187,0,33552,17001,49034
150237,0,33552,17001,49034
150287,0,33552,17001,49036
150337,0,33552,17001,49036
150387,0,33552,17001,49036
150437,0,34309,17001,49036
150487,0,34309,17018,49036
150579,0,34309,17018,49036
150629,0,34309,17018,49036
150679,0,34309,17018,49029
150729,0,34309,17018,49029
150779,0,34309,17018,49029
150956,0,34309,17086,49029
151006,0,34309,17086,49029
151056,0,33552,17086,48980
151106,0,33552,17086,48980
151156,0,33552,17086,48980
151206,0,33552,17086,48980
151256,0,34309,17205,48980
151306,0,34309,17205,48980
151356,0,34309,17205,48980
151406,0,34309,17205,48980
151456,0,34309,17205,48967
151506,0,34309,17205,48967
151598,0,34309,17205,48967
151648,0,33552,17205,48967
151698,0,33552,17266,48967
151748,0,33552,17266,48967
151798,0,33552,17266,48967
151848,0,35081,17266,48967
151898,0,35081,17266,48966
151948,0,35081,17266,48966
152084,0,34309,17287,48966
152134,0,34309,17287,48966
152184,0,34309,17287,48966
152234,0,35081,17287,48966
152284,0,35081,17287,48942
152334,0,35081,17287,48942
152384,0,35081,17287,48942
152434,0,34309,17287,48942
152484,0,34309,17377,48942
152576,0,34309,17377,48942
152626,0,34309,17377,48942
152676,0,34309,17377,48911
152726,0,34309,17377,48911
152776,0,34309,17377,48911
152826,0,35081,17377,48911
152876,0,35081,7534,48911
152926,0,35081,7534,48911
152976,0,35081,7534,48911
153026,0,34309,7534,48911
153076,0,34309,7534,51881
153211,0,34309,7534,51881
153261,0,34309,7534,51881
153311,0,34309,190,51881
153361,0,34309,190,51881
153411,0,34309,190,51881
153461,0,33552,190,51881
153511,0,33552,190,51943
153603,0,33552,190,51943
153653,0,33552,190,51943
153703,0,33552,129,51943
153753,0,33552,129,51943
153803,0,33552,129,51943
153853,0,33552,129,51943
153903,0,33552,129,51987
153953,0,33552,129,51987
154003,0,33552,129,51987
154053,0,33552,129,51987
154103,0,33552,123,51987
154153,0,33552,123,51987
154203,0,33552,123,51987
154339,0,34309,123,52024
154389,0,34309,123,52024
154439,0,32842,123,52024
154489,0,32842,122,52024
154539,0,32842,122,52024
154631,0,32842,122,52024
154681,0,32842,122,52056
154731,0,32842,122,52056
154781,0,32842,122,52056
154831,0,32842,122,52056
154881,0,32842,121,52056
154931,0,32842,121,52056
154981,0,32842,121,52056
155031,0,32162,121,52056
155081,0,32162,121,52083
155131,0,32162,121,52083
155181,0,32162,121,52083
155231,0,32162,121,52083
155281,0,32162,119,52083
155331,0,32162,119,52083
155468,0,32162,119,52083
155518,0,32162,119,52107
155568,0,32162,119,52107
155660,0,31498,119,52107
155710,0,31498,119,52107
155760,0,31498,119,52107
155810,0,31498,119,52107
155860,0,31498,119,52107
155910,0,31498,119,52130
155960,0,31498,119,52130
156010,0,31498,119,52130
156060,0,31498,119,52130
156110,0,31498,118,52130
156160,0,31498,118,52130
156210,0,31498,118,52130
156260,0,31498,118,52130
156310,0,31498,118,52150
156360,0,31498,118,52150
156410,0,31498,118,52150
156460,0,31498,118,52150
156596,0,31498,118,52150
156688,0,30881,118,52169
156738,0,30881,118,52169
156788,0,30881,118,52169
156838,0,30881,118,52169
156888,0,30881,118,52169
156938,0,30881,118,52169
156988,0,30881,118,52169
157038,0,30881,118,52169
157088,0,30881,118,52187
157138,0,30881,118,52187
157188,0,30881,118,52187
157238,0,30881,118,52187
157288,0,30881,117,52187
157338,0,30881,117,52187
157388,0,30881,117,52187
157438,0,30881,117,52187
157488,0,30881,117,52202
157538,0,30881,117,52202
157588,0,30881,117,52202
157766,0,30263,118,52202
157816,0,30263,118,52202
157866,0,30881,118,52202
157916,0,30881,118,52219
157966,0,30881,118,52219
158016,0,30881,118,52219
158066,0,30263,118,52219
158116,0,30263,118,52219
158166,0,30263,118,52219
158216,0,30263,118,52219
158266,0,30263,118,52219
158316,0,30263,118,52233
158366,0,30263,118,52233
158416,0,30263,118,52233
158466,0,29692,118,52233
158516,0,29692,117,52233
158566,0,29692,117,52233
158616,0,29692,117,52233
158708,0,30263,117,52247
158758,0,30263,117,52247
158893,0,29692,117,52247
158943,0,29692,117,52247
158993,0,29692,117,52247
159043,0,29692,117,52247
159093,0,29692,117,52260
159143,0,29692,117,52260
159193,0,29692,117,52260
159243,0,29692,117,52260
159293,0,29692,117,52260
159343,0,29692,117,52260
159393,0,29692,117,52260
159443,0,29692,117,52260
159493,0,29692,117,52260
159543,0,29692,117,52274
159593,0,29692,117,52274
159643,0,29120,117,52274
159735,0,29120,117,52274
159785,0,29120,117,52274
159835,0,29692,117,52274
159885,0,29692,117,52274
160021,0,29692,117,52286
160071,0,29692,117,52286
160121,0,29692,117,52286
160171,0,29692,117,52286
160221,0,29692,117,52286
160271,0,29120,117,52286
160321,0,29120,117,52297
160371,0,29120,117,52297
160421,0,29120,117,52297
160471,0,29120,117,52297
160521,0,29120,118,52297
160571,0,29120,118,52297
160621,0,29120,118,52297
160671,0,29120,118,52297
160721,0,29120,118,52308
160813,0,29120,118,52308
160863,0,29692,118,52308
160913,0,29692,117,52308
160963,0,29692,117,52308
161013,0,29692,117,52308
161149,0,29120,117,52319
161199,0,29120,117,52319
161249,0,29120,117,52319
161299,0,29120,117,52319
161349,0,29120,118,52319
161399,0,29120,118,52319
161449,0,29120,118,52319
161499,0,29120,118,52319
161549,0,29120,118,52330
161599,0,29120,118,52330
161649,0,29120,118,52330
161699,0,29120,118,52330
161749,0,29120,117,52330
161841,0,28580,117,52330
161891,0,28580,117,52330
161941,0,28580,117,52339
161991,0,28580,117,52339
162041,0,29120,117,52339
162091,0,29120,117,52339
162141,0,29120,117,52339
162277,0,28071,117,52339
162327,0,28071,117,52348
162377,0,28071,117,52348
162427,0,28071,117,52348
162477,0,28071,117,52348
162527,0,28071,117,52348
162577,0,28071,117,52348
162627,0,28071,117,52348
162677,0,28071,117,52348
162727,0,28071,117,52357
162777,0,28071,117,52357
162869,0,27561,117,52357
162919,0,27561,117,52357
162969,0,27561,117,52357
163019,0,27561,117,52357
163069,0,27561,117,52357
163119,0,27561,117,52357
163169,0,27561,117,52366
163219,0,27561,117,52366
163269,0,28071,117,52366
163404,0,28071,116,52366
163454,0,27561,116,52366
163504,0,27561,116,52366
163554,0,27561,116,52361
163604,0,27561,116,52361
163654,0,27561,116,52361
163704,0,27561,116,52361
163754,0,27561,198,52361
163804,0,27561,198,52361
163896,0,28071,198,52361
163946,0,28071,198,52369
163996,0,28071,198,52369
164046,0,28071,198,52369
164096,0,28071,198,52369
164146,0,28071,193,52369
164196,0,28071,193,52369
164246,0,28071,193,52369
164296,0,28071,193,52369
164346,0,28071,193,52378
164396,0,28071,193,52378
164532,0,27561,204,52378
164582,0,27561,204,52378
164632,0,26619,204,52378
164682,0,26619,204,52378
164732,0,26619,204,52369
164782,0,26619,204,52369
164832,0,27082,204,52369
164882,0,27082,204,52369
164974,0,27082,347,52369
165024,0,27082,347,52369
165074,0,27082,347,52369
165124,0,27082,347,52369
165174,0,27082,347,52361
165224,0,26619,347,52361
165274,0,26619,347,52361
165324,0,26619,347,52361
165459,0,27082,366,52361
165509,0,27082,366,52361
165559,0,27082,366,52368
165609,0,27082,366,52368
165659,0,27082,366,52368
165709,0,27082,366,52368
165759,0,27082,374,52368
165809,0,27082,374,52368
165859,0,27082,374,52368
165909,0,27082,374,52368
166001,0,27082,374,52377
166051,0,26619,374,52377
166101,0,26619,374,52377
166151,0,26619,368,52377
166201,0,26619,368,52377
166251,0,26619,368,52377
166301,0,26619,368,52377
166351,0,26619,368,52383
166401,0,26619,368,52383
166451,0,26156,368,52383
166586,0,26156,367,52383
166636,0,26619,367,52383
166686,0,26619,367,52383
166736,0,26619,367,52383
166786,0,26619,367,52389
166836,0,26619,367,52389
166886,0,26619,367,52389
166936,0,26619,367,52389
167028,0,26619,1121,52389
167078,0,26619,1121,52389
167128,0,26619,1121,52389
167178,0,26619,1121,50167
167228,0,26619,1121,50167
167278,0,26619,1121,50167
167328,0,26619,1121,50167
167378,0,26619,13229,50167
167428,0,27082,13229,50167
167478,0,27082,13229,50167
167528,0,27082,13229,50167
167578,0,27082,13229,50119
167714,0,26156,13229,50119
167764,0,26156,13491,50119
167814,0,26156,13491,50119
167864,0,26619,13491,50119
167914,0,26619,13491,50119
167964,0,26619,13491,50061
168056,0,26619,13491,50061
168106,0,26619,13491,50061
168156,0,26619,13491,50061
168206,0,26619,13667,50061
168256,0,26619,13667,50061
168306,0,26619,13667,50061
168356,0,26619,13667,50061
168406,0,26619,13667,49998
168456,0,27561,13667,49998
168506,0,27561,13667,49998
168556,0,27561,13667,49998
168606,0,27561,13781,49998
168656,0,27561,13781,49998
168706,0,27561,13781,49998
168841,0,28071,13781,49950
168891,0,28071,13781,49950
168941,0,28071,13781,49950
169033,0,28071,13868,49950
169083,0,28071,13868,49950
169133,0,28071,13868,49950
169183,0,28071,13868,49926
169233,0,28071,13868,49926
169283,0,28071,13868,49926
169333,0,28071,13868,49926
169383,0,28071,13965,49926
169433,0,27561,13965,49926
169483,0,27561,13965,49926
169533,0,27561,13965,49926
169583,0,27561,13965,49887
169633,0,28071,13965,49887
169683,0,28071,13965,49887
169733,0,28071,13965,49887
169783,0,28071,14092,49887
169833,0,28580,14092,49887
170011,0,28580,14092,49849
170061,0,28071,14092,49849
170111,0,28071,14092,49849
170161,0,28071,14092,49849
170211,0,28071,14244,49849
170261,0,28071,14244,49849
170311,0,28071,14244,49849
170361,0,28071,14244,49849
170411,0,28071,14244,49804
170461,0,28580,14244,49804
170511,0,28580,14244,49804
170561,0,28580,14244,49804
170611,0,28580,14391,49804
170661,0,28580,14391,49804
170711,0,28580,14391,49804
170761,0,28580,14391,49804
170811,0,28580,14391,49767
170903,0,29120,14391,49767
170953,0,29120,14391,49767
171003,0,29120,14540,49767
171138,0,29120,14540,49767
171188,0,29120,14540,49715
171238,0,29120,14540,49715
171288,0,29120,14540,49715
171338,0,29120,14540,49715
171388,0,29120,14630,49715
171438,0,29692,14630,49715
171488,0,29692,14630,49715
171538,0,29692,14630,49715
171588,0,29692,14630,49677
171638,0,30263,14630,49677
171688,0,30263,14630,49677
171738,0,30263,14630,49677
171788,0,30263,14745,49677
171880,0,29692,14745,49677
171930,0,29692,14745,49677
171980,0,29692,14745,49636
172030,0,29692,14745,49636
172080,0,29692,14745,49636
172130,0,29692,14745,49636
172265,0,30263,14880,49636
172315,0,30263,14880,49636
172365,0,30263,14880,49636
172415,0,30263,14880,49612
172465,0,29692,14880,49612
172515,0,29692,14880,49612
172565,0,29692,14880,49612
172615,0,29692,14985,49612
172665,0,30263,14985,49612
172715,0,30263,14985,49612
172765,0,30263,14985,49612
172857,0,30881,14985,49566
172907,0,30881,14985,49566
172957,0,30881,14985,49566
173007,0,30881,15135,49566
173057,0,30881,15135,49566
173107,0,30881,15135,49566
173157,0,30881,15135,49566
173207,0,30881,15135,49530
173257,0,30881,15135,49530
173394,0,30881,15135,49530
173444,0,30881,15258,49530
173494,0,30881,15258,49530
173544,0,30881,15258,49530
173594,0,30881,15258,49530
173644,0,31498,15258,49503
173694,0,31498,15258,49503
173744,0,31498,15258,49503
173836,0,31498,15363,49503
173886,0,31498,15363,49503
173936,0,31498,15363,49503
173986,0,31498,15363,49503
174036,0,31498,15363,49461
174086,0,31498,15363,49461
174136,0,31498,15363,49461
174186,0,31498,15363,49461
174236,0,31498,15493,49461
174286,0,31498,15493,49461
174336,0,31498,15493,49461
174386,0,31498,15493,49461
174521,0,31498,15493,49424
174571,0,31498,15493,49424
174621,0,31498,15598,49424
174671,0,31498,15598,49424
174721,0,31498,15598,49424
174813,0,31498,15598,49406
174863,0,31538,15598,49406
174913,0,31577,15598,49406
174963,0,31617,15598,49406
175013,0,31657,15726,49406
175063,0,31697,15726,49406
175113,0,31736,15726,49406
175163,0,31776,15726,49406
175213,0,31816,15726,49387
175263,0,31855,15726,49387
175313,0,31895,15726,49387
175363,0,31935,15726,49387
175413,0,31975,15784,49387
175463,0,32014,15784,49387
175513,0,32054,15784,49387
175649,0,32162,15784,49361
175699,0,32162,15784,49361
175749,0,32162,15784,49361
175799,0,32162,15784,49361
175891,0,32162,15864,49361
175941,0,32162,15864,49361
175991,0,32162,15864,49361
176041,0,32162,15864,49341
176091,0,32162,15864,49341
176141,0,32162,15864,49341
176191,0,32162,15864,49341
176241,0,32842,15979,49341
176291,0,32842,15979,49341
176341,0,32842,15979,49341
176391,0,32842,15979,49341
176441,0,32842,15979,49311
176491,0,32842,15979,49311
176541,0,32842,15979,49311
176591,0,32842,15979,49311
176641,0,32842,16040,49311
176777,0,32842,16040,49311
176869,0,32162,16040,49304
176919,0,32162,16040,49304
176969,0,32162,16040,49304
177019,0,32162,16093,49304
177069,0,32162,16093,49304
177119,0,32162,16093,49304
177169,0,32162,16093,49304
177219,0,32162,16093,49279
177269,0,32842,16093,49279
177319,0,32842,16093,49279
177369,0,32842,16093,49279
177419,0,32842,16143,49279
177469,0,32162,16143,49279
177519,0,32162,16143,49279
177569,0,32162,16143,49279
177619,0,32162,16143,49252
177669,0,32842,16143,49252
177761,0,32842,16143,49252
177811,0,32842,16143,49252
177946,0,32842,16229,49252
177996,0,32842,16229,49252
178046,0,32842,16229,49219
178096,0,32842,16229,49219
178146,0,32842,16229,49219
178196,0,32842,16229,49219
178246,0,33552,16381,49219
178296,0,33552,16381,49219
178346,0,33552,16381,49219
178396,0,33552,16381,49219
178446,0,33552,16381,49196
178496,0,33552,16381,49196
178546,0,33552,16381,49196
178596,0,33552,16381,49196
178646,0,33552,16395,49196
178738,0,33552,16395,49196
178788,0,33552,16395,49196
178838,0,34309,16395,49170
178888,0,34309,16395,49170
178938,0,34309,16395,49170
179074,0,33552,16469,49170
179124,0,33552,16469,49170
179174,0,33552,16469,49170
179224,0,34309,16469,49170
179274,0,34309,16469,49161
179324,0,34309,16469,49161
179374,0,34309,16469,49161
179424,0,33552,16469,49161
179474,0,33552,16490,49161
179524,0,33552,16490,49161
179574,0,33552,16490,49161
179624,0,33552,16490,49161
179717,0,33552,16490,49113
179767,0,33552,16490,49113
179817,0,33552,16490,49113
179867,0,32842,16552,49113
180003,0,32842,16552,49113
180053,0,33552,16552,49114
180103,0,33552,16552,49114
180153,0,33552,16552,49114
180203,0,33552,16552,49114
180253,0,33552,16654,49114
180303,0,33552,16654,49114
180353,0,33552,16654,49114
180403,0,33552,16654,49114
180453,0,34309,16654,49102
180503,0,34309,16654,49102
180553,0,34309,16654,49102
180603,0,34309,16654,49102
180696,0,33552,16664,49102
180746,0,33552,16664,49102
180796,0,33552,16664,49102
180846,0,33552,16664,49102
180896,0,33552,16664,49102
180946,0,33552,16664,49102
180996,0,33552,16664,49102
181131,0,34309,16664,49102
181181,0,34309,16664,49102
181231,0,33552,16664,49102
181281,0,33552,16664,49099
181331,0,33552,16664,49099
181381,0,33552,16664,49099
181431,0,33552,16664,49099
181481,0,33552,16654,49099
181531,0,33552,16654,49099
181581,0,33552,16654,49099
181715,0,33552,16654,49044
181765,0,33552,16654,49044
181815,0,33552,16654,49044
181865,0,32842,16755,49044
181915,0,32842,16755,49044
181965,0,32842,16755,49044
182015,0,32842,16755,49044
182065,0,32842,16755,49027
182115,0,32842,16755,49027
182165,0,32842,16755,49027
182470,0,33552,16836,49019
182520,0,33552,16836,49019
182570,0,33552,16836,49019
182620,0,33552,16836,49019
182670,0,34309,16931,49019
182720,0,34309,16931,49019
182770,0,34309,16931,49019
182862,0,33552,16931,49013
182912,0,33552,16931,49013
182962,0,33552,16931,49013
183012,0,33552,16931,49013
183062,0,33552,16960,49013
183112,0,33552,16960,49013
183162,0,33552,16960,49013
183212,0,33552,16960,49013
183262,0,34309,16960,48984
183312,0,34309,16960,48984
183362,0,34309,16960,48984
183412,0,34309,16960,48984
183462,0,34309,17014,48984
183639,0,33552,17014,48984
183689,0,33552,17014,48947
183739,0,33552,17014,48947
183789,0,33552,17014,48947
183839,0,33552,17014,48947
183931,0,33552,3345,48947
183981,0,33552,3345,48947
184031,0,34309,3345,48947
184081,0,34309,3345,51839
184131,0,34309,3345,51839
184181,0,34309,3345,51839
184231,0,33552,3345,51839
184281,0,33552,159,51839
184331,0,33552,159,51839
184381,0,33552,159,51839
184431,0,33552,159,51839
184481,0,33552,159,51893
184531,0,33552,159,51893
184581,0,33552,159,51893
184631,0,33552,159,51893
184767,0,33552,128,51893
184817,0,33552,128,51893
184909,0,32842,128,51935
184959,0,32842,128,51935
185009,0,32842,128,51935
185059,0,32842,128,51935
185109,0,32842,123,51935
185159,0,32842,123,51935
185209,0,32842,123,51935
185259,0,33552,123,51935
185309,0,33552,123,51969
185359,0,33552,123,51969
185409,0,33552,123,51969
185459,0,33552,123,51969
185509,0,33552,120,51969
185559,0,33552,120,51969
185609,0,33552,120,51969
185659,0,33552,120,51969
185709,0,33552,120,51998
185759,0,33552,120,51998
185895,0,32842,120,51998
185987,0,32842,120,51998
186037,0,32842,120,51998
186087,0,32842,120,52024
186137,0,32842,120,52024
186187,0,32842,120,52024
186237,0,32162,120,52024
186287,0,32162,120,52024
186337,0,32162,120,52024
186387,0,32162,120,52024
186437,0,32162,120,52024
186487,0,32162,120,52048
186537,0,32162,120,52048
186587,0,32162,120,52048
186637,0,32842,120,52048
186687,0,32842,275,52048
186737,0,32842,275,52048
186787,0,32842,275,52048
186837,0,32842,275,52048
186929,0,32842,275,52055
187064,0,32162,275,52055
187114,0,32162,196,52055
187164,0,32162,196,52055
187214,0,32162,196,52055
187264,0,31498,196,52055
187314,0,31498,196,52075
187364,0,31498,196,52075
187414,0,31498,196,52075
187464,0,32162,196,52075
187514,0,32162,194,52075
187564,0,32162,194,52075
187614,0,32162,194,52075
187664,0,32842,194,52075
187714,0,32842,194,52093
187764,0,32842,194,52093
187814,0,32842,194,52093
187864,0,32162,194,52093
187956,0,32162,287,52093
188006,0,32162,287,52093
188056,0,32842,287,52093
188192,0,32842,287,52079
188242,0,32162,287,52079
188292,0,32162,287,52079
188342,0,32162,378,52079
188392,0,32162,378,52079
188442,0,32162,378,52079
188492,0,32162,378,52079
188542,0,32162,378,52094
188592,0,32162,378,52094
188642,0,32162,378,52094
188692,0,32162,378,52094
188742,0,32162,373,52094
188792,0,32162,373,52094
188842,0,32162,373,52094
188892,0,32162,373,52094
188942,0,32162,373,52108
189034,0,32162,373,52108
189084,0,32162,373,52108
189134,0,32162,369,52108
189184,0,32162,369,52108
189319,0,32162,369,52123
189369,0,32162,369,52123
189419,0,32162,369,52123
189469,0,32111,369,52123
189519,0,32060,368,52123
189569,0,32009,368,52123
189619,0,31958,368,52123
189669,0,31907,368,52123
189719,0,31856,368,52136
189769,0,31804,368,52136
189819,0,31753,368,52136
189869,0,31702,368,52136
189919,0,31651,369,52136
189969,0,31600,369,52136
190019,0,31549,369,52136
190069,0,31498,369,52136
190161,0,31498,369,52062
190211,0,31498,369,52062
190261,0,32162,369,52062
190311,0,32162,11900,52062
190448,0,30881,11900,52062
190498,0,30881,11900,52062
190548,0,30881,11900,49602
190598,0,30881,11900,49602
190648,0,31498,11900,49602
190698,0,31498,11900,49602
190748,0,31498,15517,49602
190798,0,31498,15517,49602
190848,0,31498,15517,49602
190898,0,31498,15517,49602
190948,0,31498,15517,49535
190998,0,31498,15517,49535
191048,0,31498,15517,49535
191140,0,31498,15671,49535
191190,0,31498,15671,49535
191240,0,32162,15671,49535
191290,0,32162,15671,49535
191340,0,32162,15671,49472
191390,0,32162,15671,49472
191440,0,32162,15671,49472
191576,0,32162,15829,49472
191626,0,32162,15829,49472
191676,0,32162,15829,49472
191726,0,32162,15829,49427
191776,0,32162,15829,49427
191826,0,31498,15829,49427
191876,0,31498,15829,49427
191926,0,31498,15949,49427
191976,0,31498,15949,49427
192026,0,32162,15949,49427
192118,0,32162,15949,49375
192168,0,32162,15949,49375
192218,0,32162,15949,49375
192268,0,32162,15949,49375
192318,0,32162,16067,49375
192368,0,32162,16067,49375
192418,0,32162,16067,49375
192468,0,33552,16067,49375
192518,0,33552,16067,49321
192568,0,33552,16067,49321
192704,0,32842,16067,49321
192754,0,32842,16201,49321
192804,0,32842,16201,49321
192854,0,33552,16201,49321
192904,0,33552,16201,49321
192954,0,33552,16201,49315
193004,0,33552,16201,49315
193096,0,33552,16201,49315
193146,0,33552,16283,49315
193196,0,33552,16283,49315
193246,0,33552,16283,49315
193296,0,33552,16283,49315
193346,0,33552,16283,49266
193396,0,33552,16283,49266
193446,0,33552,16283,49266
193496,0,33552,16283,49266
193546,0,33552,16394,49266
193596,0,33552,16394,49266
193646,0,32842,16394,49266
193696,0,32842,16394,49266
193831,0,33552,16394,49226
193881,0,33552,16394,49226
193931,0,33552,16394,49226
193981,0,33552,16498,49226
194073,0,33552,16498,49226
194123,0,33552,16498,49226
194173,0,33552,16498,49188
194223,0,33552,16498,49188
194273,0,33552,16498,49188
194323,0,33552,16498,49188
194373,0,33552,16602,49188
194423,0,33552,16602,49188
194473,0,33552,16602,49188
194523,0,33552,16602,49188
194573,0,33552,16602,49153
194623,0,33552,16602,49153
194759,0,34309,16719,49153
194809,0,34309,16719,49153
194859,0,34309,16719,49153
194909,0,34309,16719,49153
194959,0,34309,16719,49142
195051,0,34309,16719,49142
195101,0,34309,16719,49142
195151,0,34309,16798,49142
195201,0,34309,16798,49142
195251,0,34309,16798,49142
195301,0,34309,16798,49142
195351,0,34309,16798,49099
195401,0,34309,16798,49099
195451,0,35081,16798,49099
195501,0,35081,16798,49099
195551,0,35081,16907,49099
195601,0,35081,16907,49099
195651,0,34309,16907,49099
195701,0,34309,16907,49099
195751,0,34309,16907,49063
195887,0,34309,16907,49063
195937,0,34309,16907,49063
196029,0,34309,17032,49063
196079,0,34309,17032,49063
196129,0,34309,17032,49063
196179,0,34309,17032,49035
196229,0,35081,17032,49035
196279,0,35081,17032,49035
196329,0,35081,17032,49035
196379,0,35081,17113,49035
196429,0,35899,17113,49035
196479,0,35899,17113,49035
196529,0,35899,17113,49035
196579,0,35899,17113,49004
196629,0,35081,17113,49004
196679,0,35081,17113,49004
196729,0,35081,17113,49004
196779,0,35081,17202,49004
196829,0,35899,17202,49004
196921,0,35899,17202,49004
197056,0,34309,17202,48985
197106,0,34309,17202,48985
197156,0,34309,17315,48985
197206,0,34309,17315,48985
197256,0,35081,17315,48985
197306,0,35081,17315,48985
197356,0,35081,17315,48942
197406,0,35081,17315,48942
197456,0,35081,17315,48942
197506,0,35081,17315,48942
197556,0,35081,17423,48942
197606,0,35081,17423,48942
197656,0,36748,17423,48942
197706,0,36748,17423,48942
197756,0,36748,17423,48938
197806,0,36748,17423,48938
197898,0,36748,17423,48938
197948,0,36748,17423,48938
197998,0,36748,2908,48938
198048,0,36748,2908,48938
198183,0,36748,2908,51838
198233,0,35081,2908,51838
198283,0,35081,2908,51838
198333,0,35081,2908,51838
198383,0,35081,155,51838
198433,0,35899,155,51838
198483,0,35899,155,51838
198533,0,35899,155,51838
198583,0,35899,155,51891
198633,0,35081,155,51891
198683,0,35081,155,51891
198733,0,35081,155,51891
198783,0,35081,127,51891
198833,0,35081,127,51891
198925,0,35081,127,51891
198975,0,35081,127,51931
199025,0,35899,127,51931
199075,0,35899,127,51931
199125,0,35899,127,51931
199175,0,35899,123,51931
199311,0,35899,123,51931
199361,0,35899,123,51931
199411,0,35899,123,51963
199461,0,35081,123,51963
199511,0,35081,123,51963
199561,0,35081,123,51963
199611,0,35081,121,51963
199661,0,34309,121,51963
199711,0,34309,121,51963
199761,0,34309,121,51963
199811,0,34309,121,51991
199861,0,34309,121,51991
199911,0,34309,121,51991
200003,0,34309,120,51991
200053,0,34309,120,51991
200103,0,34309,120,51991
200153,0,34309,120,51991
200203,0,34309,120,52016
200253,0,34309,120,52016
200303,0,34309,120,52016
200438,0,34309,118,52016
200488,0,34309,118,52016
200538,0,34309,118,52016
200588,0,34309,118,52037
200638,0,35081,118,52037
200688,0,35081,118,52037
200738,0,35081,118,52037
200788,0,35081,118,52037
200838,0,34309,118,52037
200888,0,34309,118,52037
200938,0,34309,118,52037
201030,0,35081,118,52057
201080,0,35081,118,52057
201130,0,35081,118,52057
201180,0,35081,118,52057
201230,0,33552,117,52057
201280,0,33552,117,52057
201330,0,33552,117,52057
201380,0,33552,117,52057
201430,0,34309,117,52076
201565,0,34309,117,52076
201615,0,34309,119,52076
201665,0,34309,119,52076
201715,0,34309,119,52076
201765,0,34309,119,52076
201815,0,34309,119,52093
201865,0,33552,119,52093
201915,0,33552,119,52093
201965,0,33552,119,52093
202057,0,33552,117,52093
202107,0,33552,117,52093
202157,0,33552,117,52093
202207,0,33552,117,52109
202257,0,33552,117,52109
202307,0,33552,117,52109
202357,0,33552,117,52109
202407,0,33552,118,52109
202457,0,34309,118,52109
202507,0,34309,118,52109
202557,0,34309,118,52109
202693,0,34309,118,52124
202743,0,34309,118,52124
202793,0,34309,116,52124
202843,0,34309,116,52124
202893,0,34309,116,52124
202943,0,34309,116,52124
202993,0,34309,116,52138
203085,0,33552,116,52138
203135,0,33552,116,52138
203185,0,33552,116,52138
203235,0,32842,116,52138
203285,0,32842,116,52138
203335,0,32842,116,52138
203385,0,32842,116,52138
203435,0,32842,116,52152
203485,0,32842,116,52152
203535,0,32842,116,52152
203585,0,32842,116,52152
203635,0,32842,117,52152
203685,0,32842,117,52152
203821,0,32842,117,52164
203871,0,32842,117,52164
203921,0,32842,117,52164
203971,0,32842,117,52164
204021,0,32842,117,52164
204071,0,32842,117,52164
204164,0,32842,117,52164
204214,0,32842,117,52177
204264,0,32162,117,52177
204314,0,32162,117,52177
204364,0,32162,117,52177
204414,0,32162,117,52177
204464,0,33552,117,52177
204514,0,33552,117,52177
204564,0,33552,117,52177
204614,0,33552,117,52188
204664,0,32842,117,52188
204714,0,32842,117,52188
204764,0,32842,117,52188
204814,0,32842,116,52188
204949,0,32842,116,52188
204999,0,32842,116,52188
205049,0,33552,116,52199
205099,0,33552,116,52199
205191,0,33552,116,52199
205241,0,32842,117,52199
205291,0,32842,117,52199
205341,0,32842,117,52199
205391,0,32842,117,52199
205441,0,32162,117,52210
205491,0,32162,117,52210
205541,0,32162,117,52210
205591,0,32162,117,52210
205641,0,32162,117,52210
205691,0,32162,117,52210
205741,0,32162,117,52210
205791,0,32162,117,52210
205841,0,32842,117,52220
205891,0,32842,117,52220
205941,0,32842,117,52220
206076,0,32162,117,52220
206126,0,32162,117,52220
206218,0,32162,117,52230
206268,0,32162,117,52230
206318,0,32162,117,52230
206368,0,32162,117,52230
206418,0,32162,117,52230
206468,0,30881,117,52230
206518,0,30881,117,52230
206568,0,30881,117,52230
206618,0,30881,117,52230
206668,0,31498,117,52240
206718,0,31498,117,52240
206768,0,31498,117,52240
206818,0,31498,117,52240
206868,0,31498,117,52240
206918,0,31498,117,52240
206968,0,31498,117,52240
207018,0,31498,117,52240
207068,0,31498,117,52249
207203,0,31498,117,52249
207295,0,30881,117,52249
207345,0,30881,117,52249
207395,0,30881,117,52249
207445,0,31498,117,52258
207495,0,31498,117,52258
207545,0,31498,117,52258
207595,0,31498,117,52258
207645,0,30881,116,52258
207695,0,30881,116,52258
207745,0,30881,116,52258
207795,0,30881,116,52258
207845,0,30881,116,52267
207895,0,30881,116,52267
207945,0,30881,116,52267
207995,0,30881,116,52267
208045,0,31498,117,52267
208095,0,31498,117,52267
208145,0,31498,117,52267
208237,0,30881,117,52275
208374,0,30881,117,52275
208424,0,30263,117,52275
208474,0,30263,117,52275
208524,0,30263,117,52275
208574,0,30263,117,52275
208624,0,30263,117,52275
208674,0,30263,117,52283
208724,0,30263,117,52283
208774,0,30263,117,52283
208824,0,30263,117,52283
208874,0,30263,116,52283
208924,0,30263,116,52283
208974,0,30263,116,52283
209024,0,29692,116,52283
209074,0,29692,116,52291
209124,0,29692,116,52291
209259,0,30263,117,52291
209351,0,30263,117,52291
209401,0,30263,117,52291
209451,0,30263,117,52298
209501,0,30263,117,52298
209551,0,30263,117,52298
209601,0,30263,117,52298
209651,0,30263,116,52298
209701,0,30263,116,52298
209751,0,30263,116,52298
209801,0,30263,116,52298
209851,0,29692,116,52306
209901,0,29692,116,52306
209951,0,29692,116,52306
210001,0,29692,116,52306
210051,0,29692,116,52306
210101,0,29692,116,52306
210151,0,29692,116,52306
210201,0,29692,116,52306
210293,0,29120,116,52314
210428,0,29692,116,52314
210478,0,29692,117,52314
210528,0,29692,117,52314
210578,0,29692,117,52314
210628,0,30263,117,52314
210678,0,30263,117,52320
210728,0,30263,117,52320
210778,0,30263,117,52320
210828,0,29692,117,52320
210878,0,29692,117,52320
210928,0,29692,117,52320
210978,0,29692,117,52320
211028,0,29692,117,52320
211078,0,29692,117,52327
211128,0,29692,117,52327
211178,0,29692,117,52327
211228,0,29692,117,52327
211278,0,29692,117,52327
211370,0,29692,117,52327
211420,0,29692,117,52327
211555,0,29692,117,52334
211605,0,29692,117,52334
211655,0,29692,116,52334
211705,0,29692,116,52334
211755,0,29692,116,52334
211805,0,29692,116,52334
211855,0,29120,116,52342
211905,0,29120,116,52342
211955,0,29120,116,52342
212005,0,29120,116,52342
212055,0,29120,116,52342
212105,0,29120,116,52342
212155,0,29120,116,52342
212205,0,29120,116,52342
212255,0,29120,116,52347
212305,0,29120,116,52347
212398,0,29120,116,52347
212448,0,29120,116,52347
212498,0,29120,116,52347
212548,0,29120,116,52347
212684,0,29120,116,52354
212734,0,29120,116,52354
212784,0,29120,116,52354
212834,0,29120,116,52354
212884,0,29120,117,52354
212934,0,29120,117,52354
212984,0,29120,117,52354
213034,0,28910,117,52354
213084,0,28700,117,52360
213134,0,28491,117,52360
213184,0,28281,117,52360
213234,0,28071,117,52360
213284,0,28071,117,52360
213334,0,28071,117,52360
213384,0,28071,117,52360
213476,0,28071,117,52366
213526,0,28071,117,52366
213576,0,28071,117,52366
213626,0,28580,117,52366
213676,0,28580,116,52366
213811,0,28580,116,52366
213861,0,27561,116,52366
213911,0,27561,116,52372
213961,0,27561,116,52372
214011,0,27561,116,52372
214061,0,28071,116,52372
214111,0,28071,116,52372
214161,0,28071,116,52372
214211,0,28071,116,52372
214261,0,27561,116,52372
214311,0,27561,116,52377
214361,0,27561,116,52377
214411,0,27561,116,52377
214545,0,28071,117,52377
214595,0,28071,117,52377
214645,0,28071,117,52377
214695,0,28071,117,52383
214745,0,28071,117,52383
214795,0,28071,117,52383
214845,0,28071,117,52383
215150,0,28071,117,52389
215200,0,28071,117,52389
215250,0,27561,117,52389
215300,0,27561,116,52389
215350,0,27561,116,52389
215400,0,27561,116,52389
215450,0,27082,116,52389
215500,0,27082,116,52394
215550,0,27082,116,52394
215600,0,27082,116,52394
215650,0,27082,116,52394
215742,0,27082,116,52394
215792,0,27082,116,52394
215842,0,27082,116,52394
215892,0,27082,116,52400
215942,0,27082,116,52400
215992,0,27082,116,52400
216042,0,26619,116,52400
216092,0,26619,116,52400
216142,0,26619,116,52400
216319,0,27082,116,52405
216369,0,27082,116,52405
216419,0,27082,116,52405
216469,0,26619,116,52405
216519,0,26619,116,52405
216569,0,26619,116,52405
216619,0,26619,116,52405
216669,0,27082,116,52405
216719,0,27082,116,52410
216769,0,27082,116,52410
216861,0,26619,116,52410
216911,0,26619,116,52410
216961,0,26619,116,52410
217011,0,26619,116,52410
217061,0,26156,116,52410
217111,0,26156,116,52415
217161,0,26156,116,52415
217211,0,26156,116,52415
217261,0,26156,116,52415
217311,0,26156,116,52415
217447,0,26156,116,52415
217497,0,26156,116,52420
217547,0,26156,116,52420
217597,0,26156,116,52420
217647,0,26619,116,52420
217697,0,26619,116,52420
217747,0,26619,116,52420
217797,0,26619,116,52420
217889,0,26619,116,52425
217939,0,26619,116,52425
217989,0,26619,116,52425
218039,0,26619,116,52425
218089,0,26619,117,52425
218139,0,26619,117,52425
218189,0,26619,117,52425
218239,0,26619,117,52425
218289,0,26619,117,52430
218339,0,26619,117,52430
218389,0,26619,117,52430
218439,0,25724,117,52430
218575,0,25724,117,52430
218625,0,25307,117,52430
218675,0,25307,117,52430
218725,0,25307,117,52434
218775,0,25307,117,52434
218825,0,25307,117,52434
218917,0,25307,117,52434
218967,0,25307,117,52434
219017,0,25307,117,52434
219067,0,25724,117,52434
219117,0,25724,117,52439
219167,0,25724,117,52439
219217,0,25724,117,52439
219267,0,26156,117,52439
219317,0,26156,115,52439
219367,0,26156,115,52439
219417,0,26156,115,52439
219467,0,26156,115,52439
219517,0,26156,115,52444
219567,0,26156,115,52444
219702,0,25307,115,52444
219752,0,25307,116,52444
219802,0,25307,116,52444
219852,0,25307,116,52444
219902,0,25307,116,52444
219994,0,25307,116,52447
220044,0,25307,116,52447
220094,0,25307,116,52447
220144,0,25307,117,52447
220194,0,25307,117,52447
220244,0,25724,117,52447
220294,0,25724,117,52447
220344,0,25724,117,52453
220394,0,25724,117,52453
220444,0,25307,117,52453
220494,0,25307,117,52453
220544,0,25307,117,52453
220594,0,25307,117,52453
220644,0,25307,117,52453
220694,0,25307,117,52453
220829,0,24890,117,52457
220879,0,24890,117,52457
220929,0,24890,116,52457
221022,0,24890,116,52457
221072,0,24890,116,52457
221122,0,24890,116,52461
221172,0,24890,116,52461
221222,0,24890,116,52461
221272,0,25307,116,52461
221322,0,25307,116,52461
221372,0,25307,116,52461
221422,0,25307,116,52461
221472,0,24890,116,52461
221522,0,24890,116,52465
221572,0,24890,116,52465
221622,0,24890,116,52465
221672,0,24890,116,52465
221722,0,24890,116,52465
221772,0,24890,116,52465
221822,0,24890,116,52465
221957,0,24118,116,52470
222049,0,24504,116,52470
222099,0,24504,116,52470
222149,0,24504,116,52470
222199,0,24504,116,52470
222249,0,24890,116,52470
222299,0,24890,116,52470
222349,0,24890,116,52473
222399,0,24890,116,52473
222449,0,24504,116,52473
222499,0,24504,116,52473
222549,0,24504,116,52473
222599,0,24504,116,52473
222649,0,24504,116,52473
222699,0,24504,116,52473
222749,0,24504,116,52477
222799,0,24504,116,52477
222849,0,23747,116,52477
222899,0,23747,116,52477
222991,0,23747,116,52477
223126,0,23747,116,52482
223176,0,23747,116,52482
223226,0,24118,116,52482
223276,0,24118,116,52482
223326,0,24118,116,52482
223376,0,24118,116,52482
223426,0,24504,116,52482
223476,0,24504,116,52482
223526,0,24504,116,52485
223576,0,24504,116,52485
223626,0,23747,116,52485
223676,0,23747,116,52485
223726,0,23747,116,52485
223776,0,23747,116,52485
223826,0,23747,116,52485
223876,0,23747,116,52485
224011,0,23747,116,52489
224061,0,23747,116,52489
224153,0,23747,116,52489
224203,0,23747,116,52489
224253,0,23747,116,52489
224303,0,23747,116,52489
224353,0,23747,116,52493
224403,0,23747,116,52493
224453,0,23392,116,52493
224503,0,23392,116,52493
224553,0,23392,117,52493
224603,0,23392,117,52493
224653,0,23392,117,52493
224703,0,23392,117,52493
224753,0,23392,117,52497
224803,0,23392,117,52497
224853,0,23037,117,52497
224903,0,23037,117,52497
224953,0,23037,117,52497
225003,0,23037,117,52497
225183,0,23392,117,52500
225233,0,23392,117,52500
225283,0,23392,117,52500
225333,0,23392,117,52500
225383,0,23392,116,52500
225433,0,22697,116,52500
225483,0,22697,116,52500
225533,0,22697,116,52500
225583,0,22697,116,52504
225633,0,22697,116,52504
225683,0,22697,116,52504
225733,0,22697,116,52504
225783,0,22697,116,52504
225833,0,23037,116,52504
225883,0,23037,116,52504
225933,0,23037,116,52504
225983,0,23037,116,52507
226033,0,23037,116,52507
226125,0,23037,116,52507
226175,0,23037,117,52507
226311,0,22373,117,52507
226361,0,22373,117,52511
226411,0,22373,117,52511
226461,0,22697,117,52511
226511,0,22697,117,52511
226561,0,22697,116,52511
226611,0,22697,116,52511
226661,0,22697,116,52511
226711,0,22697,116,52511
226761,0,22697,116,52515
226811,0,22697,116,52515
226861,0,22049,116,52515
226911,0,22049,116,52515
226961,0,22049,116,52515
227011,0,22049,116,52515
227061,0,22373,116,52515
227111,0,22373,116,52515
227203,0,22373,116,52517
227253,0,22373,116,52517
227303,0,22373,116,52517
227438,0,22697,117,52517
227488,0,22697,117,52517
227538,0,22697,117,52517
227588,0,22697,117,52521
227638,0,22049,117,52521
227688,0,22049,117,52521
227738,0,22049,117,52521
227788,0,22049,116,52521
227838,0,22049,116,52521
227888,0,22049,116,52521
227938,0,22049,116,52521
227988,0,22049,116,52524
228038,0,22373,116,52524
228088,0,22373,116,52524
228138,0,22373,116,52524
228230,0,22049,116,52524
228280,0,22049,116,52524
228330,0,22049,116,52524
228380,0,22049,116,52527
228430,0,22049,116,52527
228566,0,22049,116,52527
228616,0,22049,116,52527
228666,0,22049,116,52527
228716,0,22049,116,52527
228766,0,22049,116,52531
228816,0,22049,116,52531
228866,0,21740,116,52531
228916,0,21740,116,52531
228966,0,21740,116,52531
229016,0,21740,116,52531
229066,0,21740,116,52531
229116,0,21740,116,52531
229166,0,21740,116,52534
229258,0,21431,116,52534
229308,0,21431,116,52534
229358,0,21431,116,52534
229408,0,21431,116,52534
229458,0,22049,116,52534
229508,0,22049,116,52534
229558,0,22049,116,52534
229693,0,22049,116,52538
229743,0,22049,116,52538
229793,0,22049,127,52538
229843,0,21431,127,52538
229893,0,21431,127,52538
229943,0,21431,127,52538
229993,0,21431,127,52540
230043,0,21740,127,52540
230093,0,21740,127,52540
230143,0,21740,127,52540
230193,0,21740,323,52540
230285,0,21740,323,52540
230335,0,21740,323,52540
230385,0,21740,323,52544
230435,0,21138,323,52544
230485,0,21138,323,52544
230535,0,21138,323,52544
230585,0,21138,317,52544
230635,0,21740,317,52544
230685,0,21740,317,52544
230820,0,21740,317,52547
230870,0,21431,317,52547
230920,0,21431,317,52547
230970,0,21431,317,52547
231020,0,21431,327,52547
231070,0,20860,327,52547
231120,0,20860,327,52547
231170,0,20860,327,52547
231220,0,20860,327,52549
231270,0,20582,327,52549
231362,0,20582,327,52549
231412,0,20582,320,52549
231462,0,21431,320,52549
231512,0,21431,320,52549
231562,0,21431,320,52549
231612,0,21431,320,52552
231662,0,20860,320,52552
231712,0,20860,320,52552
231762,0,20860,320,52552
231812,0,20860,314,52552
231947,0,20582,314,52552
231997,0,20582,314,52555
232047,0,21138,314,52555
232097,0,21138,314,52555
232147,0,21138,314,52555
232197,0,21138,313,52555
232247,0,20860,313,52555
232297,0,20860,313,52555
232389,0,20860,313,52559
232439,0,20582,313,52559
232489,0,20582,313,52559
232539,0,20582,313,52559
232589,0,20582,313,52559
232639,0,20860,318,52559
232689,0,20860,318,52559
232739,0,20860,318,52559
232789,0,20860,318,52559
232839,0,20582,318,52561
232889,0,20582,318,52561
232939,0,20582,318,52561
233075,0,20582,315,52561
233125,0,20582,315,52561
233175,0,20582,315,52561
233225,0,20860,315,52564
233275,0,20860,315,52564
233325,0,20860,315,52564
233417,0,20860,324,52564
233467,0,20582,324,52564
233517,0,20582,324,52564
233567,0,20582,324,52564
233617,0,20582,324,52567
233667,0,20304,324,52567
233717,0,20304,324,52567
233767,0,20304,324,52567
233817,0,20304,323,52567
233867,0,20582,323,52567
233917,0,20582,323,52567
233967,0,20582,323,52567
234017,0,20582,323,52570
234067,0,20582,323,52570
234203,0,20582,119,52570
234253,0,20041,119,52570
234303,0,20041,119,52570
234353,0,20041,119,52570
234403,0,20041,119,52572
234495,0,20304,119,52572
234545,0,20304,119,52572
234595,0,20304,119,52572
234645,0,19794,117,52572
234695,0,19794,117,52572
234745,0,19794,117,52572
234795,0,19794,117,52572
234845,0,20041,117,52575
234895,0,20041,117,52575
234945,0,20041,117,52575
234995,0,20041,117,52575
235045,0,20304,116,52575
235095,0,20304,116,52575
235145,0,20304,116,52575
235195,0,20304,116,52575
235331,0,20041,116,52578
235381,0,20041,116,52578
235431,0,19794,116,52578
235523,0,19794,116,52578
235573,0,19794,116,52578
235623,0,19794,116,52581
235673,0,20304,116,52581
235723,0,20304,116,52581
235773,0,20304,116,52581
235823,0,20304,116,52581
235873,0,20041,116,52581
235923,0,20041,116,52581
235973,0,20041,116,52581
236023,0,20041,116,52583
236073,0,20041,116,52583
236123,0,20041,116,52583
236173,0,20041,116,52583
236223,0,20041,116,52583
236273,0,19794,116,52583
236323,0,19794,116,52583
236459,0,19532,116,52585
236551,0,19532,116,52585
236601,0,19532,116,52585
236651,0,20041,116,52585
236701,0,20041,116,52585
236751,0,20041,116,52585
236801,0,20041,116,52585
236851,0,19794,116,52588
236901,0,19794,116,52588
236951,0,19794,116,52588
237001,0,19794,116,52588
237051,0,19300,116,52588
237101,0,19300,116,52588
237151,0,19300,116,52588
237201,0,19300,116,52588
237251,0,19794,116,52592
237301,0,19794,116,52592
237351,0,19794,116,52592
237401,0,19794,116,52592
237493,0,19053,116,52592
237628,0,19300,116,52594
237678,0,19300,116,52594
237728,0,19300,116,52594
237778,0,19300,116,52594
237828,0,19532,115,52594
237878,0,19532,115,52594
237928,0,19532,115,52594
237978,0,19532,115,52594
238028,0,19053,115,52596
238078,0,19053,115,52596
238128,0,19053,115,52596
238178,0,19053,115,52596
238228,0,19532,116,52596
238278,0,19532,116,52596
238328,0,19532,116,52596
238378,0,19532,116,52596
238514,0,19300,116,52598
238564,0,19300,116,52598
238656,0,18822,116,52598
238706,0,18822,116,52598
238756,0,18822,116,52598
238806,0,18822,116,52598
238856,0,19300,116,52601
238906,0,19300,116,52601
238956,0,19300,116,52601
239006,0,19300,116,52601
239056,0,18822,115,52601
239106,0,18822,115,52601
239156,0,18822,115,52601
239206,0,18822,115,52601
239256,0,18822,115,52603
239306,0,18822,115,52603
239356,0,18822,115,52603
239406,0,18822,115,52603
239456,0,19053,115,52603
239506,0,19053,115,52603
239684,0,18822,115,52606
239734,0,18822,115,52606
239784,0,18822,115,52606
239834,0,19053,115,52606
239884,0,19053,115,52606
239934,0,19053,115,52606
239984,0,19053,115,52606
240034,0,19053,115,52606
240084,0,19053,115,52607
240134,0,19053,115,52607
240184,0,19053,115,52607
240234,0,18590,115,52607
240284,0,18590,116,52607
240334,0,18590,116,52607
240384,0,18590,116,52607
240434,0,18822,116,52607
240484,0,18822,116,52610
240534,0,18822,116,52610
240626,0,18590,116,52610
240676,0,18590,116,52610
240812,0,18590,116,52610
240862,0,18822,116,52612
240912,0,18822,116,52612
240962,0,18822,116,52612
241012,0,18822,116,52612
241062,0,18590,116,52612
241112,0,18590,116,52612
241162,0,18590,116,52612
241212,0,18590,116,52612
241262,0,18590,116,52615
241312,0,18590,116,52615
241362,0,18590,116,52615
241412,0,18590,116,52615
241462,0,18822,116,52615
241512,0,18822,116,52615
241562,0,18822,116,52615
241612,0,18822,116,52615
241704,0,18374,116,52617
241754,0,18374,116,52617
241804,0,18374,116,52617
241940,0,18158,116,52617
241990,0,18158,116,52617
242040,0,18590,116,52617
242090,0,18590,116,52619
242140,0,18590,116,52619
242190,0,18590,116,52619
242240,0,18158,116,52619
242290,0,18158,116,52619
242340,0,18158,116,52619
242390,0,18158,116,52619
242440,0,18374,116,52619
242490,0,18374,116,52621
242540,0,18374,116,52621
242590,0,18374,116,52621
242640,0,18158,116,52621
242732,0,18158,116,52621
242782,0,18158,116,52621
242832,0,18158,116,52621
242882,0,18158,116,52624
242932,0,18158,116,52624
243067,0,18374,115,52624
243117,0,18374,115,52624
243167,0,18374,115,52624
243217,0,18374,115,52624
243267,0,18158,115,52626
243317,0,18158,115,52626
243367,0,18158,115,52626
243417,0,18158,115,52626
243467,0,18158,116,52626
243517,0,18158,116,52626
243567,0,18158,116,52626
243617,0,18158,116,52626
243667,0,17941,116,52628
243761,0,17941,116,52628
243811,0,17941,116,52628
243861,0,18158,115,52628
243911,0,18158,115,52628
243961,0,18158,115,52628
244011,0,18158,115,52628
244061,0,17941,115,52630
244196,0,17941,115,52630
244246,0,17741,115,52630
244296,0,17741,116,52630
244346,0,17741,116,52630
244396,0,17741,116,52630
244446,0,18158,116,52630
244496,0,18158,116,52632
244546,0,18158,116,52632
244596,0,18158,116,52632
244646,0,17741,116,52632
244696,0,17741,117,52632
244788,0,17741,117,52632
244838,0,17941,117,52632
244888,0,17941,117,52633
244938,0,17941,117,52633
244988,0,17941,117,52633
245038,0,17540,117,52633
245088,0,17540,116,52633
245138,0,17540,116,52633
245188,0,17540,116,52633
245323,0,17941,116,52636
245373,0,17941,116,52636
245423,0,17941,116,52636
245473,0,17941,116,52636
245523,0,17941,116,52636
245573,0,17941,116,52636
245623,0,17941,116,52636
245673,0,17540,116,52637
245723,0,17540,116,52637
245773,0,17540,116,52637
245865,0,17741,116,52637
245915,0,17741,116,52637
245965,0,17741,116,52637
246015,0,17741,116,52637
246065,0,17339,116,52637
246115,0,17339,116,52640
246165,0,17339,116,52640
246215,0,17339,116,52640
246265,0,17540,116,52640
246315,0,17540,115,52640
246450,0,17154,115,52640
246500,0,17154,115,52642
246550,0,17154,115,52642
246600,0,17154,115,52642
246650,0,17339,115,52642
246700,0,17339,115,52642
246750,0,17339,115,52642
246800,0,17339,115,52642
246892,0,17540,115,52645
246942,0,17540,115,52645
246992,0,17540,115,52645
247042,0,17154,115,52645
247092,0,17154,116,52645
247142,0,17154,116,52645
247192,0,17154,116,52645
247242,0,17339,116,52645
247292,0,17339,116,52646
247342,0,17339,116,52646
247392,0,17339,116,52646
247442,0,17339,116,52646
247577,0,17339,116,52646
247627,0,17540,116,52646
247677,0,17540,116,52648
247727,0,17540,116,52648
247777,0,17540,116,52648
247827,0,16953,116,52648
247961,0,16953,116,52648
248011,0,16953,116,52648
248061,0,17339,116,52648
248111,0,17339,116,52650
248161,0,17339,116,52650
248211,0,17339,116,52650
248261,0,16768,116,52650
248311,0,16768,117,52650
248361,0,16768,117,52650
248411,0,16768,117,52650
248461,0,16953,117,52650
248511,0,16953,117,52652
248561,0,16953,117,52652
248611,0,16953,117,52652
248916,0,16243,116,52634
248966,0,16243,116,52634
249016,0,16243,116,52634
249066,0,15903,116,52634
249116,0,15903,435,52634
249208,0,15903,435,52634
249258,0,14977,435,52634
249308,0,14977,435,52619
249358,0,14977,435,52619
249408,0,14977,435,52619
249458,0,14159,435,52619
249508,0,14159,306,52619
249558,0,14159,306,52619
249608,0,14159,306,52619
249658,0,14159,306,52619
249708,0,14159,306,52621
249758,0,14159,306,52621
249808,0,14159,306,52621
249858,0,12352,306,52621
249908,0,12352,308,52621
250085,0,10715,308,52621
250135,0,10715,308,52621
250185,0,10715,308,52621
250277,0,10715,308,52621
250327,0,10715,400,52621
250377,0,10715,400,52621
250427,0,8384,400,52621
250477,0,8384,400,52621
250527,0,8384,400,52593
250577,0,8384,400,52593
250627,0,8384,400,52593
250677,0,8384,400,52593
250727,0,8384,485,52593
250777,0,8384,485,52593
250827,0,5172,485,52593
250877,0,5172,485,52593
250927,0,5172,485,52592
250977,0,5172,485,52592
251027,0,5172,485,52592
251077,0,5172,485,52592
251212,0,5172,495,52592
251262,0,5172,495,52592
251354,0,5172,495,52592
251404,0,5172,495,52592
251454,0,5172,495,52592
251504,0,5172,495,52592
251554,0,5172,493,52592
251604,0,5172,493,52592
251654,0,5172,493,52592
251704,0,5172,493,52592
251754,0,5172,493,52618
251804,0,5172,493,52618
251854,0,5172,493,52618
251904,0,5172,493,52618
251954,0,5172,373,52618
252004,0,5172,373,52618
252054,0,5094,373,52618
252104,0,5017,373,52618
252154,0,4939,373,52620
252204,0,4862,373,52620
252339,0,4653,370,52620
252431,0,4510,370,52620
252481,0,4432,370,52620
252531,0,4355,370,52622
252581,0,4277,370,52622
252631,0,4200,370,52622
252681,0,4122,370,52622
252731,0,4045,1918,52622
252781,0,3967,1918,52622
252831,0,3890,1918,52622
252881,0,3812,1918,52622
252931,0,3735,1918,52298
252981,0,3657,1918,52298
253031,0,3580,1918,52298
253081,0,3502,1918,52298
253131,0,3425,2295,52298
253266,0,3215,2295,52298
253316,0,3138,2295,52264
253366,0,3060,2295,52264
253416,0,2983,2295,52264
253466,0,2905,2295,52264
253516,0,2828,2468,52264
253608,0,2685,2468,52264
253658,0,2608,2468,52264
253708,0,2530,2468,52264
253758,0,2453,2468,52226
253808,0,2375,2468,52226
253858,0,2298,2468,52226
253908,0,2220,2468,52226
253958,0,2142,2681,52226
254008,0,2065,2681,52226
254058,0,1987,2681,52226
254108,0,1910,2681,52226
254158,0,1832,2681,52198
254208,0,1755,2681,52198
254258,0,1677,2681,52198
254394,0,1467,2880,52198
254444,0,1389,2880,52198
254494,0,1389,2880,52198
254544,0,1389,2880,52158
254594,0,1389,2880,52158
254644,0,1389,2880,52158
254736,0,1389,3062,52158
254786,0,1389,3062,52158
254836,0,1389,3062,52158
254886,0,1389,3062,52158
254936,0,1389,3062,52122
254986,0,1389,3062,52122
255036,0,1389,3062,52122
255086,0,1389,3062,52122
255136,0,1389,3254,52122
255186,0,1389,3254,52122
255236,0,1389,3254,52122
255286,0,1389,3254,52122
255336,0,1389,3254,52079
255386,0,1389,3254,52079
255521,0,1389,3254,52079
255571,0,1389,3451,52079
255621,0,1389,3451,52079
255671,0,3119,3451,52079
255763,0,3119,3451,52044
255813,0,3119,3451,52044
255863,0,3119,3451,52044
255913,0,3119,3451,52044
255963,0,3119,3641,52044
256013,0,3119,3641,52044
256063,0,3119,3641,52044
256113,0,3119,3641,52044
256163,0,3119,3641,52007
256213,0,3119,3641,52007
256263,0,3119,3641,52007
256313,0,3119,3641,52007
256363,0,3119,3837,52007
256413,0,3119,3837,52007
256463,0,3999,3837,52007
256513,0,3999,3837,52007
256648,0,3999,3837,51967
256698,0,3999,3837,51967
256790,0,3999,4029,51967
256840,0,3999,4029,51967
256890,0,3999,4029,51967
256940,0,3999,4029,51932
256990,0,3999,4029,51932
257040,0,4848,4029,51932
257090,0,4848,4029,51932
257140,0,4848,4222,51932
257190,0,4848,4222,51932
257240,0,4848,4222,51932
257290,0,4848,4222,51932
257340,0,4848,4222,51894
257390,0,4848,4222,51894
257440,0,4848,4222,51894
257490,0,4848,4222,51894
257540,0,4848,4407,51894
257590,0,4848,4407,51894
257640,0,5481,4407,51894
257775,0,5481,4407,51858
257867,0,5481,4407,51858
257917,0,5481,4407,51858
257967,0,5481,4596,51858
258017,0,5481,4596,51858
258067,0,5481,4596,51858
258117,0,5481,4596,51858
258167,0,5481,4596,51819
258217,0,5481,4596,51819
258267,0,6099,4596,51819
258317,0,6099,4596,51819
258367,0,6099,4788,51819
258417,0,6099,4788,51819
258467,0,6099,4788,51819
258517,0,6099,4788,51819
258567,0,6099,4788,51783
258617,0,6099,4788,51783
258667,0,6593,4788,51783
258717,0,6593,4788,51783
258809,0,6593,5748,51783
258945,0,6593,5748,51783
258995,0,6593,5748,51744
259045,0,7241,5748,51744
259095,0,7241,5748,51744
259145,0,7241,5748,51744
259195,0,7241,5987,51744
259245,0,7241,5987,51744
259295,0,7241,5987,51744
259345,0,7241,5987,51744
259395,0,7241,5987,51710
259445,0,7488,5987,51710
259495,0,7488,5987,51710
259545,0,7488,5987,51710
259595,0,7488,6202,51710
259645,0,7488,6202,51710
259695,0,7488,6202,51710
259745,0,7488,6202,51710
259837,0,8029,6202,51672
259887,0,8029,6202,51672
259937,0,8029,6202,51672
260072,0,8029,6337,51672
260122,0,8029,6337,51672
260172,0,8029,6337,51637
260222,0,8029,6337,51637
260272,0,8245,6337,51637
260322,0,8245,6337,51637
260372,0,8245,6598,51637
260422,0,8245,6598,51637
260472,0,8245,6598,51637
260522,0,8245,6598,51637
260572,0,8245,6598,51600
260622,0,8245,6598,51600
260672,0,8816,6598,51600
260722,0,8816,6598,51600
260772,0,8816,6723,51600
260822,0,8816,6723,51600
260914,0,8970,6723,51600
260964,0,8970,6723,51563
261014,0,8970,6723,51563
261064,0,8970,6723,51563
261201,0,8970,6934,51563
261251,0,9588,6934,51563
261301,0,9588,6934,51563
261351,0,9588,6934,51563
261401,0,9588,6934,51527
261451,0,9588,6934,51527
261501,0,9588,6934,51527
261551,0,9588,6934,51527
261601,0,9588,7109,51527
261651,0,9650,7109,51527
261701,0,9650,7109,51527
261751,0,9650,7109,51527
261801,0,9650,7109,51485
261851,0,10221,7109,51485
261943,0,10221,7109,51485
261993,0,10221,7217,51485
262043,0,10221,7217,51485
262093,0,10221,7217,51485
262143,0,10221,7217,51485
262193,0,10221,7217,51448
262329,0,10283,7217,51448
262379,0,10283,7454,51448
262429,0,10792,7454,51448
262479,0,10792,7454,51448
262529,0,10792,7454,51448
262579,0,10792,7454,51407
262629,0,10792,7454,51407
262679,0,10792,7454,51407
262729,0,10792,7454,51407
262779,0,10792,7655,51407
262829,0,10870,7655,51407
262879,0,10870,7655,51407
262971,0,10870,7655,51407
263021,0,10870,7655,51372
263071,0,11256,7655,51372
263121,0,11256,7655,51372
263171,0,11256,7655,51372
263221,0,11256,7753,51372
263271,0,11426,7753,51372
263321,0,11426,7753,51372
263457,0,11426,7753,51337
263507,0,11426,7753,51337
263557,0,11426,7753,51337
263607,0,11426,8067,51337
263657,0,11781,8067,51337
263707,0,11781,8067,51337
263757,0,11781,8067,51337
263807,0,11781,8067,51294
263857,0,11966,8067,51294
263949,0,11966,8067,51294
263999,0,11966,8189,51294
264049,0,12553,8189,51294
264099,0,12553,8189,51294
264149,0,12553,8189,51294
264199,0,12553,8189,51256
264249,0,12445,8189,51256
264299,0,12445,8189,51256
264349,0,12445,8189,51256
264399,0,12445,7465,51256
264449,0,12445,7465,51256
264584,0,12445,7465,51220
264634,0,12970,7465,51220
264684,0,12970,7465,51220
264734,0,12970,7465,51220
264784,0,12970,7465,51220
264834,0,12970,7622,51220
264884,0,12970,7622,51220
264976,0,12970,7622,51220
265026,0,13417,7622,51178
265076,0,13417,7622,51178
265126,0,13417,7622,51178
265176,0,13417,7622,51178
265226,0,13417,7814,51178
265276,0,13417,7814,51178
265326,0,13417,7814,51178
265376,0,13417,7814,51178
265426,0,13773,7814,51141
265476,0,13773,7814,51141
265526,0,13773,7814,51141
265576,0,13773,7814,51141
265711,0,13896,7998,51141
265761,0,13896,7998,51141
265811,0,13896,7998,51100
265861,0,14421,7998,51100
265911,0,14421,7998,51100
266003,0,14421,8168,51100
266053,0,14282,8168,51100
266103,0,14282,8168,51100
266153,0,14282,8168,51100
266203,0,14282,8168,51063
266253,0,14838,8168,51063
266303,0,14838,8168,51063
266353,0,14838,8168,51063
266403,0,14838,8346,51063
266453,0,14699,8346,51063
266503,0,14699,8346,51063
266553,0,14699,8346,51063
266603,0,14699,8346,51022
266653,0,15440,8346,51022
266703,0,15440,8346,51022
266838,0,15131,8522,51022
266888,0,15131,8522,51022
266980,0,15131,8522,51022
267030,0,15749,8522,50986
267080,0,15749,8522,50986
267130,0,15749,8522,50986
267180,0,15749,8522,50986
267230,0,15440,8698,50986
267280,0,15440,8698,50986
267330,0,15440,8698,50986
267380,0,15440,8698,50986
267430,0,15749,8698,50947
267480,0,15749,8698,50947
267530,0,15749,8698,50947
267580,0,15749,8698,50947
267630,0,16073,8870,50947
267765,0,16073,8870,50947
267815,0,16073,8870,50906
267865,0,16598,8870,50906
267915,0,16598,8870,50906
268007,0,16598,8870,50906
268057,0,16598,9047,50906
268107,0,16598,9047,50906
268157,0,16598,9047,50906
268207,0,16598,9047,50906
268257,0,16953,9047,50869
268307,0,16953,9047,50869
268357,0,16953,9047,50869
268407,0,16953,9047,50869
268457,0,16598,9229,50869
268507,0,16598,9229,50869
268557,0,16598,9229,50869
268607,0,16598,9229,50869
268657,0,17339,9229,50833
268707,0,17339,9229,50833
268757,0,17339,9229,50833
268893,0,16953,9393,50833
268985,0,16953,9393,50833
269035,0,17339,9393,50796
269085,0,17339,9393,50796
269135,0,17339,9393,50796
269185,0,17339,9393,50796
269235,0,17941,9558,50796
269285,0,17941,9558,50796
269335,0,17941,9558,50796
269385,0,17941,9558,50796
269435,0,17741,9558,50760
269485,0,17741,9558,50760
269535,0,17741,9558,50760
269585,0,17741,9558,50760
269635,0,18374,9729,50760
269685,0,18374,9729,50760
269735,0,18374,9729,50760
269785,0,18374,9729,50760
269835,0,18158,9729,50722
269927,0,18158,9729,50722
270063,0,18590,9883,50722
270113,0,18590,9883,50722
270163,0,18590,9883,50722
270213,0,18590,9883,50722
270263,0,18374,9883,50683
270313,0,18374,9883,50683
270363,0,18374,9883,50683
270413,0,18374,9883,50683
270463,0,18374,10046,50683
270513,0,18374,10046,50683
270563,0,18374,10046,50683
270613,0,18374,10046,50683
270663,0,19053,10046,50656
270713,0,19053,10046,50656
270763,0,19053,10046,50656
270813,0,19053,10046,50656
270863,0,18822,10213,50656
270955,0,18822,10213,50656
271005,0,18822,10213,50656
271055,0,19532,10213,50616
271191,0,19532,10213,50616
271241,0,19794,10371,50616
271291,0,19794,10371,50616
271341,0,19794,10371,50616
271391,0,19794,10371,50616
271441,0,19532,10371,50577
271491,0,19532,10371,50577
271541,0,19532,10371,50577
271591,0,19532,10371,50577
271641,0,19794,10513,50577
271691,0,19794,10513,50577
271741,0,19794,10513,50577
271791,0,19794,10513,50577
271841,0,20304,10513,50538
271933,0,20304,10513,50538
271983,0,20304,10513,50538
272033,0,20304,10513,50538
272083,0,20304,10695,50538
272133,0,20304,10695,50538
272183,0,20304,10695,50538
272318,0,20582,10695,50504
272368,0,20582,10695,50504
272418,0,20582,10695,50504
272468,0,20860,10876,50504
272518,0,20860,10876,50504
272568,0,20860,10876,50504
272618,0,20860,10876,50504
272668,0,20582,10876,50466
272718,0,20582,10876,50466
272768,0,20582,10876,50466
272818,0,20582,10876,50466
272910,0,21138,11816,50466
272960,0,21138,11816,50466
273010,0,21138,11816,50466
273060,0,21431,11816,50428
273110,0,21431,11816,50428
273160,0,21431,11816,50428
273210,0,21431,11816,50428
273260,0,21138,12016,50428
273310,0,21138,12016,50428
273445,0,21740,12016,50428
273495,0,21740,12016,50395
273545,0,21740,12016,50395
273595,0,21740,12016,50395
273645,0,22049,12016,50395
273695,0,22049,12205,50395
273745,0,22049,12205,50395
273795,0,22049,12205,50395
273887,0,21740,12205,50350
273937,0,21740,12205,50350
273987,0,21740,12205,50350
274037,0,21740,12205,50350
274087,0,21740,12342,50350
274137,0,21740,12342,50350
274187,0,21740,12342,50350
274237,0,22373,12342,50350
274287,0,22373,12342,50320
274337,0,22373,12342,50320
274387,0,22373,12342,50320
274437,0,22697,12342,50320
274573,0,22697,12605,50320
274623,0,22697,12605,50320
274673,0,22373,12605,50276
274723,0,22373,12605,50276
274773,0,22373,12605,50276
274865,0,22697,12618,50276
274915,0,22697,12618,50276
274965,0,22697,12618,50276
275015,0,22697,12618,50276
275065,0,22697,12618,50258
275115,0,22697,12618,50258
275165,0,22697,12618,50258
275215,0,22697,12618,50258
275265,0,23392,11964,50258
275315,0,23392,11964,50258
275365,0,23392,11964,50258
275415,0,23392,11964,50258
275465,0,23392,11964,50215
275515,0,23392,11964,50215
275565,0,23392,11964,50215
275701,0,23392,12083,50215
275751,0,23392,12083,50215
275843,0,23392,12083,50215
275893,0,23392,12083,50182
275943,0,23392,12083,50182
275993,0,23392,12083,50182
276043,0,24118,12083,50182
276093,0,24118,12260,50182
276143,0,24118,12260,50182
276193,0,24118,12260,50182
276243,0,23392,12260,50182
276293,0,23392,12260,50140
276343,0,23392,12260,50140
276393,0,23392,12260,50140
276443,0,24118,12260,50140
276493,0,24118,12400,50140
276543,0,24118,12400,50140
276593,0,24118,12400,50140
276643,0,24504,12400,50140
276735,0,24504,12400,50110
276870,0,24504,12553,50110
276920,0,24504,12553,50110
276970,0,24504,12553,50110
277020,0,24504,12553,50110
277070,0,24890,12553,50082
277120,0,24890,12553,50082
277170,0,24890,12553,50082
277220,0,24890,12553,50082
277270,0,24504,12722,50082
277320,0,24504,12722,50082
277370,0,24504,12722,50082
277420,0,24504,12722,50082
277470,0,24504,12722,50040
277520,0,24504,12722,50040
277570,0,24504,12722,50040
277620,0,24504,12722,50040
277712,0,25307,12858,50040
277762,0,25307,12858,50040
277812,0,25307,12858,50040
277862,0,25724,12858,50040
277998,0,25724,12858,50008
278048,0,25724,12858,50008
278098,0,25724,13026,50008
278148,0,25724,13026,50008
278198,0,25724,13026,50008
278248,0,25307,13026,50008
278298,0,25307,13026,49971
278348,0,25307,13026,49971
278398,0,25307,13026,49971
278448,0,25724,13026,49971
278498,0,25724,13199,49971
278548,0,25724,13199,49971
278598,0,25724,13199,49971
278691,0,25307,13199,49928
278741,0,25307,13199,49928
278791,0,25307,13199,49928
278841,0,26619,13199,49928
278891,0,26619,13349,49928
278941,0,26619,13349,49928
278991,0,26619,13349,49928
279128,0,26156,13349,49877
279178,0,26156,13349,49877
279228,0,26619,13349,49877
279278,0,26619,13349,49877
279328,0,26619,13550,49877
279378,0,26619,13550,49877
279428,0,27082,13550,49877
279478,0,27082,13550,49877
279528,0,27082,13550,49847
279578,0,27082,13550,49847
279670,0,27082,13550,49847
279720,0,27082,13665,49847
279770,0,27082,13665,49847
279820,0,27082,13665,49847
279870,0,26619,13665,49847
279920,0,26619,13665,49820
279970,0,26619,13665,49820
280020,0,26619,13665,49820
280070,0,26156,13665,49820
280120,0,26156,13820,49820
280255,0,27082,13820,49820
280305,0,27082,13820,49792
280355,0,27082,13820,49792
280405,0,27082,13820,49792
280455,0,27561,13820,49792
280505,0,27561,13937,49792
280555,0,27561,13937,49792
280689,0,28071,13937,49792
280739,0,28071,13937,49745
280789,0,28071,13937,49745
280839,0,27561,13937,49745
280889,0,27561,13937,49745
280939,0,27561,14072,49745
280989,0,27561,14072,49745
281039,0,28071,14072,49745
281089,0,28071,14072,49745
281139,0,28071,14072,49728
281189,0,28071,14072,49728
281239,0,28071,14072,49728
281289,0,28071,14072,49728
281594,0,28071,14212,49703
281644,0,28071,14212,49703
281694,0,28071,14212,49703
281744,0,28071,14321,49703
281836,0,28071,14321,49703
281886,0,28071,14321,49703
281936,0,28071,14321,49651
281986,0,28071,14321,49651
282036,0,28071,14321,49651
282086,0,28071,14321,49651
282136,0,28071,14503,49651
282186,0,28071,14503,49651
282236,0,28580,14503,49651
282286,0,28580,14503,49651
282336,0,28580,14503,49626
282386,0,28580,14503,49626
282563,0,28580,14639,49626
282613,0,28580,14639,49626
282663,0,28580,14639,49626
282713,0,28580,14639,49588
282763,0,28580,14639,49588
282855,0,29120,14639,49588
282905,0,29120,14639,49588
282955,0,29120,14764,49588
283005,0,29120,14764,49588
283055,0,29692,14764,49588
283105,0,29692,14764,49588
283155,0,29692,14764,49565
283205,0,29692,14764,49565
283255,0,29692,14764,49565
283305,0,29692,14764,49565
283355,0,29692,14885,49565
283405,0,29692,14885,49565
283455,0,30263,14885,49565
283505,0,30263,14885,49565
283555,0,30263,14885,49527
283691,0,29120,14885,49527
283741,0,29120,15009,49527
283833,0,30263,15009,49527
283883,0,30263,15009,49527
283933,0,30263,15009,49496
283983,0,30263,15009,49496
284033,0,30263,15009,49496
284083,0,30263,15009,49496
284133,0,30263,15144,49496
284183,0,30263,15144,49496
284233,0,30881,15144,49496
284283,0,30881,15144,49496
284333,0,30881,15144,49462
284383,0,30881,15144,49462
284433,0,30263,15144,49462
284483,0,30263,15144,49462
284533,0,30263,15266,49462
284583,0,30263,15266,49462
284633,0,30881,15266,49462
284725,0,30881,15266,49462
284861,0,30881,15266,49433
284911,0,30881,15266,49433
284961,0,30881,15410,49433
285011,0,30881,15410,49433
285061,0,30881,15410,49433
285111,0,30881,15410,49433
285161,0,30881,15410,49399
285211,0,30881,15410,49399
285261,0,31498,15410,49399
285311,0,31498,15410,49399
285361,0,31498,15546,49399
285411,0,31498,15546,49399
285461,0,30881,15546,49399
285511,0,30881,15546,49399
285561,0,30881,15546,49380
285611,0,30881,15546,49380
285661,0,31498,15546,49380
285753,0,31498,15667,49380
285803,0,31498,15667,49380
285853,0,32162,15667,49380
285989,0,32162,15667,49335
286039,0,32162,15667,49335
286089,0,32162,15667,49335
286139,0,32162,15834,49335
286189,0,32162,15834,49335
286239,0,32162,15834,49335
286289,0,32162,15834,49335
286339,0,32162,15834,49311
286389,0,32162,15834,49311
286439,0,31498,15834,49311
286489,0,31498,15834,49311
286539,0,31498,15956,49311
286589,0,31498,15956,49311
286639,0,32162,15956,49311
286732,0,32162,15956,49311
286782,0,32162,15956,49282
286832,0,32842,15956,49282
286882,0,32842,15956,49282
286932,0,32842,15956,49282
286982,0,32842,16083,49282
287118,0,32162,16083,49282
287168,0,32162,16083,49248
287218,0,32162,16083,49248
287268,0,32162,16083,49248
287318,0,32162,16083,49248
287368,0,32162,16204,49248
287418,0,32162,16204,49248
287468,0,32842,16204,49248
287518,0,32842,16204,49248
287568,0,32842,16204,49226
287618,0,32842,16204,49226
287711,0,32162,16204,49226
287761,0,32162,16299,49226
287811,0,32162,16299,49226
287861,0,32162,16299,49226
287911,0,32162,16299,49226
287961,0,32162,16299,49201
288011,0,32162,16299,49201
288061,0,32162,16299,49201
288111,0,32162,16299,49201
288246,0,32162,16443,49201
288296,0,32162,16443,49201
288346,0,32162,16443,49162
288396,0,32162,16443,49162
288446,0,32162,16443,49162
288496,0,32162,16443,49162
288546,0,32162,16564,49162
288596,0,32162,16564,49162
288688,0,34309,16564,49162
288738,0,34309,16564,49162
288788,0,34309,16564,49112
288838,0,34309,16564,49112
288888,0,34309,16564,49112
288938,0,34309,16564,49112
288988,0,34309,16737,49112
289038,0,33552,16737,49112
289088,0,33552,16737,49112
289138,0,33552,16737,49112
289188,0,33552,16737,49100
289238,0,34309,16737,49100
289373,0,34309,16836,49100
289423,0,34309,16836,49100
289473,0,34309,16836,49100
289523,0,34309,16836,49100
289573,0,34309,16836,49066
289665,0,35081,16836,49066
289715,0,35081,16836,49066
289765,0,35081,16932,49066
289815,0,35081,16932,49066
289865,0,33552,16932,49066
289915,0,33552,16932,49066
289965,0,33552,16932,49026
290015,0,33552,16932,49026
290065,0,33552,16932,49026
290115,0,33552,16932,49026
290165,0,33552,17063,49026
290215,0,33552,17063,49026
290265,0,34309,17063,49026
290315,0,34309,17063,49026
290365,0,34309,17063,49014
290501,0,34309,17063,49014
290551,0,34309,17063,49014
290643,0,35081,17170,49014
290693,0,35081,17170,49014
290743,0,35081,17170,49014
290793,0,35081,17170,48962
290843,0,34309,17170,48962
290893,0,34309,17170,48962
290943,0,34309,17170,48962
290993,0,34309,17298,48962
291043,0,35081,17298,48962
291093,0,35081,17298,48962
291143,0,35081,17298,48962
291193,0,35081,17298,48945
291243,0,35081,17298,48945
291293,0,35081,17298,48945
291343,0,35081,17298,48945
291393,0,35081,17365,48945
291443,0,34309,17365,48945
291535,0,34309,17365,48945
291671,0,34309,17365,48939
291721,0,34309,17365,48939
291771,0,34309,17365,48939
291821,0,34309,17471,48939
291871,0,35081,17471,48939
291921,0,35081,17471,48939
291971,0,35081,17471,48939
292021,0,35081,17471,48880
292071,0,35899,17471,48880
292121,0,35899,17471,48880
292171,0,35899,17471,48880
292221,0,35899,17620,48880
292271,0,35899,17620,48880
292321,0,35899,17620,48880
292371,0,35899,17620,48880
292421,0,35899,17620,48877
292513,0,36748,17620,48877
292563,0,36748,17620,48877
292613,0,36748,3302,48877
292663,0,35081,3302,48877
292799,0,35081,3302,51766
292849,0,35081,3302,51766
292899,0,35081,3302,51766
292949,0,35081,3302,51766
292999,0,35081,158,51766
293049,0,35081,158,51766
293099,0,35081,158,51766
293149,0,35081,158,51766
293199,0,35081,158,51819
293249,0,35081,158,51819
293299,0,35081,158,51819
293349,0,35081,158,51819
293399,0,35081,128,51819
293449,0,35899,128,51819
293541,0,35899,128,51819
293591,0,35899,128,51858
293641,0,35081,128,51858
293691,0,35081,128,51858
293741,0,35081,128,51858
293791,0,35081,122,51858
293927,0,35899,122,51858
293977,0,35899,122,51858
294027,0,35081,122,51891
294077,0,35081,122,51891
294127,0,35081,122,51891
294177,0,35081,122,51891
294227,0,34309,122,51891
294277,0,34309,122,51891
294327,0,34309,122,51891
294377,0,34309,122,51891
294427,0,34309,122,51918
294477,0,34309,122,51918
294570,0,34309,122,51918
294620,0,34309,120,51918
294670,0,34309,120,51918
294720,0,34309,120,51918
294770,0,34309,120,51918
294820,0,34309,120,51943
294870,0,35081,120,51943
294920,0,35081,120,51943
295056,0,34309,119,51943
295106,0,34309,119,51943
295156,0,34309,119,51943
295206,0,34309,119,51965
295256,0,33552,119,51965
295306,0,33552,119,51965
295356,0,33552,119,51965
295406,0,33552,119,51965
295456,0,34309,119,51965
295506,0,34309,119,51965
295598,0,34309,119,51985
295648,0,34309,119,51985
295698,0,34309,119,51985
295748,0,34309,119,51985
295798,0,34309,119,51985
295848,0,33552,119,51985
295898,0,33552,119,51985
295948,0,33552,119,51985
295998,0,33552,119,52003
296048,0,33552,119,52003
296185,0,33552,119,52003
296235,0,33552,119,52003
296285,0,33552,119,52003
296335,0,33552,119,52003
296385,0,33552,119,52003
296435,0,33552,119,52021
296485,0,33552,119,52021
296535,0,33552,119,52021
296585,0,33552,119,52021
296677,0,33552,119,52021
296727,0,33552,119,52021
296777,0,33552,119,52021
296827,0,34309,119,52036
296877,0,34309,119,52036
296927,0,34309,119,52036
296977,0,34309,119,52036
297112,0,34309,117,52036
297162,0,34309,117,52036
297212,0,34309,117,52051
297262,0,33552,117,52051
297312,0,33552,117,52051
297362,0,33552,117,52051
297412,0,33552,117,52051
297462,0,33552,117,52051
297512,0,33552,117,52051
297562,0,33552,117,52051
297612,0,33552,117,52066
297704,0,33552,117,52066
297754,0,33552,117,52066
297804,0,33552,117,52066
297854,0,32842,117,52066
297904,0,32842,117,52066
297954,0,32842,117,52066
298004,0,32842,117,52066
298054,0,32842,117,52080
298104,0,32842,117,52080
298240,0,32842,117,52080
298290,0,32842,117,52080
298340,0,32842,117,52080
298390,0,32842,117,52080
298440,0,31498,117,52092
298490,0,31498,117,52092
298540,0,31498,117,52092
298590,0,31498,117,52092
298640,0,32162,118,52092
298732,0,32162,118,52092
298782,0,32162,118,52092
298832,0,32162,118,52105
298882,0,32162,118,52105
298932,0,32162,118,52105
298982,0,32162,118,52105
299032,0,31498,117,52105
299082,0,31498,117,52105
299132,0,31498,117,52105
299182,0,31498,117,52105
299232,0,31498,117,52116
299367,0,31498,117,52116
299417,0,31498,117,52116
299467,0,31498,117,52116
299517,0,31498,117,52116
299567,0,31498,117,52116
299617,0,31498,117,52116
299667,0,32162,117,52127
299717,0,32162,117,52127
299809,0,32162,117,52127
299859,0,31498,116,52127
299909,0,31498,116,52127
299959,0,31498,116,52127
300009,0,31498,116,52127
300059,0,30881,116,52139
300109,0,30881,116,52139
300159,0,30881,116,52139
300209,0,30881,116,52139
300259,0,30881,118,52139
300309,0,30881,118,52139
300359,0,30881,118,52139
300495,0,31498,118,52148
300545,0,31498,118,52148
300595,0,31498,118,52148
300645,0,30881,117,52148
300695,0,30881,117,52148
300745,0,30881,117,52148
300837,0,30881,117,52158
300887,0,30881,117,52158
300937,0,30881,117,52158
300987,0,30881,117,52158
301037,0,31498,117,52158
301087,0,31498,117,52158
301137,0,31498,117,52158
301187,0,31498,117,52158
301237,0,30881,117,52169
301287,0,30881,117,52169
301337,0,30881,117,52169
301387,0,30881,117,52169
301437,0,30881,117,52169
301487,0,30881,117,52169
301623,0,30881,117,52169
301673,0,30881,117,52178
301723,0,30881,117,52178
301773,0,30881,117,52178
301865,0,30881,117,52178
301915,0,30881,117,52178
301965,0,30881,117,52178
302015,0,30881,117,52178
302065,0,30263,117,52186
302115,0,30263,117,52186
302165,0,30263,117,52186
302215,0,30263,117,52186
302265,0,30263,117,52186
302315,0,30263,117,52186
302365,0,30263,117,52186
302415,0,30263,117,52186
302465,0,29692,117,52195
302515,0,29692,117,52195
302565,0,29692,117,52195
302615,0,29692,117,52195
302751,0,29692,117,52195
302801,0,29692,117,52195
302894,0,30263,117,52203
302944,0,30263,117,52203
302994,0,30263,117,52203
303044,0,29692,117,52203
303094,0,29692,117,52203
303144,0,29692,117,52203
303194,0,29692,117,52203
303244,0,29120,117,52211
303294,0,29120,117,52211
303344,0,29120,117,52211
303394,0,29120,117,52211
303444,0,29120,116,52211
303494,0,29120,116,52211
303544,0,29120,116,52211
303594,0,29120,116,52211
303644,0,28580,116,52211
303694,0,28580,116,52159
303744,0,28580,116,52159
303880,0,28580,223,52159
303972,0,28580,223,52159
304022,0,28580,223,52159
304072,0,28580,223,52214
304122,0,28580,223,52214
304172,0,28580,223,52214
304222,0,28580,223,52214
304272,0,28580,194,52214
304322,0,28580,194,52214
304372,0,28580,194,52214
304422,0,28580,194,52214
304472,0,28071,194,52222
304522,0,28071,194,52222
304572,0,28071,194,52222
304622,0,28071,194,52222
304672,0,28580,193,52222
304722,0,28580,193,52222
304772,0,28580,193,52222
304822,0,28580,193,52222
304914,0,28580,193,52212
305049,0,28580,193,52212
305099,0,28580,289,52212
305149,0,28580,289,52212
305199,0,28580,289,52212
305249,0,28580,289,52212
305299,0,28580,289,52206
305349,0,28580,289,52206
305399,0,28580,289,52206
305449,0,28580,289,52206
305499,0,28580,375,52206
305549,0,28580,375,52206
305599,0,28580,375,52206
305649,0,28071,375,52206
305699,0,28071,375,52213
305749,0,28071,375,52213
305799,0,28071,375,52213
305849,0,27561,375,52213
305941,0,27561,371,52213
305991,0,27561,371,52213
306041,0,27561,371,52213
306177,0,27561,371,52219
306227,0,27082,371,52219
306277,0,27082,367,52219
306327,0,27082,367,52219
306377,0,27082,367,52219
306427,0,27561,367,52219
306477,0,27561,367,52225
306527,0,27561,367,52225
306577,0,27561,367,52225
306627,0,27561,367,52225
306677,0,27561,368,52225
306727,0,27561,368,52225
306777,0,27561,368,52225
306827,0,27082,368,52225
306877,0,27082,368,52231
306927,0,27082,368,52231
307019,0,27082,368,52231
307069,0,27561,368,52231
307119,0,27561,368,52231
307169,0,27561,368,52231
307304,0,27082,368,50979
307354,0,27082,368,50979
307404,0,27082,368,50979
307454,0,27561,368,50979
307504,0,27561,12967,50979
307554,0,27561,12967,50979
307604,0,27561,12967,50979
307654,0,27082,12967,50979
307704,0,27082,12967,50021
307754,0,27082,12967,50021
307804,0,27082,12967,50021
307854,0,27082,12967,50021
307904,0,27082,13797,50021
307996,0,27082,13797,50021
308046,0,27082,13797,50021
308096,0,27082,13797,49961
308146,0,27082,13797,49961
308196,0,27082,13797,49961
308246,0,27561,13797,49961
308296,0,27561,13946,49961
308432,0,27082,13946,49961
308482,0,27082,13946,49905
308532,0,27082,13946,49905
308582,0,27082,13946,49905
308632,0,28071,13946,49905
308682,0,28071,14044,49905
308732,0,28071,14044,49905
308782,0,28071,14044,49905
308832,0,28071,14044,49905
308882,0,28071,14044,49857
308974,0,28071,14044,49857
309024,0,28071,14044,49857
309074,0,28071,14044,49857
309124,0,28071,14145,49857
309174,0,28071,14145,49857
309224,0,28071,14145,49857
309274,0,28071,14145,49857
309324,0,28071,14145,49812
309374,0,28071,14145,49812
309424,0,28580,14145,49812
309559,0,28580,14229,49812
309609,0,28580,14229,49812
309659,0,28071,14229,49812
309709,0,28071,14229,49781
309759,0,28071,14229,49781
309809,0,28071,14229,49781
309859,0,28580,14229,49781
309951,0,28580,14352,49781
310001,0,28580,14352,49781
310051,0,28071,14352,49781
310101,0,28071,14352,49744
310151,0,28071,14352,49744
310201,0,28071,14352,49744
310251,0,28071,14352,49744
310301,0,28071,14470,49744
310351,0,28071,14470,49744
310401,0,28071,14470,49744
310451,0,28580,14470,49744
310501,0,28580,14470,49704
310551,0,28580,14470,49704
310687,0,29120,14470,49704
310737,0,29120,14603,49704
310787,0,29120,14603,49704
310837,0,28580,14603,49704
310930,0,28580,14603,49674
310980,0,28580,14603,49674
311030,0,29692,14603,49674
311080,0,29692,14603,49674
311130,0,29692,14714,49674
311180,0,29692,14714,49674
311230,0,29120,14714,49674
311280,0,29120,14714,49674
311330,0,29120,14714,49636
311380,0,29120,14714,49636
311430,0,29120,14714,49636
311480,0,29120,14714,49636
311616,0,29120,14827,49636
311666,0,29692,14827,49636
311716,0,29692,14827,49599
311766,0,29692,14827,49599
311816,0,29692,14827,49599
311866,0,29692,14827,49599
311958,0,29692,14945,49599
312008,0,29692,14945,49599
312058,0,29692,14945,49599
312108,0,29692,14945,49599
312158,0,29692,14945,49552
312208,0,29692,14945,49552
312258,0,30263,14945,49552
312308,0,30263,14945,49552
312358,0,30263,15059,49552
312408,0,30263,15059,49552
312458,0,29692,15059,49552
312508,0,29692,15059,49552
312558,0,29692,15059,49532
312608,0,29692,15059,49532
312743,0,30263,15131,49532
312793,0,30263,15131,49532
312843,0,29692,15131,49532
312977,0,29692,15131,49499
313027,0,29692,15131,49499
313077,0,29692,15131,49499
313127,0,29692,15249,49499
313177,0,29692,15249,49499
313227,0,30263,15249,49499
313277,0,30263,15249,49499
313327,0,30263,15249,49473
313377,0,30263,15249,49473
313427,0,30263,15249,49473
313477,0,30263,15249,49473
313527,0,30263,15300,49473
313577,0,30263,15300,49473
313627,0,29692,15300,49473
313677,0,29692,15300,49473
313727,0,29692,15300,49453
313777,0,29692,15300,49453
314127,0,30263,15372,49423
314177,0,30263,15372,49423
314227,0,30263,15372,49423
314277,0,30263,15372,49423
314327,0,30263,15438,49423
314377,0,30263,15438,49423
314427,0,30263,15438,49423
314477,0,30263,15438,49423
314527,0,30263,15438,49409
314577,0,30263,15438,49409
314627,0,30263,15438,49409
314677,0,30263,15438,49409
314727,0,30263,15558,49409
314777,0,30263,15558,49409
314827,0,30263,15558,49409
314877,0,30263,15558,49409
314927,0,30263,15558,49370
315019,0,30263,15558,49370
315069,0,30312,15558,49370
315119,0,30362,15558,49370
315296,0,30536,15636,49370
315346,0,30585,15636,49352
315396,0,30635,15636,49352
315446,0,30684,15636,49352
315496,0,30733,15636,49352
315546,0,30782,15687,49352
315596,0,30832,15687,49352
315646,0,30881,15687,49352
315696,0,30881,15687,49352
315746,0,30881,15687,49342
315796,0,30881,15687,49342
315846,0,30881,15687,49342
315896,0,30881,15687,49342
315946,0,30881,15699,49342
315996,0,30881,15699,49342
316088,0,31498,15699,49342
316138,0,31498,15699,49320
316188,0,31498,15699,49320
316238,0,30881,15699,49320
316288,0,30881,15699,49320
316424,0,31498,15770,49320
316474,0,31498,15770,49320
316524,0,31498,15770,49320
316574,0,31498,15770,49295
316624,0,30881,15770,49295
316674,0,30881,15770,49295
316724,0,30881,15770,49295
316774,0,30881,15847,49295
316824,0,32162,15847,49295
316874,0,32162,15847,49295
316924,0,32162,15847,49295
316974,0,32162,15847,49258
317066,0,32162,15847,49258
317116,0,32162,15847,49258
317166,0,32162,15954,49258
317216,0,32162,15954,49258
317266,0,32162,15954,49258
317316,0,32162,15954,49258
317366,0,32162,15954,49220
317416,0,32162,15954,49220
317552,0,32162,15996,49220
317602,0,32162,15996,49220
317652,0,32162,15996,49220
317702,0,32162,15996,49220
317752,0,32162,15996,49199
317802,0,32162,15996,49199
317852,0,32162,15996,49199
317902,0,32162,15996,49199
317952,0,32162,16059,49199
318044,0,32842,16059,49199
318094,0,32842,16059,49199
318144,0,32842,16059,49199
318194,0,32842,16059,49192
318244,0,32162,16059,49192
318294,0,32162,16059,49192
318344,0,32162,16059,49192
318394,0,32162,16105,49192
318444,0,32842,16105,49192
318494,0,32842,16105,49192
318544,0,32842,16105,49192
318680,0,32162,16105,49148
318730,0,32162,16105,49148
318780,0,32162,16203,49148
318830,0,32162,16203,49148
318880,0,32162,16203,49148
318930,0,32162,16203,49148
319023,0,32162,16203,49145
319073,0,32162,16203,49145
319123,0,32162,16203,49145
319173,0,32162,16266,49145
319223,0,32162,16266,49145
319273,0,32162,16266,49145
319323,0,32162,16266,49145
319373,0,32162,16266,49143
319423,0,32162,16266,49143
319473,0,32162,16266,49143
319523,0,32162,16266,49143
319573,0,32162,16261,49143
319623,0,32162,16261,49143
319673,0,32842,16261,49143
319809,0,32842,16261,49135
319859,0,32842,16261,49135
319909,0,32842,16261,49135
320001,0,32842,16346,49135
320051,0,32842,16346,49135
320101,0,32842,16346,49135
320151,0,32842,16346,49135
320201,0,32842,16346,49079
320251,0,32162,16346,49079
320301,0,32162,16346,49079
320351,0,32162,16346,49079
320401,0,32162,16455,49079
320451,0,33552,16455,49079
320501,0,33552,16455,49079
320551,0,33552,16455,49079
320601,0,33552,16455,49045
320651,0,33552,16455,49045
320701,0,33552,16455,49045
320751,0,33552,16455,49045
320801,0,33552,16590,49045
320979,0,34309,16590,51706
321029,0,33552,16590,51706
321079,0,33552,16590,51706
321129,0,33552,16590,51706
321179,0,33552,409,51706
321229,0,34309,409,51706
321279,0,34309,409,51706
321329,0,34309,409,51706
321379,0,34309,409,51772
321429,0,32842,409,51772
321479,0,32842,409,51772
321529,0,32842,409,51772
321579,0,32842,130,51772
321629,0,33552,130,51772
321679,0,33552,130,51772
321729,0,33552,130,51772
321779,0,33552,130,51814
321829,0,33552,130,51814
321921,0,33552,130,51814
321971,0,33552,123,51814
322107,0,33552,123,51814
322157,0,33552,123,51814
322207,0,33552,123,51848
322257,0,33552,123,51848
322307,0,33552,123,51848
322357,0,33552,123,51848
322407,0,33552,120,51848
322457,0,33552,120,51848
322507,0,33552,120,51848
322557,0,33552,120,51848
322607,0,33552,120,51876
322657,0,32842,120,51876
322707,0,32842,120,51876
322757,0,32842,120,51876
322807,0,32842,121,51876
322857,0,33552,121,51876
322907,0,33552,121,51876
322999,0,33552,121,51900
323049,0,32842,121,51900
323099,0,32842,121,51900
323235,0,32842,120,51900
323285,0,32842,120,51900
323335,0,32842,120,51900
323385,0,32842,120,51922
323435,0,32842,120,51922
323485,0,32842,120,51922
323535,0,32842,120,51922
323585,0,32842,118,51922
323635,0,32842,118,51922
323685,0,32842,118,51922
323735,0,32842,118,51922
323785,0,32842,118,51942
323835,0,32842,118,51942
323885,0,32842,118,51942
323935,0,32842,118,51942
324027,0,32842,180,51942
324077,0,32842,180,51942
324127,0,32842,180,51942
324177,0,32842,180,51942
324227,0,32162,180,51961
324362,0,32162,180,51961
324412,0,32162,277,51961
324462,0,32162,277,51961
324512,0,32162,277,51961
324562,0,32162,277,51961
324612,0,32162,277,51978
324662,0,31498,277,51978
324712,0,31498,277,51978
324762,0,31498,277,51978
324812,0,31498,278,51978
324862,0,32162,278,51978
324912,0,32162,278,51978
324962,0,32162,278,51978
325054,0,31498,278,51994
325104,0,31498,278,51994
325154,0,31498,278,51994
325204,0,31498,292,51994
325254,0,30881,292,51994
325304,0,30881,292,51994
325354,0,30881,292,51994
325490,0,30881,292,52009
325540,0,30881,292,52009
325590,0,30881,292,52009
325640,0,30881,301,52009
325690,0,30881,301,52009
325740,0,30881,301,52009
325790,0,30881,301,52009
325840,0,30263,301,52023
325890,0,30263,301,52023
325940,0,30263,301,52023
325990,0,30263,301,52023
326082,0,30263,285,52023
326132,0,30263,285,52023
326182,0,30263,285,52023
326232,0,30881,285,52036
326282,0,30881,285,52036
326418,0,30881,344,52036
326468,0,30263,344,52036
326518,0,30263,344,52036
326568,0,30263,344,52036
326618,0,30263,344,52035
326668,0,29692,344,52035
326718,0,29692,344,52035
326768,0,29692,344,52035
326818,0,29692,195,52035
326868,0,29692,195,52035
326918,0,29692,195,52035
326968,0,29692,195,52035
327018,0,29692,195,52048
327068,0,30263,195,52048
327161,0,30263,195,52048
327211,0,30263,194,52048
327261,0,29692,194,52048
327311,0,29692,194,52048
327361,0,29692,194,52048
327411,0,29692,194,52058
327546,0,30263,194,52058
327596,0,30263,194,52058
327646,0,30263,283,52058
327696,0,30263,283,52058
327746,0,30263,283,52058
327796,0,30263,283,52058
327846,0,29692,283,52041
327896,0,29692,283,52041
327946,0,29692,283,52041
327996,0,29692,283,52041
328046,0,29692,364,52041
328096,0,29692,364,52041
328188,0,29692,364,52041
328238,0,29120,364,52049
328288,0,29120,364,52049
328338,0,29120,364,52049
328388,0,29120,364,52049
328438,0,29692,374,52049
328488,0,29692,374,52049
328538,0,29692,374,52049
328673,0,29692,374,52058
328723,0,29692,374,52058
328773,0,29692,374,52058
328823,0,29692,370,52058
328873,0,29692,370,52058
328923,0,29692,370,52058
328973,0,29692,370,52058
329023,0,29692,370,52068
329073,0,29120,370,52068
329123,0,29120,370,52068
329215,0,29120,370,52068
329265,0,29692,369,52068
329315,0,29692,369,52068
329365,0,29692,369,52068
329415,0,29692,369,52068
329465,0,29120,369,52078
329515,0,29120,369,52078
329565,0,29120,369,52078
329615,0,29120,369,52078
329665,0,29120,368,52078
329800,0,29120,368,52078
329850,0,28580,368,52087
329900,0,28580,368,52087
329950,0,28580,368,52087
330000,0,28580,368,52087
330050,0,29120,9729,52087
330100,0,29120,9729,52087
330150,0,29120,9729,52087
330242,0,28580,9729,49789
330292,0,28580,9729,49789
330342,0,28580,9729,49789
330392,0,28580,9729,49789
330442,0,28580,14520,49789
330492,0,28580,14520,49789
330542,0,28580,14520,49789
330592,0,28580,14520,49789
330642,0,29120,14520,49723
330692,0,29120,14520,49723
330742,0,29120,14520,49723
330792,0,29120,14520,49723
330929,0,28580,14676,49723
330979,0,28580,14676,49723
331029,0,29692,14676,49670
331079,0,29692,14676,49670
331129,0,29692,14676,49670
331179,0,29692,14676,49670
331271,0,29120,14804,49670
331321,0,29120,14804,49670
331371,0,29120,14804,49670
331421,0,29120,14804,49670
331471,0,29692,14804,49623
331521,0,29692,14804,49623
331571,0,29692,14804,49623
331621,0,29692,14804,49623
331671,0,29120,14924,49623
331721,0,29120,14924,49623
331771,0,29120,14924,49623
331821,0,29120,14924,49623
331871,0,29120,14924,49568
331921,0,29120,14924,49568
332056,0,29692,15046,49568
332106,0,29692,15046,49568
332156,0,29692,15046,49568
332248,0,30263,15046,49535
332298,0,30263,15046,49535
332348,0,30263,15046,49535
332398,0,30263,15046,49535
332448,0,30263,15170,49535
332498,0,30263,15170,49535
332548,0,30263,15170,49535
332598,0,30263,15170,49535
332648,0,30263,15170,49493
332698,0,30263,15170,49493
332748,0,30263,15170,49493
332798,0,30263,15170,49493
332848,0,30263,15293,49493
332898,0,30263,15293,49493
332948,0,30263,15293,49493
332998,0,30263,15293,49493
333048,0,30881,15293,49453
333226,0,30881,15293,49453
333276,0,30881,15427,49453
333326,0,30881,15427,49453
333376,0,30881,15427,49453
333426,0,31498,15427,49453
333476,0,31498,15427,49413
333526,0,31498,15427,49413
333576,0,31498,15427,49413
333626,0,30881,15427,49413
333676,0,30881,15551,49413
333726,0,30881,15551,49413
333776,0,30881,15551,49413
333826,0,31498,15551,49413
333876,0,31498,15551,51772
333926,0,31498,15551,51772
333976,0,31498,15551,51772
334026,0,30263,15551,51772
334118,0,30263,1022,51772
334168,0,30263,1022,51772
334218,0,30263,1022,51772
334354,0,30881,1022,51911
334404,0,30881,1022,51911
334454,0,30881,1022,51911
334504,0,30881,136,51911
334554,0,30881,136,51911
334604,0,30881,136,51911
334654,0,30881,136,51911
334704,0,30881,136,51947
334754,0,30881,136,51947
334804,0,30881,136,51947
334854,0,30263,136,51947
334904,0,30263,123,51947
334954,0,30263,123,51947
335004,0,30263,123,51947
335054,0,30263,123,51947
335147,0,30263,123,51974
335197,0,30263,123,51974
335247,0,29692,123,51974
335297,0,29692,120,51974
335347,0,29692,120,51974
335549,0,29692,120,51997
335599,0,29692,120,51997
335649,0,29692,120,51997
335699,0,29692,118,51997
335749,0,29692,118,51997
335799,0,29692,118,51997
335849,0,29120,118,51997
335899,0,29120,118,52017
335949,0,29120,118,52017
335999,0,29120,118,52017
336049,0,29120,118,52017
336099,0,29120,120,52017
336149,0,29120,120,52017
336242,0,29692,120,52017
336292,0,29692,120,52034
336342,0,29692,120,52034
336392,0,29692,120,52034
336442,0,29120,120,52034
336492,0,29120,118,52034
336542,0,29120,118,52034
336677,0,28580,118,52050
336727,0,28580,118,52050
336777,0,28580,118,52050
336827,0,28580,118,52050
336877,0,28580,118,52050
336927,0,28580,118,52050
336977,0,28580,118,52050
337027,0,28580,118,52050
337077,0,28580,118,52051
337127,0,28580,118,52051
337177,0,28580,118,52051
337269,0,27561,200,52051
337319,0,27561,200,52051
337369,0,27561,200,52051
337419,0,27561,200,52051
337469,0,28071,200,52051
337519,0,28071,200,52065
337569,0,28071,200,52065
337619,0,28071,200,52065
337669,0,28071,200,52065
337804,0,28071,194,52065
337854,0,28071,194,52065
337904,0,28071,194,52077
337954,0,28071,194,52077
338004,0,28071,194,52077
338054,0,28071,194,52077
338104,0,28071,200,52077
338154,0,28071,200,52077
338204,0,28071,200,52077
338254,0,28071,200,52077
338346,0,28071,200,52072
338396,0,28071,200,52072
338446,0,28071,200,52072
338496,0,28071,420,52072
338546,0,28071,420,52072
338596,0,28071,420,52072
338646,0,27561,420,52072
338696,0,27561,420,52069
338746,0,27561,420,52069
338796,0,27561,420,52069
338931,0,28071,379,52069
338981,0,28071,379,52069
339031,0,27561,379,52069
339081,0,27561,379,52069
339131,0,27561,379,52079
339181,0,27561,379,52079
339231,0,27082,379,52079
339281,0,27082,379,52079
339373,0,27082,371,52079
339423,0,27082,371,52079
339473,0,27082,371,52079
339523,0,27082,371,52090
339573,0,27082,371,52090
339623,0,27082,371,52090
339673,0,27082,371,52090
339723,0,27082,368,52090
339773,0,27082,368,52090
339823,0,27082,368,52090
339873,0,27561,368,52090
339923,0,27561,368,52098
340058,0,27082,368,52098
340108,0,27082,367,52098
340158,0,27082,367,52098
340208,0,27082,367,52098
340258,0,27082,367,52098
340308,0,27082,367,52106
340400,0,27082,367,52106
340450,0,27082,367,52106
340500,0,27082,768,52106
340550,0,27082,768,52106
340600,0,27082,768,52106
340650,0,26619,768,52106
340700,0,26619,768,49895
340750,0,26619,768,49895
340800,0,26619,768,49895
340850,0,27082,768,49895
340985,0,27082,13661,49895
341035,0,27082,13661,49895
341085,0,27082,13661,49895
341135,0,27082,13661,49868
341185,0,27082,13661,49868
341235,0,27082,13661,49868
341285,0,27082,13661,49868
341335,0,27082,13924,49868
341427,0,27561,13924,49868
341477,0,27561,13924,49868
341527,0,27561,13924,49831
341577,0,27561,13924,49831
341627,0,28071,13924,49831
341677,0,28071,13924,49831
341727,0,28071,14100,49831
341777,0,28071,14100,49831
341827,0,28071,14100,49831
341877,0,28071,14100,49831
341927,0,28071,14100,49777
341977,0,28071,14100,49777
342112,0,28071,14230,49777
342162,0,28071,14230,49777
342212,0,28071,14230,49777
342262,0,28580,14230,49777
342312,0,28580,14230,49729
342404,0,28580,14230,49729
342454,0,29120,14230,49729
342504,0,29120,14230,49729
342554,0,29120,14398,49729
342604,0,29120,14398,49729
342654,0,28071,14398,49729
342704,0,28071,14398,49729
342754,0,28071,14398,49685
342804,0,28071,14398,49685
342854,0,28580,14398,49685
342904,0,28580,14398,49685
342954,0,28580,14558,49685
343004,0,28580,14558,49685
343054,0,28580,14558,49685
343104,0,28580,14558,49685
343239,0,28580,14558,49624
343289,0,28580,14558,49624
343381,0,28580,14687,49624
343431,0,29692,14687,49624
343481,0,29692,14687,49624
343531,0,29692,14687,49581
343581,0,29692,14687,49581
343631,0,29120,14687,49581
343681,0,29120,14687,49581
343731,0,29120,14814,49581
343781,0,29120,14814,49581
343831,0,29120,14814,49581
343881,0,29120,14814,49581
343931,0,29120,14814,49538
343981,0,29120,14814,49538
344031,0,29120,14814,49538
344081,0,29120,14814,49538
344131,0,29120,14934,49538
344181,0,29120,14934,49538
344273,0,29692,14934,49538
344408,0,29692,14934,49499
344458,0,29692,14934,49499
344508,0,29692,14934,49499
344558,0,29692,15065,49499
344608,0,29692,15065,49499
344658,0,30263,15065,49499
344708,0,30263,15065,49499
344758,0,30263,15065,49464
344808,0,30263,15065,49464
344858,0,30263,15065,49464
344908,0,30263,15065,49464
344958,0,30263,15195,49464
345008,0,30263,15195,49464
345058,0,29692,15195,49464
345108,0,29692,15195,49464
345158,0,29692,15195,49418
345292,0,30881,15195,49418
345342,0,30881,15336,49418
345392,0,30881,15336,49418
345442,0,30881,15336,49418
345747,0,31498,15511,49374
345797,0,31498,15511,49374
345847,0,31498,15511,49374
345897,0,31498,15511,49374
345947,0,31498,15511,49338
345997,0,31498,15511,49338
346047,0,31498,15511,49338
346097,0,31498,15511,49338
346147,0,31498,15640,49338
346197,0,31498,15640,49338
346247,0,31498,15640,49338
346297,0,31498,15640,49338
346347,0,31498,15640,49295
346439,0,31498,15640,49295
346489,0,31498,15640,49295
346539,0,31498,15830,49295
346589,0,31498,15830,49295
346639,0,31498,15830,49295
346689,0,31498,15830,49295
346739,0,31498,15830,49278
346916,0,30881,15830,49278
346966,0,30881,15916,49278
347016,0,30881,15916,49278
347066,0,30881,15916,49278
347116,0,30881,15916,49278
347166,0,30881,15916,49249
347216,0,30881,15916,49249
347266,0,31498,15916,49249
347316,0,31498,15916,49249
347366,0,31498,16063,49249
347458,0,31498,16063,49249
347508,0,31498,16063,49249
347558,0,31498,16063,49223
347608,0,31498,16063,49223
347658,0,32162,16063,49223
347708,0,32162,16063,49223
347758,0,32162,16170,49223
347808,0,32162,16170,49223
347858,0,32162,16170,49223
347908,0,32162,16170,49223
348043,0,32162,16170,49183
348093,0,32162,16170,49183
348143,0,32162,16170,49183
348193,0,32162,16312,49183
348243,0,32162,16312,49183
348293,0,32162,16312,49183
348343,0,32162,16312,49183
348393,0,32162,16312,49152
348485,0,32842,16312,49152
348535,0,32842,16312,49152
348585,0,32842,16416,49152
348635,0,33552,16416,49152
348685,0,33552,16416,49152
348735,0,33552,16416,49152
348785,0,33552,16416,49108
348835,0,33552,16416,49108
348885,0,33552,16416,49108
348935,0,33552,16416,49108
348985,0,33552,16570,49108
349035,0,33552,16570,49108
349170,0,33552,16570,49057
349220,0,33552,16570,49057
349270,0,33552,16570,49057
349320,0,33552,16570,49057
349370,0,33552,16725,49057
349462,0,33552,16725,49057
349512,0,33552,16725,49057
349562,0,33552,16725,49038
349612,0,33552,16725,49038
349662,0,34309,16725,49038
349712,0,34309,16725,49038
349762,0,34309,16890,49038
349812,0,34309,16890,49038
349862,0,33552,16890,49038
349912,0,33552,16890,49038
349962,0,33552,16890,49003
350012,0,33552,16890,49003
350062,0,33552,16890,49003
350112,0,33552,16890,49003
350162,0,33552,16988,49003
350297,0,35081,16988,49003
350347,0,35081,16988,49003
350439,0,34309,16988,48975
350489,0,34309,16988,48975
350539,0,34309,16988,48975
350589,0,34309,17121,48975
350639,0,34309,17121,48975
350689,0,34309,17121,48975
350739,0,34309,17121,48975
350789,0,34309,17121,48923
350839,0,35081,17121,48923
350889,0,35081,17121,48923
350939,0,35081,17121,48923
350989,0,35081,17276,48923
351039,0,35081,17276,48923
351089,0,35081,17276,48923
351139,0,35081,17276,48923
351189,0,35081,17276,48901
351239,0,35081,17276,48901
351331,0,35081,17276,48901
351466,0,35081,17408,48901
351516,0,35081,17408,48901
351566,0,35081,17408,48901
351616,0,35081,17408,48885
351666,0,35081,17408,48885
351716,0,35081,17408,48885
351766,0,35081,17408,48885
351816,0,35081,17491,48885
351866,0,35899,17491,48885
351916,0,35899,17491,48885
351966,0,35899,17491,48885
352016,0,35899,17491,48833
352066,0,35081,17491,48833
352116,0,35081,17491,48833
352166,0,35081,17491,48833
352216,0,35081,17672,48833
352308,0,35899,17672,48833
352358,0,35899,17672,48833
352408,0,35899,17672,48798
352458,0,35899,17672,48798
352595,0,35899,17783,48798
352645,0,36748,17783,48798
352695,0,36748,17783,48798
352745,0,36748,17783,48798
352795,0,36748,17783,48783
352845,0,35899,17783,48783
352895,0,35899,17783,48783
352945,0,35899,17783,48783
352995,0,35899,5039,48783
353045,0,35899,5039,48783
353095,0,35899,5039,48783
353145,0,35899,5039,48783
353195,0,35899,5039,51646
353287,0,35899,5039,51646
353337,0,35899,5039,51646
353387,0,35899,168,51646
353437,0,36748,168,51646
353487,0,36748,168,51646
353537,0,36748,168,51646
353587,0,36748,168,51700
353722,0,35899,168,51700
353772,0,35899,168,51700
353822,0,35899,127,51700
353872,0,35899,127,51700
353922,0,35899,127,51700
353972,0,35899,127,51700
354022,0,35899,127,51739
354072,0,35899,127,51739
354122,0,35899,127,51739
354172,0,35899,127,51739
354222,0,35899,123,51739
354314,0,35081,123,51739
354364,0,35081,123,51739
354414,0,35081,123,51772
354464,0,35081,123,51772
354514,0,35081,123,51772
354564,0,35081,123,51772
354614,0,35081,122,51772
354664,0,35899,122,51772
354714,0,35899,122,51772
354849,0,35899,122,51799
354899,0,35899,122,51799
354949,0,35899,122,51799
354999,0,35899,121,51799
355049,0,35899,121,51799
355099,0,35899,121,51799
355149,0,35899,121,51799
355199,0,35899,121,51823
355249,0,35081,121,51823
355299,0,35081,121,51823
355391,0,35081,121,51823
355441,0,35081,119,51823
355491,0,35081,119,51823
355541,0,35081,119,51823
355591,0,35081,119,51823
355641,0,35081,119,51845
355776,0,35081,119,51845
355826,0,35081,119,51845
355876,0,35081,119,51845
355926,0,35081,119,51845
355976,0,35081,119,51845
356026,0,35081,119,51866
356076,0,35081,119,51866
356126,0,35081,119,51866
356176,0,35081,119,51866
356226,0,35081,119,51866
356276,0,35081,119,51866
356326,0,35081,119,51866
356418,0,35081,119,51883
356468,0,35020,119,51883
356518,0,34959,119,51883
356568,0,34899,119,51883
356618,0,34838,119,51883
356668,0,34777,119,51883
356718,0,34716,119,51883
356768,0,34655,119,51883
356903,0,34491,119,51900
356953,0,34431,119,51900
357003,0,34370,118,51900
357053,0,34309,118,51900
357103,0,34309,118,51900
357153,0,34309,118,51900
357203,0,34309,118,51916
357253,0,34309,118,51916
357303,0,34309,118,51916
357353,0,34309,118,51916
357403,0,34309,118,51916
357453,0,35081,118,51916
357545,0,35081,118,51916
357595,0,35081,118,51916
357645,0,34309,118,51931
357695,0,34309,118,51931
357745,0,34309,118,51931
357795,0,34309,118,51931
357845,0,35081,118,51931
357895,0,35081,118,51931
358030,0,34309,118,51945
358080,0,34309,118,51945
358130,0,34309,118,51945
358180,0,34309,118,51945
358230,0,35081,117,51945
358280,0,35081,117,51945
358330,0,35081,117,51945
358380,0,35081,117,51945
358430,0,34309,117,51958
358480,0,34309,117,51958
358572,0,34309,117,51958
358622,0,34309,117,51958
358672,0,34309,117,51958
358722,0,34309,117,51958
358772,0,34309,117,51958
358822,0,34309,117,51971
358872,0,34309,117,51971
358922,0,34309,117,51971
358972,0,34309,117,51971
359022,0,34309,117,51971
359157,0,34309,117,51971
359207,0,34309,117,51971
359257,0,35081,117,51984
359307,0,35081,117,51984
359357,0,35081,117,51984
359407,0,35081,117,51984
359457,0,34309,117,51984
359507,0,34309,117,51984
359599,0,34309,117,51984
359649,0,34309,117,51995
359699,0,34309,117,51995
359749,0,34309,117,51995
359799,0,34309,117,51995
359849,0,34309,117,51995
359899,0,34309,117,51995
359949,0,34309,117,51995
359999,0,34309,117,51995
360049,0,34309,117,52006
360099,0,34309,117,52006
360149,0,34309,117,52006
360284,0,33552,116,52006
360334,0,33552,116,52006
360384,0,33552,116,52006
360434,0,33552,116,52016
360484,0,33552,116,52016
360534,0,33552,116,52016
360626,0,33552,116,52016
360676,0,33552,117,52016
360726,0,33552,117,52016
360776,0,33552,117,52016
360826,0,33552,117,52016
360876,0,33552,117,52026
360926,0,33552,117,52026
360976,0,33552,117,52026
361026,0,32842,117,52026
361076,0,32842,117,52026
361126,0,32842,117,52026
361176,0,32842,117,52026
361226,0,33552,117,52026
361276,0,33552,117,52037
361411,0,33552,117,52037
361461,0,34309,116,52037
361511,0,34309,116,52037
361561,0,34309,116,52037
361611,0,34309,116,52037
361703,0,33552,116,52046
361753,0,33552,116,52046
361803,0,33552,116,52046
361853,0,32842,117,52046
361903,0,32842,117,52046
361953,0,32842,117,52046
362003,0,32842,117,52046
362053,0,32842,117,52055
362103,0,32842,117,52055
362153,0,32842,117,52055
362203,0,32842,117,52055
362253,0,34309,117,52055
362303,0,34309,117,52055
362353,0,34309,117,52055
362403,0,34309,117,52055
362538,0,33552,117,52063
362588,0,33552,117,52063
362638,0,32842,117,52063
362730,0,32842,117,52063
362780,0,32842,117,52063
362830,0,32842,117,52063
362880,0,32842,117,52072
362930,0,32842,117,52072
362980,0,32842,117,52072
363030,0,32842,117,52072
363080,0,32842,117,52072
363130,0,32842,117,52072
363180,0,32842,117,52072
363230,0,32842,117,52072
363280,0,32842,117,52081
363330,0,32842,117,52081
363380,0,32842,117,52081
363430,0,32162,117,52081
363480,0,32162,116,52081
363530,0,32162,116,52081
363665,0,32842,116,52089
363757,0,32842,116,52089
363807,0,32842,116,52089
363857,0,32162,117,52089
363907,0,32162,117,52089
363957,0,32162,117,52089
364007,0,32162,117,52089
364057,0,32842,117,52097
364107,0,32842,117,52097
364157,0,32842,117,52097
364207,0,32842,117,52097
364257,0,32162,117,52097
364307,0,32162,117,52097
364357,0,32162,117,52097
364407,0,32162,117,52097
364457,0,32842,117,52097
364507,0,32842,117,52105
364557,0,32842,117,52105
364607,0,32842,117,52105
364657,0,32162,117,52105
364835,0,32162,117,52105
364885,0,32162,117,52112
364935,0,32162,117,52112
364985,0,32162,117,52112
365035,0,32162,117,52112
365085,0,32162,117,52112
365135,0,32162,117,52112
365185,0,32162,117,52112
365235,0,32162,117,52112
365285,0,32162,117,52120
365335,0,32162,117,52120
365385,0,32162,117,52120
365435,0,32162,117,52120
365485,0,32162,117,52120
365535,0,32162,117,52120
365585,0,32162,117,52120
365635,0,31498,117,52120
365685,0,31498,117,52126
365777,0,31498,117,52126
365827,0,32162,117,52126
365962,0,32162,117,52126
366012,0,32162,117,52126
366062,0,31498,117,52126
366112,0,31498,117,52133
366162,0,31498,117,52133
366212,0,31498,117,52133
366262,0,31498,117,52133
366312,0,31498,116,52133
366362,0,31498,116,52133
366412,0,31498,116,52133
366462,0,31498,116,52133
366512,0,31498,116,52140
366562,0,31498,116,52140
366612,0,31498,116,52140
366662,0,31498,116,52140
366712,0,31498,116,52140
366804,0,31498,116,52140
366854,0,30881,116,52140
366904,0,30881,116,52147
366954,0,30881,116,52147
367089,0,30263,116,52147
367139,0,30263,116,52147
367189,0,30263,116,52147
367239,0,30881,116,52147
367289,0,30881,116,52154
367339,0,30881,116,52154
367389,0,30881,116,52154
367439,0,30881,116,52154
367489,0,30881,117,52154
367539,0,30881,117,52154
367589,0,30881,117,52154
367639,0,30263,117,52154
367689,0,30263,117,52160
367739,0,30263,117,52160
367831,0,30263,117,52160
367881,0,30263,116,52160
367931,0,30263,116,52160
367981,0,30263,116,52160
368031,0,30263,116,52160
368081,0,30263,116,52166
368216,0,30263,116,52166
368266,0,30263,116,52166
368316,0,30263,117,52166
368366,0,30263,117,52166
368416,0,30263,117,52166
368466,0,30263,117,52166
368516,0,30263,117,52173
368566,0,30263,117,52173
368616,0,30263,117,52173
368666,0,30881,117,52173
368716,0,30881,116,52173
368766,0,30881,116,52173
368816,0,30881,116,52173
368908,0,30263,116,52178
368958,0,30263,116,52178
369008,0,30263,116,52178
369058,0,29692,116,52178
369108,0,29692,117,52178
369158,0,29692,117,52178
369208,0,29692,117,52178
369343,0,29692,117,52184
369393,0,29692,117,52184
369443,0,30263,117,52184
369493,0,30263,117,52184
369543,0,30263,117,52184
369593,0,30263,117,52184
369643,0,30263,117,52184
369693,0,30263,117,52190
369743,0,30263,117,52190
369793,0,30263,117,52190
369843,0,29692,117,52190
369935,0,29692,118,52190
369985,0,29692,118,52190
370035,0,29692,118,52190
370085,0,29692,118,52190
370135,0,29692,118,52196
370272,0,29692,118,52196
370322,0,29692,117,52196
370372,0,29692,117,52196
370422,0,29692,117,52196
370472,0,29120,117,52196
370522,0,29120,117,52201
370572,0,29120,117,52201
370622,0,29120,117,52201
370672,0,29120,117,52201
370722,0,29120,117,52201
370772,0,29120,117,52201
370822,0,29120,117,52201
370872,0,29120,117,52201
370964,0,29120,117,52206
371014,0,29120,117,52206
371064,0,29120,117,52206
371114,0,29120,115,52206
371164,0,29120,115,52206
371214,0,29120,115,52206
371264,0,28580,115,52206
371399,0,28580,115,52212
371449,0,28580,115,52212
371499,0,28580,115,52212
371549,0,28580,116,52212
371599,0,28580,116,52212
371649,0,28580,116,52212
371699,0,28580,116,52212
371749,0,28580,116,52218
371799,0,28580,116,52218
371849,0,28580,116,52218
371899,0,28580,116,52218
371949,0,28580,448,52218
372041,0,28071,448,52218
372091,0,28071,448,52218
372141,0,28071,448,52209
372191,0,28071,448,52209
372241,0,28071,448,52209
372291,0,28071,448,52209
372341,0,28071,195,52209
372391,0,28071,195,52209
372526,0,28071,195,52214
372576,0,28071,195,52214
372626,0,28071,195,52214
372676,0,28071,195,52214
372726,0,28071,193,52214
372776,0,28071,193,52214
372826,0,27561,193,52214
372876,0,27561,193,52214
372926,0,27561,193,52219
372976,0,27561,193,52219
373068,0,28071,193,52219
373118,0,28071,270,52219
373168,0,28071,270,52219
373218,0,28071,270,52219
373268,0,27561,270,52219
373318,0,27561,270,52208
373368,0,27561,270,52208
373418,0,27561,270,52208
373468,0,28071,270,52208
373518,0,28071,376,52208
373653,0,27082,376,52208
373703,0,27082,376,52208
373753,0,27082,376,52197
373803,0,27082,376,52197
373853,0,26619,376,52197
373903,0,26619,376,52197
373953,0,26619,376,52197
374003,0,26619,376,52197
374095,0,26619,376,52197
374145,0,26619,376,52203
374195,0,26619,376,52203
374245,0,26619,376,52203
374295,0,26619,376,52203
374345,0,26619,373,52203
374395,0,26619,373,52203
374445,0,27082,373,52203
374495,0,27082,373,52203
374545,0,27082,373,52208
374595,0,27082,373,52208
374645,0,27082,373,52208
374780,0,27082,370,52208
374830,0,26619,370,52208
374880,0,26619,370,52208
374930,0,26619,370,52213
374980,0,26619,370,52213
375030,0,26156,370,52213
375122,0,26156,370,52213
375172,0,26156,368,52213
375222,0,26156,368,52213
375272,0,25724,368,52213
375322,0,25724,368,52213
375372,0,25724,368,52216
375422,0,25724,368,52216
375472,0,25724,368,52216
375522,0,25724,368,52216
375572,0,25724,5391,52216
375622,0,25724,5391,52216
375672,0,25724,5391,52216
375722,0,25724,5391,52216
375772,0,25724,5391,50111
375907,0,26156,5391,50111
375957,0,26156,13387,50111
376007,0,26156,13387,50111
376057,0,26156,13387,50111
376149,0,26156,13387,50059
376199,0,26156,13387,50059
376249,0,26619,13387,50059
376299,0,26619,13387,50059
376349,0,26619,13552,50059
376399,0,26619,13552,50059
376449,0,26156,13552,50059
376499,0,26156,13552,50059
376549,0,26156,13552,50003
376599,0,26156,13552,50003
376649,0,26156,13552,50003
376699,0,26156,13552,50003
376749,0,26156,13709,50003
376799,0,26156,13709,50003
376849,0,26619,13709,50003
376899,0,26619,13709,50003
377034,0,26619,13709,49937
377126,0,26619,13709,49937
377176,0,26619,13788,49937
377226,0,27082,13788,49937
377276,0,27082,13788,49937
377326,0,27082,13788,49937
377376,0,27082,13788,49907
377426,0,27082,13788,49907
377476,0,27082,13788,49907
377526,0,27082,13788,49907
377576,0,27082,13859,49907
377626,0,27082,13859,49907
377676,0,27082,13859,49907
377726,0,27082,13859,49907
377776,0,27082,13859,49869
377826,0,27561,13859,49869
377876,0,27561,13859,49869
377926,0,27561,13859,49869
378060,0,27082,13971,49869
378110,0,27082,13971,49869
378415,0,27082,14119,49830
378465,0,27082,14119,49830
378515,0,27082,14119,49830
378565,0,27082,14119,49787
378615,0,27082,14119,49787
378665,0,27561,14119,49787
378715,0,27561,14119,49787
378765,0,27561,14245,49787
378815,0,27561,14245,49787
378865,0,27561,14245,49787
378915,0,27561,14245,49787
378965,0,27561,14245,49743
379015,0,27561,14245,49743
379065,0,28071,14245,49743
379115,0,28071,14245,49743
379207,0,28071,14358,49743
379257,0,28580,14358,49743
379307,0,28580,14358,49743
379357,0,28580,14358,49743
379407,0,28580,14358,49709
379584,0,28071,14430,49709
379634,0,28580,14430,49709
379684,0,28580,14430,49709
379734,0,28580,14430,49709
379784,0,28580,14430,49677
379834,0,28580,14430,49677
379884,0,28580,14430,49677
379934,0,28580,14430,49677
379984,0,28580,14492,49677
380034,0,28071,14492,49677
380084,0,28071,14492,49677
380134,0,28071,14492,49677
380184,0,28071,14492,49646
380276,0,28071,14492,49646
380326,0,28071,14492,49646
380376,0,28071,14616,49646
380426,0,28071,14616,49646
380476,0,28071,14616,49646
380526,0,28071,14616,49646
380576,0,28071,14616,49621
380711,0,28580,14616,49621
380761,0,28580,14616,49621
380811,0,28580,14739,49621
380861,0,29120,14739,49621
380911,0,29120,14739,49621
380961,0,29120,14739,49621
381011,0,29120,14739,49586
381061,0,29120,14739,49586
381111,0,29120,14739,49586
381161,0,29120,14739,49586
381253,0,29120,14896,49586
381303,0,29120,14896,49586
381353,0,29120,14896,49586
381403,0,29120,14896,49540
381453,0,29120,14896,49540
381503,0,29120,14896,49540
381553,0,29120,14896,49540
381603,0,29120,15063,49540
381653,0,29692,15063,49540
381703,0,29692,15063,49540
381838,0,29692,15063,49502
381888,0,29692,15063,49502
381938,0,29692,15063,49502
381988,0,29692,15212,49502
382038,0,30263,15212,49502
382088,0,30263,15212,49502
382138,0,30263,15212,49502
382230,0,30263,15212,49438
382280,0,30263,15212,49438
382330,0,30263,15212,49438
382380,0,30263,15386,49438
382430,0,30263,15386,49438
382480,0,30263,15386,49438
382530,0,30263,15386,49438
382580,0,30263,15386,49416
382630,0,30263,15386,49416
382680,0,30263,15386,49416
382730,0,30263,15386,49416
382780,0,30263,15538,49416
382830,0,30881,15538,49416
382965,0,30881,15538,49416
383015,0,30881,15538,49366
383065,0,30881,15538,49366
383115,0,30881,15538,49366
383207,0,30881,15698,49366
383257,0,31498,15698,49366
383307,0,31498,15698,49366
383357,0,31498,15698,49366
383407,0,31498,15698,49330
383457,0,30881,15698,49330
383507,0,30881,15698,49330
383557,0,30881,15698,49330
383607,0,30881,15870,49330
383657,0,31498,15870,49330
383707,0,31498,15870,49330
383757,0,31498,15870,49330
383807,0,31498,15870,49298
383857,0,31498,15870,49298
383907,0,31498,15870,49298
383957,0,31498,15870,49298
384092,0,32162,16000,49298
384184,0,32162,16000,49262
384234,0,32162,16000,49262
384284,0,32162,16000,49262
384334,0,32162,16000,49262
384384,0,32162,16000,49262
384434,0,32162,16177,49262
384484,0,32162,16177,49262
384534,0,32162,16177,49262
384584,0,32162,16177,49262
384634,0,32162,16177,49220
384684,0,32162,16177,49220
384734,0,32162,16177,49220
384784,0,32162,16177,49220
384834,0,32162,16331,49220
384884,0,32162,16331,49220
385019,0,32162,16331,49165
385069,0,32842,16331,49165
385161,0,32842,16331,49165
385211,0,32842,16509,49165
385261,0,32162,16509,49165
385311,0,32162,16509,49165
385361,0,32162,16509,49165
385411,0,32162,16509,49120
385461,0,32842,16509,49120
385511,0,32842,16509,49120
385561,0,32842,16509,49120
385611,0,32842,16686,49120
385661,0,33552,16686,49120
385711,0,33552,16686,49120
385761,0,33552,16686,49120
385811,0,33552,16686,49088
385861,0,33552,16686,49088
385911,0,33552,16686,49088
385961,0,33552,16686,49088
386053,0,33552,16840,49088
386188,0,33552,16840,49088
386238,0,33552,16840,49052
386288,0,33552,16840,49052
386338,0,33552,16840,49052
386388,0,33552,16840,49052
386438,0,34309,16980,49052
386488,0,34309,16980,49052
386538,0,34309,16980,49052
386588,0,34309,16980,49052
386638,0,34309,16980,49015
386688,0,34309,16980,49015
386738,0,34309,16980,49015
386788,0,34309,16980,49015
386838,0,34309,17127,49015
386888,0,34309,17127,49015
386938,0,34309,17127,49015
387030,0,34309,17127,48990
387080,0,34309,17127,48990
387130,0,34309,17127,48990
387180,0,34309,17127,48990
387317,0,34309,17263,48990
387367,0,34309,17263,48990
387417,0,34309,17263,48912
387467,0,33552,17263,48912
387517,0,33552,17263,48912
387567,0,33552,17263,48912
387617,0,33552,17443,48912
387667,0,35081,17443,48912
387717,0,35081,17443,48912
387767,0,35081,17443,48912
387817,0,35081,17443,48911
387867,0,35081,17443,48911
387917,0,35081,17443,48911
388009,0,35081,17443,48911
388059,0,35081,17536,48911
388109,0,35081,17536,48911
388159,0,35081,17536,48911
388209,0,35081,17536,48911
388259,0,35081,17536,48871
388309,0,35081,17536,48871
388444,0,35081,17672,48871
388494,0,35081,17672,48871
388544,0,35081,17672,48871
388594,0,35081,17672,48871
388644,0,35081,17672,48816
388694,0,35081,17672,48816
388744,0,35081,17672,48816
388794,0,35081,17672,48816
388844,0,35899,17903,48816
388894,0,35899,17903,48816
388986,0,35899,17903,48816
389036,0,35899,17903,48800
389086,0,35899,17903,48800
389136,0,35899,17903,48800
389186,0,35899,17903,48800
389236,0,36748,17962,48800
389286,0,36748,17962,48800
389336,0,36748,17962,48800
389386,0,36748,17962,48800
389436,0,35899,17962,48766
389571,0,35899,17962,48766
389621,0,35899,18058,48766
389671,0,35899,18058,48766
389721,0,35899,18058,48766
389771,0,35899,18058,48766
389821,0,35899,18058,48717
389871,0,35899,18058,48717
389963,0,35899,18058,48717
390013,0,35899,18058,48717
390063,0,35899,18232,48717
390113,0,35899,18232,48717
390163,0,35899,18232,48717
390213,0,35899,18232,48717
390263,0,35899,18232,48709
390313,0,35899,18232,48709
390363,0,35899,18232,48709
390413,0,35899,18232,48709
390463,0,36748,18290,48709
390513,0,36748,18290,48709
390563,0,36748,18290,48709
390698,0,36748,18290,48658
390748,0,36748,18290,48658
390798,0,36748,18290,48658
390848,0,36748,18466,48658
390940,0,36748,18466,48658
390990,0,36748,18466,48658
391040,0,36748,18466,48633
391090,0,36748,18466,48633
391140,0,36748,18466,48633
391190,0,36748,18466,48633
391240,0,36748,18531,48633
391290,0,36748,18531,48633
391340,0,36748,18531,48633
391390,0,36748,18531,48633
391440,0,37659,18531,48633
391490,0,37659,18531,51534
391540,0,37659,18531,51534
391590,0,37659,18531,51534
391640,0,36748,18531,51534
391690,0,36748,728,51534
391825,0,36748,728,51534
391917,0,36748,728,51614
391967,0,36748,728,51614
392017,0,36748,728,51614
392067,0,35899,135,51614
392117,0,35899,135,51614
392167,0,35899,135,51614
392217,0,35899,135,51614
392267,0,36748,135,51661
392317,0,36748,135,51661
392367,0,36748,135,51661
392417,0,36748,135,51661
392467,0,36748,126,51661
392517,0,36748,126,51661
392567,0,36748,126,51661
392617,0,36748,126,51661
392667,0,36748,126,51698
392717,0,36748,126,51698
392767,0,36748,126,51698
392817,0,36748,126,51698
392995,0,36748,121,51698
393045,0,35081,121,51698
393095,0,35081,121,51729
393145,0,35081,121,51729
393195,0,35081,121,51729
393245,0,35081,121,51729
393295,0,35081,122,51729
393345,0,35081,122,51729
393395,0,35081,122,51729
393445,0,35899,122,51729
393495,0,35899,122,51755
393545,0,35899,122,51755
393595,0,35899,122,51755
393645,0,35081,122,51755
393695,0,35081,119,51755
393745,0,35081,119,51755
393795,0,35081,119,51755
393845,0,35081,119,51755
393937,0,35081,119,51779
393987,0,35081,119,51779
394122,0,35081,119,51779
394172,0,35081,119,51779
394222,0,35081,119,51779
394272,0,35081,119,51800
394322,0,35081,119,51800
394372,0,35081,119,51800
394422,0,35081,119,51800
394472,0,34309,119,51800
394522,0,34309,119,51800
394572,0,34309,119,51800
394622,0,34309,119,51800
394672,0,34309,119,51820
394722,0,34309,119,51820
394772,0,34309,119,51820
394822,0,34309,119,51820
394872,0,34309,119,51820
394964,0,34309,119,51820
395014,0,34309,119,51820
395064,0,34309,119,51837
395114,0,34309,119,51837
395249,0,34309,119,51837
395299,0,34309,118,51837
395349,0,34309,118,51837
395399,0,34309,118,51837
395449,0,34309,118,51837
395499,0,34309,118,51854
395549,0,34309,118,51854
395599,0,34309,118,51854
395649,0,34158,118,51854
395699,0,34006,119,51854
395749,0,33855,119,51854
395799,0,33703,119,51854
395849,0,33552,119,51854
395899,0,33552,119,51869
395949,0,33552,119,51869
396041,0,34309,119,51869
396091,0,34309,118,51869
396141,0,34309,118,51869
396191,0,34309,118,51869
396241,0,34309,118,51869
396377,0,34309,118,51884
396427,0,32842,118,51884
396477,0,32842,118,51884
396527,0,32842,118,51884
396577,0,32842,118,51884
396627,0,33552,118,51884
396677,0,33552,118,51898
396727,0,33552,118,51898
396777,0,33552,118,51898
396827,0,32842,118,51898
396877,0,32842,118,51898
396927,0,32842,118,51898
396977,0,32842,118,51898
397069,0,32842,118,51911
397119,0,32842,118,51911
397169,0,32842,118,51911
397219,0,32842,118,51911
397269,0,32842,118,51911
397319,0,32842,117,51911
397369,0,32842,117,51911
397504,0,32842,117,51923
397554,0,32842,117,51923
397604,0,32842,117,51923
397654,0,32842,117,51923
397704,0,32842,117,51923
397754,0,32842,117,51923
397804,0,32842,117,51923
397854,0,32842,117,51923
397904,0,32842,117,51935
397954,0,32842,117,51935
398004,0,32842,117,51935
398054,0,32765,117,51935
398146,0,32624,117,51935
398196,0,32547,117,51935
398246,0,32470,117,51935
398296,0,32393,117,51946
398346,0,32316,117,51946
398396,0,32239,117,51946
398446,0,32162,117,51946
398496,0,32162,117,51946
398631,0,32842,117,51946
398681,0,32842,117,51946
398731,0,32842,117,51958
398781,0,32842,117,51958
398831,0,32842,117,51958
398881,0,32842,117,51958
398931,0,32842,117,51958
398981,0,32842,117,51958
399031,0,32162,117,51958
399081,0,32162,117,51958
399131,0,32162,117,51968
399223,0,32162,117,51968
399273,0,32162,117,51968
399323,0,32162,117,51968
399373,0,32162,117,51968
399423,0,32162,117,51968
399558,0,32162,117,51978
399608,0,32162,117,51978
399658,0,31498,117,51978
399708,0,31498,117,51978
399758,0,31498,117,51978
399808,0,31498,117,51978
399858,0,31498,117,51978
399908,0,31498,117,51988
399958,0,31498,117,51988
400008,0,31498,117,51988
400058,0,30881,117,51988
400108,0,30881,117,51988
400158,0,30881,117,51988
400250,0,30881,117,51988
400300,0,30881,117,51997
400350,0,30881,117,51997
400400,0,30881,117,51997
400450,0,30881,117,51997
400500,0,30881,118,51997
400550,0,30881,118,51997
400685,0,30881,118,51997
400735,0,30881,118,52007
400785,0,30881,118,52007
400835,0,30881,118,52007
400885,0,30881,118,52007
400935,0,30881,118,52007
400985,0,30881,118,52007
401035,0,30881,118,52007
401085,0,30881,118,52007
401135,0,30881,118,52015
401185,0,30881,118,52015
401235,0,30811,118,52015
401327,0,30682,117,52015
401377,0,30613,117,52015
401427,0,30543,117,52015
401477,0,30473,117,52015
401527,0,30403,117,52025
401577,0,30333,117,52025
401627,0,30263,117,52025
401677,0,30263,117,52025
401812,0,30263,118,52025
401862,0,30263,118,52025
401912,0,30263,118,52033
401962,0,30263,118,52033
402012,0,30263,118,52033
402062,0,30881,118,52033
402112,0,30881,117,52033
402162,0,30881,117,52033
402212,0,30881,117,52033
402262,0,30881,117,52033
402312,0,30881,117,52040
402404,0,30881,117,52040
402454,0,30881,117,52040
402504,0,30881,117,52040
402554,0,30881,117,52040
402604,0,30881,117,52040
402654,0,30263,117,52040
402704,0,30263,117,52040
402754,0,30263,117,52048
402804,0,30263,117,52048
402939,0,29692,116,52048
402989,0,29692,116,52048
403039,0,29692,116,52048
403089,0,29692,116,52048
403139,0,29692,116,52055
403189,0,29692,116,52055
403239,0,29692,116,52055
403289,0,29692,116,52055
403339,0,29692,116,52055
403431,0,30263,116,52055
403481,0,30263,116,52055
403531,0,30263,116,52063
403581,0,30263,116,52063
403631,0,29692,116,52063
403681,0,29692,116,52063
403731,0,29692,117,52063
403781,0,29692,117,52063
403831,0,29692,117,52063
403881,0,29692,117,52063
403931,0,29692,117,52070
404066,0,29692,117,52070
404116,0,29692,117,52070
404166,0,29692,117,52070
404216,0,29692,117,52070
404266,0,30263,117,52070
404316,0,30263,117,52070
404366,0,30263,117,52077
404458,0,30263,117,52077
404508,0,30263,117,52077
404558,0,30263,117,52077
404608,0,30263,117,52077
404658,0,29692,117,52077
404708,0,29692,117,52077
404758,0,29692,117,52084
404808,0,29692,117,52084
404858,0,29692,117,52084
404908,0,29692,117,52084
404958,0,29692,117,52084
405008,0,29692,117,52084
405058,0,29692,117,52084
405193,0,29692,117,52091
405243,0,29692,117,52091
405293,0,29692,117,52091
405343,0,29692,116,52091
405393,0,29692,116,52091
405443,0,29120,116,52091
405537,0,29120,116,52098
405587,0,29120,116,52098
405637,0,29120,116,52098
405687,0,29120,116,52098
405737,0,29120,117,52098
405787,0,29120,117,52098
405837,0,29692,117,52098
405887,0,29692,117,52098
405937,0,29692,117,52104
405987,0,29692,117,52104
406037,0,29120,117,52104
406087,0,29120,117,52104
406137,0,29120,116,52104
406187,0,29120,116,52104
406322,0,28580,116,52104
406372,0,28580,116,52111
406422,0,28580,116,52111
406472,0,28580,116,52111
406564,0,28580,116,52111
406614,0,28580,116,52111
406664,0,28580,116,52111
406714,0,28580,116,52111
406764,0,28580,116,52117
406814,0,28580,116,52117
406864,0,28580,116,52117
406914,0,28580,116,52117
406964,0,28580,116,52117
407014,0,28580,116,52117
407064,0,28071,116,52117
407114,0,28071,116,52117
407164,0,28071,116,52123
407214,0,28071,116,52123
407264,0,28071,116,52123
407314,0,28071,116,52123
407449,0,28071,117,52123
407499,0,28071,117,52123
407591,0,28071,117,52129
407641,0,28580,117,52129
407691,0,28580,117,52129
407741,0,28580,117,52129
407791,0,28580,116,52129
407841,0,28580,116,52129
407891,0,28580,116,52129
407941,0,28580,116,52129
407991,0,28580,116,52134
408041,0,29120,116,52134
408091,0,29120,116,52134
408141,0,29120,116,52134
408191,0,29120,117,52134
408241,0,28580,117,52134
408291,0,28580,117,52134
408341,0,28580,117,52134
408391,0,28580,117,52140
408441,0,28580,117,52140
408576,0,28580,117,52140
408668,0,28580,117,52140
408718,0,28580,117,52140
408768,0,28580,117,52146
408818,0,28580,117,52146
408868,0,28580,117,52146
408918,0,28580,117,52146
408968,0,28580,116,52146
409018,0,28580,116,52146
409068,0,28071,116,52146
409118,0,28071,116,52146
409168,0,28071,116,52152
409218,0,28071,116,52152
409268,0,28071,116,52152
409318,0,28071,116,52152
409368,0,28071,116,52152
409418,0,28071,116,52152
409468,0,28071,116,52152
409518,0,28071,116,52152
409610,0,28071,116,52158
409745,0,28071,116,52158
409795,0,28071,116,52158
409845,0,28580,116,52158
409895,0,28580,116,52158
409945,0,28580,116,52158
409995,0,28580,116,52162
410045,0,28071,116,52162
410095,0,28071,116,52162
410145,0,28071,116,52162
410195,0,28071,292,52162
410245,0,28580,292,52162
410295,0,28580,292,52162
410345,0,28580,292,52162
410395,0,28580,292,52155
410445,0,28071,292,52155
410495,0,28071,292,52155
410545,0,28071,292,52155
410679,0,28071,194,52155
410729,0,28071,194,52155
410779,0,28071,194,52160
411084,0,27561,194,52160
411134,0,27561,194,52160
411184,0,27561,194,52165
411234,0,27082,194,52165
411284,0,27082,194,52165
411334,0,27082,194,52165
411384,0,27082,288,52165
411434,0,27082,288,52165
411484,0,27082,288,52165
411534,0,27082,288,52165
411584,0,27082,288,52141
411634,0,26619,288,52141
411684,0,26619,288,52141
411734,0,26619,288,52141
411784,0,26619,382,52141
411876,0,27082,382,52141
411926,0,27082,382,52141
411976,0,27082,382,52141
412026,0,27082,382,52144
412076,0,27082,382,52144
412253,0,26619,374,52144
412303,0,26619,374,52144
412353,0,26619,374,52144
412403,0,26619,374,52149
412453,0,26619,374,52149
412503,0,26619,374,52149
412553,0,26619,374,52149
412603,0,26619,370,52149
412653,0,25724,370,52149
412703,0,25724,370,52149
412753,0,25724,370,52149
412803,0,25724,370,52153
412853,0,25724,370,52153
412903,0,25724,370,52153
412995,0,25724,370,52153
413045,0,25724,370,52153
413095,0,25724,370,52153
413145,0,25724,370,52153
413195,0,25724,370,52158
413245,0,25724,370,52158
413380,0,25724,370,52158
413430,0,25307,369,52158
413480,0,25307,369,52158
413530,0,25307,369,52158
413580,0,25307,369,52158
413630,0,25307,369,52087
413680,0,25307,369,52087
413730,0,25307,369,52087
413780,0,25307,369,52087
413830,0,24890,10741,52087
413880,0,24890,10741,52087
413930,0,24890,10741,52087
414022,0,24890,10741,50153
414072,0,24890,10741,50153
414122,0,24890,10741,50153
414172,0,24890,10741,50153
414307,0,25307,12941,50153
414357,0,25307,12941,50153
414407,0,25307,12941,50086
414457,0,25307,12941,50086
414507,0,25307,12941,50086
414557,0,25307,12941,50086
414607,0,25307,12980,50086
414657,0,25724,12980,50086
414707,0,25724,12980,50086
414757,0,25724,12980,50086
414807,0,25724,12980,50063
414857,0,25307,12980,50063
414907,0,25307,12980,50063
414999,0,25307,13032,50063
415049,0,25724,13032,50063
415099,0,25724,13032,50063
415149,0,25724,13032,50063
415199,0,25724,13032,50023
415249,0,25307,13032,50023
415299,0,25307,13032,50023
415434,0,25307,13118,50023
415484,0,25307,13118,50023
415534,0,25307,13118,50023
415584,0,25307,13118,50023
415634,0,25724,13118,49973
415684,0,25724,13118,49973
415734,0,25724,13118,49973
415784,0,25724,13118,49973
415834,0,25724,13169,49973
415884,0,25724,13169,49973
415976,0,25724,13169,49973
416026,0,25724,13169,49956
416076,0,25724,13169,49956
416126,0,25724,13169,49956
416176,0,25724,13169,49956
416226,0,25724,13262,49956
416276,0,25724,13262,49956
416326,0,25724,13262,49956
416376,0,25724,13262,49956
416426,0,26156,13262,49913
416561,0,26156,13262,49913
416611,0,26156,13398,49913
416661,0,26156,13398,49913
416711,0,26156,13398,49913
416761,0,26156,13398,49913
416811,0,26156,13398,49879
416861,0,26619,13398,49879
416953,0,26619,13398,49879
417003,0,26619,13510,49879
417053,0,26619,13510,49879
417103,0,26619,13510,49879
417153,0,26619,13510,49879
417203,0,26619,13510,49839
417253,0,27082,13510,49839
417303,0,27082,13510,49839
417353,0,27082,13510,49839
417403,0,27082,13510,49839
417453,0,26619,13565,49839
417503,0,26619,13565,49839
417553,0,26619,13565,49839
417688,0,26156,13565,49810
417738,0,26156,13565,49810
417788,0,26156,13565,49810
417838,0,26619,13696,49810
417930,0,26619,13696,49810
417980,0,26619,13696,49810
418030,0,27082,13696,49774
418080,0,27082,13696,49774
418130,0,27082,13696,49774
418180,0,27082,13696,49774
418230,0,27082,13848,49774
418280,0,27082,13848,49774
418330,0,27082,13848,49774
418380,0,27082,13848,49774
418430,0,27561,13848,49742
418480,0,27561,13848,49742
418530,0,27561,13848,49742
418580,0,27561,13848,49742
418630,0,27561,13995,49742
418680,0,27561,13995,49742
418815,0,27561,13995,49742
418907,0,28071,13995,49684
418957,0,28071,13995,49684
419007,0,28071,13995,49684
419057,0,28071,14083,49684
419107,0,28071,14083,49684
419157,0,28071,14083,49684
419207,0,28071,14083,49684
419257,0,27561,14083,49673
419307,0,27561,14083,49673
419357,0,27561,14083,49673
419407,0,27561,14083,49673
419457,0,28071,14182,49673
419507,0,28071,14182,49673
419557,0,28071,14182,49673
419607,0,28071,14182,49673
419657,0,28071,14182,49641
419707,0,28071,14182,49641
419799,0,28071,14182,49641
419849,0,28071,14279,49641
419984,0,28071,14279,49641
420034,0,28580,14279,49602
420084,0,28580,14279,49602
420134,0,28580,14279,49602
420184,0,28580,14279,49602
420234,0,29120,14461,49602
420284,0,29120,14461,49602
420334,0,29120,14461,49602
420384,0,29120,14461,49602
420434,0,29120,14461,49564
420484,0,29120,14461,49564
420534,0,29120,14461,49564
420584,0,29120,14461,49564
420634,0,29692,14609,49564
420684,0,29692,14609,49564
420776,0,29692,14609,49564
420826,0,29692,14609,49564
420876,0,29692,14609,49520
420926,0,29692,14609,49520
420976,0,29692,14609,49520
421112,0,29692,14784,49520
421162,0,29692,14784,49520
421212,0,29692,14784,49520
421262,0,29692,14784,49482
421312,0,29692,14784,49482
421362,0,29692,14784,49482
421412,0,29692,14784,49482
421462,0,30263,14944,49482
421512,0,30263,14944,49482
421562,0,30263,14944,49482
421612,0,30263,14944,49482
421662,0,30263,14944,49443
421754,0,30263,14944,49443
421804,0,30263,14944,49443
421854,0,30263,15084,49443
421904,0,30263,15084,49443
421954,0,30263,15084,49443
422004,0,30263,15084,49443
422054,0,30881,15084,49403
422104,0,30881,15084,49403
422239,0,30881,15084,49403
422289,0,30881,15244,49403
422339,0,30881,15244,49403
422389,0,30881,15244,49403
422439,0,30881,15244,49403
422489,0,30881,15244,49356
422539,0,30881,15244,49356
422589,0,30881,15244,49356
422639,0,30881,15244,49356
422733,0,30881,15389,49356
422783,0,30881,15389,49356
422833,0,30881,15389,49356
422883,0,30881,15389,49317
422933,0,30881,15389,49317
422983,0,30881,15389,49317
423033,0,31498,15389,49317
423083,0,31498,15555,49317
423133,0,31498,15555,49317
423183,0,31498,15555,49317
423233,0,30881,15555,49317
423368,0,30881,15555,49288
423418,0,30881,15555,49288
423468,0,31498,15669,49288
423518,0,31498,15669,49288
423568,0,31498,15669,49288
423618,0,31498,15669,49288
423668,0,31498,15669,49264
423760,0,31498,15669,49264
423810,0,31498,15669,49264
423860,0,32162,15794,49264
423910,0,32162,15794,49264
423960,0,32162,15794,49264
424010,0,32162,15794,49264
424060,0,32162,15794,49233
424110,0,32162,15794,49233
424160,0,32162,15794,49233
424210,0,32162,15794,49233
424260,0,31498,15794,49233
424310,0,31498,15906,49233
424360,0,31498,15906,49233
424496,0,32842,15906,49211
424546,0,32842,15906,49211
424596,0,32842,15906,49211
424646,0,32162,15906,49211
424738,0,32162,15967,49211
424788,0,32162,15967,49211
424838,0,32162,15967,49211
424888,0,32162,15967,49197
424938,0,32162,15967,49197
424988,0,32162,15967,49197
425038,0,32162,15967,49197
425088,0,32162,16060,49197
425138,0,32162,16060,49197
425188,0,32162,16060,49197
425238,0,32842,16060,49197
425288,0,32842,16060,51685
425338,0,32842,16060,51685
425388,0,32842,16060,51685
425438,0,32162,16060,51685
425488,0,32162,346,51685
425623,0,32162,346,51685
425715,0,32162,346,51742
425765,0,32162,346,51742
425815,0,32162,346,51742
425865,0,31498,346,51742
425915,0,31498,129,51742
425965,0,31498,129,51742
426015,0,31498,129,51742
426065,0,31498,129,51742
426115,0,31498,129,51779
426165,0,31498,129,51779
426215,0,31498,129,51779
426265,0,31498,129,51779
426315,0,31498,123,51779
426365,0,31498,123,51779
426415,0,31498,123,51779
426465,0,31498,123,51779
426515,0,31498,123,51808
426565,0,31498,123,51808
426657,0,31498,123,51808
426792,0,31498,121,51808
426842,0,31498,121,51808
426892,0,31498,121,51832
426942,0,31498,121,51832
426992,0,31498,121,51832
427042,0,30881,121,51832
427092,0,30881,119,51832
427142,0,30881,119,51832
427192,0,30881,119,51832
427242,0,30881,119,51832
427292,0,30881,119,51854
427342,0,30881,119,51854
427392,0,30881,119,51854
427442,0,30881,119,51854
427492,0,30881,119,51854
427542,0,30881,119,51854
427592,0,30881,119,51854
427684,0,30881,119,51872
427734,0,30881,119,51872
427784,0,30881,119,51872
427919,0,30263,119,51872
427969,0,30263,119,51872
428019,0,30263,119,51872
428069,0,30263,119,51872
428119,0,30263,119,51889
428169,0,30263,119,51889
428219,0,30263,119,51889
428269,0,30263,119,51889
428319,0,30263,118,51889
428369,0,30263,118,51889
428419,0,30263,118,51889
428469,0,29692,118,51889
428519,0,29692,118,51904
428569,0,29692,118,51904
428619,0,29692,118,51904
428669,0,29692,118,51904
428847,0,29692,118,51904
428897,0,29692,118,51919
428947,0,29692,118,51919
428997,0,29692,118,51919
429047,0,29120,118,51919
429097,0,29120,118,51919
429147,0,29120,118,51919
429197,0,29120,118,51919
429247,0,29692,118,51919
429297,0,29692,118,51933
429347,0,29692,118,51933
429397,0,29692,118,51933
429447,0,29120,118,51933
429497,0,29120,117,51933
429547,0,29120,117,51933
429597,0,29120,117,51933
429647,0,29120,117,51933
429697,0,29120,117,51945
429789,0,29120,117,51945
429839,0,28580,117,51945
429974,0,28580,117,51945
430024,0,29120,117,51945
430074,0,29120,117,51945
430124,0,29120,117,51710
430174,0,29120,117,51710
430224,0,28580,117,51710
430274,0,28580,117,51710
430324,0,28580,230,51710
430374,0,28580,230,51710
430424,0,28580,230,51710
430474,0,28580,230,51710
430524,0,28580,230,51957
430574,0,28580,230,51957
430624,0,29120,230,51957
430674,0,29120,230,51957
430724,0,29120,195,51957
430816,0,29120,195,51957
430866,0,28580,195,51957
430916,0,28580,195,51967
430966,0,28580,195,51967
431102,0,28580,195,51967
431152,0,28580,194,51967
431202,0,28580,194,51967
431252,0,28580,194,51967
431302,0,28580,194,51967
431352,0,28580,194,51961
431402,0,28580,194,51961
431452,0,28071,194,51961
431502,0,28071,194,51961
431552,0,28071,291,51961
431602,0,28071,291,51961
431652,0,27561,291,51961
431702,0,27561,291,51961
431752,0,27561,291,51958
431844,0,27561,291,51958
431894,0,27561,291,51958
431944,0,27561,377,51958
431994,0,27561,377,51958
432044,0,27082,377,51958
432094,0,27082,377,51958
432229,0,28071,377,51967
432279,0,28071,377,51967
432329,0,28071,372,51967
432379,0,28071,372,51967
432429,0,27082,372,51967
432479,0,27082,372,51967
432529,0,27082,372,51976
432579,0,27082,372,51976
432629,0,27561,372,51976
432679,0,27561,372,51976
432729,0,27561,367,51976
432779,0,27561,367,51976
432829,0,27561,367,51976
432921,0,27561,367,51984
432971,0,27561,367,51984
433021,0,27561,367,51984
433071,0,27561,367,51984
433121,0,27561,367,51984
433171,0,27561,367,51984
433221,0,27561,367,51984
433356,0,27561,367,51993
433406,0,27561,367,51993
433456,0,27082,367,51993
433506,0,27082,367,51993
433556,0,27082,369,51993
433606,0,27082,369,51993
433656,0,26619,369,51993
433706,0,26619,369,51993
433756,0,26619,369,51271
433806,0,26619,369,51271
433856,0,26619,369,51271
433948,0,26619,12972,51271
433998,0,26619,12972,51271
434048,0,27082,12972,51271
434098,0,27082,12972,51271
434148,0,27082,12972,49815
434198,0,27082,12972,49815
434248,0,27561,12972,49815
434298,0,27561,12972,49815
434348,0,27561,14002,49815
434483,0,28071,14002,49815
434533,0,28071,14002,49765
434583,0,28071,14002,49765
434633,0,28071,14002,49765
434683,0,28071,14002,49765
434733,0,28071,14169,49765
434783,0,28071,14169,49765
434833,0,28071,14169,49765
434925,0,28071,14169,49696
434975,0,28071,14169,49696
435025,0,28580,14169,49696
435075,0,28580,14169,49696
435125,0,28580,14169,49696
435175,0,28580,14336,49696
435225,0,28580,14336,49696
435275,0,28580,14336,49696
435325,0,28580,14336,49696
435375,0,28580,14336,49647
435425,0,28580,14336,49647
435475,0,28580,14336,49647
435610,0,28580,14536,49647
435660,0,28580,14536,49647
435710,0,28580,14536,49647
435760,0,28580,14536,49598
435810,0,28580,14536,49598
435902,0,28580,14536,49598
435952,0,28580,14702,49598
436002,0,28580,14702,49598
436052,0,29120,14702,49598
436102,0,29120,14702,49598
436152,0,29120,14702,49549
436202,0,29120,14702,49549
436252,0,29120,14702,49549
436302,0,29120,14702,49549
436352,0,29120,14881,49549
436402,0,29120,14881,49549
436452,0,29692,14881,49549
436502,0,29692,14881,49549
436552,0,29692,14881,49488
436602,0,29692,14881,49488
436738,0,29692,15069,49488
436788,0,29692,15069,49488
436880,0,29120,15069,49488
436930,0,29120,15069,49488
436980,0,29120,15069,49437
437030,0,29692,15069,49437
437080,0,29692,15069,49437
437130,0,29692,15069,49437
437180,0,29692,15248,49437
437230,0,29692,15248,49437
437280,0,29692,15248,49437
437330,0,29692,15248,49437
437380,0,29692,15248,49388
437430,0,30263,15248,49388
437480,0,30263,15248,49388
437530,0,30263,15248,49388
437580,0,30263,15404,49388
437630,0,30881,15404,49388
437680,0,30881,15404,49388
437772,0,30881,15404,49349
437907,0,30881,15404,49349
437957,0,30881,15586,49349
438007,0,30881,15586,49349
438057,0,30881,15586,49349
438107,0,30881,15586,49349
438157,0,30881,15586,49302
438207,0,30881,15586,49302
438257,0,30263,15586,49302
438307,0,30263,15586,49302
438357,0,30263,15776,49302
438407,0,30263,15776,49302
438457,0,30881,15776,49302
438507,0,30881,15776,49302
438557,0,30881,15776,49272
438607,0,30881,15776,49272
438657,0,31498,15776,49272
438749,0,31498,15776,49272
438799,0,31498,15926,49272
438849,0,31498,15926,49272
438899,0,31498,15926,49272
439034,0,31498,15926,49230
439084,0,31498,15926,49230
439134,0,31498,15926,49230
439184,0,31498,16068,49230
439234,0,31498,16068,49230
439284,0,31498,16068,49230
439334,0,31498,16068,49230
439384,0,31498,16068,49196
439434,0,32162,16068,49196
439484,0,32162,16068,49196
439534,0,32162,16068,49196
439584,0,32162,16174,49196
439634,0,32162,16174,49196
439726,0,32162,16174,49196
439776,0,32162,16174,49158
439826,0,32162,16174,49158
439876,0,32162,16174,49158
439926,0,32162,16174,49158
439976,0,32162,16297,49158
440026,0,32842,16297,49158
440161,0,32842,16297,49158
440211,0,32842,16297,49121
440261,0,32162,16297,49121
440311,0,32162,16297,49121
440361,0,32162,16297,49121
440411,0,32162,16442,49121
440461,0,33552,16442,49121
440511,0,33552,16442,49121
440561,0,33552,16442,49121
440611,0,33552,16442,49078
440661,0,33552,16442,49078
440755,0,33552,16442,49078
440805,0,33552,16594,49078
440855,0,32842,16594,49078
440905,0,32842,16594,49078
440955,0,32842,16594,49078
441005,0,32842,16594,49039
441055,0,32842,16594,49039
441105,0,32842,16594,49039
441155,0,32842,16594,49039
441290,0,33552,16751,49039
441340,0,33552,16751,49039
441390,0,33552,16751,49006
441440,0,33552,16751,49006
441490,0,33552,16751,49006
441540,0,33552,16751,49006
441590,0,33552,16871,49006
441640,0,33552,16871,49006
441732,0,33552,16871,49006
441782,0,33552,16871,48976
441832,0,33552,16871,48976
441882,0,33552,16871,48976
441932,0,33552,16871,48976
441982,0,33552,16989,48976
442032,0,32842,16989,48976
442082,0,32842,16989,48976
442132,0,32842,16989,48976
442182,0,32842,16989,48949
442232,0,33552,16989,48949
442282,0,33552,16989,48949
442417,0,33552,17111,48949
442467,0,33552,17111,48949
442517,0,33552,17111,48949
442567,0,33552,17111,48949
442617,0,33552,17111,48901
442751,0,34309,17111,48901
442801,0,34309,17267,48901
442851,0,34309,17267,48901
442901,0,34309,17267,48901
442951,0,34309,17267,48901
443001,0,34309,17267,48861
443051,0,35081,17267,48861
443101,0,35081,17267,48861
443151,0,35081,17267,48861
443201,0,35081,17365,48861
443251,0,34309,17365,48861
443556,0,35081,17365,48831
443606,0,35081,17491,48831
443656,0,35081,17491,48831
443706,0,35081,17491,48831
443756,0,35081,17491,48831
443806,0,35081,17491,48825
443898,0,35081,17491,48825
443948,0,35081,17491,48825
443998,0,35081,17592,48825
444048,0,34309,17592,48825
444098,0,34309,17592,48825
444148,0,34309,17592,48825
444198,0,34309,17592,48767
444248,0,35081,17592,48767
444298,0,35081,17592,48767
444348,0,35081,17592,48767
444398,0,35081,17740,48767
444448,0,35081,17740,48767
444498,0,35081,17740,48767
444548,0,35081,17740,48767
444725,0,35081,17740,48749
444775,0,35081,17740,48749
444825,0,35899,17846,48749
444917,0,35899,17846,48749
444967,0,35899,17846,48749
445017,0,35899,17846,51508
445067,0,35899,17846,51508
445117,0,35899,17846,51508
445167,0,35899,17846,51508
445217,0,35899,503,51508
445267,0,35081,503,51508
445317,0,35081,503,51508
445367,0,35081,503,51508
445417,0,35081,503,51576
445467,0,35081,503,51576
445517,0,35081,503,51576
445567,0,35081,503,51576
445617,0,35081,132,51576
445667,0,35081,132,51576
445717,0,35081,132,51576
445853,0,35081,132,51620
445945,0,35081,132,51620
445995,0,35081,132,51620
446045,0,35081,125,51620
446095,0,35081,125,51620
446145,0,35081,125,51620
446195,0,35081,125,51620
446245,0,34309,125,51654
446295,0,34309,125,51654
446345,0,34309,125,51654
446395,0,34309,125,51654
446445,0,34309,122,51654
446495,0,34309,122,51654
446545,0,34309,122,51654
446595,0,34309,122,51654
446645,0,34309,122,51683
446695,0,34309,122,51683
446745,0,34309,122,51683
446795,0,34309,122,51683
446887,0,34309,122,51683
447022,0,34309,122,51707
447072,0,33552,122,51707
447122,0,33552,122,51707
447172,0,33552,122,51707
447222,0,33552,119,51707
447272,0,34309,119,51707
447322,0,34309,119,51707
447372,0,34309,119,51707
447422,0,34309,119,51729
447472,0,34309,119,51729
447522,0,34309,119,51729
447572,0,34309,119,51729
447622,0,34309,119,51729
447672,0,34309,119,51729
447722,0,34309,119,51729
447772,0,34309,119,51729
447822,0,34309,119,51749
447914,0,34309,119,51749
447964,0,34309,119,51749
448014,0,34309,119,51749
448149,0,34309,119,51749
448199,0,34309,119,51749
448249,0,33552,119,51768
448299,0,33552,119,51768
448349,0,33552,119,51768
448399,0,33552,119,51768
448449,0,33552,119,51768
448499,0,33552,119,51768
448549,0,33552,119,51768
448599,0,33552,119,51768
448649,0,33552,119,51784
448699,0,33552,119,51784
448749,0,33552,119,51784
448799,0,33552,119,51784
448849,0,33552,118,51784
448941,0,33552,118,51784
448991,0,33552,118,51784
449041,0,32842,118,51799
449091,0,32842,118,51799
449141,0,32842,118,51799
449277,0,33552,119,51799
449327,0,33552,119,51799
449377,0,33552,119,51799
449427,0,32842,119,51814
449477,0,32842,119,51814
449527,0,32842,119,51814
449577,0,32842,119,51814
449627,0,32842,118,51814
449677,0,32842,118,51814
449727,0,32842,118,51814
449777,0,32842,118,51814
449827,0,32842,118,51828
449877,0,32842,118,51828
449927,0,32842,118,51828
450019,0,32842,118,51828
450069,0,32842,117,51828
450119,0,32842,117,51828
450169,0,32842,117,51828
450219,0,32842,117,51828
450269,0,32842,117,51841
450404,0,32842,117,51841
450454,0,32162,118,51841
450504,0,32162,118,51841
450554,0,32162,118,51841
450604,0,32162,118,51841
450654,0,32842,118,51854
450704,0,32842,118,51854
450754,0,32842,118,51854
450804,0,32842,118,51854
450854,0,32162,117,51854
450904,0,32162,117,51854
450954,0,32162,117,51854
451046,0,32842,117,51866
451096,0,32842,117,51866
451146,0,32842,117,51866
451196,0,32842,117,51866
451246,0,32162,118,51866
451296,0,32162,118,51866
451346,0,32162,118,51866
451396,0,32162,118,51866
451531,0,32162,118,51877
451581,0,32162,118,51877
451631,0,32842,118,51877
451681,0,32842,117,51877
451731,0,32842,117,51877
451781,0,32842,117,51877
451831,0,32162,117,51877
451881,0,32162,117,51889
451931,0,32162,117,51889
451981,0,32162,117,51889
452073,0,32162,117,51889
452123,0,32162,117,51889
452173,0,32162,117,51889
452223,0,32162,117,51889
452273,0,31498,117,51898
452323,0,31498,117,51898
452373,0,31498,117,51898
452423,0,31498,117,51898
452473,0,31498,117,51898
452523,0,31498,117,51898
452658,0,31498,117,51909
452708,0,31498,117,51909
452758,0,31498,117,51909
452808,0,31498,117,51909
452858,0,31498,117,51909
452908,0,31498,117,51909
452958,0,31498,117,51909
453008,0,31498,117,51909
453058,0,31498,117,51918
453150,0,31498,117,51918
453200,0,31498,117,51918
453250,0,31498,117,51918
453300,0,31498,117,51918
453350,0,31498,117,51918
453400,0,31498,117,51918
453450,0,31574,117,51918
453500,0,31651,117,51927
453550,0,31727,117,51927
453600,0,31803,117,51927
453650,0,31880,117,51927
453785,0,32086,117,51927
453835,0,32162,117,51927
453885,0,32162,117,51936
453935,0,32162,117,51936
453985,0,32162,117,51936
454035,0,31498,117,51936
454085,0,31498,117,51936
454135,0,31498,117,51936
454227,0,32162,117,51936
454277,0,32162,117,51945
454327,0,32162,117,51945
454377,0,32162,117,51945
454427,0,31498,117,51945
454477,0,31498,117,51945
454527,0,31498,117,51945
454577,0,31498,117,51945
454627,0,30881,117,51945
454677,0,30881,117,51954
454727,0,30881,117,51954
454777,0,30881,117,51954
454913,0,30881,117,51954
454963,0,30881,117,51954
455013,0,30881,117,51954
455063,0,30881,117,51962
455113,0,30881,117,51962
455163,0,30881,117,51962
455255,0,30881,117,51962
455305,0,30881,117,51962
455355,0,30881,117,51962
455405,0,30881,117,51962
455455,0,30263,117,51962
455505,0,30263,117,51970
455555,0,30263,117,51970
455605,0,30263,117,51970
455655,0,30263,117,51970
455705,0,30263,116,51970
455755,0,30263,116,51970
455805,0,30263,116,51970
455855,0,30263,116,51970
455905,0,30263,116,51978
456041,0,30263,116,51978
456091,0,30263,117,51978
456141,0,30263,117,51978
456191,0,30263,117,51978
456283,0,30263,117,51985
456333,0,30263,117,51985
456383,0,30263,117,51985
456433,0,30263,117,51985
456483,0,30263,117,51985
456533,0,30263,117,51985
456583,0,30263,117,51985
456633,0,29692,117,51985
456683,0,29692,117,51993
456733,0,29692,117,51993
456783,0,29692,117,51993
456833,0,29692,117,51993
456883,0,29692,117,51993
456933,0,29692,117,51993
456983,0,29692,117,51993
457033,0,29692,117,51993
457168,0,29692,117,51999
457218,0,29692,117,51999
457268,0,29120,117,51999
457360,0,29120,117,51999
457410,0,29120,117,51999
457460,0,29120,117,51999
457510,0,29120,117,52007
457560,0,29120,117,52007
457610,0,29120,117,52007
457660,0,29120,117,52007
457710,0,29120,117,52007
457760,0,29120,117,52007
457810,0,29120,117,52007
457860,0,29120,117,52007
457910,0,29120,117,52014
457960,0,29120,117,52014
458097,0,29692,117,52014
458147,0,29692,117,52014
458197,0,29692,117,52014
458247,0,29120,117,52014
458297,0,29120,117,52020
458389,0,29120,117,52020
458439,0,29120,117,52020
458489,0,29120,117,52020
458539,0,29120,117,52020
458589,0,29120,117,52020
458639,0,28580,117,52020
458689,0,28580,117,52027
458739,0,28580,117,52027
458789,0,28580,117,52027
458839,0,29120,117,52027
458889,0,29120,117,52027
458939,0,29120,116,52027
458989,0,29120,116,52027
459039,0,29120,116,52027
459089,0,29120,116,52027
459224,0,28580,116,52033
459274,0,28580,116,52033
459324,0,28580,116,52033
459416,0,28580,116,52033
459466,0,28580,116,52033
459516,0,28580,116,52040
459566,0,28580,116,52040
459616,0,28580,116,52040
459666,0,28580,116,52040
459716,0,28580,117,52040
459766,0,28580,117,52040
459816,0,28580,117,52040
459866,0,28580,117,52040
459916,0,28580,117,52046
459966,0,28580,117,52046
460016,0,28580,117,52046
460066,0,28071,117,52046
460116,0,28071,116,52046
460166,0,28071,116,52046
460216,0,28071,116,52046
460351,0,28071,116,52052
460443,0,28071,116,52052
460493,0,28071,116,52052
460543,0,28071,117,52052
460593,0,28071,117,52052
460643,0,28071,117,52052
460693,0,28071,117,52052
460743,0,28071,117,52058
460793,0,28071,117,52058
460843,0,27082,117,52058
460893,0,27082,117,52058
460943,0,27082,116,52058
460993,0,27082,116,52058
461043,0,27561,116,52058
461093,0,27561,116,52058
461143,0,27561,116,52063
461193,0,27561,116,52063
461243,0,28071,116,52063
461293,0,28071,116,52063
461343,0,28071,116,52063
461521,0,28071,116,52069
461571,0,28071,116,52069
461621,0,28071,116,52069
461671,0,27561,116,52069
461721,0,27561,117,52069
461771,0,27561,117,52069
461821,0,27561,117,52069
461871,0,27561,117,52069
461921,0,27561,117,52074
461971,0,27561,117,52074
462021,0,27561,117,52074
462071,0,27561,117,52074
462121,0,27561,117,52074
462171,0,27561,117,52074
462221,0,27561,117,52074
462271,0,27561,117,52074
462321,0,27561,117,52080
462371,0,27561,117,52080
462463,0,27082,117,52080
462513,0,27082,116,52080
462648,0,26619,116,52080
462698,0,26619,116,52080
462748,0,26619,116,52084
462798,0,26619,116,52084
462848,0,26619,116,52084
462898,0,26619,116,52084
462948,0,26619,117,52084
462998,0,26619,117,52084
463048,0,26619,117,52084
463098,0,26619,117,52084
463148,0,26619,117,52090
463198,0,26619,117,52090
463248,0,26619,117,52090
463298,0,26619,117,52090
463348,0,26619,116,52090
463398,0,26619,116,52090
463490,0,27082,116,52090
463540,0,27082,116,52096
463590,0,27082,116,52096
463640,0,26619,116,52096
463775,0,26619,117,52096
463825,0,26156,117,52096
463875,0,26156,117,52096
463925,0,26156,117,52101
463975,0,26156,117,52101
464025,0,26156,117,52101
464075,0,26156,117,52101
464125,0,26156,117,52101
464175,0,26156,117,52101
464225,0,26619,117,52101
464275,0,26619,117,52101
464325,0,26619,117,52101
464375,0,26619,117,52106
464425,0,25724,117,52106
464475,0,25724,117,52106
464567,0,25724,117,52106
464617,0,25724,117,52106
464667,0,25724,117,52106
464717,0,25724,117,52106
464767,0,25724,117,52110
464902,0,25724,117,52110
464952,0,25724,117,52110
465002,0,25724,117,52110
465052,0,26156,117,52110
465102,0,26156,117,52110
465152,0,26156,117,52115
465202,0,26156,117,52115
465252,0,25724,117,52115
465302,0,25724,117,52115
465352,0,25724,116,52115
465402,0,25724,116,52115
465452,0,25307,116,52115
465502,0,25307,116,52115
465594,0,25307,116,52120
465644,0,25307,116,52120
465694,0,25307,116,52120
465744,0,25307,116,52120
465794,0,25307,116,52120
465844,0,25724,116,52120
465894,0,25724,116,52120
466029,0,25724,116,52125
466079,0,25724,116,52125
466129,0,25724,116,52125
466179,0,25724,117,52125
466229,0,25307,117,52125
466279,0,25307,117,52125
466329,0,25307,117,52125
466379,0,25307,117,52130
466429,0,24890,117,52130
466479,0,24890,117,52130
466529,0,24890,117,52130
466621,0,24890,117,52130
466671,0,24890,117,52130
466721,0,24890,117,52130
466771,0,24890,117,52133
466821,0,24890,117,52133
466871,0,25307,117,52133
466921,0,25307,117,52133
466971,0,25307,117,52133
467021,0,25307,117,52133
467156,0,24890,117,52138
467206,0,24890,117,52138
467256,0,24890,117,52138
467306,0,24890,117,52138
467356,0,24890,116,52138
467406,0,24890,116,52138
467456,0,24504,116,52138
467506,0,24504,116,52138
467556,0,24504,116,52143
467648,0,24504,116,52143
467698,0,24504,116,52143
467748,0,24504,117,52143
467798,0,24504,117,52143
467848,0,24118,117,52143
467898,0,24118,117,52143
467948,0,24118,117,52147
467998,0,24118,117,52147
468048,0,24504,117,52147
468098,0,24504,117,52147
468148,0,24504,116,52147
468283,0,24504,116,52147
468333,0,24504,116,52147
468383,0,24504,116,52151
468433,0,24118,116,52151
468483,0,24118,116,52151
468533,0,24118,116,52151
468583,0,24118,116,52151
468633,0,23747,116,52151
468725,0,23747,116,52151
468775,0,23747,116,52155
468825,0,23747,116,52155
468875,0,23747,116,52155
468925,0,23747,116,52155
468975,0,23747,116,52155
469025,0,24118,116,52155
469075,0,24118,116,52155
469125,0,24118,116,52155
469175,0,24118,116,52159
469225,0,23392,116,52159
469275,0,23392,116,52159
469410,0,23392,116,52159
469460,0,23747,116,52159
469510,0,23747,116,52159
469560,0,23747,116,52163
469610,0,23747,116,52163
469660,0,23747,116,52163
469752,0,23747,116,52163
469802,0,23747,116,52163
469852,0,23392,116,52163
469902,0,23392,116,52163
469952,0,23392,116,52163
470002,0,23392,116,52168
470052,0,23392,116,52168
470102,0,23392,116,52168
470152,0,23392,116,52168
470202,0,23392,116,52168
470252,0,23037,116,52168
470302,0,23037,116,52168
470352,0,23037,116,52168
470402,0,23037,116,52172
470537,0,23392,116,52172
470587,0,23392,117,52172
470637,0,23392,117,52172
470687,0,23392,117,52172
470779,0,23392,117,52176
470829,0,22373,117,52176
470879,0,22373,117,52176
470929,0,22373,117,52176
470979,0,22373,116,52176
471029,0,22697,116,52176
471079,0,22697,116,52176
471129,0,22697,116,52176
471179,0,22697,116,52180
471229,0,22697,116,52180
471279,0,22697,116,52180
471329,0,22697,116,52180
471379,0,22697,117,52180
471429,0,23037,117,52180
471479,0,23037,117,52180
471529,0,23037,117,52180
471665,0,22049,117,52183
471715,0,22049,117,52183
471765,0,22049,117,52183
471857,0,22373,116,52183
471907,0,22373,116,52183
471957,0,22373,116,52183
472007,0,22373,116,52187
472057,0,22697,116,52187
472107,0,22697,116,52187
472157,0,22697,116,52187
472207,0,22697,116,52187
472257,0,22373,116,52187
472307,0,22373,116,52187
472357,0,22373,116,52187
472407,0,22373,116,52190
472457,0,21740,116,52190
472592,0,21740,115,52190
472642,0,22049,115,52190
472692,0,22049,115,52190
472742,0,22049,115,52190
472792,0,22049,115,52194
472884,0,22049,115,52194
472934,0,22049,115,52194
472984,0,22049,116,52194
473034,0,21431,116,52194
473084,0,21431,116,52194
473134,0,21431,116,52194
473184,0,21431,116,52198
473234,0,21431,116,52198
473284,0,21431,116,52198
473334,0,21431,116,52198
473384,0,21431,116,52198
473434,0,21431,116,52198
473484,0,21431,116,52198
473534,0,21431,116,52198
473584,0,21431,116,52198
473719,0,21740,116,52201
473769,0,21740,116,52201
473819,0,21740,116,52201
473911,0,20860,116,52201
473961,0,20860,116,52201
474011,0,20860,116,52204
474061,0,21431,116,52204
474111,0,21431,116,52204
474161,0,21431,116,52204
474211,0,21431,117,52204
474261,0,21138,117,52204
474311,0,21138,117,52204
474361,0,21138,117,52204
474411,0,21138,117,52208
474461,0,20582,117,52208
474511,0,20582,117,52208
474561,0,20582,117,52208
474611,0,20582,117,52208
474661,0,21138,117,52208
474711,0,21138,117,52208
474846,0,20582,117,52211
474938,0,20582,117,52211
474988,0,20582,117,52211
475038,0,20582,117,52211
475088,0,20582,117,52211
475138,0,20582,117,52211
475188,0,20582,117,52211
475238,0,20582,117,52214
475288,0,20582,117,52214
475338,0,20582,117,52214
475388,0,20582,117,52214
475438,0,20304,115,52214
475488,0,20304,115,52214
475538,0,20304,115,52214
475588,0,20304,115,52214
475638,0,20041,115,52218
475688,0,20041,115,52218
475738,0,20041,115,52218
475788,0,20041,115,52218
475838,0,20304,115,52218
476229,0,20041,117,52221
476279,0,20041,117,52221
476329,0,20041,117,52221
476379,0,20041,117,52221
476429,0,19794,117,52224
476479,0,19794,117,52224
476529,0,19794,117,52224
476579,0,19794,117,52224
476629,0,20041,116,52224
476679,0,20041,116,52224
476729,0,20041,116,52224
476779,0,20041,116,52224
476829,0,19794,116,52227
476879,0,19794,116,52227
476929,0,19794,116,52227
476979,0,19794,116,52227
477029,0,19794,117,52227
477079,0,19794,117,52227
477171,0,19794,117,52227
477221,0,19794,117,52231
477398,0,19532,117,52231
477448,0,19053,116,52231
477498,0,19053,116,52231
477548,0,19053,116,52231
477598,0,19053,116,52231
477648,0,19300,116,52234
477698,0,19300,116,52234
477748,0,19300,116,52234
477798,0,19300,116,52234
477848,0,19532,116,52234
477898,0,19532,116,52234
477948,0,19532,116,52234
477998,0,19532,116,52234
478048,0,19053,116,52236
478098,0,19053,116,52236
478148,0,19053,116,52236
478240,0,19053,116,52236
478290,0,19053,116,52236
478340,0,19053,116,52236
478390,0,19053,116,52236
478525,0,19053,116,52240
478575,0,19053,116,52240
478625,0,18822,116,52240
478675,0,18822,116,52240
478725,0,18822,116,52240
478775,0,18822,116,52240
478825,0,18590,116,52243
478875,0,18590,116,52243
478925,0,18590,116,52243
478975,0,18590,116,52243
479025,0,18822,117,52243
479075,0,18822,117,52243
479125,0,18822,117,52243
479175,0,18822,117,52243
479225,0,18590,117,52243
479317,0,18590,117,52246
479367,0,18590,117,52246
479417,0,18590,117,52246
479467,0,18158,117,52246
479517,0,18158,117,52246
479652,0,18158,117,52249
479702,0,18158,117,52249
479752,0,18158,117,52249
479802,0,18158,117,52249
479852,0,18158,116,52249
479902,0,18158,116,52249
479952,0,18158,116,52249
480002,0,18158,116,52249
480052,0,18158,116,52251
480102,0,18158,116,52251
480152,0,18158,116,52251
480202,0,18158,116,52251
480252,0,17941,117,52251
480344,0,17941,117,52251
480394,0,17941,117,52251
480444,0,17741,117,52254
480494,0,17741,117,52254
480544,0,17741,117,52254
480594,0,17741,117,52254
480644,0,18158,116,52254
480780,0,18158,116,52254
480830,0,17741,116,52254
480880,0,17741,116,52257
480930,0,17741,116,52257
480980,0,17741,116,52257
481030,0,17741,116,52257
481080,0,17741,117,52257
481130,0,17741,117,52257
481180,0,17741,117,52257
481230,0,17540,117,52257
481280,0,17540,117,52260
481372,0,17540,117,52260
481422,0,17540,117,52260
481472,0,17741,116,52260
481522,0,17741,116,52260
481572,0,17741,116,52260
481622,0,17741,116,52260
481672,0,17540,116,52263
481722,0,17540,116,52263
481772,0,17540,116,52263
481908,0,17339,117,52263
481958,0,17339,117,52263
482008,0,17339,117,52263
482058,0,17540,117,52266
482108,0,17540,117,52266
482158,0,17540,117,52266
482208,0,17540,117,52266
482258,0,17154,117,52266
482308,0,17154,117,52266
482400,0,17154,117,52266
482450,0,17339,117,52268
482500,0,17339,117,52268
482550,0,17339,117,52268
482600,0,17339,117,52268
482650,0,16953,117,52268
482700,0,16953,117,52268
482750,0,16953,117,52268
482800,0,16953,117,52268
482850,0,17154,117,52271
482900,0,17154,117,52271
483035,0,16768,117,52271
483085,0,16768,117,52271
483135,0,16768,117,52271
483185,0,16768,117,52271
483235,0,17339,117,52271
483285,0,17339,117,52274
483335,0,17339,117,52274
483385,0,17339,117,52274
483477,0,16953,117,52274
483527,0,16953,117,52274
483577,0,16953,117,52274
483627,0,16768,117,52274
483677,0,16768,117,52276
483727,0,16768,117,52276
483777,0,16768,117,52276
483827,0,16768,117,52276
483877,0,16768,116,52276
483927,0,16768,116,52276
483977,0,16768,116,52276
484027,0,16598,116,52276
484162,0,16598,116,52279
484212,0,16598,116,52279
484262,0,16768,117,52279
484312,0,16768,117,52279
484362,0,16768,117,52279
484412,0,16768,117,52279
484504,0,16598,117,52281
484554,0,16598,117,52281
484604,0,16598,117,52281
484654,0,16768,117,52281
484704,0,16768,116,52281
484754,0,16768,116,52281
484804,0,16768,116,52281
484854,0,16243,116,52281
484904,0,16243,116,52283
484954,0,16243,116,52283
485004,0,16243,116,52283
485054,0,16598,116,52283
485104,0,16598,117,52283
485154,0,16598,117,52283
485289,0,16243,117,52285
485339,0,16243,117,52285
485389,0,16243,117,52285
485439,0,16243,117,52285
485531,0,16243,116,52285
485581,0,16243,116,52285
485631,0,16073,116,52285
485681,0,16073,116,52288
485731,0,16073,116,52288
485781,0,16073,116,52288
485831,0,16243,116,52288
485881,0,16243,116,52288
485931,0,16243,116,52288
485981,0,16243,116,52288
486031,0,15903,116,52288
486081,0,15903,116,52290
486131,0,15903,116,52290
486181,0,15903,116,52290
486231,0,16243,116,52290
486281,0,16243,116,52290
486416,0,16243,116,52290
486466,0,16073,116,52290
486516,0,16073,116,52293
486608,0,16073,116,52293
486658,0,15595,116,52293
486708,0,15595,117,52293
486758,0,15595,117,52293
486808,0,15595,117,52293
486858,0,15749,117,52293
486908,0,15749,117,52295
486958,0,15749,117,52295
487008,0,15749,117,52295
487058,0,15595,117,52295
487108,0,15595,116,52295
487158,0,15595,116,52295
487208,0,15595,116,52295
487343,0,15749,116,52298
487393,0,15749,116,52298
487443,0,15286,116,52298
487493,0,15286,116,52298
487543,0,15286,116,52298
487635,0,15595,116,52298
487685,0,15595,116,52300
487735,0,15595,116,52300
487785,0,15595,116,52300
487835,0,15440,116,52300
487885,0,15440,117,52300
487935,0,15440,117,52300
487985,0,15440,117,52300
488035,0,15440,117,52300
488085,0,15440,117,52302
488135,0,15440,117,52302
488185,0,15440,117,52302
488235,0,15286,117,52302
488285,0,15286,117,52302
488335,0,15286,117,52302
488470,0,15131,117,52302
488520,0,15131,117,52304
488570,0,15131,117,52304
488662,0,14977,117,52304
488712,0,14977,116,52304
488762,0,14977,116,52304
488812,0,14977,116,52304
488862,0,14977,116,52304
488912,0,14977,116,52307
488962,0,14977,116,52307
489012,0,14977,116,52307
489062,0,14977,116,52307
489112,0,14977,116,52307
489162,0,14977,116,52307
489212,0,14977,116,52307
489262,0,14977,116,52307
489312,0,14977,116,52309
489362,0,14977,116,52309
489412,0,14977,116,52309
489462,0,15131,116,52309
489597,0,15131,117,52309
489689,0,14560,117,52311
489739,0,14560,117,52311
489789,0,14560,117,52311
489839,0,14699,117,52311
489889,0,14699,117,52311
489939,0,14699,117,52311
489989,0,14699,117,52311
490039,0,14282,117,52311
490089,0,14282,117,52311
490139,0,14282,117,52313
490189,0,14282,117,52313
490239,0,14838,117,52313
490289,0,14838,117,52313
490339,0,14838,117,52313
490389,0,14838,117,52313
490439,0,14421,117,52313
490489,0,14421,117,52313
490539,0,14421,117,52315
490589,0,14421,117,52315
490767,0,14560,117,52315
490817,0,14560,117,52315
490867,0,14421,117,52315
490917,0,14421,117,52318
490967,0,14421,117,52318
491017,0,14421,117,52318
491067,0,14282,117,52318
491117,0,14282,116,52318
491167,0,14282,116,52318
491217,0,14282,116,52318
491267,0,14282,116,52318
491317,0,14282,116,52320
491367,0,14282,116,52320
491417,0,14282,116,52320
491467,0,14282,116,52320
491517,0,14282,117,52320
491567,0,14282,117,52320
491617,0,14282,117,52320
491709,0,14035,117,52320
491759,0,14035,117,52322
491894,0,14159,117,52322
491944,0,14159,116,52322
491994,0,14159,116,52322
492044,0,14159,116,52322
492094,0,14159,116,52322
492144,0,14159,116,52324
492194,0,14159,116,52324
492244,0,13773,116,52324
492294,0,13773,116,52324
492344,0,13773,117,52324
492394,0,13773,117,52324
492444,0,14159,117,52324
492494,0,14159,117,52324
492544,0,14159,117,52326
492594,0,14159,117,52326
492644,0,13773,117,52326
492736,0,13773,117,52326
492786,0,13773,117,52326
492836,0,14035,117,52326
492886,0,14035,117,52326
493023,0,14035,117,52328
493073,0,13541,117,52328
493123,0,13541,117,52328
493173,0,13541,117,52328
493223,0,13541,117,52328
493273,0,13649,117,52328
493323,0,13649,117,52331
493373,0,13649,117,52331
493423,0,13649,117,52331
493473,0,13541,117,52331
493523,0,13541,117,52331
493573,0,13541,117,52331
493623,0,13541,117,52331
493673,0,13649,117,52331
493723,0,13649,117,52332
493815,0,13649,117,52332
493865,0,13649,117,52332
493915,0,13649,117,52332
493965,0,13649,117,52332
494015,0,13649,117,52332
494150,0,13417,117,52335
494200,0,13417,117,52335
494250,0,13417,117,52335
494300,0,13417,117,52335
494350,0,13417,116,52335
494400,0,13417,116,52335
494450,0,13309,116,52335
494500,0,13309,116,52335
494550,0,13309,116,52336
494600,0,13309,116,52336
494650,0,13186,116,52336
494700,0,13186,116,52336
494750,0,13186,117,52336
494842,0,12862,117,52336
494892,0,12862,117,52336
494942,0,12862,117,52339
494992,0,12862,117,52339
495042,0,13186,117,52339
495092,0,13186,117,52339
495142,0,13186,117,52339
495278,0,13186,117,52339
495328,0,13186,117,52341
495378,0,13186,117,52341
495428,0,12862,117,52341
495478,0,12862,117,52341
495528,0,12862,117,52341
495578,0,12862,116,52341
495628,0,12970,116,52341
495678,0,12970,116,52341
495728,0,12970,116,52341
495778,0,12970,116,52342
495870,0,12862,116,52342
495920,0,12862,116,52342
495970,0,12862,117,52342
496020,0,12862,117,52342
496070,0,12753,117,52342
496120,0,12753,117,52342
496170,0,12753,117,52344
496220,0,12753,117,52344
496270,0,12753,117,52344
496406,0,12753,116,52344
496456,0,12753,116,52344
496506,0,12753,116,52344
496556,0,12753,116,52346
496606,0,12753,116,52346
496656,0,12753,116,52346
496706,0,12753,116,52346
496756,0,12753,117,52346
496806,0,12753,117,52346
496898,0,12352,117,52346
496948,0,12352,117,52348
496998,0,12352,117,52348
497048,0,12445,117,52348
497098,0,12445,117,52348
497148,0,12445,115,52348
497198,0,12445,115,52348
497248,0,12059,115,52348
497298,0,12059,115,52348
497348,0,12059,115,52348
497398,0,12059,115,52349
497533,0,12445,115,52349
497583,0,12445,116,52349
497633,0,12445,116,52349
497683,0,12445,116,52349
497733,0,12445,116,52349
497783,0,12445,116,52352
497833,0,12244,116,52352
497883,0,12244,116,52352
497975,0,12244,117,52352
498025,0,12244,117,52352
498075,0,12244,117,52352
498125,0,12244,117,52352
498175,0,12244,117,52354
498225,0,12059,117,52354
498275,0,12059,117,52354
498325,0,12059,117,52354
498375,0,12059,117,52354
498425,0,12059,117,52354
498475,0,12059,117,52354
498525,0,12059,117,52354
498660,0,12059,117,52356
498710,0,12059,117,52356
498760,0,12059,117,52356
498810,0,12059,117,52356
498860,0,11781,117,52356
498910,0,11781,117,52356
499002,0,11781,117,52357
499052,0,11873,117,52357
499102,0,11873,117,52357
499152,0,11873,117,52357
499202,0,11873,116,52357
499252,0,11873,116,52357
499302,0,11873,116,52357
499352,0,11873,116,52357
499402,0,11873,116,52358
499452,0,11873,116,52358
499502,0,11873,116,52358
499552,0,11873,116,52358
499602,0,11873,116,52358
499652,0,11781,116,52358
499788,0,11781,116,52360
499838,0,11595,116,52360
499888,0,11595,116,52360
499938,0,11595,116,52360
500030,0,11688,116,52360
500080,0,11688,116,52360
500130,0,11688,116,52360
500180,0,11688,116,52363
500230,0,11688,116,52363
500280,0,11688,116,52363
500330,0,11688,116,52363
500380,0,11688,116,52363
500430,0,11348,116,52363
500480,0,11348,116,52363
500530,0,11348,116,52363
500580,0,11348,116,52364
500630,0,11595,116,52364
500680,0,11595,116,52364
500730,0,11595,116,52364
500780,0,11595,116,52364
500915,0,11426,116,52364
500965,0,11426,116,52364
501015,0,11426,116,52366
501107,0,11426,116,52366
501157,0,11426,116,52366
501207,0,11426,117,52366
501257,0,11426,117,52366
501307,0,11426,117,52366
501357,0,11426,117,52366
501407,0,11426,117,52368
501457,0,11101,117,52368
501507,0,11101,117,52368
501557,0,11101,117,52368
501607,0,11101,117,52368
501657,0,11256,117,52368
501707,0,11256,117,52368
501842,0,11256,117,52369
501892,0,11256,117,52369
501942,0,11256,117,52369
501992,0,11256,117,52369
502042,0,11179,117,52369
502134,0,11179,117,52369
502184,0,11179,117,52371
502234,0,11101,117,52371
502284,0,11101,117,52371
502334,0,11101,117,52371
502384,0,11101,117,52371
502434,0,11101,117,52371
502484,0,11101,117,52371
502534,0,11101,117,52371
502584,0,11101,117,52373
502634,0,11024,117,52373
502684,0,11024,117,52373
502734,0,11024,117,52373
502784,0,11024,117,52373
502834,0,10947,117,52373
502970,0,10947,117,52373
503020,0,10947,117,52374
503070,0,10715,117,52374
503162,0,10715,117,52374
503212,0,10715,116,52374
503262,0,10715,116,52374
503312,0,10715,116,52374
503362,0,10715,116,52374
503412,0,10715,116,52377
503462,0,10792,116,52377
503512,0,10792,116,52377
503562,0,10792,116,52377
503612,0,10792,117,52377
503662,0,10638,117,52377
503712,0,10638,117,52377
503762,0,10638,117,52377
503812,0,10638,117,52378
503862,0,10638,117,52378
503912,0,10638,117,52378
503962,0,10638,117,52378
504097,0,10638,116,52378
504189,0,10638,116,52378
504239,0,10283,116,52360
504289,0,10283,116,52360
504339,0,10283,116,52360
504389,0,10283,116,52360
504439,0,10283,222,52360
504489,0,10283,222,52360
504539,0,10283,222,52360
504589,0,10283,222,52360
504639,0,9403,222,52346
504689,0,9403,222,52346
504739,0,9403,222,52346
504789,0,9403,222,52346
504839,0,9403,323,52346
504889,0,9403,323,52346
504939,0,9403,323,52346
504989,0,9403,323,52346
505039,0,8075,323,52348
505089,0,8075,323,52348
505267,0,8075,310,52348
505317,0,8075,310,52348
505367,0,8075,310,52348
505417,0,8075,310,52349
505467,0,6099,310,52349
505517,0,6099,310,52349
505567,0,6099,310,52349
505617,0,6099,311,52349
505667,0,6099,311,52349
505717,0,6099,311,52349
505767,0,6099,311,52349
505817,0,6099,311,52334
505867,0,6099,311,52334
505917,0,6099,311,52334
505967,0,6099,311,52334
506017,0,6099,412,52334
506067,0,6099,412,52334
506117,0,6099,412,52334
506167,0,6099,412,52334
506259,0,6099,412,52321
506394,0,6099,412,52321
506444,0,6099,500,52321
506494,0,6099,500,52321
506544,0,6099,500,52321
506594,0,6099,500,52321
506644,0,5889,500,52323
506694,0,5678,500,52323
506744,0,5468,500,52323
506794,0,5258,500,52323
506844,0,5048,431,52323
506894,0,4837,431,52323
506944,0,4627,431,52323
506994,0,4417,431,52323
507044,0,4207,431,52347
507094,0,3996,431,52347
507144,0,3786,431,52347
507194,0,3576,431,52347
507244,0,3366,368,52347
507294,0,3155,368,52347
507344,0,2945,368,52347
507522,0,2197,368,52349
507572,0,1987,368,52349
507622,0,1776,368,52349
507672,0,1566,368,52349
507722,0,1356,368,52349
507772,0,1146,368,52349
507822,0,935,368,52350
507872,0,725,368,52350
507922,0,725,368,52350
507972,0,725,368,52350
508022,0,725,371,52350
508072,0,725,371,52350
508122,0,725,371,52350
508172,0,725,371,52350
508222,0,725,371,52076
508272,0,725,371,52076
508322,0,725,371,52076
508372,0,725,371,52076
508422,0,725,2170,52076
508472,0,725,2170,52076
508650,0,725,2170,52028
508700,0,725,2170,52028
508750,0,725,2170,52028
508800,0,725,2170,52028
508850,0,725,2407,52028
508900,0,725,2407,52028
508950,0,725,2407,52028
509000,0,725,2407,52028
509050,0,759,2407,51999
509100,0,792,2407,51999
509150,0,826,2407,51999
509200,0,860,2407,51999
509250,0,893,2614,51999
509300,0,927,2614,51999
509350,0,961,2614,51999
509400,0,994,2614,51999
509450,0,1028,2614,51964
509500,0,1062,2614,51964
509550,0,1095,2614,51964
509600,0,1129,2614,51964
509989,0,1391,2789,51928
510039,0,1424,2987,51928
510089,0,1458,2987,51928
510139,0,1492,2987,51928
510189,0,1525,2987,51928
510239,0,1559,2987,51891
510289,0,1559,2987,51891
510339,0,1559,2987,51891
510389,0,1559,2987,51891
510439,0,1559,3159,51891
510489,0,1559,3159,51891
510539,0,1559,3159,51891
510589,0,1559,3159,51891
510639,0,1559,3159,51866
510689,0,1559,3159,51866
510739,0,1559,3159,51866
510789,0,1559,3159,51866
510839,0,1559,3159,51866
510889,0,1559,3335,51866
510983,0,1559,3335,51866
511160,0,1559,3335,51832
511210,0,1559,3335,51832
511260,0,3103,3501,51832
511310,0,3103,3501,51832
511360,0,3103,3501,51832
511410,0,3103,3501,51832
511460,0,3103,3501,51799
511510,0,3103,3501,51799
511560,0,3103,3501,51799
511610,0,3103,3501,51799
511660,0,3103,3676,51799
511710,0,3103,3676,51799
511760,0,3103,3676,51799
511810,0,3103,3676,51799
511860,0,3103,3676,51771
511910,0,3103,3676,51771
511960,0,3103,3676,51771
512052,0,3103,3841,51771
512102,0,3103,3841,51771
512152,0,3103,3841,51771
512288,0,3891,3841,51736
512338,0,3891,3841,51736
512388,0,3891,3841,51736
512438,0,3891,3841,51736
512488,0,3891,3997,51736
512538,0,3891,3997,51736
512588,0,3891,3997,51736
512638,0,3891,3997,51736
512688,0,3891,3997,51702
512738,0,3891,3997,51702
512788,0,3891,3997,51702
512838,0,4755,3997,51702
512888,0,4755,4171,51702
512938,0,4755,4171,51702
512988,0,4755,4171,51702
513080,0,4755,4171,51674
513130,0,4755,4171,51674
513180,0,4755,4171,51674
513230,0,4755,4171,51674
513280,0,4755,4326,51674
513415,0,4755,4326,51674
513465,0,5203,4326,51645
513515,0,5203,4326,51645
513565,0,5203,4326,51645
513615,0,5203,4326,51645
513665,0,5203,4476,51645
513715,0,5203,4476,51645
513765,0,5203,4476,51645
513815,0,5203,4476,51645
513865,0,5203,4476,51612
513915,0,5203,4476,51612
513965,0,5203,4476,51612
514015,0,5203,4476,51612
514107,0,5882,4650,51612
514157,0,5882,4650,51612
514207,0,5882,4650,51612
514257,0,5882,4650,51582
514307,0,5882,4650,51582
514357,0,5882,4650,51582
514407,0,5882,4650,51582
514543,0,6222,4800,51582
514593,0,6222,4800,51582
514643,0,6222,4800,51582
514693,0,6222,4800,51550
514743,0,6222,4800,51550
514793,0,6222,4800,51550
514843,0,6222,4800,51550
514893,0,6222,4974,51550
514943,0,6222,4974,51550
514993,0,6222,4974,51550
515043,0,6824,4974,51550
515093,0,6824,4974,51515
515185,0,6824,4974,51515
515235,0,6824,4974,51515
515285,0,6824,5133,51515
515335,0,6824,5133,51515
515385,0,6824,5133,51515
515435,0,7133,5133,51515
515485,0,7133,5133,51485
515535,0,7133,5133,51485
515671,0,7133,5295,51485
515721,0,7133,5295,51485
515771,0,7133,5295,51485
515821,0,7133,5295,51485
515871,0,7643,5295,51453
515921,0,7643,5295,51453
515971,0,7643,5295,51453
516021,0,7643,5295,51453
516071,0,7643,5454,51453
516121,0,7643,5454,51453
516213,0,7643,5454,51453
516263,0,7828,5454,51453
516313,0,7828,5454,51423
516363,0,7828,5454,51423
516413,0,7828,5454,51423
516463,0,7828,5454,51423
516599,0,7828,5606,51423
516649,0,8384,5606,51423
516699,0,8384,5606,51387
516749,0,8384,5606,51387
516799,0,8384,5606,51387
516849,0,8569,5606,51387
516899,0,8569,5772,51387
516949,0,8569,5772,51387
516999,0,8569,5772,51387
517049,0,8569,5772,51387
517099,0,8569,5772,51351
517149,0,8569,5772,51351
517241,0,9295,5772,51351
517291,0,9295,5953,51351
517341,0,9295,5953,51351
517391,0,9295,5953,51351
517441,0,9295,5953,51351
517491,0,9295,5953,51322
517541,0,9295,5953,51322
517591,0,9295,5953,51322
517726,0,9295,6104,51322
517776,0,9295,6104,51322
517826,0,9758,6104,51322
517876,0,9758,6104,51322
517926,0,9758,6104,51285
517976,0,9758,6104,51285
518026,0,9758,6104,51285
518076,0,9758,6104,51285
518126,0,9758,6268,51285
518176,0,9758,6268,51285
518226,0,9758,6268,51285
518318,0,9758,6268,51258
518368,0,9758,6268,51258
518418,0,9758,6268,51258
518468,0,9758,6268,51258
518518,0,9758,6425,51258
518568,0,9758,6425,51258
518618,0,9758,6425,51258
518668,0,10283,6425,51258
518718,0,10283,6425,51223
518853,0,10360,6425,51223
518903,0,10360,6559,51223
518953,0,10360,6559,51223
519003,0,10360,6559,51223
519053,0,10792,6559,51223
519103,0,10792,6559,51190
519153,0,10792,6559,51190
519203,0,10792,6559,51190
519295,0,10792,6712,51190
519345,0,10792,6712,51190
519395,0,10792,6712,51190
519445,0,10870,6712,51190
519495,0,10870,6712,51162
519545,0,10870,6712,51162
519595,0,10870,6712,51162
519645,0,11256,6712,51162
519695,0,11256,6867,51162
519745,0,11256,6867,51162
519795,0,11256,6867,51162
519845,0,11256,6867,51162
519981,0,11256,6867,51132
520031,0,11256,6867,51132
520081,0,11256,6867,51132
520131,0,11256,7004,51132
520181,0,11256,7004,51132
520231,0,11966,7004,51132
520323,0,11966,7004,51100
520373,0,11966,7004,51100
520423,0,11966,7004,51100
520473,0,11873,7004,51100
520523,0,11873,7126,51100
520573,0,11873,7126,51100
520623,0,11873,7126,51100
520673,0,12553,7126,51100
520723,0,12553,7126,51066
520773,0,12553,7126,51066
520823,0,12553,7126,51066
520873,0,12553,7126,51066
520923,0,12553,7291,51066
520973,0,12553,7291,51066
521109,0,12244,7291,51036
521159,0,12244,7291,51036
521209,0,12244,7291,51036
521259,0,12862,7291,51036
521351,0,12862,7444,51036
521401,0,12862,7444,51036
521451,0,12645,7444,51036
521501,0,12645,7444,51036
521551,0,12645,7444,51006
521601,0,12645,7444,51006
521651,0,13309,7444,51006
521701,0,13309,7444,51006
521751,0,13309,8382,51006
521801,0,13309,8382,51006
521851,0,13309,8382,51006
521901,0,13309,8382,51006
521951,0,13309,8382,50975
522001,0,13309,8382,50975
522051,0,13078,8382,50975
522101,0,13078,8382,50975
522236,0,13649,8647,50975
522328,0,13649,8647,50943
522378,0,13649,8647,50943
522428,0,13541,8647,50943
522478,0,13541,8647,50943
522528,0,13541,8736,50943
522578,0,13541,8736,50943
522628,0,14035,8736,50943
522678,0,14035,8736,50943
522728,0,14035,8736,50910
522778,0,14035,8736,50910
522828,0,14035,8736,50910
522878,0,14035,8736,50910
522928,0,14035,8864,50910
522978,0,14035,8864,50910
523028,0,14421,8864,50910
523078,0,14421,8864,50910
523128,0,14421,8864,50877
523178,0,14421,8864,50877
523270,0,14159,8864,50877
523406,0,14159,8941,50877
523456,0,14699,8941,50877
523506,0,14699,8941,50877
523556,0,14699,8941,50848
523606,0,14699,8941,50848
523656,0,14560,8941,50848
523706,0,14560,8941,50848
523756,0,14560,9112,50848
523806,0,14560,9112,50848
523856,0,15286,9112,50848
523906,0,15286,9112,50848
523956,0,15286,9112,50811
524006,0,15286,9112,50811
524056,0,14977,9112,50811
524106,0,14977,9112,50811
524156,0,14977,8523,50811
524206,0,14977,8523,50811
524298,0,15595,8523,50811
524348,0,15595,8523,50772
524398,0,15595,8523,50772
524533,0,15286,8639,50772
524583,0,15286,8639,50772
524633,0,15903,8639,50772
524683,0,15903,8639,50772
524733,0,15903,8639,50743
524783,0,15903,8639,50743
524833,0,15749,8639,50743
524883,0,15749,8639,50743
524933,0,15749,8769,50743
524983,0,15749,8769,50743
525033,0,16073,8769,50743
525083,0,16073,8769,50743
525133,0,16073,8769,50715
525183,0,16073,8769,50715
525275,0,16073,8769,50715
525325,0,16073,8769,50715
525375,0,16073,8920,50715
525425,0,16598,8920,50715
525475,0,16598,8920,50715
525525,0,16598,8920,50715
525660,0,16243,8920,50678
525710,0,16243,8920,50678
525760,0,16243,9073,50678
525810,0,16243,9073,50678
525860,0,16953,9073,50678
525910,0,16953,9073,50678
525960,0,16953,9073,50652
526010,0,16953,9073,50652
526060,0,16598,9073,50652
526110,0,16598,9073,50652
526160,0,16598,9240,50652
526210,0,16598,9240,50652
526302,0,17154,9240,50652
526352,0,17154,9240,50610
526402,0,17154,9240,50610
526452,0,16953,9240,50610
526502,0,16953,9240,50610
526552,0,16953,9365,50610
526602,0,16953,9365,50610
526652,0,17540,9365,50610
526787,0,17540,9365,50579
526837,0,17339,9365,50579
526887,0,17339,9365,50579
526937,0,17339,9365,50579
526987,0,17339,9531,50579
527037,0,17339,9531,50579
527087,0,17339,9531,50579
527137,0,17339,9531,50579
527187,0,17339,9531,50550
527237,0,18158,9531,50550
527329,0,18158,9531,50550
527379,0,18158,9652,50550
527429,0,17741,9652,50550
527479,0,17741,9652,50550
527529,0,17741,9652,50550
527579,0,17741,9652,50515
527629,0,18158,9652,50515
527679,0,18158,9652,50515
527729,0,18158,9652,50515
527779,0,18158,9790,50515
527915,0,18158,9790,50515
527965,0,18158,9790,50484
528015,0,18158,9790,50484
528065,0,18590,9790,50484
528115,0,18590,9790,50484
528165,0,18590,9928,50484
528215,0,18590,9928,50484
528307,0,18822,9928,50484
528357,0,18822,9928,50463
528407,0,18822,9928,50463
528457,0,18590,9928,50463
528507,0,18590,9928,50463
528557,0,18590,10074,50463
528607,0,18590,10074,50463
528657,0,19300,10074,50463
528707,0,19300,10074,50463
528757,0,19300,10074,50429
528807,0,19300,10074,50429
528857,0,19053,10074,50429
528907,0,19053,10074,50429
529044,0,19300,10241,50429
529094,0,19300,10241,50429
529144,0,19300,10241,50429
529194,0,19300,10241,50395
529244,0,19794,10241,50395
529336,0,19794,10241,50395
529386,0,19794,10417,50395
529436,0,19300,10417,50395
529486,0,19300,10417,50395
529536,0,19300,10417,50395
529586,0,19300,10417,50355
529636,0,20304,10417,50355
529686,0,20304,10417,50355
529736,0,20304,10417,50355
529786,0,20304,10505,50355
529836,0,20041,10505,50355
529886,0,20041,10505,50355
529936,0,20041,10505,50355
529986,0,20041,10505,50334
530036,0,19794,10505,50334
530172,0,19794,10656,50334
530222,0,19794,10656,50334
530314,0,20304,10656,50334
530364,0,20304,10656,50299
530414,0,20304,10656,50299
530464,0,21138,10656,50299
530514,0,21138,10656,50299
530564,0,21138,10656,50299
530614,0,21138,10760,50299
530664,0,20304,10760,50299
530714,0,20304,10760,50299
530764,0,20304,10760,50299
530814,0,20304,10760,50267
530864,0,20860,10760,50267
530914,0,20860,10760,50267
530964,0,20860,10760,50267
531099,0,21138,10890,50267
531149,0,21138,10890,50267
531199,0,21138,10890,50245
531291,0,20860,10890,50245
531341,0,20860,10890,50245
531391,0,20860,11033,50245
531441,0,21431,11033,50245
531491,0,21431,11033,50245
531541,0,21431,11033,50245
531591,0,21431,11033,50206
531641,0,21431,11033,50206
531691,0,21431,11033,50206
531741,0,21431,11033,50206
531791,0,21431,11152,50206
531841,0,21138,11152,50206
531891,0,21138,11152,50206
531941,0,21138,11152,50206
531991,0,21138,11152,50183
532041,0,21431,11152,50183
532091,0,21431,11152,50183
532269,0,22049,11281,50183
532319,0,22049,11281,50183
532369,0,22049,11281,50183
532419,0,22049,11281,50152
532469,0,21431,11281,50152
532519,0,21431,11281,50152
532569,0,21431,11281,50152
532619,0,21431,11416,50152
532669,0,21740,11416,50152
532719,0,21740,11416,50152
532769,0,21740,11416,50152
532819,0,21740,11416,50120
532869,0,22373,11416,50120
532919,0,22373,11416,50120
532969,0,22373,11416,50120
533019,0,22373,12271,50120
533069,0,22373,12271,50120
533161,0,22373,12271,50120
533211,0,22373,12271,50099
533261,0,22049,12271,50099
533396,0,22049,12337,50099
533446,0,22697,12337,50099
533496,0,22697,12337,50099
533546,0,22697,12337,50099
533596,0,22697,12337,50055
533646,0,23037,12337,50055
533696,0,23037,12337,50055
533746,0,23037,12337,50055
533796,0,23037,12499,50055
533846,0,22697,12499,50055
533896,0,22697,12499,50055
533946,0,22697,12499,50055
533996,0,22697,12499,50044
534046,0,22697,12499,50044
534138,0,22697,12499,50044
534188,0,22697,12499,50044
534238,0,23037,12612,50044
534288,0,23037,12612,50044
534338,0,23037,12612,50044
534388,0,23037,12612,50044
534523,0,23747,12612,50009
534573,0,23747,12612,50009
534623,0,23747,12730,50009
534673,0,23037,12730,50009
534723,0,23037,12730,50009
534773,0,23037,12730,50009
534823,0,23037,12730,49990
534873,0,23392,12730,49990
534923,0,23392,12730,49990
534973,0,23392,12730,49990
535023,0,23392,12836,49990
535115,0,23392,12836,49990
535165,0,23392,12836,49990
535215,0,23392,12836,49963
535265,0,23747,12836,49963
535315,0,23747,12836,49963
535365,0,23747,12836,49963
535415,0,23747,12943,49963
535465,0,23747,12943,49963
535515,0,23747,12943,49963
535650,0,23747,12943,49940
535700,0,23747,12943,49940
535750,0,23747,12943,49940
535800,0,23747,13053,49940
535850,0,23747,13053,49940
535900,0,23747,13053,49940
535950,0,23747,13053,49940
536000,0,23747,13053,49904
536092,0,24890,13053,49904
536142,0,24890,13053,49904
536192,0,24890,13053,49904
536242,0,24890,13252,49904
536292,0,24890,13252,49904
536342,0,24890,13252,49904
536392,0,24890,13252,49904
536442,0,24118,13252,49874
536492,0,24118,13252,49874
536542,0,24118,13252,49874
536592,0,24118,13252,49874
536642,0,24504,13239,49874
536778,0,24504,13239,49874
536828,0,24504,13239,49864
536878,0,24504,13239,49864
536928,0,24504,13239,49864
536978,0,24504,13239,49864
537070,0,25307,12672,49864
537120,0,25307,12672,49864
537170,0,25307,12672,49864
537220,0,25307,12672,49815
537270,0,24890,12672,49815
537320,0,24890,12672,49815
537370,0,24890,12672,49815
537420,0,24890,12797,49815
537470,0,24890,12797,49815
537520,0,24890,12797,49815
537570,0,24890,12797,49815
537620,0,24890,12797,49800
537670,0,25307,12797,49800
537720,0,25307,12797,49800
537770,0,25307,12797,49800
537906,0,24890,12895,49800
537956,0,24890,12895,49800
538048,0,25724,12895,49774
538098,0,25724,12895,49774
538148,0,25724,12895,49774
538198,0,25724,12895,49774
538248,0,25724,13019,49774
538298,0,25724,13019,49774
538348,0,25724,13019,49774
538398,0,25724,13019,49774
538448,0,26156,13019,49743
538498,0,26156,13019,49743
538548,0,26156,13019,49743
538598,0,26156,13019,49743
538648,0,25307,13090,49743
538698,0,25307,13090,49743
538748,0,25307,13090,49743
538798,0,25307,13090,49743
538848,0,25724,13090,49727
538940,0,25724,13090,49727
539076,0,26156,13164,49727
539126,0,26156,13164,49727
539176,0,26156,13164,49727
539226,0,27082,13164,49727
539276,0,27082,13164,49696
539326,0,27082,13164,49696
539376,0,27082,13164,49696
539426,0,26619,13164,49696
539476,0,26619,13349,49696
539526,0,26619,13349,49696
539576,0,26619,13349,49696
539626,0,26156,13349,49696
539676,0,26156,13349,49666
539726,0,26156,13349,49666
539776,0,26156,13349,49666
539826,0,27561,13349,49666
539918,0,27561,13487,49666
539968,0,27561,13487,49666
540018,0,27561,13487,49666
540068,0,26619,13487,49617
540203,0,26619,13487,49617
540253,0,26156,13555,49617
540303,0,26156,13555,49617
540353,0,26156,13555,49617
540403,0,26156,13555,49617
540453,0,26619,13555,49617
540503,0,26619,13555,49617
540553,0,26619,13555,49617
540603,0,26619,13555,49617
540653,0,27561,13608,49617
540703,0,27561,13608,49617
540753,0,27561,13608,49617
540803,0,27561,13608,49617
540895,0,27561,13608,49599
540945,0,27561,13608,49599
540995,0,27561,13608,49599
541045,0,27561,13722,49599
541095,0,27561,13722,49599
541145,0,27561,13722,49599
541195,0,27561,13722,49599
541330,0,27561,13722,49577
541380,0,27561,13722,49577
541430,0,26619,13722,49577
541480,0,26619,13809,49577
541530,0,26619,13809,49577
541580,0,26619,13809,49577
541630,0,27082,13809,49577
541680,0,27082,13809,49542
541730,0,27082,13809,49542
541780,0,27082,13809,49542
541914,0,26619,13870,49542
541964,0,26619,13870,49542
542014,0,26619,13870,49542
542064,0,27561,13870,49523
542114,0,27561,13870,49523
542164,0,27561,13870,49523
542214,0,27561,13870,49523
542264,0,27561,13942,49523
542314,0,27561,13942,49523
542364,0,27561,13942,49523
542669,0,28071,14032,49514
542719,0,28071,14032,49514
542769,0,28071,14032,49514
542819,0,28071,14032,49514
542869,0,28580,14032,49492
542919,0,28580,14032,49492
542969,0,28580,14032,49492
543019,0,28580,14032,49492
543111,0,28580,14152,49492
543161,0,28580,14152,49492
543211,0,28580,14152,49492
543261,0,28580,14152,49471
543311,0,28580,14152,49471
543361,0,28580,14152,49471
543411,0,28580,14152,49471
543461,0,29120,14225,49471
543511,0,29120,14225,49471
543561,0,29120,14225,49471
543611,0,29120,14225,49471
543661,0,28071,14225,49431
543838,0,28580,14225,49431
543888,0,28580,14378,49431
543938,0,28580,14378,49431
543988,0,28580,14378,49431
544038,0,28580,14378,49431
544130,0,28580,14378,49408
544180,0,28580,14378,49408
544230,0,28580,14378,49408
544280,0,28580,14432,49408
544330,0,28580,14432,49408
544380,0,28580,14432,49408
544430,0,28580,14432,49408
544480,0,28580,14432,49372
544530,0,28580,14432,49372
544580,0,28580,14432,49372
544630,0,29120,14432,49372
544680,0,29120,14521,49372
544730,0,29120,14521,49372
544780,0,29120,14521,49372
544830,0,28580,14521,49372
544966,0,28580,14521,49358
545016,0,28580,14521,49358
545108,0,29692,14553,49358
545158,0,29692,14553,49358
545208,0,29692,14553,49358
545258,0,29692,14553,49358
545308,0,29692,14553,49345
545358,0,29692,14553,49345
545408,0,29692,14553,49345
545458,0,29692,14553,49345
545508,0,29692,14633,49345
545558,0,29692,14633,49345
545608,0,29692,14633,49345
545658,0,29692,14633,49345
545708,0,29692,14633,49340
545758,0,29692,14633,49340
545895,0,30881,14818,49340
545945,0,30881,14818,49340
545995,0,30881,14818,49340
546087,0,30881,14818,49249
546137,0,30881,14818,49249
546187,0,30881,14818,49249
546237,0,30263,14818,49249
546287,0,30263,14845,49249
546337,0,30263,14845,49249
546387,0,30263,14845,49249
546437,0,30263,14845,49249
546487,0,30263,14845,49287
546537,0,30263,14845,49287
546587,0,30263,14845,49287
546637,0,30263,14845,49287
546687,0,30263,14885,49287
546737,0,30263,14885,49287
546787,0,30263,14885,49287
546837,0,30263,14885,49287
546887,0,30263,14885,49262
547065,0,30881,14885,49262
547115,0,30881,14970,49262
547165,0,30881,14970,49262
547215,0,30881,14970,49262
547265,0,31498,14970,49262
547315,0,31498,14970,49242
547365,0,31498,14970,49242
547415,0,31498,14970,49242
547465,0,30881,14970,49242
547515,0,30881,15084,49242
547565,0,30881,15084,49242
547615,0,30881,15084,49242
547665,0,31498,15084,49242
547715,0,31498,15084,49219
547765,0,31498,15084,49219
547815,0,31498,15084,49219
547865,0,30263,15084,49219
547957,0,30263,15182,49219
548007,0,30263,15182,49219
548057,0,30881,15182,49219
548193,0,30881,15182,49190
548243,0,30263,15182,49190
548293,0,30263,15278,49190
548343,0,30263,15278,49190
548393,0,30263,15278,49190
548443,0,30881,15278,49190
548493,0,30881,15278,49174
548543,0,30881,15278,49174
548593,0,30881,15278,49174
548643,0,30881,15278,49174
548693,0,30881,15344,49174
548743,0,30881,15344,49174
548793,0,30881,15344,49174
548843,0,30881,15344,49174
548935,0,30881,15344,49149
548985,0,30881,15344,49149
549035,0,30881,15344,49149
549085,0,30881,15344,49149
549135,0,30881,15442,49149
549185,0,30881,15442,49149
549320,0,30881,15442,49132
549370,0,30881,15442,49132
549420,0,30881,15442,49132
549470,0,32162,15442,49132
549520,0,32162,15510,49132
549570,0,32162,15510,49132
549620,0,32162,15510,49132
549670,0,32162,15510,49132
549720,0,32162,15510,49107
549770,0,32162,15510,49107
549820,0,32162,15510,49107
549912,0,32162,15580,49107
549962,0,32162,15580,49107
550012,0,32162,15580,49107
550062,0,32162,15580,49107
550112,0,32162,15580,49085
550162,0,32162,15580,49085
550212,0,32162,15580,49085
550262,0,32162,15580,49085
550312,0,32162,15658,49085
550447,0,32842,15658,49085
550497,0,32842,15658,49085
550547,0,32842,15658,49059
550597,0,32842,15658,49059
550647,0,32162,15658,49059
550697,0,32162,15658,49059
550747,0,32162,15721,49059
550797,0,32162,15721,49059
550889,0,32842,15721,49059
550939,0,32842,15721,49040
550989,0,32842,15721,49040
551039,0,32162,15721,49040
551089,0,32162,15721,49040
551139,0,32162,15787,49040
551189,0,32162,15787,49040
551239,0,32842,15787,49040
551289,0,32842,15787,49040
551339,0,32842,15787,49014
551389,0,32842,15787,49014
551439,0,32842,15787,49014
551575,0,32842,15894,49014
551625,0,32162,15894,49014
551675,0,32162,15894,49014
551725,0,32162,15894,48965
551775,0,32162,15894,48965
551867,0,32842,15894,48965
551917,0,32842,15985,48965
551967,0,32842,15985,48965
552017,0,32842,15985,48965
552067,0,33552,15985,48965
552117,0,33552,15985,48969
552167,0,33552,15985,48969
552217,0,33552,15985,48969
552267,0,32842,15985,48969
552317,0,32842,16060,48969
552367,0,32842,16060,48969
552417,0,32842,16060,48969
552467,0,32842,16060,48969
552517,0,32842,16060,48952
552567,0,32842,16060,48952
552703,0,32162,16060,48952
552753,0,32162,16102,48952
552845,0,32162,16102,48952
552895,0,32162,16102,48952
552945,0,32162,16102,48937
552995,0,32162,16102,48937
553045,0,32162,16102,48937
553095,0,32162,16102,48937
553145,0,32162,16160,48937
553195,0,32162,16160,48937
553245,0,32162,16160,48937
553295,0,32162,16160,48937
553345,0,32162,16160,48923
553395,0,32162,16160,48923
553445,0,32842,16160,48923
553495,0,32842,16160,48923
553545,0,32842,16195,48923
553595,0,32842,16195,48923
553645,0,32842,16195,48923
553737,0,32842,16195,48905
553873,0,32842,16195,48905
553923,0,32842,16269,48905
553973,0,32842,16269,48905
554023,0,32842,16269,48905
554073,0,32162,16269,48905
554123,0,32162,16269,48881
554173,0,32162,16269,48881
554223,0,32162,16269,48881
554273,0,34309,16269,48881
554323,0,34309,16269,48881
554373,0,34309,16340,48881
554423,0,34309,16340,48881
554473,0,33552,16340,48881
554523,0,33552,16340,48881
554573,0,33552,16340,48861
554623,0,33552,16340,48861
554715,0,33552,16340,48861
554765,0,33552,16383,48861
554815,0,33552,16383,48861
554865,0,33552,16383,48861
555000,0,33552,16383,48856
555050,0,33552,16383,48856
555100,0,33552,16383,48856
555150,0,33552,16404,48856
555200,0,33552,16404,48856
555250,0,33552,16404,48856
555300,0,33552,16404,48856
555350,0,33552,16404,48841
555400,0,33552,16404,48841
555450,0,33552,16404,48841
555500,0,33552,16404,48841
555550,0,33552,16452,48841
555600,0,33552,16452,48841
555692,0,32842,16452,48841
555742,0,32842,16452,48661
555792,0,32842,16452,48661
555842,0,33552,16452,48661
555892,0,33552,16452,48661
555942,0,33552,16531,48661
555992,0,33552,16531,48661
556127,0,32842,16531,48661
556177,0,32842,16531,48806
556227,0,33552,16531,48806
556277,0,33552,16531,48806
556327,0,33552,16531,48806
556377,0,33552,16551,48806
556427,0,32842,16551,48806
556477,0,32842,16551,48806
556527,0,32842,16551,48806
556577,0,32842,16551,48778
556669,0,32842,16551,48778
556719,0,32842,16551,48778
556769,0,32842,16636,48778
556819,0,32842,16636,48778
556869,0,34309,16636,48778
556919,0,34309,16636,48778
556969,0,34309,16636,48764
557019,0,34309,16636,48764
557069,0,35081,16636,48764
557119,0,35081,16636,48764
557254,0,34309,16714,48764
557304,0,34309,16714,48764
557354,0,34309,16714,48745
557404,0,34309,16714,48745
557454,0,34309,16714,48745
557504,0,34309,16714,48745
557554,0,34309,16760,48745
557604,0,34309,16760,48745
557696,0,35081,16760,48745
557746,0,35081,16760,48745
557796,0,35081,16760,48733
557846,0,33552,16760,48733
557896,0,33552,16760,48733
557946,0,33552,16760,48733
557996,0,33552,16850,48733
558046,0,33552,16850,48733
558096,0,33552,16850,48733
558146,0,33552,16850,48733
558196,0,33552,16850,48707
558246,0,33552,16850,48707
558381,0,33552,16956,48707
558431,0,33552,16956,48707
558481,0,33552,16956,48707
558531,0,33552,16956,48707
558581,0,33552,16956,48680
558673,0,35899,16956,48680
558723,0,35899,16956,48680
558773,0,35899,17060,48680
558823,0,35899,17060,48680
558873,0,35081,17060,48680
558923,0,35081,17060,48680
558973,0,35081,17060,48663
559023,0,35081,17060,48663
559073,0,35899,17060,48663
559123,0,35899,17060,48663
559173,0,35899,17113,48663
559223,0,35899,17113,48663
559273,0,35081,17113,48663
559323,0,35081,17113,48663
559373,0,35081,17113,48637
559509,0,34309,17113,48637
559559,0,34309,17113,48637
559651,0,35081,17189,48637
559701,0,35081,17189,48637
559751,0,35081,17189,48637
559801,0,35081,17189,48569
559851,0,34309,17189,48569
559901,0,34309,17189,48569
559951,0,34309,17189,48569
560001,0,34309,17314,48569
560051,0,35081,17314,48569
560101,0,35081,17314,48569
560151,0,35081,17314,48569
560201,0,35081,17314,48600
560251,0,35899,17314,48600
560301,0,35899,17314,48600
560436,0,35899,17323,48600
560486,0,35899,17323,48600
560536,0,35899,17323,48600
560628,0,35899,17323,48595
560678,0,35899,17323,48595
560728,0,35899,17323,48595
560778,0,35899,17326,48595
560828,0,35081,17326,48595
560878,0,35081,17326,48595
560928,0,35081,17326,48595
560978,0,35081,17326,48575
561028,0,35081,17326,48575
561078,0,35081,17326,48575
561128,0,35081,17326,48575
561178,0,35081,17420,48575
561228,0,35899,17420,48575
561278,0,35899,17420,48575
561328,0,35899,17420,48575
561378,0,35899,17420,48562
561428,0,35081,17420,48562
561606,0,35081,17499,48562
561656,0,36748,17499,48562
561706,0,36748,17499,48562
561756,0,36748,17499,48562
561806,0,36748,17499,51237
561856,0,35899,17499,51237
561906,0,35899,17499,51237
561956,0,35899,17499,51237
562006,0,35899,647,51237
562056,0,35899,647,51237
562106,0,35899,647,51237
562156,0,35899,647,51237
562206,0,35899,647,51312
562256,0,35081,647,51312
562306,0,35081,647,51312
562356,0,35081,647,51312
562406,0,35081,135,51312
562498,0,35081,135,51312
562548,0,35081,135,51312
562598,0,35081,135,51359
562733,0,35081,135,51359
562783,0,35081,124,51359
562833,0,35081,124,51359
562883,0,35081,124,51359
562933,0,35081,124,51359
562983,0,35081,124,51397
563033,0,35081,124,51397
563083,0,35081,124,51397
563133,0,35081,124,51397
563183,0,35081,121,51397
563233,0,35899,121,51397
563283,0,35899,121,51397
563333,0,35899,121,51397
563383,0,35899,121,51428
563433,0,35081,121,51428
563483,0,35081,121,51428
563577,0,35081,121,51428
563627,0,34309,121,51428
563677,0,34309,121,51428
563727,0,34309,121,51428
563862,0,34309,121,51455
563912,0,34309,121,51455
563962,0,34309,121,51455
564012,0,34309,120,51455
564062,0,34309,120,51455
564112,0,34309,120,51455
564162,0,34309,120,51455
564212,0,34309,120,51480
564262,0,34309,120,51480
564312,0,34309,120,51480
564362,0,34309,120,51480
564412,0,34309,119,51480
564462,0,33552,119,51480
564512,0,33552,119,51480
564604,0,33552,119,51502
564654,0,34309,119,51502
564704,0,34309,119,51502
564754,0,34309,119,51502
564804,0,34309,119,51502
564854,0,34309,119,51502
564989,0,34309,119,51502
565039,0,34309,119,51522
565089,0,34309,119,51522
565139,0,34309,119,51522
565189,0,34309,119,51522
565239,0,33552,119,51522
565289,0,33552,119,51522
565339,0,33552,119,51522
565389,0,33552,119,51522
565439,0,33552,119,51541
565489,0,33552,119,51541
565539,0,33552,119,51541
565631,0,32842,118,51541
565681,0,32842,118,51541
565731,0,32842,118,51541
565781,0,32842,118,51541
565831,0,32842,118,51559
565881,0,32842,118,51559
565931,0,32842,118,51559
565981,0,32842,118,51559
566116,0,32162,118,51559
566166,0,32162,118,51559
566216,0,32162,118,51575
566266,0,32842,118,51575
566316,0,32842,118,51575
566366,0,32842,118,51575
566416,0,32842,118,51575
566466,0,32162,118,51575
566516,0,32162,118,51575
566566,0,32162,118,51575
566616,0,32162,118,51590
566708,0,32842,118,51590
566758,0,32842,118,51590
566808,0,32842,118,51590
566858,0,32842,119,51590
566908,0,32842,119,51590
566958,0,32842,119,51590
567008,0,32842,119,51590
567058,0,32162,119,51605
567108,0,32162,119,51605
567243,0,32162,118,51605
567293,0,32162,118,51605
567343,0,32162,118,51605
567393,0,32162,118,51605
567443,0,31498,118,51620
567493,0,31498,118,51620
567543,0,31498,118,51620
567593,0,31498,118,51620
567643,0,32162,117,51620
567735,0,32162,117,51620
567785,0,32162,117,51620
567835,0,32162,117,51633
567885,0,32162,117,51633
567935,0,32162,117,51633
567985,0,32162,117,51633
568035,0,32162,117,51633
568085,0,32162,117,51633
568135,0,32162,117,51633
568185,0,32162,117,51633
568235,0,32162,117,51645
568371,0,32162,117,51645
568421,0,32162,118,51645
568471,0,32162,118,51645
568521,0,32162,118,51645
568571,0,32162,118,51645
568621,0,32162,118,51658
568671,0,32162,118,51658
568763,0,32162,118,51658
568813,0,32162,118,51658
568863,0,31498,117,51658
568913,0,31498,117,51658
568963,0,31498,117,51658
569013,0,31498,117,51658
569063,0,32162,117,51670
569113,0,32162,117,51670
569163,0,32162,117,51670
569213,0,32162,117,51670
569263,0,30881,118,51670
569313,0,30881,118,51670
569363,0,30881,118,51670
569499,0,31498,118,51681
569549,0,31498,118,51681
569599,0,31498,118,51681
569649,0,30881,117,51681
569699,0,30881,117,51681
569791,0,30881,117,51681
569841,0,30881,117,51693
569891,0,30881,117,51693
569941,0,30881,117,51693
569991,0,30881,117,51693
570041,0,30881,118,51693
570091,0,30881,118,51693
570141,0,30881,118,51693
570191,0,30881,118,51693
570241,0,30263,118,51703
570291,0,30263,118,51703
570341,0,30263,118,51703
570391,0,30263,118,51703
570441,0,30263,118,51703
570491,0,30263,118,51703
570626,0,30881,118,51703
570676,0,30881,118,51714
570726,0,30881,118,51714
570776,0,30881,118,51714
570868,0,29692,117,51714
570918,0,29692,117,51714
570968,0,29692,117,51714
571018,0,29692,117,51714
571068,0,29120,117,51724
571118,0,29120,117,51724
571168,0,29120,117,51724
571218,0,29120,117,51724
571268,0,29120,117,51724
571318,0,29120,117,51724
571368,0,29120,117,51724
571418,0,29120,117,51724
571468,0,28580,117,51733
571518,0,28580,117,51733
571568,0,28580,117,51733
571618,0,28580,117,51733
571754,0,28580,117,51733
571804,0,28580,117,51733
571896,0,28580,117,51743
571946,0,28580,117,51743
571996,0,28580,117,51743
572046,0,28580,117,51743
572096,0,28580,117,51743
572146,0,28580,117,51743
572196,0,28580,117,51743
572246,0,28580,117,51743
572296,0,28580,117,51752
572346,0,28580,117,51752
572396,0,28580,117,51752
572446,0,28580,117,51752
572496,0,28580,117,51752
572546,0,28580,117,51752
572596,0,28580,117,51752
572646,0,28775,117,51752
572696,0,28970,117,51761
572746,0,29165,117,51761
572881,0,29692,574,51761
572973,0,29692,574,51761
573023,0,29692,574,51761
573073,0,29120,574,51758
573123,0,29120,574,51758
573173,0,29120,574,51758
573223,0,29120,574,51758
573273,0,29692,196,51758
573323,0,29692,196,51758
573373,0,29692,196,51758
573423,0,29692,196,51758
573473,0,29120,196,51766
573523,0,29120,196,51766
573573,0,29120,196,51766
573623,0,29120,196,51766
573673,0,29120,193,51766
573723,0,29120,193,51766
573773,0,29120,193,51766
573823,0,29120,193,51766
573957,0,28071,193,51774
574262,0,27561,254,51767
574312,0,27561,254,51767
574362,0,27561,254,51767
574412,0,27561,254,51767
574462,0,27561,385,51767
574512,0,27561,385,51767
574562,0,27561,385,51767
574612,0,27561,385,51767
574662,0,27082,385,51761
574712,0,27082,385,51761
574762,0,27082,385,51761
574812,0,27082,385,51761
574862,0,27082,377,51761
574912,0,27082,377,51761
574962,0,27082,377,51761
575012,0,27082,377,51761
575189,0,28071,377,51768
575281,0,28071,372,51768
575331,0,28071,372,51768
575381,0,28071,372,51768
575431,0,27561,372,51768
575481,0,27561,372,51776
575531,0,27561,372,51776
575581,0,27561,372,51776
575631,0,27561,372,51776
575681,0,27561,367,51776
575731,0,27561,367,51776
575781,0,27561,367,51776
575831,0,26619,367,51776
575881,0,26619,367,51783
575931,0,26619,367,51783
575981,0,26619,367,51783
576031,0,26156,367,51783
576081,0,26156,366,51783
576131,0,26156,366,51783
576181,0,26156,366,51783
576359,0,26619,366,51789
576409,0,26619,366,51789
576459,0,26156,366,51789
576509,0,26156,2676,51789
576559,0,26156,2676,51789
576609,0,26156,2676,51789
576659,0,26619,2676,51789
576709,0,26619,2676,49767
576759,0,26619,2676,49767
576809,0,26619,2676,49767
576859,0,26619,2676,49767
576909,0,26619,13393,49767
576959,0,26619,13393,49767
577009,0,26619,13393,49767
577059,0,27082,13393,49767
577109,0,27082,13393,49699
577159,0,27082,13393,49699
577251,0,26619,13393,49699
577301,0,26619,13509,49699
577351,0,26619,13509,49699
577487,0,26619,13509,49661
577537,0,26619,13509,49661
577587,0,26619,13509,49661
577637,0,27082,13509,49661
577687,0,27082,13605,49661
577737,0,27082,13605,49661
577787,0,27082,13605,49661
577837,0,27082,13605,49661
577887,0,27082,13605,49621
577937,0,27082,13605,49621
577987,0,27082,13605,49621
578037,0,28071,13605,49621
578087,0,28071,13605,49621
578137,0,28071,13700,49621
578229,0,27561,13700,49621
578279,0,27561,13700,49621
578329,0,27561,13700,49590
578379,0,27561,13700,49590
578429,0,28071,13700,49590
578479,0,28071,13700,49590
578614,0,28071,14077,49590
578664,0,28580,14077,49590
578714,0,28580,14077,49538
578764,0,28580,14077,49538
578814,0,28580,14077,49538
578864,0,28580,14077,49538
578914,0,28580,13966,49538
578964,0,28580,13966,49538
579014,0,28580,13966,49538
579064,0,27561,13966,49538
579114,0,27561,13966,49496
579206,0,27561,13966,49496
579256,0,28071,13966,49496
579306,0,28071,14044,49496
579356,0,28071,14044,49496
579406,0,28071,14044,49496
579456,0,28071,14044,49496
579506,0,28071,14044,49461
579556,0,28071,14044,49461
579606,0,28071,14044,49461
579741,0,28580,14146,49461
579791,0,28580,14146,49461
579841,0,28580,14146,49461
579891,0,28580,14146,49461
579941,0,28580,14146,49436
579991,0,28580,14146,49436
580041,0,28580,14146,49436
580091,0,28580,14146,49436
580183,0,28580,14256,49436
580233,0,28580,14256,49436
580283,0,28580,14256,49436
580333,0,28580,14256,49406
580383,0,28580,14256,49406
580433,0,29120,14256,49406
580483,0,29120,14256,49406
580533,0,29120,14370,49406
580583,0,29120,14370,49406
580633,0,29120,14370,49406
580683,0,29120,14370,49406
580733,0,29120,14370,49368
580870,0,29120,14370,49368
580920,0,29120,14500,49368
580970,0,29120,14500,49368
581020,0,29120,14500,49368
581070,0,29692,14500,49368
581162,0,29692,14500,49306
581212,0,29692,14500,49306
581262,0,29120,14500,49306
581312,0,29120,14684,49306
581362,0,29120,14684,49306
581412,0,29120,14684,49306
581462,0,29692,14684,49306
581512,0,29692,14684,49292
581562,0,29692,14684,49292
581612,0,29692,14684,49292
581662,0,29120,14684,49292
581712,0,29120,14786,49292
581762,0,29120,14786,49292
581812,0,29120,14786,49292
581862,0,29120,14786,49292
581997,0,29120,14786,49261
582047,0,29692,14786,49261
582097,0,29692,14786,49261
582189,0,29692,14876,49261
582239,0,29120,14876,49261
582289,0,29120,14876,49261
582339,0,29120,14876,49228
582389,0,29120,14876,49228
582439,0,29120,14876,49228
582489,0,29120,14876,49228
582539,0,29120,14963,49228
582589,0,29120,14963,49228
582639,0,29692,14963,49228
582689,0,29692,14963,49228
582739,0,29692,14963,49203
582789,0,29692,14963,49203
582839,0,29692,14963,49203
582889,0,29692,14963,49203
582939,0,29692,15061,49203
582989,0,29692,15061,49203
583167,0,29692,15061,49170
583217,0,29692,15061,49170
583267,0,30263,15061,49170
583317,0,30263,15147,49170
583367,0,30263,15147,49170
583417,0,30263,15147,49170
583467,0,30263,15147,49170
583517,0,30263,15147,49137
583567,0,30263,15147,49137
583617,0,30263,15147,49137
583667,0,30881,15147,49137
583717,0,30881,15147,49137
583767,0,30881,15280,49137
583817,0,30881,15280,49137
583867,0,30263,15280,49137
583917,0,30263,15280,49137
583967,0,30263,15280,49104
584059,0,30881,15280,49104
584109,0,30881,15280,49104
584159,0,30881,15390,49104
584295,0,30263,15390,49104
584345,0,30263,15390,49080
584395,0,30263,15390,49080
584445,0,30263,15390,49080
584495,0,30263,15390,49080
584545,0,30263,15487,49080
584595,0,30263,15487,49080
584645,0,30881,15487,49080
584695,0,30881,15487,49080
584745,0,30881,15487,49048
584795,0,30881,15487,49048
584845,0,30881,15487,49048
584895,0,30881,15487,49048
584945,0,30881,15595,49048
585037,0,30263,15595,49048
585087,0,30263,15595,49048
585137,0,30263,15595,49032
585187,0,30263,15595,49032
585237,0,30881,15595,49032
585287,0,30881,15595,49032
585423,0,30881,15708,49032
585473,0,31498,15708,49032
585523,0,31498,15708,49032
585573,0,31498,15708,49012
585623,0,31498,15708,49012
585673,0,30881,15708,49012
585723,0,30881,15708,49012
585773,0,30881,15795,49012
585823,0,30881,15795,49012
585873,0,30881,15795,49012
585923,0,30881,15795,49012
586015,0,30881,15795,48978
586065,0,31498,15795,48978
586115,0,31498,15795,48978
586165,0,31498,15865,48978
586215,0,31498,15865,48978
586265,0,32162,15865,48978
586315,0,32162,15865,48978
586365,0,32162,15865,48948
586415,0,32162,15865,48948
586551,0,31498,15946,48948
586601,0,31498,15946,48948
586651,0,32162,15946,48948
586701,0,32162,15946,48948
586751,0,32162,15946,48933
586801,0,32162,15946,48933
586851,0,32162,15946,48933
586901,0,32162,15946,48933
586993,0,32162,16026,48933
587043,0,32842,16026,48933
587093,0,32842,16026,48933
587143,0,32842,16026,48933
587193,0,32842,16026,48909
587243,0,32162,16026,48909
587293,0,32162,16026,48909
587343,0,32162,16026,48909
587393,0,32162,16124,48909
587443,0,32842,16124,48909
587493,0,32842,16124,48909
587543,0,32842,16124,48909
587679,0,32842,16124,48886
587729,0,32842,16124,48886
587779,0,32842,16200,48886
587829,0,32842,16200,48886
587879,0,32842,16200,48886
587971,0,32842,16200,48828
588021,0,32842,16200,48828
588071,0,32842,16200,48828
588121,0,32842,16200,48828
588171,0,32842,16309,48828
588221,0,32842,16309,48828
588271,0,33552,16309,48828
588321,0,33552,16309,48828
588371,0,33552,16309,48817
588421,0,33552,16309,48817
588471,0,32842,16309,48817
588521,0,32842,16309,48817
588571,0,32842,16456,48817
588621,0,32842,16456,48817
588671,0,33552,16456,48817
588806,0,33552,16456,48782
588856,0,33552,16456,48782
588948,0,33552,16456,48782
588998,0,33552,16568,48782
589048,0,32842,16568,48782
589098,0,32842,16568,48782
589148,0,32842,16568,48782
589198,0,32842,16568,48782
589248,0,32842,16568,48782
589298,0,32842,16568,48782
589348,0,32842,16568,48782
589398,0,32842,16646,48782
589448,0,33552,16646,48782
589498,0,33552,16646,48782
589548,0,33552,16646,48782
589598,0,33552,16646,48749
589733,0,33552,16646,48749
589783,0,33552,16766,48749
589833,0,34309,16766,48749
589925,0,34309,16766,48749
589975,0,34309,16766,48729
590025,0,35081,16766,48729
590075,0,35081,16766,48729
590125,0,35081,16766,48729
590175,0,35081,16954,48729
590225,0,34309,16954,48729
590275,0,34309,16954,48729
590325,0,34309,16954,48729
590375,0,34309,16954,48658
590425,0,35081,16954,48658
590475,0,35081,16954,48658
590525,0,35081,16954,48658
590575,0,35081,17062,48658
590625,0,34309,17062,48658
590675,0,34309,17062,48658
590725,0,34309,17062,48658
590903,0,35081,17062,48651
590953,0,35081,17062,48651
591003,0,35081,17137,48651
591053,0,34309,17137,48651
591103,0,34309,17137,48651
591153,0,34309,17137,48651
591203,0,34309,17137,48649
591253,0,33552,17137,48649
591303,0,33552,17137,48649
591353,0,33552,17137,48649
591403,0,33552,17174,48649
591453,0,34309,17174,48649
591503,0,34309,17174,48649
591553,0,34309,17174,48649
591603,0,34309,17174,48613
591653,0,34309,17174,48613
591703,0,34309,17174,48613
591795,0,34309,17276,48613
591845,0,35081,17276,48613
591895,0,35081,17276,48613
592030,0,35081,17276,48573
592080,0,35081,17276,48573
592130,0,35081,17276,48573
592180,0,35081,17276,48573
592230,0,35081,17418,48573
592280,0,35081,17418,48573
592330,0,35081,17418,48573
592380,0,35081,17418,48573
592430,0,35899,17418,48572
592480,0,35899,17418,48572
592530,0,35899,17418,48572
592580,0,35899,17418,48572
592630,0,35081,17529,48572
592680,0,35081,17529,48572
592772,0,35081,17529,48572
592822,0,35081,17529,48498
592872,0,35081,17529,48498
592922,0,35081,17529,48498
592972,0,35081,17529,48498
593022,0,35081,17546,48498
593158,0,35081,17546,48498
593208,0,35081,17546,48511
593258,0,35081,17546,48511
593308,0,35081,17546,48511
593358,0,35081,17546,48511
593408,0,35081,17578,48511
593458,0,36748,17578,48511
593508,0,36748,17578,48511
593558,0,36748,17578,48511
593608,0,36748,17578,48507
593658,0,36748,17578,48507
593750,0,36748,17578,48507
593800,0,36748,17675,48507
593850,0,36748,17675,48507
593900,0,36748,17675,48507
593950,0,36748,17675,48507
594000,0,36748,17675,48495
594050,0,35081,17675,48495
594100,0,35081,17675,48495
594150,0,35081,17675,48495
594286,0,35081,17701,48495
594336,0,35081,17701,48495
594386,0,35081,17701,48495
594436,0,35899,17701,51183
594486,0,35899,17701,51183
594536,0,35899,17701,51183
594586,0,35899,17701,51183
594636,0,35899,475,51183
594728,0,35899,475,51183
594778,0,35899,475,51183
594828,0,35899,475,51253
594878,0,35899,475,51253
594928,0,35899,475,51253
594978,0,35899,475,51253
595028,0,35899,133,51253
595078,0,35899,133,51253
595128,0,35899,133,51253
595178,0,35899,133,51253
595228,0,35081,133,51299
595278,0,35081,133,51299
595414,0,35081,125,51299
595464,0,35081,125,51299
595514,0,35081,125,51299
595564,0,35081,125,51299
595614,0,35081,125,51335
595664,0,34309,125,51335
595714,0,34309,125,51335
595806,0,34309,122,51335
595856,0,34309,122,51335
595906,0,34309,122,51335
595956,0,34309,122,51335
596006,0,34309,122,51364
596056,0,35081,122,51364
596106,0,35081,122,51364
596156,0,35081,122,51364
596206,0,35081,121,51364
596256,0,35081,121,51364
596306,0,35081,121,51364
596356,0,35081,121,51364
596406,0,35081,121,51391
596542,0,35899,121,51391
596592,0,35899,121,51391
596642,0,34309,121,51391
596692,0,34309,121,51391
596742,0,34309,121,51391
596834,0,35081,121,51414
596884,0,35081,121,51414
596934,0,35081,121,51414
596984,0,35081,121,51414
597034,0,34309,120,51414
597084,0,34309,120,51414
597134,0,34309,120,51414
597184,0,34309,120,51414
597234,0,34309,120,51437
597284,0,34309,120,51437
597334,0,34309,120,51437
597384,0,34309,120,51437
597434,0,33552,119,51437
597484,0,33552,119,51437
597534,0,33552,119,51437
597669,0,33552,119,51457
597719,0,33552,119,51457
597769,0,33552,119,51457
597861,0,33552,118,51457
597911,0,33552,118,51457
597961,0,33552,118,51457
598011,0,33552,118,51457
598061,0,34309,118,51474
598111,0,34309,118,51474
598161,0,34309,118,51474
598211,0,34309,118,51474
598261,0,33552,120,51474
598311,0,33552,120,51474
598361,0,33552,120,51474
598411,0,33552,120,51474
598461,0,34309,120,51491
598511,0,34309,120,51491
598561,0,34309,120,51491
598611,0,34309,120,51491
598661,0,33552,119,51491
598798,0,33552,119,51491
598848,0,33552,119,51507
598940,0,33552,119,51507
598990,0,33552,119,51507
599040,0,34309,119,51507
599090,0,34309,119,51507
599140,0,34309,119,51507
599190,0,34309,119,51507
599240,0,33552,119,51522
599290,0,33552,119,51522
599340,0,33552,119,51522
599390,0,33552,119,51522
599440,0,33552,119,51522
599490,0,33552,119,51522
599540,0,33552,119,51522
599590,0,33552,119,51522
599640,0,32162,119,51537
599690,0,32162,119,51537
599740,0,32162,119,51537
599790,0,32162,119,51537
599968,0,31498,117,51537
600018,0,31498,117,51537
600068,0,32162,117,51550
600118,0,32162,117,51550
600168,0,32162,117,51550
600218,0,32162,117,51550
600268,0,32162,118,51550
600318,0,32162,118,51550
600368,0,32162,118,51550
600418,0,32162,118,51550
600468,0,31498,118,51563
600518,0,31498,118,51563
600568,0,31498,118,51563
600618,0,31498,118,51563
600668,0,31498,118,51563
600718,0,31498,118,51563
600768,0,31498,118,51563
600818,0,31498,118,51563
600910,0,31498,118,51575
600960,0,31498,118,51575
601096,0,30881,117,51575
601146,0,30881,117,51575
601196,0,30881,117,51575
601246,0,31498,117,51587
601296,0,31498,117,51587
601346,0,31498,117,51587
601396,0,31498,117,51587
601446,0,31498,117,51587
601496,0,31498,117,51587
601546,0,31498,117,51587
601596,0,31498,117,51587
601646,0,30881,117,51599
601696,0,30881,117,51599
601746,0,30881,117,51599
601796,0,30881,117,51599
601846,0,30881,117,51599
601938,0,30881,117,51599
601988,0,30881,117,51599
602038,0,30881,117,51599
602088,0,30881,117,51610
602224,0,30881,117,51610
602274,0,30881,118,51610
602324,0,30881,118,51610
602374,0,30881,118,51610
602424,0,30881,118,51610
602474,0,30881,118,51621
602524,0,30881,118,51621
602574,0,30881,118,51621
602624,0,30263,118,51621
602674,0,30263,118,51621
602724,0,30263,118,51621
602774,0,30263,118,51621
602824,0,30263,118,51621
602874,0,30263,118,51632
602924,0,30263,118,51632
603016,0,30263,118,51632
603066,0,30263,118,51632
603116,0,30263,118,51632
603166,0,30263,118,51632
603216,0,30263,118,51632
603352,0,30263,118,51641
603402,0,30263,118,51641
603452,0,30263,117,51641
603502,0,30263,117,51641
603552,0,30263,117,51641
603602,0,30263,117,51641
603652,0,29692,117,51641
603702,0,29692,117,51651
603752,0,29692,117,51651
603802,0,29692,117,51651
603852,0,30263,117,51651
603902,0,30263,118,51651
603952,0,30263,118,51651
604044,0,29692,118,51651
604094,0,29692,118,51660
604144,0,29692,118,51660
604279,0,29692,117,51660
604329,0,29692,117,51660
604379,0,29692,117,51660
604429,0,29120,117,51660
604479,0,29120,117,51670
604529,0,29120,117,51670
604579,0,29120,117,51670
604629,0,29120,117,51670
604679,0,29120,116,51670
604729,0,29120,116,51670
604779,0,29120,116,51670
604829,0,29692,116,51670
604879,0,29692,116,51678
604929,0,29692,116,51678
604979,0,29692,116,51678
605071,0,29692,117,51678
605121,0,29692,117,51678
605171,0,29692,117,51678
605221,0,29692,117,51678
605271,0,30263,117,51683
605406,0,30263,117,51683
605456,0,29692,117,51683
605506,0,29692,117,51683
605556,0,29692,117,51683
605606,0,29692,117,51683
605656,0,29692,117,51683
605706,0,29692,117,51695
605756,0,29692,117,51695
605806,0,29692,117,51695
605856,0,29120,117,51695
605906,0,29120,116,51695
605956,0,29120,116,51695
606006,0,29120,116,51695
606056,0,29692,116,51695
606190,0,29692,116,51703
606240,0,29120,116,51703
606290,0,29120,117,51703
606340,0,29120,117,51703
606390,0,29120,117,51703
606440,0,28071,117,51703
606745,0,28071,118,51711
606795,0,28071,118,51711
606845,0,28580,118,51711
606895,0,28580,118,51718
606945,0,28580,118,51718
606995,0,28580,118,51718
607045,0,28071,118,51718
607095,0,28071,117,51718
607145,0,28071,117,51718
607195,0,28071,117,51718
607245,0,28580,117,51718
607295,0,28580,117,51726
607387,0,28580,117,51726
607437,0,28071,117,51726
607487,0,28071,117,51726
607537,0,28071,117,51726
607587,0,28071,117,51726
607637,0,28580,117,51726
607687,0,28580,117,51733
607737,0,28580,117,51733
607914,0,28580,117,51733
607964,0,28580,117,51733
608014,0,28580,117,51733
608064,0,28580,117,51733
608114,0,28580,117,51740
608164,0,28580,117,51740
608214,0,28580,117,51740
608264,0,28071,117,51740
608314,0,28071,117,51740
608364,0,28071,117,51740
608456,0,28071,117,51740
608506,0,28071,117,51748
608556,0,28071,117,51748
608606,0,28071,117,51748
608656,0,27082,117,51748
608706,0,27082,117,51748
608756,0,27082,117,51748
608806,0,27082,117,51748
608856,0,26619,117,51748
608906,0,26619,117,51755
609041,0,27082,117,51755
609091,0,27082,117,51755
609141,0,27082,117,51755
609191,0,27082,117,51755
609241,0,27082,117,51755
609291,0,27082,117,51762
609341,0,27082,117,51762
609391,0,27082,117,51762
609483,0,27561,117,51762
609533,0,27561,337,51762
609583,0,27561,337,51762
609633,0,27561,337,51762
609683,0,27561,337,51762
609733,0,27561,337,51756
609783,0,27561,337,51756
609833,0,27561,337,51756
609883,0,27561,337,51756
609933,0,27561,195,51756
609983,0,27561,195,51756
610033,0,27561,195,51756
610169,0,27561,195,51763
610219,0,27561,195,51763
610269,0,25724,195,51763
610319,0,25724,194,51763
610369,0,25724,194,51763
610419,0,25724,194,51763
610469,0,26619,194,51763
610561,0,26619,194,51769
610611,0,26619,194,51769
610661,0,25724,194,51769
610711,0,25724,285,51769
610761,0,25724,285,51769
610811,0,25724,285,51769
610861,0,26619,285,51769
610911,0,26619,285,51750
610961,0,26619,285,51750
611011,0,26619,285,51750
611061,0,26619,285,51750
611111,0,26619,372,51750
611161,0,26619,372,51750
611296,0,26156,372,51750
611346,0,26156,372,51752
611396,0,26156,372,51752
611446,0,25724,372,51752
611496,0,25724,372,51752
611588,0,25724,371,51752
611638,0,25724,371,51752
611688,0,25724,371,51752
611738,0,25724,371,51758
611788,0,25724,371,51758
611838,0,25307,371,51758
611888,0,25307,371,51758
611938,0,25307,371,51758
611988,0,25307,371,51758
612038,0,26156,371,51758
612088,0,26156,371,51758
612138,0,26156,371,51764
612188,0,26156,371,51764
612238,0,25724,371,51764
612288,0,25724,371,51764
612424,0,26156,369,51764
612474,0,26156,369,51764
612524,0,26156,369,51769
612616,0,26156,369,51769
612666,0,25307,369,51769
612716,0,25307,369,51769
612766,0,25307,367,51769
612816,0,25307,367,51769
612866,0,24890,367,51769
612916,0,24890,367,51769
612966,0,24890,367,51774
613016,0,24890,367,51774
613066,0,25724,367,51774
613116,0,25724,367,51774
613166,0,25724,9112,51774
613216,0,25724,9112,51774
613266,0,25307,9112,51774
613316,0,25307,9112,51774
613366,0,25307,9112,49836
613416,0,25307,9112,49836
613551,0,25724,12824,49836
613643,0,24890,12824,49836
613693,0,24890,12824,49836
613743,0,24890,12824,49781
613793,0,24890,12824,49781
613843,0,25724,12824,49781
613893,0,25724,12824,49781
613943,0,25724,12977,49781
613993,0,25724,12977,49781
614043,0,25307,12977,49781
614093,0,25307,12977,49781
614143,0,25307,12977,49735
614193,0,25307,12977,49735
614243,0,26156,12977,49735
614293,0,26156,12977,49735
614343,0,26156,13174,49735
614393,0,26156,13174,49735
614443,0,26156,13174,49735
614535,0,26156,13174,49677
614585,0,26156,13174,49677
614720,0,26619,13174,49677
614770,0,26619,13297,49677
614820,0,26619,13297,49677
614870,0,26156,13297,49677
614920,0,26156,13297,49677
614970,0,26156,13297,49627
615020,0,26156,13297,49627
615070,0,26156,13297,49627
615120,0,26156,13297,49627
615170,0,26156,13420,49627
615220,0,26156,13420,49627
615270,0,26619,13420,49627
615320,0,26619,13420,49627
615370,0,26619,13420,49601
615420,0,26619,13420,49601
615512,0,26619,13420,49601
615562,0,26619,13593,49601
615612,0,26619,13593,49601
615662,0,27561,13593,49601
615712,0,27561,13593,49601
615849,0,28071,13593,49548
615899,0,28071,13593,49548
615949,0,28071,13774,49548
615999,0,28071,13774,49548
616049,0,27561,13774,49548
616099,0,27561,13774,49548
616149,0,27561,13774,49469
616199,0,27561,13774,49469
616249,0,28071,13774,49469
616299,0,28071,13774,49469
616349,0,28071,13991,49469
616399,0,28071,13991,49469
616449,0,27561,13991,49469
616541,0,27561,13991,49440
616591,0,27561,13991,49440
616641,0,27082,13991,49440
616691,0,27082,13991,49440
616741,0,27082,14106,49440
616791,0,27082,14106,49440
616841,0,27561,14106,49440
616976,0,27561,14106,49410
617026,0,28580,14106,49410
617076,0,28580,14106,49410
617126,0,28580,14106,49410
617176,0,28580,14270,49410
617226,0,28580,14270,49410
617276,0,28580,14270,49410
617326,0,28580,14270,49410
617376,0,28580,14270,49368
617426,0,29120,14270,49368
617518,0,29120,14270,49368
617568,0,29120,14482,49368
617618,0,29120,14482,49368
617668,0,29692,14482,49368
617718,0,29692,14482,49368
617768,0,29692,14482,49317
617818,0,29692,14482,49317
617868,0,29120,14482,49317
617918,0,29120,14482,49317
617968,0,29120,14691,49317
618104,0,29692,14691,49317
618154,0,29692,14691,49317
618204,0,29692,14691,49275
618254,0,30263,14691,49275
618304,0,30263,14691,49275
618354,0,30263,14691,49275
618404,0,30263,14879,49275
618496,0,30263,14879,49275
618546,0,30263,14879,49275
618596,0,30263,14879,49226
618646,0,30881,14879,49226
618696,0,30881,14879,49226
618746,0,30881,14879,49226
618796,0,30881,15053,49226
618846,0,30881,15053,49226
618896,0,30881,15053,49226
619032,0,30881,15053,49182
619082,0,30881,15053,49182
619132,0,30881,15053,49182
619182,0,30881,15232,49182
619232,0,31498,15232,49182
619282,0,31498,15232,49182
619332,0,31498,15232,49182
619382,0,31498,15232,49146
619474,0,30881,15232,49146
619524,0,30881,15232,49146
619574,0,30881,15398,49146
619624,0,31498,15398,49146
619674,0,31498,15398,49146
619724,0,31498,15398,49146
619774,0,31498,15398,49111
619824,0,31498,15398,49111
619874,0,31498,15398,49111
619924,0,31498,15398,49111
619974,0,31498,15542,49111
620024,0,32162,15542,49111
620160,0,32162,15542,49111
620210,0,32162,15542,49071
620260,0,32162,15542,49071
620310,0,32162,15542,49071
620360,0,32162,15542,49071
620452,0,32162,15689,49071
620502,0,32162,15689,49071
620552,0,32162,15689,49071
620602,0,32162,15689,49020
620652,0,32162,15689,49020
620702,0,32162,15689,49020
620752,0,32162,15689,49020
620802,0,32162,15875,49020
620852,0,32162,15875,49020
620902,0,32162,15875,49020
620952,0,32162,15875,49020
621002,0,32162,15875,48972
621052,0,32842,15875,48972
621102,0,32842,15875,48972
621152,0,32842,15875,48972
621288,0,32162,2392,48972
621338,0,32162,2392,48972
621430,0,32842,2392,51447
621480,0,32842,2392,51447
621530,0,32842,2392,51447
621580,0,32842,146,51447
621630,0,32842,146,51447
621680,0,32842,146,51447
621730,0,32842,146,51447
621780,0,32842,146,51488
621830,0,32162,146,51488
621880,0,32162,146,51488
621930,0,32162,146,51488
621980,0,32162,124,51488
622030,0,32842,124,51488
622080,0,32842,124,51488
622130,0,32842,124,51488
622180,0,32842,124,51518
622230,0,31498,124,51518
622280,0,31498,124,51518
622458,0,32162,121,51518
622508,0,32162,121,51518
622558,0,32162,121,51518
622608,0,32162,121,51542
622658,0,32162,121,51542
622708,0,32162,121,51542
622758,0,32162,121,51542
622808,0,32162,120,51542
622858,0,31498,120,51542
622908,0,31498,120,51542
622958,0,31498,120,51542
623008,0,31498,120,51563
623058,0,31498,120,51563
623108,0,31498,120,51563
623158,0,31498,120,51563
623208,0,31498,119,51563
623258,0,31498,119,51563
623308,0,31498,119,51563
623400,0,31498,119,51582
623450,0,30881,119,51582
623585,0,30881,119,51582
623635,0,31498,118,51582
623685,0,31498,118,51582
623735,0,31498,118,51582
623785,0,31498,118,51582
623835,0,30881,118,51599
623885,0,30881,118,51599
623935,0,30881,118,51599
623985,0,30881,118,51599
624035,0,30263,118,51599
624085,0,30263,118,51599
624135,0,30263,118,51599
624185,0,30263,118,51599
624235,0,30881,118,51614
624285,0,30881,118,51614
624335,0,30881,118,51614
624385,0,30881,118,51614
624477,0,30263,118,51614
624527,0,30263,118,51614
624577,0,30263,118,51614
624713,0,30263,118,51628
624763,0,30263,118,51628
624813,0,30263,118,51628
624863,0,30263,118,51628
624913,0,30263,118,51628
624963,0,30263,118,51628
625013,0,30263,118,51640
625063,0,29692,118,51640
625113,0,29692,118,51640
625163,0,29692,118,51640
625213,0,29692,118,51640
625263,0,29692,118,51640
625313,0,29692,118,51640
625363,0,29692,118,51640
625413,0,29692,118,51486
625505,0,30263,118,51486
625555,0,30263,118,51486
625605,0,30263,231,51486
625655,0,28580,231,51486
625705,0,28580,231,51486
625840,0,28071,231,51651
625890,0,28071,231,51651
625940,0,28071,231,51651
625990,0,28071,231,51651
626040,0,28071,194,51651
626090,0,28071,194,51651
626140,0,28071,194,51651
626190,0,28071,194,51651
626240,0,28071,194,51662
626290,0,28071,194,51662
626340,0,28071,194,51662
626390,0,28071,194,51662
626440,0,28071,194,51662
626532,0,28071,194,51662
626582,0,28071,194,51662
626632,0,27082,194,51656
626682,0,27082,194,51656
626732,0,27082,194,51656
626782,0,27082,194,51656
626832,0,28071,291,51656
626968,0,28071,291,51656
627018,0,28071,291,51653
627068,0,28071,291,51653
627118,0,28071,291,51653
627168,0,28071,291,51653
627218,0,28071,375,51653
627268,0,27561,375,51653
627318,0,27561,375,51653
627368,0,27561,375,51653
627418,0,27561,375,51663
627468,0,27561,375,51663
627560,0,27561,375,51663
627610,0,27561,375,51663
627660,0,27561,372,51663
627710,0,27561,372,51663
627760,0,27561,372,51663
627810,0,27561,372,51663
627860,0,27082,372,51671
627910,0,27082,372,51671
627960,0,27082,372,51671
628096,0,26156,368,51671
628146,0,26156,368,51671
628196,0,26156,368,51671
628246,0,26619,368,51680
628296,0,26619,368,51680
628346,0,26619,368,51680
628396,0,26619,368,51680
628446,0,26619,368,51680
628496,0,26619,368,51680
628546,0,26619,368,51680
628638,0,26619,368,51689
628688,0,26619,368,51689
628738,0,26619,368,51689
628788,0,26619,368,51689
628838,0,26619,369,51689
628888,0,26619,369,51689
628938,0,26619,369,51689
628988,0,26619,369,51689
629038,0,25724,369,51181
629088,0,25724,369,51181
629223,0,25724,12201,51181
629273,0,25724,12201,51181
629323,0,25724,12201,51181
629373,0,25724,12201,51181
629423,0,25724,12201,49698
629473,0,25724,12201,49698
629523,0,25724,12201,49698
629573,0,25724,12201,49698
629665,0,26156,13205,49698
629715,0,26156,13205,49698
629765,0,26156,13205,49698
629815,0,26156,13205,49698
629865,0,26619,13205,49662
629915,0,26619,13205,49662
629965,0,26619,13205,49662
630015,0,26619,13205,49662
630065,0,26619,13319,49662
630115,0,26619,13319,49662
630165,0,26619,13319,49662
630215,0,26619,13319,49662
630350,0,26619,13319,49614
630400,0,26619,13319,49614
630450,0,26156,13432,49614
630500,0,26156,13432,49614
630550,0,26156,13432,49614
630642,0,26156,13432,49552
630692,0,26156,13432,49552
630742,0,26156,13432,49552
630792,0,26156,13432,49552
630842,0,26156,13486,49552
630892,0,26156,13486,49552
630942,0,26156,13486,49552
630992,0,26156,13486,49552
631042,0,27082,13486,49552
631092,0,27082,13486,49534
631142,0,27082,13486,49534
631192,0,27082,13486,49534
631242,0,27561,13486,49534
631292,0,27561,13557,49534
631342,0,27561,13557,49534
631477,0,27561,13557,49511
631527,0,27561,13557,49511
631619,0,27561,13557,49511
631669,0,27561,13623,49511
631719,0,27561,13623,49511
631769,0,27561,13623,49511
631819,0,27561,13623,49511
631869,0,27561,13623,49474
631919,0,27561,13623,49474
631969,0,27561,13623,49474
632019,0,27561,13623,49474
632069,0,27561,13742,49474
632119,0,27561,13742,49474
632169,0,27561,13742,49474
632219,0,27561,13742,49474
632269,0,27082,13742,49441
632319,0,27082,13742,49441
632369,0,27082,13742,49441
632419,0,27082,13742,49441
632511,0,27561,13822,49441
632647,0,27561,13822,49441
632697,0,27561,13822,49404
632747,0,27561,13822,49404
632797,0,27561,13822,49404
632847,0,28580,13822,49404
632897,0,28580,13883,49404
632947,0,28580,13883,49404
632997,0,28580,13883,49404
633047,0,28580,13883,49404
633097,0,28580,13883,49393
633147,0,28580,13883,49393
633197,0,28580,13883,49393
633247,0,28580,13883,49393
633297,0,28580,13975,49393
633347,0,28580,13975,49393
633397,0,28580,13975,49393
633577,0,29120,13975,49359
633627,0,28580,13975,49359
633677,0,28580,14070,49359
633727,0,28580,14070,49359
633777,0,28580,14070,49359
633827,0,29120,14070,49359
633877,0,29120,14070,49331
633927,0,29120,14070,49331
633977,0,29120,14070,49331
634027,0,28580,14070,49331
634077,0,28580,14188,49331
634127,0,28580,14188,49331
634177,0,28580,14188,49331
634227,0,28580,14188,49331
634277,0,28580,14188,49290
634327,0,28580,14188,49290
634377,0,28580,14188,49290
634469,0,28071,14303,49290
634519,0,28071,14303,49290
634569,0,28071,14303,49290
634704,0,28580,14303,49257
634754,0,28580,14303,49257
634804,0,28580,14303,49257
634854,0,28580,14303,49257
634904,0,28580,14418,49257
634954,0,28580,14418,49257
635004,0,28580,14418,49257
635054,0,28580,14418,49257
635104,0,28580,14418,49231
635154,0,28580,14418,49231
635204,0,28580,14418,49231
635254,0,29120,14418,49231
635304,0,29120,14492,49231
635354,0,29120,14492,49231
635446,0,29692,14492,49231
635496,0,29692,14492,49216
635546,0,29692,14492,49216
635596,0,29692,14492,49216
635646,0,29120,14492,49216
635696,0,29120,14617,49216
635832,0,29692,14617,49216
635882,0,29692,14617,49169
635932,0,29692,14617,49169
635982,0,29692,14617,49169
636032,0,29692,14617,49169
636082,0,29692,14765,49169
636132,0,29692,14765,49169
636182,0,29692,14765,49169
636232,0,30263,14765,49169
636282,0,30263,14765,49136
636332,0,30263,14765,49136
636424,0,29692,14765,49136
636474,0,29692,14924,49136
636524,0,29692,14924,49136
636574,0,29692,14924,49136
636624,0,30263,14924,49136
636674,0,30263,14924,49104
636724,0,30263,14924,49104
636774,0,30263,14924,49104
636824,0,30881,14924,49104
636960,0,30881,15037,49104
637010,0,30881,15037,49104
637060,0,30881,15037,49104
637110,0,30881,15037,49072
637160,0,30881,15037,49072
637210,0,30881,15037,49072
637260,0,30263,15037,49072
637310,0,30263,15178,49072
637402,0,30263,15178,49072
637452,0,31498,15178,49072
637502,0,31498,15178,49046
637552,0,31498,15178,49046
637602,0,31498,15178,49046
637652,0,30263,15178,49046
637702,0,30263,15308,49046
637752,0,30263,15308,49046
637802,0,30263,15308,49046
637852,0,30263,15308,49046
637902,0,30263,15308,49010
637952,0,30263,15308,49010
638087,0,30263,15308,49010
638137,0,30263,15470,49010
638187,0,30263,15470,49010
638237,0,30881,15470,49010
638287,0,30881,15470,49010
638421,0,30881,15470,48968
638471,0,30263,15470,48968
638521,0,30263,15631,48968
638571,0,30263,15631,48968
638621,0,30263,15631,48968
638671,0,30263,15631,48968
638721,0,30263,15631,48946
638771,0,30263,15631,48946
638821,0,30263,15631,48946
638871,0,30881,15631,48946
638921,0,30881,15730,48946
638971,0,30881,15730,48946
639021,0,30881,15730,48946
639071,0,30881,15730,48946
639121,0,30881,15730,48922
639426,0,32162,15815,48922
639476,0,32162,15815,48922
639568,0,32162,15815,48900
639618,0,32162,15815,48900
639668,0,32162,15815,48900
639718,0,32162,15916,48900
639768,0,32162,15916,48900
639818,0,32162,15916,48900
639868,0,32162,15916,48900
639918,0,32162,15916,48846
639968,0,32162,15916,48846
640018,0,32162,15916,48846
640068,0,32842,15916,48846
640118,0,32842,16077,48846
640168,0,32842,16077,48846
640218,0,32842,16077,48846
640268,0,32162,16077,48846
640318,0,32162,16077,48806
640368,0,32162,16077,48806
640460,0,32162,16077,48806
640637,0,32842,16218,48806
640687,0,32842,16218,48806
640737,0,32842,16218,48784
640787,0,32842,16218,48784
640837,0,33552,16218,48784
640887,0,33552,16218,48784
640937,0,33552,16326,48784
640987,0,33552,16326,48784
641037,0,32842,16326,48784
641087,0,32842,16326,48784
641137,0,32842,16326,48753
641187,0,32842,16326,48753
641237,0,32842,16326,48753
641287,0,32842,16326,48753
641337,0,32842,16447,48753
641387,0,32842,16447,48753
641479,0,33552,16447,48753
641529,0,33552,16447,48706
641579,0,33552,16447,48706
641629,0,33552,16447,48706
641765,0,33552,16578,48706
641815,0,33552,16578,48706
641865,0,32842,16578,48706
641915,0,32842,16578,48698
641965,0,32842,16578,48698
642015,0,32842,16578,48698
642065,0,32842,16578,48698
642115,0,32842,16700,48698
642165,0,32842,16700,48698
642215,0,32842,16700,48698
642265,0,32842,16700,48698
642315,0,32842,16700,48678
642365,0,32842,16700,48678
642457,0,32842,16700,48678
642507,0,32842,16700,48678
642557,0,32842,16782,48678
642607,0,32842,16782,48678
642657,0,32842,16782,48678
642707,0,32842,16782,48678
642757,0,32842,16782,48655
642893,0,32842,16782,48655
642943,0,32842,16847,48655
642993,0,32842,16847,48655
643043,0,33135,16847,48655
643093,0,33429,16847,48655
643143,0,33722,16847,48621
643193,0,34016,16847,48621
643243,0,34309,16847,48621
643293,0,34309,16847,48621
643343,0,34309,16924,48621
643393,0,34309,16924,48621
643485,0,35081,16924,48621
643535,0,35081,16924,48593
643585,0,35081,16924,48593
643635,0,34309,16924,48593
643685,0,34309,16924,48593
643735,0,34309,17063,48593
643785,0,34309,17063,48593
643835,0,34309,17063,48593
643885,0,34309,17063,48593
644021,0,34309,17063,48563
644071,0,34309,17063,48563
644121,0,34309,17063,48563
644171,0,34309,17187,48563
644221,0,34309,17187,48563
644271,0,34309,17187,48563
644321,0,34309,17187,48563
644371,0,34309,17187,48555
644463,0,34309,17187,48555
644513,0,34309,17187,48555
644563,0,34309,17280,48555
644613,0,34309,17280,48555
644663,0,34309,17280,48555
644713,0,34309,17280,48555
644763,0,34309,17280,48533
644813,0,34309,17280,48533
644863,0,34492,17280,48533
644913,0,34675,17280,48533
644963,0,34857,17337,48533
645013,0,35040,17337,48533
645148,0,35533,17337,48483
645198,0,35716,17337,48483
645248,0,35899,17337,48483
645298,0,35899,17337,48483
645348,0,35899,17411,48483
645398,0,35899,17411,48483
645490,0,35899,17411,48483
645540,0,35899,17411,48490
645590,0,35899,17411,48490
645640,0,35899,17411,48490
645690,0,35899,17411,48490
645740,0,35899,17472,48490
645790,0,35899,17472,48490
645840,0,35081,17472,48490
645890,0,35081,17472,48490
645940,0,35081,17472,48463
645990,0,35081,17472,48463
646040,0,34309,17472,48463
646090,0,34309,17472,48463
646140,0,34309,17523,48463
646275,0,34309,17523,48463
646325,0,34309,17523,48463
646375,0,34309,17523,48445
646467,0,34309,17523,48445
646517,0,34309,17523,48445
646567,0,34309,17647,48445
646617,0,34309,17647,48445
646667,0,35081,17647,48445
646717,0,35081,17647,48445
646767,0,35081,17647,51108
646817,0,35081,17647,51108
646867,0,35899,17647,51108
646917,0,35899,17647,51108
646967,0,35899,311,51108
647017,0,35899,311,51108
647067,0,35899,311,51108
647117,0,35899,311,51108
647167,0,35899,311,51171
647217,0,35899,311,51171
647267,0,35081,311,51171
647402,0,35081,130,51171
647494,0,35899,130,51171
647544,0,35899,130,51171
647594,0,35899,130,51214
647644,0,34309,130,51214
647694,0,34309,130,51214
647744,0,34309,130,51214
647794,0,34309,123,51214
647844,0,34309,123,51214
647894,0,34309,123,51214
647944,0,34309,123,51214
647994,0,34309,123,51248
648044,0,33552,123,51248
648094,0,33552,123,51248
648144,0,33552,123,51248
648194,0,33552,122,51248
648330,0,33552,122,51248
648380,0,33552,122,51276
648430,0,33552,122,51276
648522,0,33552,122,51276
648572,0,33552,121,51276
648622,0,33552,121,51276
648672,0,34309,121,51276
648722,0,34309,121,51276
648772,0,34309,121,51302
648822,0,34309,121,51302
648872,0,34309,121,51302
648922,0,34309,121,51302
648972,0,34309,120,51302
649022,0,34309,120,51302
649072,0,34309,120,51302
649122,0,34309,120,51302
649172,0,34309,120,51324
649222,0,34309,120,51324
649272,0,33552,120,51324
649322,0,33552,120,51324
649457,0,33552,119,51324
649549,0,33552,119,51324
649599,0,33552,119,51345
649649,0,33552,119,51345
649699,0,33552,119,51345
649749,0,33552,119,51345
649799,0,33552,118,51345
649849,0,33552,118,51345
649899,0,33552,118,51345
649949,0,33552,118,51345
649999,0,33552,118,51364
650049,0,32162,118,51364
650099,0,32162,118,51364
650149,0,32162,118,51364
650199,0,32162,119,51364
650249,0,31498,119,51364
650299,0,31498,119,51364
650349,0,31498,119,51364
650399,0,31498,119,51382
650491,0,32162,119,51382
650628,0,32162,119,51382
650678,0,32162,119,51382
650728,0,32162,119,51382
650778,0,32162,119,51399
650828,0,32162,119,51399
650878,0,32162,119,51399
650928,0,32162,119,51399
650978,0,32162,118,51399
651028,0,31498,118,51399
651078,0,31498,118,51399
651128,0,31498,118,51399
651178,0,31498,118,51414
651228,0,30881,118,51414
651278,0,30881,118,51414
651328,0,30881,118,51414
651378,0,30881,119,51414
651428,0,31498,119,51414
651478,0,31498,119,51414
651570,0,31498,119,51414
651620,0,31498,119,51429
651755,0,31498,119,51429
651805,0,31498,118,51429
651855,0,30881,118,51429
651905,0,30881,118,51429
651955,0,30881,118,51429
652005,0,30881,118,51442
652055,0,31498,118,51442
652105,0,31498,118,51442
652155,0,31498,118,51442
652205,0,31498,118,51442
652255,0,30263,118,51442
652305,0,30263,118,51442
652355,0,30263,118,51442
652405,0,30263,118,51455
652455,0,30881,118,51455
652505,0,30881,118,51455
652597,0,30881,118,51455
652647,0,30263,118,51455
652697,0,30263,118,51455
652747,0,30263,118,51455
652883,0,30263,118,51468
652933,0,30263,118,51468
652983,0,30263,118,51468
653033,0,30263,118,51468
653083,0,30263,118,51468
653133,0,30263,118,51468
653183,0,30263,118,51468
653233,0,29692,118,51480
653283,0,29692,118,51480
653333,0,29692,118,51480
653383,0,29692,118,51480
653433,0,30263,118,51480
653483,0,30263,118,51480
653533,0,30263,118,51480
653625,0,29692,118,51492
653675,0,29692,118,51492
653725,0,29692,118,51492
653775,0,29692,118,51492
653825,0,29692,117,51492
653875,0,29692,117,51492
654010,0,29692,117,51503
654060,0,29120,117,51503
654110,0,29120,117,51503
654160,0,29120,117,51503
654210,0,29120,118,51503
654260,0,29120,118,51503
654310,0,29120,118,51503
654360,0,29120,118,51503
654410,0,29120,118,51514
654460,0,29692,118,51514
654510,0,29692,118,51514
654560,0,29692,118,51514
654610,0,29692,118,51514
654702,0,30263,118,51514
654752,0,30263,118,51514
654802,0,30263,118,51523
654852,0,29692,118,51523
654902,0,29692,118,51523
654952,0,29692,118,51523
655002,0,29692,118,51523
655137,0,29692,118,51523
655187,0,29692,118,51523
655237,0,29692,118,51533
655287,0,29692,118,51533
655337,0,29692,118,51533
655387,0,29692,118,51533
655437,0,29120,117,51533
655487,0,29120,117,51533
655537,0,29120,117,51533
655587,0,29120,117,51533
655637,0,29120,117,51543
655729,0,29120,117,51543
655779,0,29120,117,51543
655829,0,29120,497,51543
655879,0,29120,497,51543
655929,0,29120,497,51543
655979,0,29120,497,51543
656029,0,28071,497,51541
656079,0,28071,497,51541
656129,0,28071,497,51541
656264,0,28071,196,51541
656314,0,28071,196,51541
656364,0,28071,196,51541
656414,0,28071,196,51549
656464,0,27561,196,51549
656514,0,27561,196,51549
656564,0,27561,196,51549
656614,0,27561,195,51549
656664,0,27561,195,51549
656756,0,27561,195,51549
656806,0,27561,195,51549
656856,0,27561,195,51558
656906,0,27561,195,51558
656956,0,27561,195,51558
657006,0,27561,195,51558
657056,0,27082,270,51558
657106,0,27082,270,51558
657156,0,27082,270,51558
657206,0,27082,270,51558
657256,0,28071,270,51552
657391,0,28071,270,51552
657441,0,28071,382,51552
657491,0,28071,382,51552
657541,0,28071,382,51552
657591,0,28071,382,51552
657641,0,28071,382,51546
657691,0,28071,382,51546
657783,0,28071,382,51546
657833,0,27561,376,51546
657883,0,27561,376,51546
657933,0,27561,376,51546
657983,0,27561,376,51546
658033,0,27082,376,51554
658083,0,27082,376,51554
658133,0,27082,376,51554
658183,0,27082,376,51554
658233,0,26619,373,51554
658283,0,26619,373,51554
658333,0,26619,373,51554
658383,0,26619,373,51554
658519,0,26156,373,51562
658569,0,26156,373,51562
658619,0,26156,373,51562
658669,0,26619,368,51562
658719,0,26619,368,51562
658769,0,26619,368,51562
658861,0,27082,368,51570
658911,0,27082,368,51570
658961,0,27082,368,51570
659011,0,27082,368,51570
659061,0,27082,367,51570
659111,0,27082,367,51570
659161,0,27082,367,51570
659211,0,27082,367,51570
659261,0,26619,367,51577
659311,0,26619,367,51577
659361,0,26619,367,51577
659411,0,26619,367,51577
659461,0,26156,4452,51577
659511,0,26156,4452,51577
659647,0,26619,4452,49545
659697,0,26619,4452,49545
659747,0,26619,4452,49545
659797,0,26619,4452,49545
659889,0,26156,13619,49545
659939,0,26156,13619,49545
659989,0,26156,13619,49545
660039,0,27082,13619,49484
660089,0,27082,13619,49484
660139,0,27082,13619,49484
660189,0,27082,13619,49484
660239,0,27082,13747,49484
660289,0,27082,13747,49484
660339,0,27082,13747,49484
660389,0,27082,13747,49484
660439,0,27082,13747,49445
660489,0,27082,13747,49445
660539,0,27082,13747,49445
660589,0,27082,13747,49445
660639,0,27082,13891,49445
660774,0,27082,13891,49445
660866,0,27082,13891,49396
660916,0,27082,13891,49396
660966,0,27082,13891,49396
661016,0,27082,13891,49396
661066,0,26619,14054,49396
661116,0,26619,14054,49396
661166,0,26619,14054,49396
661216,0,26619,14054,49396
661266,0,27082,14054,49343
661316,0,27082,14054,49343
661366,0,27082,14054,49343
661416,0,27082,14054,49343
661466,0,27082,14188,49343
661516,0,27082,14188,49343
661566,0,27082,14188,49343
661616,0,27082,14188,49343
661666,0,27082,14188,49307
661758,0,27082,14188,49307
661808,0,27082,14188,49307
661943,0,28580,14294,49307
661993,0,28580,14294,49307
662043,0,28580,14294,49266
662093,0,28580,14294,49266
662143,0,28580,14294,49266
662193,0,28580,14294,49266
662243,0,28580,14294,49266
662293,0,28580,14351,49266
662343,0,28580,14351,49266
662393,0,28580,14351,49266
662443,0,28580,14351,49266
662493,0,28580,14351,49242
662543,0,28580,14351,49242
662593,0,28580,14351,49242
662643,0,29120,14351,49242
662735,0,29120,14453,49242
662870,0,28580,14453,49215
662920,0,28580,14453,49215
662970,0,28580,14453,49215
663020,0,28580,14453,49215
663070,0,28071,14507,49215
663120,0,28071,14507,49215
663170,0,28071,14507,49215
663220,0,28071,14507,49215
663270,0,28580,14507,49188
663320,0,28580,14507,49188
663370,0,28580,14507,49188
663420,0,28580,14507,49188
663470,0,29120,14609,49188
663520,0,29120,14609,49188
663570,0,29120,14609,49188
663620,0,29120,14609,49188
663712,0,28580,14609,49147
663762,0,28580,14609,49147
663812,0,28580,14609,49147
663862,0,28580,14609,49147
663998,0,28580,14712,49147
664048,0,29120,14712,49147
664098,0,29120,14712,49122
664148,0,29120,14712,49122
664198,0,29120,14712,49122
664248,0,28580,14712,49122
664298,0,28580,14831,49122
664348,0,28580,14831,49122
664398,0,28580,14831,49122
664448,0,30263,14831,49122
664498,0,30263,14831,49089
664548,0,30263,14831,49089
664598,0,30263,14831,49089
664690,0,30263,14996,49089
664740,0,30263,14996,49089
664790,0,30263,14996,49089
664840,0,30263,14996,49089
664890,0,30263,14996,49048
664940,0,30263,14996,49048
664990,0,30263,14996,49048
665125,0,30263,15132,49048
665175,0,30263,15132,49048
665225,0,30263,15132,49048
665275,0,30263,15132,49005
665325,0,30263,15132,49005
665375,0,30263,15132,49005
665425,0,30263,15132,49005
665475,0,30263,15251,49005
665525,0,30263,15251,49005
665575,0,30263,15251,49005
665667,0,30881,15251,49005
665717,0,30881,15251,48981
665767,0,30881,15251,48981
665817,0,30881,15251,48981
665867,0,30881,15251,48981
665917,0,30881,15383,48981
665967,0,30881,15383,48981
666017,0,30881,15383,48981
666067,0,31498,15383,48981
666117,0,31498,15383,48952
666253,0,30881,15383,48952
666303,0,30881,15459,48952
666353,0,30881,15459,48952
666403,0,30881,15459,48952
666453,0,31498,15459,48952
666503,0,31498,15459,48924
666553,0,31498,15459,48924
666645,0,31498,15459,48924
666695,0,31498,15580,48924
666745,0,31498,15580,48924
666795,0,31498,15580,48924
666845,0,31498,15580,48924
666895,0,31498,15580,48898
666945,0,31498,15580,48898
666995,0,31498,15580,48898
667045,0,31498,15580,48898
667095,0,31498,15650,48898
667145,0,31498,15650,48898
667195,0,31498,15650,48898
667245,0,31498,15650,48898
667380,0,31498,15650,48877
667430,0,32162,15650,48877
667480,0,32162,15650,48877
667530,0,32162,15728,48877
667622,0,32162,15728,48877
667672,0,32162,15728,48877
667722,0,32162,15728,48847
667772,0,32162,15728,48847
667822,0,32162,15728,48847
667872,0,32162,15728,48847
667922,0,32162,15799,48847
667972,0,32162,15799,48847
668022,0,32162,15799,48847
668072,0,32162,15799,48847
668122,0,32162,15799,48820
668172,0,32162,15799,48820
668222,0,32162,15799,48820
668272,0,32162,15799,48820
668322,0,32162,15897,48820
668372,0,32162,15897,48820
668509,0,32162,15897,48785
668601,0,32162,15897,48785
668651,0,32842,15897,48785
668701,0,32842,16037,48785
668751,0,32842,16037,48785
668801,0,32842,16037,48785
668851,0,32842,16037,48785
668901,0,32842,16037,48753
668951,0,32842,16037,48753
669001,0,32842,16037,48753
669051,0,32842,16037,48753
669101,0,32842,16136,48753
669151,0,32842,16136,48753
669201,0,32842,16136,48753
669251,0,32842,16136,48753
669301,0,32842,16136,48713
669351,0,32842,16136,48713
669401,0,32842,16136,48713
669493,0,32162,16266,48713
669543,0,32162,16266,48713
669678,0,32842,16266,48713
669728,0,32842,16266,48683
669778,0,32842,16266,48683
669828,0,32842,16266,48683
669878,0,32842,16266,48683
669928,0,32842,16371,48683
669978,0,32842,16371,48683
670028,0,32162,16371,48683
670078,0,32162,16371,48683
670128,0,32162,16371,48671
670178,0,32162,16371,48671
670228,0,32842,16371,48671
670278,0,32842,16371,48671
670328,0,32842,16443,48671
670378,0,32842,16443,48671
670428,0,32842,16443,48671
670562,0,32842,16443,48647
670612,0,32842,16443,48647
670662,0,32162,16443,48647
670712,0,32162,16548,48647
671017,0,33552,16548,48627
671067,0,33552,16548,48627
671117,0,33552,16645,48627
671167,0,33552,16645,48627
671217,0,33552,16645,48627
671267,0,34309,16645,48627
671317,0,34309,16645,48581
671367,0,34309,16645,48581
671417,0,34309,16645,48581
671467,0,35081,16645,48581
671517,0,35081,16734,48581
671567,0,35081,16734,48581
671617,0,35081,16734,48581
671709,0,34309,16734,48581
671759,0,34309,16734,48551
671809,0,34309,16734,48551
671859,0,33552,16734,48551
671909,0,33552,16734,48551
671959,0,33552,16868,48551
672009,0,33552,16868,48551
672186,0,33552,16868,48538
672236,0,33552,16868,48538
672286,0,33552,16868,48538
672336,0,33552,16971,48538
672386,0,33552,16971,48538
672436,0,34309,16971,48538
672486,0,34309,16971,48538
672536,0,34309,16971,48520
672586,0,34309,16971,48520
672636,0,34309,16971,48520
672728,0,34309,17052,48520
672778,0,34309,17052,48520
672828,0,34309,17052,48520
672878,0,34309,17052,48520
672928,0,34309,17052,48494
672978,0,34309,17052,48494
673028,0,35899,17052,48494
673078,0,35899,17052,48494
673128,0,35899,17177,48494
673178,0,35899,17177,48494
673314,0,35899,17177,48494
673364,0,35899,17177,48448
673414,0,35899,17177,48448
673464,0,35081,17177,48448
673514,0,35081,17177,48448
673564,0,35081,17286,48448
673614,0,35081,17286,48448
673706,0,35081,17286,48448
673756,0,35081,17286,48432
673806,0,35081,17286,48432
673856,0,34309,17286,48432
673906,0,34309,17286,48432
673956,0,34309,17339,48432
674006,0,34309,17339,48432
674056,0,35081,17339,48432
674106,0,35081,17339,48432
674156,0,35081,17339,48426
674206,0,35081,17339,48426
674256,0,35081,17339,48426
674306,0,35081,17339,48426
674442,0,35081,17363,48426
674492,0,35081,17363,48426
674542,0,35081,17363,48397
674592,0,35081,17363,48397
674684,0,35899,17363,48397
674734,0,35899,17480,48397
674784,0,35899,17480,48397
674834,0,35899,17480,48397
674884,0,35899,17480,48397
674934,0,35899,17480,48362
674984,0,35899,17480,48362
675034,0,35899,17480,48362
675084,0,35899,17480,48362
675134,0,35899,17590,48362
675184,0,35899,17590,48362
675234,0,35081,17590,48362
675284,0,35081,17590,48362
675334,0,35081,17590,51002
675384,0,35081,17590,51002
675434,0,35899,17590,51002
675570,0,35899,576,51002
675662,0,35081,576,51002
675712,0,35081,576,51002
675762,0,35081,576,51073
675812,0,35081,576,51073
675862,0,35081,576,51073
675912,0,35081,576,51073
675962,0,35081,133,51073
676012,0,35081,133,51073
676062,0,35899,133,51073
676112,0,35899,133,51073
676162,0,35899,133,51118
676212,0,35899,133,51118
676262,0,35081,133,51118
676312,0,35081,133,51118
676362,0,35081,124,51118
676412,0,35081,124,51118
676462,0,35081,124,51118
676512,0,35081,124,51118
676604,0,35081,124,51153
676740,0,35899,124,51153
676790,0,35899,121,51153
676840,0,34309,121,51153
676890,0,34309,121,51153
676940,0,34309,121,51153
676990,0,34309,121,51184
677040,0,33552,121,51184
677090,0,33552,121,51184
677140,0,33552,121,51184
677190,0,33552,121,51184
677240,0,33552,121,51184
677290,0,33552,121,51184
677340,0,33552,121,51184
677390,0,33552,121,51209
677440,0,33552,121,51209
677490,0,33552,121,51209
677626,0,33552,120,51209
677718,0,33552,120,51209
677768,0,33552,120,51232
677818,0,33552,120,51232
677868,0,35081,120,51232
677918,0,35081,120,51232
677968,0,35081,120,51232
678018,0,35081,120,51232
678068,0,34309,120,51232
678118,0,34309,120,51232
678168,0,34309,120,51253
678218,0,34309,120,51253
678268,0,34309,120,51253
678318,0,34309,120,51253
678368,0,34309,120,51253
678418,0,34309,120,51253
678468,0,33552,120,51253
678518,0,33552,120,51253
678568,0,33552,120,51272
678618,0,33552,120,51272
678796,0,33552,119,51272
678846,0,33552,119,51272
678896,0,33552,119,51272
678946,0,33552,119,51272
678996,0,33552,119,51289
679046,0,32162,119,51289
679096,0,32162,119,51289
679146,0,32162,119,51289
679196,0,32162,118,51289
679246,0,32842,118,51289
679296,0,32842,118,51289
679346,0,32842,118,51289
679396,0,32842,118,51305
679446,0,32842,118,51305
679496,0,32842,118,51305
679546,0,32842,118,51305
679596,0,32842,118,51305
679646,0,32162,118,51305
679738,0,32162,118,51305
679788,0,32162,118,51321
679924,0,32162,118,51321
679974,0,32162,117,51321
680024,0,31498,117,51321
680074,0,31498,117,51321
680124,0,31498,117,51321
680174,0,31498,117,51336
680224,0,31498,117,51336
680274,0,31498,117,51336
680324,0,31498,117,51336
680374,0,31498,119,51336
680424,0,31498,119,51336
680474,0,31498,119,51336
680524,0,31498,119,51336
680574,0,31498,119,51350
680624,0,31498,119,51350
680674,0,31498,119,51350
680766,0,31498,119,51350
680816,0,31498,117,51350
680866,0,30881,117,51350
680916,0,30881,117,51350
681051,0,30263,117,51363
681101,0,30263,117,51363
681151,0,30263,117,51363
681201,0,30263,117,51363
681251,0,30881,117,51363
681301,0,30881,117,51363
681351,0,30881,117,51363
681401,0,30881,117,51376
681451,0,30881,117,51376
681501,0,30881,117,51376
681551,0,30881,117,51376
681601,0,30881,117,51376
681651,0,30263,117,51376
681701,0,30263,117,51376
681751,0,30263,117,51376
681843,0,29692,117,51388
681893,0,29692,117,51388
681943,0,29692,117,51388
681993,0,29692,117,51388
682043,0,29692,117,51388
682179,0,29692,117,51400
682229,0,29692,117,51400
682279,0,29692,117,51400
682329,0,29692,117,51400
682379,0,29692,118,51400
682429,0,29120,118,51400
682479,0,29120,118,51400
682529,0,29120,118,51400
682579,0,29120,118,51410
682629,0,29692,118,51410
682679,0,29692,118,51410
682729,0,29692,118,51410
682779,0,29692,118,51410
682872,0,29692,117,51410
682922,0,29692,117,51410
682972,0,29692,117,51410
683022,0,29692,117,51421
683072,0,28580,117,51421
683122,0,28580,117,51421
683172,0,28580,117,51421
683308,0,29120,117,51421
683358,0,29120,117,51421
683408,0,29120,117,51432
683458,0,28580,117,51432
683508,0,28580,117,51432
683558,0,28580,117,51432
683608,0,28580,118,51432
683658,0,30263,118,51432
683708,0,30263,118,51432
683758,0,30263,118,51432
683808,0,30263,118,51430
683900,0,29692,118,51430
683950,0,29692,118,51430
684000,0,29692,199,51430
684050,0,29692,199,51430
684100,0,29692,199,51430
684150,0,29692,199,51430
684200,0,29692,199,51440
684250,0,29120,199,51440
684300,0,29120,199,51440
684435,0,29120,194,51440
684485,0,29120,194,51440
684535,0,29120,194,51440
684585,0,29120,194,51440
684635,0,29120,194,51449
684685,0,29120,194,51449
684735,0,29120,194,51449
684785,0,29120,194,51449
684835,0,29120,210,51449
684927,0,29120,210,51449
684977,0,29120,210,51449
685027,0,28071,210,51443
685077,0,28071,210,51443
685127,0,28071,210,51443
685177,0,28071,210,51443
685227,0,27561,348,51443
685277,0,27561,348,51443
685327,0,27561,348,51443
685377,0,27561,348,51443
685427,0,27561,348,51438
685564,0,27561,348,51438
685614,0,27561,376,51438
685664,0,27561,376,51438
685714,0,27561,376,51438
685764,0,27561,376,51438
685814,0,27561,376,51446
685864,0,27082,376,51446
685914,0,27082,376,51446
686006,0,27082,376,51446
686056,0,28071,371,51446
686106,0,28071,371,51446
686156,0,28071,371,51446
686206,0,28071,371,51446
686256,0,28071,371,51456
686306,0,28071,371,51456
686356,0,28071,371,51456
686406,0,28071,371,51456
686456,0,28071,367,51456
686506,0,28071,367,51456
686556,0,28071,367,51456
686691,0,28071,367,51463
686741,0,28071,367,51463
686791,0,28071,367,51463
686841,0,26619,367,51463
686891,0,26619,367,51463
686941,0,26619,367,51463
687033,0,27082,367,51471
687083,0,27082,367,51471
687133,0,27082,367,51471
687183,0,27082,367,51471
687233,0,27082,976,51471
687283,0,27082,976,51471
687333,0,27082,976,51471
687383,0,27082,976,51471
687433,0,26619,976,49349
687483,0,26619,976,49349
687533,0,26619,976,49349
687583,0,26619,976,49349
687633,0,28071,13998,49349
687683,0,28071,13998,49349
687818,0,28071,13998,49321
687868,0,28071,13998,49321
687918,0,28071,13998,49321
687968,0,28071,13998,49321
688060,0,28580,14282,49321
688110,0,28580,14282,49321
688160,0,28580,14282,49321
688210,0,28580,14282,49321
688260,0,29120,14282,49265
688310,0,29120,14282,49265
688360,0,29120,14282,49265
688410,0,29120,14282,49265
688460,0,29120,14477,49265
688510,0,29120,14477,49265
688560,0,29120,14477,49265
688610,0,29120,14477,49265
688660,0,29120,14477,49209
688710,0,29120,14477,49209
688760,0,29120,14477,49209
688810,0,29120,14477,49209
688946,0,28580,14638,49209
689038,0,28580,14638,49153
689088,0,28580,14638,49153
689138,0,28580,14638,49153
689188,0,28580,14638,49153
689238,0,28580,14810,49153
689288,0,28580,14810,49153
689338,0,28580,14810,49153
689388,0,28580,14810,49153
689438,0,28580,14810,49110
689488,0,28580,14810,49110
689538,0,28580,14810,49110
689588,0,28580,14810,49110
689638,0,29120,14917,49110
689688,0,29120,14917,49110
689738,0,29120,14917,49110
689788,0,29120,14917,49110
689838,0,29692,14917,49076
689930,0,29692,14917,49076
689980,0,29692,14917,49076
690116,0,29120,15074,49076
690166,0,29120,15074,49076
690216,0,29120,15074,49076
690266,0,29692,15074,49022
690316,0,29692,15074,49022
690366,0,29692,15074,49022
690416,0,29692,15074,49022
690466,0,30263,15252,49022
690516,0,30263,15252,49022
690566,0,30263,15252,49022
690616,0,30263,15252,49022
690666,0,29692,15252,48989
690716,0,29692,15252,48989
690766,0,29692,15252,48989
690816,0,29692,15252,48989
690908,0,30263,15395,48989
690958,0,30263,15395,48989
691008,0,30263,15395,48989
691058,0,30263,15395,48949
691108,0,30263,15395,48949
691243,0,30263,15395,48949
691293,0,30263,15525,48949
691343,0,30263,15525,48949
691393,0,30263,15525,48949
691443,0,30881,15525,48949
691493,0,30881,15525,48910
691543,0,30881,15525,48910
691593,0,30881,15525,48910
691643,0,30881,15525,48910
691693,0,30881,15661,48910
691743,0,30881,15661,48910
691793,0,30881,15661,48910
691885,0,30881,15661,48867
691935,0,30881,15661,48867
691985,0,30881,15661,48867
692035,0,30881,15661,48867
692170,0,30881,15778,48867
692220,0,30881,15778,48867
692270,0,30881,15778,48824
692320,0,30881,15778,48824
692370,0,30881,15778,48824
692420,0,30881,15778,48824
692470,0,31498,15948,48824
692520,0,31498,15948,48824
692570,0,31498,15948,48824
692620,0,31498,15948,48824
692670,0,31498,15948,48788
692720,0,31498,15948,48788
692770,0,31498,15948,48788
692862,0,31498,16061,48788
692912,0,31498,16061,48788
692962,0,31498,16061,48788
693012,0,31498,16061,48788
693062,0,32162,16061,48752
693112,0,32162,16061,48752
693162,0,32162,16061,48752
693298,0,32162,16179,48752
693348,0,32162,16179,48752
693398,0,32162,16179,48752
693448,0,32162,16179,48752
693498,0,32162,16179,48727
693548,0,32162,16179,48727
693598,0,32162,16179,48727
693648,0,32162,16179,48727
693698,0,32162,16298,48727
693748,0,32162,16298,48727
693840,0,31498,16298,48727
693890,0,31498,16298,48691
693940,0,31498,16298,48691
693990,0,31498,16298,48691
694040,0,33552,16298,48691
694090,0,33552,16409,48691
694140,0,33552,16409,48691
694190,0,33552,16409,48691
694240,0,32842,16409,48691
694290,0,32842,16409,48654
694425,0,32842,16409,48654
694475,0,32842,16560,48654
694525,0,32842,16560,48654
694575,0,32842,16560,48654
694625,0,34309,16560,48654
694675,0,34309,16560,48610
694725,0,34309,16560,48610
694817,0,34309,16560,48610
694867,0,34309,16723,48610
694917,0,34309,16723,48610
694967,0,34309,16723,48610
695017,0,34309,16723,48610
695067,0,33552,16723,48585
695117,0,33552,16723,48585
695167,0,33552,16723,48585
695217,0,33552,16723,48585
695267,0,33552,16831,48585
695317,0,33552,16831,48585
695367,0,33552,16831,48585
695417,0,33552,16831,48585
695552,0,33552,16831,48558
695602,0,33552,16831,48558
695652,0,33552,16831,48558
695702,0,33552,16918,48558
695794,0,33552,16918,48558
695844,0,33552,16918,48558
695894,0,33552,16918,48527
695944,0,33552,16918,48527
695994,0,33552,16918,48527
696044,0,33552,16918,48527
696094,0,33552,17042,48527
696144,0,33552,17042,48527
696194,0,33552,17042,48527
696244,0,34309,17042,48527
696294,0,34309,17042,48485
696344,0,34309,17042,48485
696394,0,34309,17042,48485
696444,0,35081,17042,48485
696494,0,35081,17175,48485
696544,0,35081,17175,48485
696680,0,34309,17175,48485
696730,0,34309,17175,48444
696822,0,34309,17175,48444
696872,0,35081,17175,48444
696922,0,35081,17338,48444
696972,0,35081,17338,48444
697022,0,35081,17338,48444
697072,0,35899,17338,48444
697122,0,35899,17338,51015
697172,0,35899,17338,51015
697222,0,35899,17338,51015
697272,0,34309,17338,51015
697322,0,34309,869,51015
697372,0,34309,869,51015
697422,0,34309,869,51015
697472,0,34309,869,51015
697522,0,34309,869,51092
697572,0,34309,869,51092
697622,0,34309,869,51092
697714,0,34309,136,51092
697850,0,33552,136,51092
697900,0,33552,136,51135
697950,0,33552,136,51135
698000,0,33552,136,51135
698050,0,33552,136,51135
698100,0,33552,125,51135
698150,0,33552,125,51135
698200,0,33552,125,51135
698250,0,35081,125,51135
698300,0,35081,125,51168
698350,0,35081,125,51168
698400,0,35081,125,51168
698450,0,35081,125,51168
698500,0,35081,122,51168
698550,0,35081,122,51168
698600,0,35081,122,51168
698650,0,34309,122,51168
698742,0,34309,122,51196
698792,0,34309,122,51196
698842,0,34309,122,51196
698978,0,34309,122,51196
699028,0,34309,122,51196
699078,0,34309,122,51196
699128,0,34309,122,51219
699178,0,34309,122,51219
699228,0,33552,122,51219
699278,0,33552,122,51219
699328,0,33552,120,51219
699378,0,33552,120,51219
699428,0,32842,120,51219
699478,0,32842,120,51219
699528,0,32842,120,51241
699578,0,32842,120,51241
699628,0,32842,120,51241
699678,0,32842,120,51241
699728,0,32842,119,51241
699820,0,32842,119,51241
699870,0,32842,119,51241
699920,0,32842,119,51260
699970,0,32842,119,51260
700105,0,32842,120,51260
700155,0,32842,120,51260
700205,0,32842,120,51260
700255,0,32162,120,51260
700305,0,32162,120,51277
700355,0,32162,120,51277
700405,0,32162,120,51277
700455,0,32162,120,51277
700505,0,32162,120,51277
700555,0,32162,120,51277
700605,0,32162,120,51277
700655,0,32162,120,51277
700705,0,32162,120,51294
700755,0,32162,120,51294
700847,0,32842,120,51294
700897,0,32842,120,51294
700947,0,32842,119,51294
700997,0,32842,119,51294
701047,0,32842,119,51294
701097,0,32842,119,51294
701232,0,32842,119,51309
701282,0,32842,119,51309
701332,0,32842,118,51309
701382,0,32842,118,51309
701432,0,32842,118,51309
701482,0,32842,118,51309
701532,0,32842,118,51323
701582,0,32842,118,51323
701632,0,32162,118,51323
701682,0,32162,118,51323
701732,0,32162,118,51323
701782,0,32162,118,51323
701874,0,32842,118,51323
701924,0,32842,118,51336
701974,0,32842,118,51336
702024,0,32842,118,51336
702074,0,32842,118,51336
702124,0,32842,117,51336
702174,0,32842,117,51336
702224,0,32842,117,51336
702359,0,32842,117,51349
702409,0,32842,117,51349
702459,0,32842,117,51349
702509,0,32842,117,51349
702559,0,32842,119,51349
702609,0,32842,119,51349
702659,0,32842,119,51349
702709,0,32842,119,51349
702759,0,32842,119,51361
702809,0,32842,119,51361
702943,0,32842,119,51361
702993,0,32842,119,51361
703043,0,32162,119,51361
703093,0,32162,119,51361
703143,0,32162,119,51372
703193,0,32162,119,51372
703243,0,32162,119,51372
703293,0,32162,119,51372
703343,0,32162,118,51372
703393,0,32162,118,51372
703700,0,30881,118,51384
703750,0,30881,117,51384
703800,0,30881,117,51384
703850,0,30881,117,51384
703900,0,30881,117,51384
703950,0,30881,117,51395
704000,0,30881,117,51395
704050,0,30881,117,51395
704100,0,30881,117,51395
704192,0,30881,118,51395
704242,0,30881,118,51395
704292,0,30881,118,51395
704342,0,30881,118,51405
704392,0,30881,118,51405
704442,0,30881,118,51405
704492,0,30881,118,51405
704542,0,30881,118,51405
704592,0,30881,118,51405
704642,0,30263,118,51405
704692,0,30263,118,51405
704869,0,30881,118,51415
704919,0,30881,118,51415
704969,0,30881,118,51415
705019,0,30881,118,51415
705069,0,30881,118,51415
705119,0,30881,118,51415
705169,0,30881,118,51424
705261,0,30881,118,51424
705311,0,30881,118,51424
705361,0,30881,117,51424
705411,0,30881,117,51424
705461,0,30881,117,51424
705511,0,30881,117,51424
705561,0,30881,117,51433
705611,0,30881,117,51433
705661,0,30881,117,51433
705711,0,30881,117,51433
705761,0,30881,118,51433
705811,0,30881,118,51433
705861,0,30263,118,51433
705997,0,30263,118,51442
706047,0,30263,118,51442
706097,0,30263,118,51442
706147,0,30263,117,51442
706197,0,30263,117,51442
706289,0,30263,117,51442
706339,0,30263,117,51442
706389,0,30263,117,51451
706439,0,30263,117,51451
706489,0,30263,117,51451
706539,0,30263,117,51451
706589,0,30263,118,51451
706639,0,30263,118,51451
706689,0,30263,118,51451
706739,0,30263,118,51451
706789,0,30263,118,51460
706925,0,30263,118,51460
706975,0,30263,118,51460
707025,0,30149,118,51460
707075,0,30035,118,51460
707125,0,29920,118,51460
707175,0,29806,118,51467
707225,0,29692,118,51467
707275,0,29692,118,51467
707367,0,29692,117,51467
707417,0,29692,117,51467
707467,0,30881,117,51467
707517,0,30881,117,51467
707567,0,30881,117,51475
707617,0,30881,117,51475
707667,0,30881,117,51475
707717,0,30881,117,51475
707767,0,30881,117,51475
707817,0,30881,117,51475
707867,0,31498,117,51475
707917,0,31498,117,51475
708053,0,30263,117,51482
708103,0,30263,117,51482
708153,0,30263,118,51482
708203,0,30263,118,51482
708253,0,30881,118,51482
708303,0,30881,118,51482
708395,0,30881,118,51490
708445,0,30263,118,51490
708495,0,30263,118,51490
708545,0,30263,118,51490
708595,0,30263,118,51490
708645,0,29692,118,51490
708695,0,29692,118,51490
708745,0,29692,118,51490
708795,0,29692,118,51497
708845,0,30263,118,51497
708895,0,30263,118,51497
708945,0,30263,118,51497
708995,0,30263,118,51497
709045,0,30263,118,51497
709180,0,30263,118,51504
709230,0,29692,118,51504
709280,0,29692,118,51504
709330,0,29692,118,51504
709380,0,29692,118,51504
709472,0,30263,118,51504
709522,0,30263,118,51504
709572,0,30263,118,51511
709622,0,30263,118,51511
709672,0,30263,118,51511
709722,0,30263,118,51511
709772,0,30263,118,51511
709822,0,30263,118,51511
709872,0,30263,118,51511
709922,0,30263,118,51511
709972,0,30263,118,51517
710022,0,30263,118,51517
710072,0,30263,118,51517
710122,0,30263,118,51517
710172,0,30263,118,51517
710308,0,29120,117,51517
710358,0,29120,117,51517
710408,0,29120,117,51525
710500,0,29120,117,51525
710550,0,29120,117,51525
710600,0,29120,117,51525
710650,0,28580,117,51525
710700,0,28580,117,51525
710750,0,28580,117,51525
710800,0,28580,117,51531
710850,0,28580,117,51531
710900,0,28580,117,51531
710950,0,28580,117,51531
711000,0,28580,118,51531
711050,0,29120,118,51531
711100,0,29120,118,51531
711150,0,29120,118,51531
711200,0,29120,118,51537
711250,0,28071,118,51537
711300,0,28071,118,51537
711435,0,28580,116,51537
711527,0,28580,116,51537
711577,0,28580,116,51537
711627,0,29692,116,51543
711677,0,29692,116,51543
711727,0,29692,116,51543
711777,0,29692,116,51543
711827,0,29120,117,51543
711877,0,29120,117,51543
711927,0,29120,117,51543
711977,0,29120,117,51543
712027,0,29120,117,51550
712077,0,29120,117,51550
712127,0,29120,117,51550
712177,0,29120,117,51550
712227,0,29120,117,51550
712277,0,29120,117,51550
712327,0,29120,117,51550
712377,0,29120,117,51550
712427,0,29120,117,51556
712605,0,29120,117,51556
712655,0,29120,117,51556
712705,0,29120,117,51556
712755,0,29120,117,51556
712805,0,29120,117,51561
712855,0,28580,117,51561
712905,0,28580,117,51561
712955,0,28580,117,51561
713005,0,28580,118,51561
713055,0,28071,118,51561
713105,0,28071,118,51561
713155,0,28071,118,51561
713205,0,28071,118,51567
713255,0,27561,118,51567
713305,0,27561,118,51567
713355,0,27561,118,51567
713405,0,27561,117,51567
713455,0,28071,117,51567
713547,0,28071,117,51567
713597,0,28071,117,51572
713733,0,27561,117,51572
713783,0,27561,117,51572
713833,0,27082,117,51572
713883,0,27082,117,51572
713933,0,27082,117,51572
713983,0,27082,117,51572
714033,0,28580,117,51577
714083,0,28580,117,51577
714133,0,28580,117,51577
714183,0,28580,117,51577
714233,0,28071,117,51577
714283,0,28071,117,51577
714333,0,28071,117,51577
714383,0,28071,117,51577
714433,0,28580,117,51583
714483,0,28580,117,51583
714575,0,28580,117,51583
714625,0,28071,116,51583
714675,0,28071,116,51583
714725,0,28071,116,51583
714861,0,27561,116,51588
714911,0,27561,116,51588
714961,0,27561,116,51588
715011,0,27561,117,51588
715061,0,27561,117,51588
715111,0,27561,117,51588
715161,0,27561,117,51588
715211,0,27561,117,51593
715261,0,27082,117,51593
715311,0,27082,117,51593
715361,0,27082,117,51593
715411,0,27082,117,51593
715461,0,26619,117,51593
715511,0,26619,117,51593
715603,0,26619,117,51598
715653,0,26619,117,51598
715703,0,26619,117,51598
715753,0,26619,117,51598
715803,0,26619,117,51598
715853,0,27082,117,51598
715988,0,27082,117,51598
716038,0,27082,117,51602
716088,0,27082,117,51602
716138,0,27082,117,51602
716188,0,27082,117,51602
716238,0,27082,118,51602
716288,0,27082,118,51602
716338,0,27082,118,51602
716388,0,27082,118,51602
716438,0,27082,118,51607
716488,0,27082,118,51607
716538,0,27082,118,51607
716588,0,27082,118,51607
716680,0,26619,117,51607
716730,0,26619,117,51607
716780,0,26619,117,51607
716830,0,26619,117,51613
716880,0,26619,117,51613
716930,0,26619,117,51613
716980,0,26619,117,51613
717116,0,26619,117,51613
717166,0,26619,117,51613
717216,0,26619,117,51613
717266,0,27082,117,51617
717316,0,27082,117,51617
717366,0,27082,117,51617
717416,0,27082,117,51617
717466,0,27082,118,51617
717516,0,27082,118,51617
717566,0,27082,118,51617
717616,0,27082,118,51617
717708,0,26619,118,51621
717758,0,26619,118,51621
717808,0,26619,118,51621
717858,0,27082,118,51621
717908,0,27082,118,51621
717958,0,27082,118,51621
718008,0,27082,118,51621
718058,0,25724,118,51626
718108,0,25724,118,51626
718243,0,26156,117,51626
718293,0,26156,117,51626
718343,0,26156,117,51626
718393,0,26156,117,51626
718443,0,26156,117,51630
718493,0,26156,117,51630
718543,0,26156,117,51630
718593,0,26156,117,51630
718643,0,26619,117,51630
718735,0,26619,117,51630
718785,0,26619,117,51630
718835,0,26619,117,51635
718885,0,26619,117,51635
718935,0,26619,117,51635
718985,0,26619,117,51635
719035,0,26619,116,51635
719085,0,26619,116,51635
719135,0,26619,116,51635
719185,0,26619,116,51635
719235,0,25724,116,51639
719370,0,25724,116,51639
719420,0,25724,116,51639
719470,0,25724,118,51639
719520,0,25724,118,51639
719570,0,25724,118,51639
719620,0,25724,118,51639
719670,0,25307,118,51643
719720,0,25307,118,51643
719812,0,25307,118,51643
719862,0,26156,117,51643
719912,0,26156,117,51643
719962,0,26156,117,51643
720012,0,26156,117,51643
720062,0,26156,117,51648
720112,0,26156,117,51648
720162,0,26156,117,51648
720212,0,26156,117,51648
720262,0,26156,116,51648
720312,0,26156,116,51648
720362,0,26156,116,51648
720497,0,25307,116,51652
720547,0,25307,116,51652
720597,0,25307,116,51652
720647,0,25307,117,51652
720697,0,25307,117,51652
720747,0,25307,117,51652
720841,0,25307,117,51655
720891,0,25307,117,51655
720941,0,25307,117,51655
720991,0,25307,117,51655
721041,0,25724,117,51655
721091,0,25724,117,51655
721141,0,25724,117,51655
721191,0,25724,117,51655
721241,0,25724,117,51659
721291,0,25724,117,51659
721427,0,25724,117,51659
721477,0,25724,117,51659
721527,0,25724,117,51659
721577,0,25724,117,51659
721627,0,24890,117,51659
721677,0,24890,117,51664
721727,0,24890,117,51664
721777,0,24890,117,51664
721869,0,24504,116,51664
721919,0,24504,116,51664
721969,0,24504,116,51664
722019,0,24504,116,51664
722069,0,24890,116,51667
722119,0,24890,116,51667
722169,0,24890,116,51667
722219,0,24890,116,51667
722269,0,25307,116,51667
722319,0,25307,116,51667
722369,0,25307,116,51667
722419,0,25307,116,51667
722555,0,25307,116,51671
722605,0,25307,116,51671
722655,0,24504,117,51671
722705,0,24504,117,51671
722755,0,24504,117,51671
722805,0,24504,117,51671
722897,0,24118,117,51674
722947,0,24118,117,51674
722997,0,24118,117,51674
723047,0,25307,117,51674
723097,0,25307,117,51674
723147,0,25307,117,51674
723197,0,25307,117,51674
723247,0,25307,117,51674
723297,0,25307,117,51678
723347,0,25307,117,51678
723397,0,25307,117,51678
723447,0,25307,117,51678
723497,0,25307,117,51678
723547,0,25307,117,51678
723683,0,24118,117,51681
723733,0,24118,117,51681
723783,0,24118,117,51681
723833,0,24118,117,51681
723883,0,24118,117,51681
723975,0,24118,117,51681
724025,0,24890,117,51681
724075,0,24890,117,51685
724125,0,24890,117,51685
724175,0,24890,117,51685
724225,0,24504,117,51685
724275,0,24504,116,51685
724325,0,24504,116,51685
724375,0,24504,116,51685
724425,0,23747,116,51685
724475,0,23747,116,51688
724525,0,23747,116,51688
724575,0,23747,116,51688
724625,0,23747,116,51688
724675,0,23747,117,51688
724811,0,23747,117,51688
724861,0,23747,117,51688
724911,0,23747,117,51692
725003,0,23747,117,51692
725053,0,24118,117,51692
725103,0,24118,117,51692
725153,0,24118,117,51692
725203,0,24118,117,51692
725253,0,24118,117,51692
725303,0,24118,117,51695
725353,0,24118,117,51695
725403,0,24118,117,51695
725453,0,23747,117,51695
725503,0,23747,117,51695
725553,0,23747,117,51695
725603,0,23747,117,51695
725653,0,23747,117,51695
725703,0,23747,117,51699
725753,0,23747,117,51699
725803,0,23747,117,51699
725938,0,24118,118,51699
726030,0,24118,118,51699
726080,0,24118,118,51701
726130,0,24118,118,51701
726180,0,24118,118,51701
726230,0,23392,118,51701
726280,0,23392,116,51701
726330,0,23392,116,51701
726380,0,23392,116,51701
726430,0,23037,116,51701
726480,0,23037,116,51705
726530,0,23037,116,51705
726580,0,23037,116,51705
726630,0,24118,116,51705
726680,0,24118,118,51705
726730,0,24118,118,51705
726780,0,24118,118,51705
726830,0,23747,118,51705
726880,0,23747,118,51709
726930,0,23747,118,51709
727108,0,23037,116,51709
727158,0,23037,116,51709
727208,0,23037,116,51709
727258,0,23037,116,51709
727308,0,23037,116,51711
727358,0,23037,116,51711
727408,0,23037,116,51711
727458,0,23392,116,51711
727508,0,23392,117,51711
727558,0,23392,117,51711
727608,0,23392,117,51711
727658,0,23037,117,51711
727708,0,23037,117,51715
727758,0,23037,117,51715
727808,0,23037,117,51715
727858,0,22697,117,51715
727908,0,22697,117,51715
727958,0,22697,117,51715
728050,0,22697,117,51715
728100,0,22697,117,51718
728235,0,23392,117,51718
728285,0,23392,117,51718
728335,0,23392,117,51718
728385,0,23392,117,51718
728435,0,23747,117,51718
728485,0,23747,117,51718
728535,0,23747,117,51721
728585,0,23747,117,51721
728635,0,22373,117,51721
728685,0,22373,117,51721
728735,0,22373,117,51721
728785,0,22373,117,51721
728835,0,22697,117,51721
728885,0,22697,117,51721
728935,0,22697,117,51723
728985,0,22697,117,51723
729077,0,23037,117,51723
729127,0,23037,117,51723
729177,0,23037,117,51723
729227,0,23037,117,51723
729362,0,23037,117,51727
729412,0,23037,117,51727
729462,0,22373,117,51727
729512,0,22373,117,51727
729562,0,22373,117,51727
729612,0,22373,117,51727
729662,0,22373,117,51727
729712,0,22373,117,51730
729762,0,22373,117,51730
729812,0,22373,117,51730
729862,0,22373,117,51730
729912,0,22373,117,51730
729962,0,22373,117,51730
730012,0,22373,117,51730
730104,0,22049,117,51730
730154,0,22049,117,51732
730204,0,22049,117,51732
730254,0,21740,117,51732
730304,0,21740,117,51732
730354,0,21740,116,51732
730490,0,22373,116,51732
730540,0,22373,116,51735
730590,0,22373,116,51735
730640,0,22373,116,51735
730690,0,22373,116,51735
730740,0,22373,116,51735
730790,0,22373,116,51735
730840,0,21740,116,51735
730890,0,21740,116,51735
730940,0,21740,116,51738
730990,0,21740,116,51738
731040,0,21431,116,51738
731090,0,21431,116,51738
731182,0,21431,116,51738
731232,0,22373,116,51738
731282,0,22373,116,51738
731332,0,22373,116,51741
731382,0,22373,116,51741
731432,0,21740,116,51741
731482,0,21740,116,51741
731618,0,21740,116,51741
731668,0,21431,116,51741
731718,0,21431,116,51744
731768,0,21431,116,51744
731818,0,21431,116,51744
731868,0,21740,116,51744
731918,0,21740,117,51744
731968,0,21740,117,51744
732018,0,21740,117,51744
732068,0,21740,117,51744
732118,0,21740,117,51746
732210,0,21740,117,51746
732260,0,21431,117,51746
732310,0,21431,117,51746
732360,0,21431,117,51746
732410,0,21431,117,51746
732460,0,21431,117,51746
732510,0,21431,117,51746
732560,0,21431,117,51749
732610,0,21431,117,51749
732745,0,22049,117,51749
732795,0,22049,117,51749
732845,0,21138,117,51749
732895,0,21138,117,51749
732945,0,21138,117,51752
732995,0,21138,117,51752
733045,0,21431,117,51752
733095,0,21431,117,51752
733145,0,21431,118,51752
733237,0,21740,118,51752
733287,0,21740,118,51752
733337,0,21740,118,51755
733387,0,21740,118,51755
733437,0,21138,118,51755
733487,0,21138,118,51755
733537,0,21138,117,51755
733587,0,21138,117,51755
733637,0,21138,117,51755
733687,0,21138,117,51755
733737,0,21138,117,51758
733873,0,21431,117,51758
733923,0,21431,117,51758
733973,0,21431,116,51758
734023,0,21431,116,51758
734073,0,20860,116,51758
734123,0,20860,116,51758
734173,0,20860,116,51759
734223,0,20860,116,51759
734315,0,20860,116,51759
734365,0,20860,117,51759
734415,0,20860,117,51759
734465,0,21138,117,51759
734515,0,21138,117,51759
734565,0,21138,117,51763
734615,0,21138,117,51763
734665,0,20582,117,51763
734715,0,20582,117,51763
734765,0,20582,117,51763
734815,0,20582,117,51763
734865,0,20582,117,51763
735001,0,20582,117,51765
735051,0,21138,117,51765
735101,0,21138,117,51765
735151,0,21138,117,51765
735201,0,21138,117,51765
735251,0,20582,117,51765
735343,0,20582,117,51768
735393,0,20582,117,51768
735443,0,20304,117,51768
735493,0,20304,117,51768
735543,0,20304,116,51768
735593,0,20304,116,51768
735643,0,21138,116,51768
735693,0,21138,116,51768
735743,0,21138,116,51770
735793,0,21138,116,51770
735928,0,20582,116,51770
735978,0,20582,116,51770
736028,0,20860,116,51770
736078,0,20860,116,51770
736128,0,20860,116,51770
736178,0,20860,116,51773
736228,0,21138,116,51773
736278,0,21138,116,51773
736412,0,21138,117,51773
736462,0,20304,117,51773
736512,0,20304,117,51773
736562,0,20304,117,51775
736612,0,20304,117,51775
736662,0,20304,117,51775
736712,0,20304,117,51775
736762,0,20304,118,51775
736812,0,20304,118,51775
736862,0,20860,118,51775
736912,0,20860,118,51775
736962,0,20860,118,51778
737267,0,20041,116,51778
737317,0,20041,116,51778
737367,0,20041,116,51780
737417,0,20041,116,51780
737467,0,20582,116,51780
737517,0,20582,116,51780
737609,0,20582,116,51780
737659,0,20041,116,51780
737709,0,20041,116,51780
737759,0,20041,116,51782
737809,0,20041,116,51782
737859,0,20041,116,51782
737909,0,20041,116,51782
737959,0,20041,116,51782
738009,0,20041,116,51782
738059,0,20582,116,51782
738109,0,20582,116,51782
738159,0,20582,116,51785
738209,0,20582,116,51785
738259,0,20041,116,51785
738437,0,20304,117,51785
738487,0,20304,117,51785
738537,0,20304,117,51785
738587,0,20304,117,51787
738637,0,20582,117,51787
738729,0,20582,117,51787
738779,0,20582,116,51787
738829,0,19794,116,51787
738879,0,19794,116,51787
738929,0,19794,116,51787
738979,0,19794,116,51788
739029,0,20582,116,51788
739079,0,20582,116,51788
739129,0,20582,116,51788
739179,0,20582,116,51788
739229,0,20582,116,51788
739279,0,20582,116,51788
739329,0,20582,116,51788
739379,0,20582,116,51790
739429,0,19794,116,51790
739564,0,19794,116,51790
739614,0,19794,116,51790
739664,0,20304,116,51790
739756,0,20304,116,51790
739806,0,20304,116,51793
739856,0,20582,116,51793
739906,0,20582,116,51793
739956,0,20582,116,51793
740006,0,20582,116,51793
740056,0,19794,116,51793
740106,0,19794,116,51793
740156,0,19794,116,51793
740206,0,19794,116,51795
740256,0,20304,116,51795
740306,0,20304,116,51795
740356,0,20304,116,51795
740406,0,20304,117,51795
740456,0,19532,117,51795
740506,0,19532,117,51795
740556,0,19532,117,51795
740692,0,19532,117,51797
740784,0,19532,116,51797
740834,0,20041,116,51797
740884,0,20041,116,51797
740934,0,20041,116,51797
740984,0,20041,116,51799
741034,0,19300,116,51799
741084,0,19300,116,51799
741134,0,19300,116,51799
741184,0,19300,118,51799
741234,0,19532,118,51799
741284,0,19532,118,51799
741334,0,19532,118,51799
741384,0,19532,118,51802
741434,0,20041,118,51802
741484,0,20041,118,51802
741534,0,20041,118,51802
741584,0,20041,117,51802
741634,0,19053,117,51802
741684,0,19053,117,51802
741862,0,19794,117,51803
741912,0,19794,117,51803
741962,0,19794,117,51803
742012,0,19794,117,51803
742062,0,20041,117,51803
742112,0,20041,117,51803
742162,0,20041,117,51803
742212,0,20041,117,51805
742262,0,19300,117,51805
742312,0,19300,117,51805
742362,0,19300,117,51805
742412,0,19300,117,51805
742462,0,19532,117,51805
742512,0,19532,117,51805
742562,0,19532,117,51805
742612,0,19532,117,51807
742662,0,19053,117,51807
742712,0,19053,117,51807
742804,0,19053,117,51807
742854,0,19053,117,51807
742989,0,19053,117,51809
743039,0,19532,117,51809
743089,0,19532,117,51809
743139,0,19532,117,51809
743189,0,19532,117,51809
743239,0,19053,116,51809
743289,0,19053,116,51809
743339,0,19053,116,51809
743389,0,19053,116,51809
743439,0,19300,116,51811
743489,0,19300,116,51811
743539,0,19300,116,51811
743589,0,19300,116,51811
743639,0,19053,116,51811
743689,0,19053,116,51811
743739,0,19053,116,51811
743831,0,18822,116,51813
743881,0,18822,116,51813
743931,0,18822,116,51813
743981,0,18822,116,51813
744116,0,19300,117,51813
744166,0,19300,117,51813
744216,0,19300,117,51815
744266,0,18590,117,51815
744316,0,18590,117,51815
744366,0,18590,117,51815
744416,0,18590,117,51815
744466,0,19532,117,51815
744516,0,19532,117,51815
744566,0,19532,117,51815
744616,0,19532,117,51817
744666,0,19532,117,51817
744716,0,19532,117,51817
744766,0,19532,117,51817
744858,0,18590,117,51817
744908,0,18590,117,51817
744958,0,18590,117,51817
745008,0,18590,117,51820
745058,0,19053,117,51820
745108,0,19053,117,51820
745243,0,18590,117,51820
745293,0,18590,117,51820
745343,0,18590,117,51820
745393,0,18590,117,51820
745443,0,18590,117,51821
745493,0,18590,117,51821
745543,0,18590,117,51821
745593,0,18590,117,51821
745643,0,18590,116,51821
745693,0,18590,116,51821
745743,0,18590,116,51821
745793,0,18590,116,51821
745843,0,18590,116,51823
745935,0,18590,116,51823
745985,0,18590,116,51823
746035,0,19300,117,51823
746085,0,19300,117,51823
746135,0,19300,117,51823
746185,0,19300,117,51823
746235,0,18590,117,51825
746370,0,18590,117,51825
746420,0,18590,117,51825
746470,0,18158,117,51825
746520,0,18158,117,51825
746570,0,18158,117,51825
746620,0,18158,117,51826
746670,0,18822,117,51826
746720,0,18822,117,51826
746770,0,18822,117,51826
746820,0,18822,116,51826
746870,0,18374,116,51826
746962,0,18374,116,51826
747012,0,18374,116,51826
747062,0,18822,116,51828
747112,0,18822,116,51828
747162,0,18822,116,51828
747212,0,18822,116,51828
747262,0,18158,116,51828
747312,0,18158,116,51828
747362,0,18158,116,51828
747498,0,18158,116,51830
747548,0,18158,116,51830
747598,0,18158,116,51830
747648,0,18822,116,51830
747698,0,18822,116,51830
747748,0,18822,116,51830
747798,0,18822,116,51830
747848,0,18158,116,51832
747898,0,18158,116,51832
747990,0,18158,116,51832
748040,0,18590,116,51832
748090,0,18590,116,51832
748140,0,18590,116,51832
748190,0,18590,116,51832
748240,0,18158,116,51834
748290,0,18158,116,51834
748340,0,18158,116,51834
748390,0,18158,116,51834
748440,0,18590,117,51834
748490,0,18590,117,51834
748626,0,18590,117,51836
748676,0,18590,117,51836
748726,0,18590,117,51836
748776,0,18590,117,51836
748826,0,17941,117,51836
748876,0,17941,117,51836
748926,0,17941,117,51836
748976,0,17941,117,51836
749068,0,18374,117,51838
749118,0,18374,117,51838
749168,0,18374,117,51838
749218,0,18374,117,51838
749268,0,17941,116,51838
749318,0,17941,116,51838
749368,0,17941,116,51838
749418,0,17941,116,51838
749468,0,18158,116,51840
749518,0,18158,116,51840
749568,0,18158,116,51840
749618,0,18158,116,51840
749754,0,17540,116,51840
749804,0,17540,116,51840
749854,0,17741,116,51841
749904,0,17741,116,51841
749954,0,17741,116,51841
750004,0,17741,116,51841
750096,0,18158,117,51841
750146,0,18158,117,51841
750196,0,18158,117,51841
750246,0,17540,117,51843
750296,0,17540,117,51843
750346,0,17540,117,51843
750396,0,17540,117,51843
750446,0,18158,117,51843
750496,0,18158,117,51843
750546,0,18158,117,51843
750682,0,17540,117,51845
750732,0,17540,117,51845
750782,0,17540,117,51845
750832,0,18158,117,51845
750882,0,18158,117,51845
750932,0,18158,117,51845
750982,0,18158,117,51845
751032,0,18158,117,51845
751124,0,18158,117,51846
751174,0,18158,117,51846
751224,0,17154,117,51846
751274,0,17154,117,51846
751324,0,17154,117,51846
751374,0,17154,117,51846
751424,0,17339,117,51846
751474,0,17339,117,51828
751524,0,17339,117,51828
751574,0,17339,117,51828
751624,0,16243,117,51828
751674,0,16243,225,51828
751810,0,16243,225,51828
751860,0,16413,225,51828
751910,0,16413,225,51828
751960,0,16413,225,51828
752010,0,16413,225,51828
752060,0,15440,231,51828
752152,0,15440,231,51828
752202,0,15440,231,51828
752252,0,15131,231,51828
752302,0,15131,231,51828
752352,0,15131,231,51828
752402,0,15131,231,51828
752452,0,13896,234,51828
752502,0,13896,234,51828
752552,0,13896,234,51828
752602,0,13896,234,51828
752652,0,13078,234,51828
752702,0,13078,234,51830
752752,0,13078,234,51830
752802,0,13078,234,51830
752937,0,13078,236,51830
752987,0,13078,236,51830
753037,0,11518,236,51830
753087,0,11518,236,51831
753137,0,11518,236,51831
753229,0,9897,236,51831
753279,0,9897,634,51831
753329,0,9897,634,51831
753379,0,9897,634,51831
753429,0,9897,634,51831
753479,0,9897,634,51820
753529,0,9897,634,51820
753579,0,9897,634,51820
753629,0,7349,634,51820
753679,0,7349,319,51820
753729,0,7349,319,51820
753779,0,7349,319,51820
753829,0,7349,319,51820
753879,0,7349,319,51821
753929,0,7349,319,51821
754064,0,7349,316,51821
754114,0,7349,316,51821
754164,0,7349,316,51821
754214,0,7349,316,51821
754306,0,7349,316,51822
754356,0,7349,316,51822
754406,0,7349,316,51822
754456,0,3736,316,51822
754506,0,3736,366,51822
754556,0,3736,366,51822
754606,0,3736,366,51822
754656,0,3736,366,51822
754706,0,3736,366,51808
754756,0,3736,366,51808
754806,0,3736,366,51808
754856,0,3736,366,51808
754906,0,3736,390,51808
754956,0,3736,390,51808
755006,0,3736,390,51808
755056,0,3736,390,51808
755191,0,3736,390,51819
755241,0,3736,390,51819
755291,0,3736,375,51819
755383,0,3736,375,51819
755433,0,3736,375,51819
755483,0,3736,375,51820
755533,0,3736,375,51820
755583,0,3736,375,51820
755633,0,3712,375,51820
755683,0,3688,913,51820
755733,0,3664,913,51820
755783,0,3639,913,51820
755833,0,3615,913,51820
755883,0,3591,913,51822
755933,0,3567,913,51822
755983,0,3543,913,51822
756033,0,3519,913,51822
756083,0,3494,1101,51822
756133,0,3470,1101,51822
756183,0,3446,1101,51822
756320,0,3380,1101,51823
756370,0,3356,1101,51823
756420,0,3332,1101,51823
756512,0,3287,1114,51823
756562,0,3263,1114,51823
756612,0,3239,1114,51823
756662,0,3215,1114,51823
756712,0,3190,1114,51824
756762,0,3166,1114,51824
756812,0,3142,1114,51824
756862,0,3118,1114,51824
756912,0,3094,2252,51824
756962,0,3070,2252,51824
757012,0,3046,2252,51824
757062,0,3021,2252,51824
757112,0,2997,2252,51526
757162,0,2973,2252,51526
757212,0,2949,2252,51526
757262,0,2925,2252,51526
757312,0,2901,3084,51526
757447,0,2835,3084,51526
757497,0,2811,3084,51492
757547,0,2787,3084,51492
757597,0,2763,3084,51492
757689,0,2718,2666,51492
757739,0,2694,2666,51492
757789,0,2670,2666,51492
757839,0,2646,2666,51492
757889,0,2622,2666,51492
757939,0,2598,2666,51468
757989,0,2573,2666,51468
758039,0,2549,2666,51468
758089,0,2525,2666,51468
758139,0,2501,2711,51468
758189,0,2477,2711,51468
758239,0,2453,2711,51468
758289,0,2428,2711,51468
758339,0,2404,2711,51438
758389,0,2380,2711,51438
758439,0,2356,2711,51438
758574,0,2291,2895,51438
758624,0,2267,2895,51438
758674,0,2242,2895,51438
758724,0,2218,2895,51402
758816,0,2174,2895,51402
758866,0,2150,2895,51402
758916,0,2125,3093,51402
758966,0,2101,3093,51402
759016,0,2077,3093,51402
759066,0,2053,3093,51402
759116,0,2053,3093,51369
759166,0,2053,3093,51369
759216,0,2053,3093,51369
759266,0,2053,3093,51369
759316,0,2053,3282,51369
759366,0,2053,3282,51369
759416,0,2053,3282,51369
759466,0,2053,3282,51369
759516,0,2053,3282,51339
759566,0,2053,3282,51339
759702,0,2053,3476,51339
759752,0,2053,3476,51339
759802,0,2053,3476,51339
759894,0,2053,3476,51339
759944,0,2053,3476,51305
759994,0,2053,3476,51305
760044,0,3474,3476,51305
760094,0,3474,3476,51305
760144,0,3474,3668,51305
760194,0,3474,3668,51305
760244,0,3474,3668,51305
760294,0,3474,3668,51305
760344,0,3474,3668,51267
760394,0,3474,3668,51267
760444,0,3474,3668,51267
760494,0,3474,3668,51267
760544,0,3474,3854,51267
760594,0,3474,3854,51267
760644,0,3474,3854,51267
760694,0,3474,3854,51267
760830,0,4338,3854,51233
760922,0,4338,4050,51233
760972,0,4338,4050,51233
761022,0,4338,4050,51233
761072,0,4338,4050,51233
761122,0,4338,4050,51199
761172,0,4338,4050,51199
761222,0,4338,4050,51199
761272,0,4338,4050,51199
761322,0,4338,4246,51199
761372,0,4338,4246,51199
761422,0,4338,4246,51199
761472,0,5188,4246,51199
761522,0,5188,4246,51166
761572,0,5188,4246,51166
761622,0,5188,4246,51166
761672,0,5188,4246,51166
761722,0,5188,4430,51166
761772,0,5188,4430,51166
761864,0,5188,4430,51166
761999,0,5188,4430,51130
762049,0,5651,4430,51130
762099,0,5651,4430,51130
762149,0,5651,4629,51130
762199,0,5651,4629,51130
762249,0,5651,4629,51130
762299,0,5651,4629,51130
762349,0,5651,4629,51095
762399,0,5651,4629,51095
762449,0,6454,4629,51095
762499,0,6454,4629,51095
762549,0,6454,4827,51095
762599,0,6454,4827,51095
762649,0,6454,4827,51095
762699,0,6454,4827,51095
762749,0,6454,4827,51064
762799,0,6454,4827,51064
762849,0,6454,4827,51064
762941,0,6454,4995,51064
762991,0,6454,4995,51064
763126,0,6732,4995,51064
763176,0,6732,4995,51030
763226,0,6732,4995,51030
763276,0,6732,4995,51030
763326,0,6732,4995,51030
763376,0,6732,5190,51030
763426,0,7519,5190,51030
763476,0,7519,5190,51030
763526,0,7519,5190,51030
763576,0,7519,5190,50993
763626,0,7519,5190,50993
763676,0,7519,5190,50993
763726,0,7519,5190,50993
763776,0,7519,5363,50993
763826,0,7643,5363,50993
763876,0,7643,5363,50993
763968,0,7643,5363,50960
764018,0,7643,5363,50960
764068,0,7643,5363,50960
764118,0,7643,5363,50960
764253,0,8291,5571,50960
764303,0,8291,5571,50960
764353,0,8291,5571,50925
764403,0,8291,5571,50925
764453,0,8291,5571,50925
764503,0,8291,5571,50925
764553,0,8291,5736,50925
764603,0,8291,5736,50925
764653,0,8476,5736,50925
764703,0,8476,5736,50925
764753,0,8476,5736,50893
764803,0,8476,5736,50893
764853,0,9125,5736,50893
764903,0,9125,5736,50893
764995,0,9125,5914,50893
765045,0,9125,5914,50893
765180,0,9125,5914,50861
765230,0,9187,5914,50861
765280,0,9187,5914,50861
765330,0,9187,5914,50861
765380,0,9187,6094,50861
765430,0,9187,6094,50861
765480,0,9187,6094,50861
765530,0,9187,6094,50861
765580,0,9187,6094,50821
765630,0,9897,6094,50821
765680,0,9897,6094,50821
765730,0,9897,6094,50821
765780,0,9897,6275,50821
765830,0,9897,6275,50821
765880,0,9897,6275,50821
765930,0,9897,6275,50821
765980,0,9897,6275,50788
766072,0,9897,6275,50788
766122,0,9897,6275,50788
766172,0,9897,6482,50788
766308,0,10561,6482,50788
766358,0,10561,6482,50750
766408,0,10561,6482,50750
766458,0,10561,6482,50750
766508,0,10561,6482,50750
766558,0,10561,6649,50750
766608,0,10561,6649,50750
766658,0,10561,6649,50750
766708,0,10561,6649,50750
766758,0,10561,6649,50714
766808,0,10561,6649,50714
766858,0,11101,6649,50714
766908,0,11101,6649,50714
766958,0,11101,6826,50714
767050,0,11256,6826,50714
767100,0,11256,6826,50714
767150,0,11256,6826,50679
767200,0,11256,6826,50679
767250,0,11781,6826,50679
767300,0,11781,6826,50679
767436,0,11781,7014,50679
767486,0,11781,7014,50679
767536,0,11781,7014,50679
767586,0,11781,7014,50647
767636,0,11781,7014,50647
767686,0,11781,7014,50647
767736,0,11781,7014,50647
767786,0,11781,7210,50647
767836,0,12445,7210,50647
767886,0,12445,7210,50647
767936,0,12445,7210,50647
767986,0,12445,7210,50608
768078,0,12445,7210,50608
768128,0,12445,7210,50608
768178,0,12445,7388,50608
768228,0,12753,7388,50608
768278,0,12753,7388,50608
768328,0,12753,7388,50608
768378,0,12753,7388,50574
768428,0,12753,7388,50574
768563,0,12753,7557,50574
768613,0,12753,7557,50574
768663,0,12753,7557,50574
768713,0,12753,7557,50574
768763,0,12753,7557,50536
768813,0,12753,7557,50536
768863,0,13417,7557,50536
768913,0,13417,7557,50536
768963,0,13417,7752,50536
769013,0,13417,7752,50536
769105,0,13186,7752,50536
769155,0,13186,7752,50536
769205,0,13186,7752,50499
769255,0,13896,7752,50499
769305,0,13896,7752,50499
769355,0,13896,7752,50499
769405,0,13896,7935,50499
769455,0,13649,7935,50499
769505,0,13649,7935,50499
769555,0,13649,7935,50499
769690,0,14421,7935,50462
769740,0,14421,7935,50462
769790,0,14421,8120,50462
769840,0,14421,8120,50462
769890,0,14421,8120,50462
769940,0,14421,8120,50462
769990,0,14421,8120,50426
770124,0,14977,8120,50426
770174,0,14977,8319,50426
770224,0,14699,8319,50426
770274,0,14699,8319,50426
770324,0,14699,8319,50426
770374,0,14699,8319,50426
770424,0,15131,8319,50384
770474,0,15131,8319,50384
770524,0,15131,8319,50384
770574,0,15131,8319,50384
770624,0,15131,8507,50384
770674,0,15131,8507,50384
770724,0,15131,8507,50384
771029,0,15749,8689,50346
771079,0,15749,8689,50346
771129,0,15749,8689,50346
771179,0,15749,8689,50310
771229,0,16243,8689,50310
771321,0,16243,8689,50310
771371,0,16243,8689,50310
771421,0,16243,8859,50310
771471,0,15749,8859,50310
771521,0,15749,8859,50310
771571,0,15749,8859,50310
771621,0,15749,8859,50273
771671,0,16598,8859,50273
771721,0,16598,8859,50273
771771,0,16598,8859,50273
771821,0,16598,9026,50273
771871,0,16598,9026,50273
771921,0,16598,9026,50273
771971,0,16598,9026,50273
772021,0,16598,9026,50237
772198,0,16953,9209,50237
772248,0,16768,9209,50237
772298,0,16768,9209,50237
772390,0,16768,9209,50199
772440,0,17339,9209,50199
772490,0,17339,9209,50199
772540,0,17339,9209,50199
772590,0,17339,9375,50199
772640,0,16953,9375,50199
772690,0,16953,9375,50199
772740,0,16953,9375,50199
772790,0,16953,9375,50169
772840,0,17540,9375,50169
772890,0,17540,9375,50169
772940,0,17540,9375,50169
772990,0,17540,9523,50169
773040,0,17154,9523,50169
773090,0,17154,9523,50169
773140,0,17154,9523,50169
773190,0,17154,9523,50132
773370,0,17941,9523,50132
773420,0,17941,9708,50132
773470,0,18158,9708,50132
773520,0,18158,9708,50132
773570,0,18158,9708,50132
773620,0,18158,9708,50104
773670,0,17941,9708,50104
773720,0,17941,9708,50104
773770,0,17941,9708,50104
773820,0,17941,9878,50104
773870,0,18590,9878,50104
773920,0,18590,9878,50104
773970,0,18590,9878,50104
774020,0,18590,9878,50069
774070,0,17941,9878,50069
774120,0,17941,9878,50069
774170,0,17941,9878,50069
774220,0,17941,10042,50069
774312,0,19053,10042,50069
774362,0,19053,10042,50069
774498,0,19300,10042,50021
774548,0,19300,10042,50021
774598,0,19300,10201,50021
774648,0,18822,10201,50021
774698,0,18822,10201,50021
774748,0,18822,10201,50021
774798,0,18822,10201,49991
774848,0,19794,10201,49991
774898,0,19794,10201,49991
774948,0,19794,10201,49991
774998,0,19794,10373,49991
775048,0,19300,10373,49991
775098,0,19300,10373,49991
775148,0,19300,10373,49991
775198,0,19300,10373,49991
775290,0,19532,10373,49963
775340,0,19532,10373,49963
775390,0,19532,10373,49963
775440,0,20304,10559,49963
775490,0,20304,10559,49963
775625,0,19794,10559,49920
775675,0,19794,10559,49920
775725,0,19794,10559,49920
775775,0,19794,10559,49920
775825,0,20041,10710,49920
775875,0,20041,10710,49920
775925,0,20041,10710,49920
775975,0,20041,10710,49920
776025,0,20860,10710,49881
776075,0,20860,10710,49881
776125,0,20860,10710,49881
776175,0,20860,10710,49881
776267,0,20304,10891,49881
776317,0,20304,10891,49881
776367,0,20304,10891,49881
776417,0,20304,10891,49849
776467,0,20582,10891,49849
776517,0,20582,10891,49849
776567,0,20582,10891,49849
776617,0,20582,11078,49849
776753,0,21431,11078,49849
776803,0,21431,11078,49849
776853,0,20860,11078,49808
776903,0,20860,11078,49808
776953,0,20860,11078,49808
777003,0,20860,11078,49808
777053,0,21740,11223,49808
777103,0,21740,11223,49808
777153,0,21740,11223,49808
777245,0,22049,11223,49775
777295,0,22049,11223,49775
777345,0,22049,11223,49775
777395,0,22049,11223,49775
777445,0,21431,11388,49775
777495,0,21431,11388,49775
777545,0,21431,11388,49775
777595,0,21431,11388,49775
777645,0,21740,11388,49742
777695,0,21740,11388,49742
777745,0,21740,11388,49742
777880,0,22697,11569,49742
777930,0,22697,11569,49742
777980,0,22697,11569,49742
778030,0,22697,11569,49697
778080,0,22697,11569,49697
778130,0,22697,11569,49697
778222,0,22697,11569,49697
778272,0,22049,11724,49697
778322,0,22049,11724,49697
778372,0,22049,11724,49697
778422,0,22049,11724,49697
778472,0,22373,11724,49678
778522,0,22373,11724,49678
778572,0,22373,11724,49678
778622,0,22373,11724,49678
778672,0,23037,11907,49678
778722,0,23037,11907,49678
778772,0,23037,11907,49678
778822,0,23037,11907,49678
778872,0,23747,11907,49628
779007,0,23747,11907,49628
779057,0,22697,12029,49628
779107,0,22697,12029,49628
779199,0,22697,12029,49628
779249,0,23037,12029,49609
779299,0,23037,12029,49609
779349,0,23037,12029,49609
779399,0,23037,12029,49609
779449,0,24118,12180,49609
779499,0,24118,12180,49609
779549,0,24118,12180,49609
779599,0,24118,12180,49609
779649,0,24118,12180,49572
779699,0,24118,12180,49572
779749,0,24118,12180,49572
779799,0,24118,12180,49572
779935,0,23392,12312,49572
779985,0,23392,12312,49572
780035,0,23747,12312,49543
780085,0,23747,12312,49543
780177,0,23747,12312,49543
780227,0,24118,12312,49543
780277,0,24118,12459,49543
780327,0,24118,12459,49543
780377,0,24118,12459,49543
780427,0,24890,12459,49543
780477,0,24890,12459,49502
780527,0,24890,12459,49502
780577,0,24890,12459,49502
780627,0,24890,12459,49502
780677,0,24890,12634,49502
780727,0,24890,12634,49502
780777,0,24890,12634,49502
780827,0,24118,12634,49502
780877,0,24118,12634,49468
780927,0,24118,12634,49468
781062,0,24890,12730,49468
781154,0,24890,12730,49468
781204,0,24890,12730,49468
781254,0,24890,12730,49443
781304,0,24890,12730,49443
781354,0,24890,12730,49443
781404,0,24890,12730,49443
781454,0,25724,12910,49443
781504,0,25724,12910,49443
781554,0,25724,12910,49443
781604,0,25724,12910,49443
781654,0,26156,12910,49407
781704,0,26156,12910,49407
781754,0,26156,12910,49407
781804,0,26156,12910,49407
781854,0,25307,13042,49407
781904,0,25307,13042,49407
781954,0,25307,13042,49407
782046,0,25724,13042,49367
782096,0,25724,13042,49367
782231,0,25307,13042,49367
782281,0,25307,13173,49367
782331,0,25307,13173,49367
782381,0,25307,13173,49367
782431,0,26156,13173,49367
782481,0,26156,13173,49344
782531,0,26156,13173,49344
782581,0,26156,13173,49344
782631,0,26619,13173,49344
782681,0,26619,13336,49344
782731,0,26619,13336,49344
782781,0,26619,13336,49344
782831,0,26156,13336,49344
782881,0,26156,13336,49311
782931,0,26156,13336,49311
782981,0,26156,13336,49311
783073,0,26156,13476,49311
783123,0,26156,13476,49311
783173,0,26156,13476,49311
783223,0,26156,13476,49311
783359,0,25724,13476,49252
783409,0,25724,13476,49252
783459,0,26156,13476,49252
783509,0,26156,13610,49252
783559,0,26156,13610,49252
783609,0,26156,13610,49252
783659,0,26156,13610,49252
783709,0,26156,13610,49247
783759,0,26156,13610,49247
783809,0,26156,13610,49247
783859,0,27082,13610,49247
783909,0,27082,13720,49247
783959,0,27082,13720,49247
784051,0,27082,13720,49247
784101,0,27082,13720,49216
784151,0,27082,13720,49216
784201,0,27082,13720,49216
784251,0,27082,13720,49216
784301,0,27082,13859,49216
784351,0,27082,13859,49216
784487,0,28071,13859,49188
784537,0,28071,13859,49188
784587,0,28071,13859,49188
784637,0,27082,13859,49188
784687,0,27082,13992,49188
784737,0,27082,13992,49188
784787,0,27082,13992,49188
784837,0,27082,13992,49188
784887,0,27082,13992,49146
784937,0,27082,13992,49146
785029,0,27561,13992,49146
785079,0,27561,14105,49146
785129,0,27561,14105,49146
785179,0,27561,14105,49146
785229,0,28071,14105,49146
785279,0,28071,14105,49117
785329,0,28071,14105,49117
785379,0,28071,14105,49117
785429,0,28071,14105,49117
785479,0,28071,14165,49117
785614,0,28071,14165,49117
785664,0,28580,14165,49117
785714,0,28580,14165,49107
785764,0,28580,14165,49107
785814,0,28580,14165,49107
785864,0,28580,14165,49107
785914,0,28580,14313,49107
786006,0,28580,14313,49107
786056,0,29120,14313,49107
786106,0,29120,14313,49087
786156,0,29120,14313,49087
786206,0,29120,14313,49087
786256,0,29120,14313,49087
786306,0,29120,14444,49087
786356,0,29120,14444,49087
786406,0,29120,14444,49087
786456,0,29120,14444,49087
786506,0,29120,14444,49046
786556,0,29120,14444,49046
786606,0,29120,14444,49046
786741,0,29120,14582,49046
786791,0,29120,14582,49046
786841,0,28580,14582,49046
786891,0,28580,14582,49016
786983,0,28580,14582,49016
787033,0,28071,14582,49016
787083,0,28071,14699,49016
787133,0,28071,14699,49016
787183,0,28071,14699,49016
787233,0,28580,14699,49016
787283,0,28580,14699,48984
787333,0,28580,14699,48984
787383,0,28580,14699,48984
787433,0,28580,14699,48984
787483,0,28580,14828,48984
787533,0,28580,14828,48984
787583,0,28580,14828,48984
787633,0,29120,14828,48984
787683,0,29120,14828,48984
787733,0,29120,14828,48944
787869,0,29120,14828,48944
787961,0,29120,14942,48944
788011,0,29120,14942,48944
788061,0,29120,14942,48944
788111,0,29120,14942,48916
788161,0,29120,14942,48916
788211,0,29120,14942,48916
788261,0,29692,14942,48916
788311,0,29692,15073,48916
788361,0,29692,15073,48916
788411,0,29692,15073,48916
788461,0,29120,15073,48916
788511,0,29120,15073,48882
788561,0,29120,15073,48882
788611,0,29120,15073,48882
788661,0,29692,15073,48882
788711,0,29692,15180,48882
788761,0,29692,15180,48882
788853,0,30263,15180,48882
788903,0,30263,15180,48850
789038,0,29692,15180,48850
789088,0,29692,15180,48850
789138,0,29692,15289,48850
789188,0,29692,15289,48850
789238,0,30263,15289,48850
789288,0,30263,15289,48850
789338,0,30263,15289,48828
789388,0,30263,15289,48828
789438,0,30881,15289,48828
789488,0,30881,15289,48828
789538,0,30881,15400,48828
789588,0,30881,15400,48828
789638,0,31498,15400,48828
789688,0,31498,15400,48828
789738,0,31498,15400,48795
789830,0,32162,15400,48795
789880,0,32162,15400,48795
789930,0,32162,15541,48795
789980,0,32162,15541,48795
790030,0,31498,15541,48795
790166,0,31498,15541,48764
790216,0,31498,15541,48764
790266,0,31498,15541,48764
790316,0,31498,15676,48764
790366,0,31498,15676,48764
790416,0,31498,15676,48764
790466,0,31498,15676,48764
790516,0,31498,15676,48740
790566,0,31498,15676,48740
790616,0,31498,15676,48740
790666,0,31498,15676,48740
790716,0,31498,15772,48740
790808,0,31498,15772,48740
790858,0,30881,15772,48740
790908,0,30881,15772,48740
790958,0,30881,15772,48707
791008,0,30881,15772,48707
791058,0,31498,15772,48707
791108,0,31498,15772,48707
791158,0,31498,15877,48707
791295,0,30881,15877,48707
791345,0,30881,15877,48689
791395,0,30881,15877,48689
791445,0,30881,15877,48689
791495,0,30881,15877,48689
791545,0,30881,15982,48689
791595,0,30881,15982,48689
791645,0,31498,15982,48689
791695,0,31498,15982,48689
791788,0,31498,15982,48668
791838,0,31498,15982,48668
791888,0,31498,15982,48668
791938,0,31498,16068,48668
791988,0,31498,16068,48668
792038,0,31498,16068,48668
792088,0,31498,16068,48668
792138,0,31498,16068,48644
792188,0,31498,16068,48644
792238,0,32162,16068,48644
792288,0,32162,16068,48644
792424,0,31498,16165,48644
792474,0,31498,16165,48644
792524,0,31498,16165,48613
792574,0,31498,16165,48613
792624,0,32162,16165,48613
792674,0,32162,16165,48613
792766,0,32162,16272,48613
792816,0,32162,16272,48613
792866,0,32842,16272,48613
792916,0,32842,16272,48613
792966,0,32842,16272,48596
793016,0,32842,16272,48596
793066,0,32162,16272,48596
793116,0,32162,16272,48596
793166,0,32162,16336,48596
793216,0,32162,16336,48596
793266,0,33552,16336,48596
793316,0,33552,16336,48596
793366,0,33552,16336,48574
793416,0,33552,16336,48574
793551,0,34309,16428,48574
793601,0,34309,16428,48574
793651,0,34309,16428,48574
793743,0,34309,16428,48536
793793,0,34309,16428,48536
793843,0,33552,16428,48536
793893,0,33552,16428,48536
793943,0,33552,16545,48536
793993,0,33552,16545,48536
794043,0,33552,16545,48536
794093,0,33552,16545,48536
794143,0,33552,16545,48503
794193,0,33552,16545,48503
794243,0,33552,16545,48503
794293,0,33552,16545,48503
794343,0,33552,16663,48503
794478,0,34309,16663,48503
794528,0,34309,16663,48503
794578,0,34309,16663,48484
794628,0,32842,16663,48484
794720,0,32842,16663,48484
794770,0,32842,16768,48484
794820,0,32842,16768,48484
794870,0,33552,16768,48484
794920,0,33552,16768,48484
794970,0,33552,16768,48466
795020,0,33552,16768,48466
795070,0,33552,16768,48466
795120,0,33552,16768,48466
795170,0,33552,16843,48466
795220,0,33552,16843,48466
795270,0,33552,16843,48466
795320,0,33552,16843,48466
795370,0,33552,16843,48458
795420,0,33552,16843,48458
795470,0,33552,16843,48458
795606,0,33552,16877,48458
795698,0,33552,16877,48458
795748,0,33552,16877,48421
795798,0,33552,16877,48421
795848,0,33552,16877,48421
795898,0,33552,16877,48421
795948,0,33552,16973,48421
795998,0,33552,16973,48421
796048,0,34309,16973,48421
796098,0,34309,16973,48421
796148,0,34309,16973,48376
796198,0,34309,16973,48376
796248,0,35081,16973,48376
796298,0,35081,16973,48376
796348,0,35081,16973,48376
796398,0,35081,17136,48376
796448,0,35081,17136,48376
796498,0,35081,17136,48376
796590,0,35081,17136,48360
796640,0,34309,17136,48360
796776,0,34309,17216,48360
796826,0,34309,17216,48360
796876,0,34309,17216,48360
796926,0,34309,17216,48360
796976,0,34309,17216,48351
797026,0,35081,17216,48351
797076,0,35081,17216,48351
797126,0,35081,17216,48351
797176,0,35081,17279,48351
797226,0,34309,17279,48351
797276,0,34309,17279,48351
797326,0,34309,17279,48351
797376,0,34309,17279,48312
797426,0,35899,17279,48312
797476,0,35899,17279,48312
797526,0,35899,17279,48312
797618,0,35899,17410,48312
797668,0,35899,17410,48312
797718,0,35899,17410,48312
797768,0,35899,17410,48956
797904,0,35899,17410,48956
797954,0,35899,17410,48956
798004,0,35899,1534,48956
798054,0,35899,1534,48956
798104,0,35899,1534,48956
798154,0,35899,1534,48956
798204,0,35899,1534,50939
798254,0,34309,1534,50939
798304,0,34309,1534,50939
798354,0,34309,1534,50939
798404,0,34309,142,50939
798454,0,34309,142,50939
798504,0,34309,142,50939
798596,0,34309,142,50985
798646,0,34309,142,50985
798696,0,34309,142,50985
798746,0,34309,142,50985
798796,0,34309,125,50985
798846,0,34309,125,50985
798896,0,34309,125,50985
799032,0,35899,125,51021
799082,0,35899,125,51021
799132,0,35899,125,51021
799182,0,35899,123,51021
799232,0,35081,123,51021
799282,0,35081,123,51021
799332,0,35081,123,51021
799382,0,35081,123,51050
799432,0,35081,123,51050
799482,0,35081,123,51050
799532,0,35081,123,51050
799624,0,35081,121,51050
799674,0,35081,121,51050
799724,0,35081,121,51050
799774,0,35081,121,51075
799824,0,35081,121,51075
799874,0,35081,121,51075
799924,0,35081,121,51075
799974,0,35081,121,51075
800024,0,33552,121,51075
800159,0,33552,121,51075
800209,0,33552,121,51096
800259,0,32842,121,51096
800309,0,32842,121,51096
800359,0,32842,121,51096
800409,0,32842,120,51096
800459,0,33552,120,51096
800509,0,33552,120,51096
800559,0,33552,120,51096
800609,0,33552,120,51115
800701,0,32842,120,51115
800751,0,32842,120,51115
800801,0,32842,119,51115
800851,0,32842,119,51115
800901,0,32842,119,51115
800951,0,32842,119,51115
801001,0,32842,119,51133
801051,0,33552,119,51133
801101,0,33552,119,51133
801151,0,33552,119,51133
801286,0,34309,119,51133
801336,0,34309,119,51133
801386,0,34309,119,51150
801436,0,33552,119,51150
801486,0,33552,119,51150
801536,0,33552,119,51150
801586,0,33552,118,51150
801636,0,33552,118,51150
801770,0,33552,118,51150
801820,0,33552,118,51166
801870,0,33552,118,51166
801920,0,33552,118,51166
801970,0,33552,118,51166
802020,0,33552,118,51166
802070,0,33552,118,51166
802120,0,33552,118,51166
802170,0,33552,118,51166
802220,0,33552,118,51181
802270,0,33552,118,51181
802320,0,33552,118,51181
802625,0,32162,118,51194
802675,0,32162,118,51194
802725,0,32162,118,51194
802775,0,32162,118,51194
802825,0,32162,119,51194
802875,0,32162,119,51194
802967,0,32162,119,51194
803017,0,32162,119,51207
803067,0,32162,119,51207
803117,0,32162,119,51207
803167,0,32162,119,51207
803217,0,32162,117,51207
803267,0,32162,117,51207
803317,0,32162,117,51207
803367,0,32162,117,51207
803417,0,32162,117,51220
803467,0,32162,117,51220
803517,0,32162,117,51220
803567,0,32162,117,51220
803617,0,32162,117,51220
803794,0,31498,117,51220
803844,0,31498,117,51232
803894,0,31498,117,51232
803944,0,31498,117,51232
804036,0,31498,118,51232
804086,0,31498,118,51232
804136,0,31498,118,51232
804186,0,31498,118,51232
804236,0,30881,118,51243
804286,0,30881,118,51243
804336,0,30881,118,51243
804386,0,30881,118,51243
804436,0,30881,118,51243
804486,0,30881,118,51243
804536,0,30881,118,51243
804586,0,30881,118,51243
804636,0,31498,118,51254
804686,0,31498,118,51254
804736,0,31498,118,51254
804786,0,31498,118,51254
804922,0,31498,117,51254
804972,0,31498,117,51254
805022,0,31498,117,51264
805114,0,30881,117,51264
805164,0,30881,117,51264
805214,0,30881,118,51264
805264,0,30881,118,51264
805314,0,30881,118,51264
805364,0,30881,118,51264
805414,0,30881,118,51275
805464,0,30881,118,51275
805514,0,30881,118,51275
805564,0,30881,118,51275
805614,0,30881,541,51275
805664,0,30881,541,51275
805714,0,30881,541,51275
805764,0,30881,541,51275
805814,0,30881,541,51272
805864,0,30881,541,51272
805914,0,30881,541,51272
806050,0,30263,196,51272
806142,0,30263,196,51272
806192,0,30263,196,51272
806242,0,29692,196,51282
806292,0,29692,196,51282
806342,0,29692,196,51282
806392,0,29692,196,51282
806442,0,30263,194,51282
806492,0,30263,194,51282
806542,0,30263,194,51282
806592,0,30263,194,51282
806642,0,30263,194,51291
806692,0,30263,194,51291
806742,0,30263,194,51291
806792,0,30263,194,51291
806842,0,29692,260,51291
806892,0,29692,260,51291
806942,0,29692,260,51291
806992,0,29692,260,51291
807084,0,29120,260,51285
807220,0,29120,358,51285
807270,0,29692,358,51285
807320,0,29692,358,51285
807370,0,29692,358,51285
807420,0,29692,358,51279
807470,0,29120,358,51279
807520,0,29120,358,51279
807570,0,29120,358,51279
807620,0,29120,376,51279
807670,0,29120,376,51279
807720,0,29120,376,51279
807770,0,29120,376,51279
807820,0,29120,376,51288
807870,0,29120,376,51288
807920,0,29120,376,51288
807970,0,29120,376,51288
808020,0,29120,373,51288
808070,0,29120,373,51288
808162,0,29120,373,51288
808212,0,29120,373,51288
808349,0,29120,373,51296
808399,0,29120,373,51296
808449,0,29120,369,51296
808499,0,29120,369,51296
808549,0,29120,369,51296
808599,0,29120,369,51296
808649,0,29234,369,51303
808699,0,29349,369,51303
808749,0,29463,369,51303
808799,0,29578,369,51303
808849,0,29692,367,51303
808899,0,29692,367,51303
808949,0,29692,367,51303
808999,0,29692,367,51303
809049,0,29120,367,51310
809099,0,29120,367,51310
809277,0,29120,2956,51310
809327,0,29120,2956,51310
809377,0,29120,2956,51310
809427,0,29120,2956,49201
809477,0,29120,2956,49201
809527,0,29120,2956,49201
809577,0,29120,2956,49201
809627,0,29120,2956,49201
809677,0,29120,14357,49201
809727,0,29120,14357,49201
809777,0,29120,14357,49201
809827,0,28580,14357,49201
809877,0,28580,14357,49142
809927,0,28580,14357,49142
809977,0,28580,14357,49142
810027,0,28580,14357,49142
810077,0,28580,14566,49142
810127,0,28580,14566,49142
810219,0,28580,14566,49142
810269,0,28580,14566,49069
810404,0,28580,14566,49069
810454,0,28580,14702,49069
810504,0,28580,14702,49069
810554,0,28580,14702,49069
810604,0,28580,14702,49069
810654,0,28580,14702,49033
810704,0,28580,14702,49033
810754,0,28580,14702,49033
810804,0,28580,14702,49033
810854,0,28580,14788,49033
810904,0,28580,14788,49033
810954,0,28580,14788,49033
811004,0,28580,14788,49033
811054,0,29120,14788,48989
811104,0,29120,14788,48989
811196,0,29120,14788,48989
811246,0,29120,14906,48989
811296,0,29120,14906,48989
811346,0,29120,14906,48989
811396,0,29120,14906,48989
811532,0,29692,14906,48951
811582,0,29692,14906,48951
811632,0,30881,14906,48951
811682,0,30881,15002,48951
811732,0,30881,15002,48951
811782,0,30881,15002,48951
811832,0,30263,15002,48951
811882,0,30263,15002,48914
811932,0,30263,15002,48914
811982,0,30263,15002,48914
812032,0,30881,15002,48914
812082,0,30881,15110,48914
812174,0,30881,15110,48914
812224,0,30263,15110,48914
812274,0,30263,15110,48867
812324,0,30263,15110,48867
812374,0,30263,15110,48867
812424,0,30263,15110,48867
812474,0,30263,15206,48867
812524,0,30263,15206,48867
812659,0,30881,15206,48839
812709,0,30881,15206,48839
812759,0,30881,15206,48839
812809,0,30881,15206,48839
812859,0,30881,15307,48839
812909,0,30881,15307,48839
812959,0,30881,15307,48839
813009,0,30881,15307,48839
813059,0,30881,15307,48802
813151,0,30881,15307,48802
813201,0,30881,15307,48802
813251,0,31498,15378,48802
813301,0,31498,15378,48802
813351,0,31498,15378,48802
813401,0,31498,15378,48802
813451,0,30881,15378,48767
813501,0,30881,15378,48767
813551,0,30881,15378,48767
813601,0,30881,15378,48767
813651,0,30881,15378,48767
813787,0,30881,15519,48767
813837,0,31498,15519,48767
813887,0,31498,15519,48741
813937,0,31498,15519,48741
813987,0,31498,15519,48741
814037,0,31498,15519,48741
814129,0,31498,15640,48741
814179,0,31498,15640,48741
814229,0,31498,15640,48741
814279,0,31498,15640,48709
814329,0,31498,15640,48709
814379,0,31498,15640,48709
814429,0,31498,15640,48709
814479,0,31498,15725,48709
814529,0,31498,15725,48709
814579,0,31498,15725,48709
814629,0,31498,15725,48709
814679,0,31498,15725,48677
814729,0,31498,15725,48677
814779,0,31498,15725,48677
814915,0,32162,15819,48677
814965,0,32162,15819,48677
815015,0,32162,15819,48677
815107,0,32162,15819,48656
815157,0,32162,15819,48656
815207,0,32162,15819,48656
815257,0,32162,15819,48656
815307,0,32162,15945,48656
815357,0,32162,15945,48656
815407,0,32162,15945,48656
815457,0,31498,15945,48656
815507,0,31498,15945,48630
815557,0,31498,15945,48630
815607,0,31498,15945,48630
815657,0,32162,15945,48630
815707,0,32162,16032,48630
815757,0,32162,16032,48630
815807,0,32162,16032,48630
815857,0,32162,16032,48630
815907,0,32162,16032,48599
816085,0,32162,16105,48599
816135,0,32162,16105,48599
816185,0,32162,16105,48599
816235,0,32842,16105,48599
816285,0,32842,16105,48578
816335,0,32842,16105,48578
816385,0,32842,16105,48578
816435,0,31498,16105,48578
816485,0,31498,16210,48578
816535,0,31498,16210,48578
816585,0,31498,16210,48578
816635,0,31498,16210,48578
816685,0,31498,16210,48538
816735,0,31498,16210,48538
816785,0,31498,16210,48538
816835,0,31498,16210,48538
816885,0,31498,16292,48538
816977,0,31498,16292,48538
817027,0,31498,16292,48538
817077,0,31498,16292,48517
817212,0,31498,16292,48517
817262,0,31498,16292,48517
817312,0,31498,16362,48517
817362,0,31498,16362,48517
817412,0,31498,16362,48517
817462,0,31498,16362,48517
817512,0,31498,16362,48477
817562,0,31498,16362,48477
817612,0,31498,16362,48477
817662,0,31631,16362,48477
817712,0,31764,16458,48477
817762,0,31896,16458,48477
817812,0,32029,16458,48477
817862,0,32162,16458,48477
817912,0,32162,16458,48451
818004,0,32162,16458,48451
818054,0,32162,16458,48451
818104,0,32162,16532,48451
818154,0,32162,16532,48451
818204,0,32162,16532,48451
818339,0,31498,16532,48430
818389,0,31498,16532,48430
818439,0,32162,16532,48430
818489,0,32162,16630,48430
818539,0,32162,16630,48430
818589,0,32162,16630,48430
818639,0,32162,16630,48430
818689,0,32162,16630,48418
818739,0,32162,16630,48418
818789,0,32162,16630,48418
818839,0,33552,16630,48418
818889,0,33552,16710,48418
818981,0,33552,16710,48418
819031,0,33552,16710,48418
819081,0,33552,16710,48400
819131,0,33552,16710,48400
819181,0,33552,16710,48400
819231,0,34309,16710,48400
819281,0,34309,16710,48400
819331,0,34309,16766,48400
819467,0,33552,16766,48400
819517,0,33552,16766,48372
819567,0,33552,16766,48372
819617,0,33552,16766,48372
819667,0,33552,16766,48372
819717,0,33552,16798,48372
819767,0,33552,16798,48372
819817,0,33552,16798,48372
819867,0,33552,16798,48372
819959,0,33552,16798,48338
820009,0,33552,16798,48338
820059,0,34309,16798,48338
820109,0,34309,16868,48338
820159,0,34309,16868,48338
820209,0,34309,16868,48338
820259,0,33552,16868,48338
820309,0,33552,16868,48314
820359,0,33552,16868,48314
820409,0,33552,16868,48314
820459,0,33552,16868,48314
820595,0,33552,16972,48314
820645,0,32842,16972,48314
820695,0,32842,16972,48311
820745,0,32842,16972,48311
820795,0,32842,16972,48311
820845,0,33552,16972,48311
820937,0,33552,16986,48311
820987,0,33552,16986,48311
821037,0,33552,16986,48311
821087,0,33552,16986,48311
821137,0,33552,16986,48292
821187,0,33552,16986,48292
821237,0,35081,16986,48292
821287,0,35081,16986,48292
821337,0,35081,17026,48292
821387,0,35081,17026,48292
821437,0,34309,17026,48292
821487,0,34309,17026,48292
821537,0,34309,17026,48259
821587,0,34309,17026,48259
821723,0,35081,17147,48259
821773,0,35081,17147,48259
821823,0,35081,17147,48259
821915,0,35081,17147,48221
821965,0,35081,17147,48221
822015,0,35081,17147,48221
822065,0,34309,17147,48221
822115,0,34309,17282,48221
822165,0,34309,17282,48221
822215,0,34309,17282,48221
822265,0,34309,17282,48221
822315,0,34309,17282,48207
822365,0,34309,17282,48207
822415,0,34309,17282,48207
822465,0,34309,17282,48207
822515,0,34309,17349,48207
822565,0,34309,17349,48207
822615,0,34309,17349,48207
822665,0,34309,17349,48207
822715,0,34309,17349,48195
822893,0,35899,17349,48195
822943,0,35899,17432,48195
822993,0,35899,17432,48195
823043,0,35081,17432,48195
823093,0,35081,17432,48195
823143,0,35081,17432,48145
823193,0,35081,17432,48145
823243,0,35899,17432,48145
823293,0,35899,17432,48145
823343,0,35899,17558,48145
823393,0,35899,17558,48145
823443,0,36748,17558,48145
823493,0,36748,17558,48145
823543,0,36748,17558,50756
823593,0,36748,17558,50756
823643,0,35081,17558,50756
823779,0,35081,428,50756
823871,0,34309,428,50756
823921,0,34309,428,50822
823971,0,34309,428,50822
824021,0,34309,428,50822
824071,0,35081,428,50822
824121,0,35081,130,50822
824171,0,35081,130,50822
824221,0,35081,130,50822
824271,0,36748,130,50822
824321,0,36748,130,50865
824371,0,36748,130,50865
824421,0,36748,130,50865
824471,0,35081,130,50865
824521,0,35081,124,50865
824571,0,35081,124,50865
824621,0,35081,124,50865
824671,0,35899,124,50865
824721,0,35899,124,50898
824771,0,35899,124,50898
824949,0,35899,122,50898
824999,0,35899,122,50898
825049,0,35081,122,50898
825099,0,35081,122,50898
825149,0,35081,122,50926
825199,0,35081,122,50926
825249,0,34309,122,50926
825299,0,34309,122,50926
825349,0,34309,120,50926
825399,0,34309,120,50926
825449,0,34309,120,50926
825499,0,34309,120,50926
825549,0,34309,120,50950
825599,0,34309,120,50950
825649,0,34309,120,50950
825699,0,34309,120,50950
825749,0,34309,120,50950
825799,0,34309,120,50950
825891,0,35081,120,50950
825941,0,35081,120,50973
826078,0,35081,120,50973
826128,0,35081,120,50973
826178,0,35081,120,50973
826228,0,35081,120,50973
826278,0,35081,120,50973
826328,0,35081,120,50992
826378,0,35081,120,50992
826428,0,35081,120,50992
826478,0,35081,120,50992
826528,0,35081,119,50992
826578,0,35081,119,50992
826628,0,35081,119,50992
826678,0,35081,119,50992
826728,0,35081,119,50992
826778,0,35081,119,51010
826828,0,34309,119,51010
826920,0,34309,119,51010
826970,0,34309,119,51010
827020,0,34309,119,51010
827070,0,33552,119,51010
827206,0,33552,119,51026
827256,0,33552,119,51026
827306,0,33552,119,51026
827356,0,33552,119,51026
827406,0,33552,119,51026
827456,0,33552,119,51026
827506,0,33552,119,51026
827556,0,33552,119,51042
827606,0,33552,119,51042
827656,0,32842,119,51042
827706,0,32842,119,51042
827756,0,32842,118,51042
827806,0,32842,118,51042
827856,0,33552,118,51042
827948,0,33552,118,51057
827998,0,33552,118,51057
828048,0,34309,118,51057
828098,0,34309,118,51057
828148,0,34309,118,51057
828198,0,34309,118,51057
828334,0,34309,118,51057
828384,0,34309,118,51070
828434,0,34309,118,51070
828484,0,34309,118,51070
828534,0,34309,118,51070
828584,0,34309,118,51070
828634,0,33552,118,51070
828684,0,33552,118,51070
828734,0,33552,118,51070
828784,0,33552,118,51083
828834,0,33552,118,51083
828884,0,33552,118,51083
828934,0,33552,118,51083
829026,0,32842,118,51083
829076,0,32842,118,51083
829126,0,32842,118,51083
829176,0,32842,118,51096
829226,0,32162,118,51096
829276,0,32162,118,51096
829326,0,32162,118,51096
829461,0,31498,117,51096
829511,0,31498,117,51096
829561,0,31498,117,51107
829611,0,31498,117,51107
829661,0,32162,117,51107
829711,0,32162,117,51107
829761,0,32162,117,51107
829811,0,32162,117,51107
829861,0,31498,117,51107
829911,0,31498,117,51107
829961,0,31498,117,51119
830053,0,31498,117,51119
830103,0,31498,117,51119
830153,0,31498,117,51119
830203,0,31498,117,51119
830253,0,32162,117,51119
830303,0,32162,117,51119
830353,0,32162,117,51119
830403,0,32162,117,51130
830453,0,31498,117,51130
830588,0,31498,119,51130
830638,0,31498,119,51130
830688,0,31498,119,51130
830738,0,31498,119,51130
830788,0,31498,119,51141
830838,0,30881,119,51141
830888,0,30881,119,51141
830938,0,30881,119,51141
830988,0,30881,118,51141
831080,0,30881,118,51141
831130,0,30881,118,51141
831180,0,30881,118,51151
831230,0,30881,118,51151
831280,0,30881,118,51151
831330,0,30881,118,51151
831380,0,30881,117,51151
831430,0,30881,117,51151
831480,0,30881,117,51151
831530,0,30881,117,51151
831580,0,30881,117,51161
831716,0,30881,117,51161
831766,0,30881,117,51161
831816,0,30881,117,51161
831866,0,30881,117,51161
831916,0,30881,117,51161
831966,0,30881,117,51161
832016,0,30881,117,51170
832066,0,29692,117,51170
832158,0,29692,117,51170
832208,0,29692,117,51170
832258,0,30263,117,51170
832308,0,30263,117,51170
832358,0,30263,117,51170
832408,0,30263,117,51179
832458,0,29692,117,51179
832508,0,29692,117,51179
832558,0,29692,117,51179
832608,0,29692,118,51179
832658,0,30263,118,51179
832708,0,30263,118,51179
832844,0,29692,118,51188
832894,0,29692,118,51188
832944,0,29692,118,51188
832994,0,29692,118,51188
833044,0,29692,118,51188
833094,0,29692,118,51188
833186,0,29692,118,51183
833236,0,29120,118,51183
833286,0,29120,118,51183
833336,0,29120,118,51183
833386,0,29120,207,51183
833436,0,29692,207,51183
833486,0,29692,207,51183
833536,0,29692,207,51183
833586,0,29692,207,51193
833636,0,29120,207,51193
833686,0,29120,207,51193
833736,0,29120,207,51193
833786,0,29120,194,51193
833836,0,29120,194,51193
833971,0,29120,194,51193
834021,0,29120,194,51200
834071,0,30263,194,51200
834121,0,30263,194,51200
834255,0,29692,194,51200
834305,0,29692,194,51200
834355,0,29692,194,51200
834405,0,29692,194,51192
834455,0,30263,194,51192
834505,0,30263,194,51192
834555,0,30263,194,51192
834605,0,30263,303,51192
834655,0,29692,303,51192
834705,0,29692,303,51192
834755,0,29692,303,51192
834805,0,29692,303,51187
834855,0,30263,303,51187
834905,0,30263,303,51187
834955,0,30263,303,51187
835005,0,30263,380,51187
835310,0,29120,380,51195
835360,0,29120,380,51195
835452,0,29120,372,51195
835502,0,29120,372,51195
835552,0,29120,372,51195
835602,0,29120,372,51202
835652,0,28580,372,51202
835702,0,28580,372,51202
835752,0,28580,372,51202
835802,0,28580,366,51202
835852,0,28071,366,51202
835902,0,28071,366,51202
835952,0,28071,366,51202
836002,0,28071,366,51209
836052,0,28071,366,51209
836102,0,28071,366,51209
836152,0,28071,366,51209
836202,0,28071,366,51209
836252,0,27561,366,51209
836302,0,27561,366,51209
836479,0,28071,366,51215
836571,0,28071,366,51215
836621,0,28071,367,51215
836671,0,28071,367,51215
836721,0,28071,367,51215
836771,0,28071,367,51215
836821,0,28071,367,49094
836871,0,27561,367,49094
836921,0,27561,367,49094
836971,0,27561,367,49094
837021,0,27561,13809,49094
837071,0,28580,13809,49094
837121,0,28580,13809,49094
837171,0,28580,13809,49094
837221,0,28580,13809,49101
837271,0,28580,13809,49101
837321,0,28580,13809,49101
837371,0,28580,13809,49101
837463,0,29120,14308,49101
837513,0,29120,14308,49101
837648,0,28580,14308,49020
837698,0,28580,14308,49020
837748,0,28580,14308,49020
837798,0,28580,14308,49020
837848,0,28580,14511,49020
837898,0,28580,14511,49020
837948,0,28580,14511,49020
837998,0,28580,14511,49020
838048,0,28580,14511,48975
838098,0,28580,14511,48975
838148,0,28580,14511,48975
838198,0,28580,14511,48975
838248,0,28580,14652,48975
838298,0,28580,14652,48975
838348,0,28580,14652,48975
838398,0,28580,14652,48975
838576,0,29120,14652,48927
838626,0,28580,14788,48927
838676,0,28580,14788,48927
838726,0,28580,14788,48927
838776,0,28580,14788,48927
838826,0,28580,14788,48888
838876,0,28580,14788,48888
838926,0,28580,14788,48888
838976,0,28580,14788,48888
839026,0,28580,14904,48888
839076,0,28580,14904,48888
839126,0,28580,14904,48888
839176,0,28580,14904,48888
839226,0,29120,14904,48844
839276,0,29120,14904,48844
839326,0,29120,14904,48844
839376,0,29120,14904,48844
839468,0,29120,15016,48844
839518,0,29120,15016,48844
839568,0,29120,15016,48844
839704,0,30263,15016,48822
839754,0,30263,15016,48822
839804,0,30263,15016,48822
839854,0,29692,15100,48822
839904,0,29692,15100,48822
839954,0,29692,15100,48822
840004,0,29692,15100,48822
840054,0,30263,15100,48775
840104,0,30263,15100,48775
840154,0,30263,15100,48775
840204,0,30263,15100,48775
840254,0,29692,15140,48775
840304,0,29692,15140,48775
840354,0,29692,15140,48775
840446,0,30263,15140,48754
840496,0,30263,15140,48754
840546,0,30263,15140,48754
840596,0,30263,15140,48754
840646,0,30263,15250,48754
840696,0,30263,15250,48754
840831,0,30263,15250,48729
840881,0,30263,15250,48729
840931,0,30263,15250,48729
840981,0,30263,15250,48729
841031,0,30881,15312,48729
841081,0,30881,15312,48729
841131,0,30881,15312,48729
841181,0,30881,15312,48729
841231,0,30881,15312,48703
841281,0,30881,15312,48703
841331,0,30881,15312,48703
841423,0,30881,15312,48703
841473,0,31498,15324,48703
841523,0,31498,15324,48703
841573,0,31498,15324,48703
841623,0,31498,15324,48703
841673,0,30881,15324,48679
841723,0,30881,15324,48679
841773,0,30881,15324,48679
841823,0,30881,15324,48679
841958,0,30881,15454,48679
842008,0,30881,15454,48679
842058,0,30881,15454,48612
842108,0,30881,15454,48612
842158,0,30881,15454,48612
842208,0,30881,15454,48612
842258,0,31498,15552,48612
842308,0,31498,15552,48612
842400,0,31498,15552,48612
842450,0,31498,15552,48586
842500,0,31498,15552,48586
842550,0,31498,15552,48586
842600,0,31498,15552,48586
842650,0,32162,15685,48586
842700,0,32162,15685,48586
842750,0,32162,15685,48586
842800,0,32162,15685,48586
842850,0,31498,15685,48572
842900,0,31498,15685,48572
842950,0,31498,15685,48572
843085,0,32162,15793,48572
843135,0,32162,15793,48572
843185,0,32162,15793,48572
843235,0,32162,15793,48572
843285,0,32162,15793,48543
843379,0,32162,15793,48543
843429,0,32162,15793,48543
843479,0,32162,15930,48543
843529,0,32162,15930,48543
843579,0,32162,15930,48543
843629,0,32842,15930,48543
843679,0,32842,15930,48504
843729,0,32842,15930,48504
843779,0,32842,15930,48504
843829,0,32162,15930,48504
843879,0,32162,16062,48504
843929,0,32162,16062,48504
843979,0,32162,16062,48504
844029,0,32842,16062,48504
844079,0,32842,16062,48488
844215,0,32842,16062,48488
844265,0,32842,16171,48488
844357,0,32842,16171,48488
844407,0,32842,16171,48488
844457,0,32842,16171,48443
844507,0,32842,16171,48443
844557,0,32842,16171,48443
844607,0,32842,16171,48443
844657,0,32842,16272,48443
844707,0,32842,16272,48443
844757,0,32842,16272,48443
844807,0,32842,16272,48443
844857,0,32162,16272,48412
844907,0,32162,16272,48412
844957,0,32162,16272,48412
845007,0,32162,16272,48412
845057,0,32162,16349,48412
845107,0,32162,16349,48412
845157,0,32162,16349,48412
845249,0,32842,16349,48412
845385,0,32842,16349,48370
845435,0,32842,16349,48370
845485,0,32842,16521,48370
845535,0,32842,16521,48370
845585,0,32842,16521,48370
845635,0,32842,16521,48370
845685,0,32842,16521,48315
845735,0,32842,16521,48315
845785,0,32842,16521,48315
845835,0,32842,16521,48315
845885,0,32842,16719,48315
845935,0,32842,16719,48315
845985,0,32842,16719,48315
846035,0,33552,16719,48315
846085,0,33552,16719,48308
846135,0,33552,16719,48308
846227,0,34309,16719,48308
846277,0,34309,16812,48308
846327,0,34309,16812,48308
846377,0,34309,16812,48308
846513,0,34309,16812,48278
846563,0,34309,16812,48278
846613,0,34309,16812,48278
846663,0,34309,16921,48278
846713,0,34309,16921,48278
846763,0,34309,16921,48278
846813,0,34309,16921,48278
846863,0,35081,16921,48278
846913,0,35081,16921,48248
846963,0,35081,16921,48248
847013,0,35081,16921,48248
847063,0,33552,16921,48248
847113,0,33552,16999,48248
847205,0,33552,16999,48248
847255,0,34309,16999,48248
847305,0,34309,16999,48188
847355,0,34309,16999,48188
847405,0,34309,16999,48188
847455,0,34309,16999,48188
847505,0,34309,17204,48188
847641,0,34309,17204,48188
847691,0,34309,17204,48168
847741,0,34309,17204,48168
847791,0,34309,17204,48168
847841,0,35081,17204,48168
847891,0,35081,17317,48168
847941,0,35081,17317,48168
847991,0,35081,17317,48168
848041,0,35081,17317,48168
848091,0,35081,17317,48164
848184,0,35081,17317,48164
848234,0,35081,17317,48164
848284,0,35081,17419,48164
848334,0,35081,17419,48164
848384,0,35081,17419,48164
848434,0,35899,17419,48164
848484,0,35899,17419,48122
848534,0,35899,17419,48122
848584,0,35899,17419,48122
848634,0,35081,17419,48122
848770,0,35081,17574,48122
848820,0,35081,17574,48122
848870,0,35081,17574,48122
848920,0,35081,17574,48085
848970,0,35081,17574,48085
849020,0,35081,17574,48085
849070,0,35081,17574,48085
849162,0,35081,3293,48085
849212,0,35081,3293,48085
849262,0,35081,3293,48085
849312,0,35081,3293,50741
849362,0,35081,3293,50741
849412,0,35081,3293,50741
849462,0,35899,3293,50741
849512,0,35899,154,50741
849562,0,35899,154,50741
849612,0,35899,154,50741
849662,0,35899,154,50741
849712,0,35899,154,50790
849762,0,35899,154,50790
849897,0,35899,127,50790
849947,0,35899,127,50790
849997,0,35899,127,50790
850047,0,35081,127,50790
850097,0,35081,127,50826
850189,0,35081,127,50826
850239,0,34309,127,50826
850289,0,34309,127,50826
850339,0,34309,122,50826
850389,0,34309,122,50826
850439,0,34309,122,50826
850489,0,34309,122,50826
850539,0,34309,122,50855
850589,0,34309,122,50855
850639,0,35081,122,50855
850689,0,35081,122,50855
850739,0,35081,122,50855
850789,0,35081,122,50855
850839,0,35081,122,50855
850889,0,35081,122,50855
851024,0,35081,122,50880
851074,0,35081,122,50880
851124,0,35081,121,50880
851174,0,35081,121,50880
851266,0,35081,121,50880
851316,0,35081,121,50902
851366,0,35081,121,50902
851416,0,35081,121,50902
851466,0,35899,121,50902
851516,0,35899,119,50902
851566,0,35899,119,50902
851616,0,35899,119,50902
851666,0,34309,119,50902
851716,0,34309,119,50922
851766,0,34309,119,50922
851816,0,34309,119,50922
851866,0,34309,119,50922
851916,0,34309,119,50922
851966,0,34309,119,50922
852016,0,34309,119,50922
852152,0,34309,119,50939
852202,0,34309,119,50939
852294,0,33552,119,50939
852344,0,33552,119,50939
852394,0,33552,119,50939
852444,0,34309,119,50939
852494,0,34309,119,50939
852544,0,34309,119,50956
852594,0,34309,119,50956
852644,0,34309,119,50956
852694,0,34309,119,50956
852744,0,34309,119,50956
852794,0,34309,119,50956
852844,0,35081,119,50956
852894,0,35081,119,50956
852944,0,35081,119,50971
853080,0,35081,119,50971
853130,0,35081,119,50971
853180,0,35081,119,50971
853230,0,34309,119,50971
853322,0,34309,119,50985
853372,0,34309,119,50985
853422,0,34309,119,50985
853472,0,34309,119,50985
853522,0,34309,119,50985
853572,0,34309,119,50985
853622,0,34309,119,50985
853672,0,33552,119,50985
853722,0,33552,119,50999
853772,0,33552,119,50999
853822,0,33552,119,50999
853872,0,32842,119,50999
853922,0,32842,118,50999
853972,0,32842,118,50999
854022,0,32842,118,50999
854072,0,32842,118,50999
854207,0,32842,118,51012
854257,0,32842,118,51012
854349,0,32842,119,51012
854399,0,32842,119,51012
854449,0,32842,119,51012
854499,0,32842,119,51012
854549,0,32842,119,51024
854599,0,32842,119,51024
854649,0,32842,119,51024
854699,0,32842,119,51024
854749,0,32842,118,51024
854799,0,32842,118,51024
854849,0,32842,118,51024
854899,0,32842,118,51024
854949,0,32842,118,51036
854999,0,32842,118,51036
855049,0,33552,118,51036
855099,0,33552,118,51036
855149,0,33552,118,51036
855199,0,33552,118,51036
855334,0,33552,118,51047
855426,0,33552,118,51047
855476,0,33552,118,51047
855526,0,33552,118,51047
855576,0,33552,118,51047
855626,0,33552,118,51047
855676,0,33552,118,51047
855726,0,33552,118,51047
855776,0,33552,118,51058
855826,0,33552,118,51058
855876,0,33552,118,51058
855926,0,33552,118,51058
855976,0,33552,118,51058
856026,0,33552,118,51058
856076,0,33552,118,51058
856126,0,33552,118,51058
856176,0,33552,118,51069
856226,0,33444,118,51069
856276,0,33336,118,51069
856369,0,33135,117,51069
856505,0,32842,117,51069
856555,0,32842,117,51078
856605,0,32842,117,51078
856655,0,32842,117,51078
856705,0,32842,117,51078
856755,0,32842,119,51078
856805,0,32842,119,51078
856855,0,32162,119,51078
856905,0,32162,119,51078
856955,0,32162,119,51088
857005,0,32162,119,51088
857055,0,32162,119,51088
857105,0,32162,119,51088
857155,0,32162,118,51088
857205,0,32162,118,51088
857255,0,32162,118,51088
857305,0,32162,118,51088
857355,0,32162,118,51097
857447,0,32162,118,51097
857497,0,32162,118,51097
857632,0,32162,118,51097
857682,0,32162,118,51097
857732,0,32162,118,51097
857782,0,32162,118,51107
857832,0,32162,118,51107
857882,0,32162,118,51107
857932,0,32162,118,51107
857982,0,32162,117,51107
858032,0,32298,117,51107
858082,0,32434,117,51107
858132,0,32570,117,51107
858182,0,32706,117,51115
858232,0,32842,117,51115
858282,0,32842,117,51115
858332,0,32842,117,51115
858382,0,32842,117,51115
858432,0,31498,117,51115
858524,0,31498,117,51115
858574,0,31498,117,51123
858624,0,32842,117,51123
858759,0,32842,118,51123
858809,0,32842,118,51123
858859,0,32842,118,51123
858909,0,32842,118,51123
858959,0,32842,118,51131
859009,0,32842,118,51131
859059,0,32162,118,51131
859109,0,32162,118,51131
859159,0,32162,118,51131
859209,0,32162,118,51131
859259,0,32842,118,51131
859309,0,32842,118,51131
859359,0,32842,118,51139
859409,0,32842,118,51139
859459,0,32842,118,51139
859551,0,32842,117,51139
859601,0,32842,117,51139
859651,0,32842,117,51139
859701,0,32842,117,51139
859751,0,32842,117,51146
859887,0,32842,117,51146
859937,0,32842,117,51146
859987,0,32842,117,51146
860037,0,32842,117,51146
860087,0,32842,117,51146
860137,0,32842,117,51146
860187,0,32842,117,51154
860237,0,32162,117,51154
860287,0,32162,117,51154
860337,0,32162,117,51154
860387,0,32162,117,51154
860437,0,32162,117,51154
860487,0,32162,117,51154
860579,0,32162,117,51160
860629,0,32162,117,51160
860679,0,32162,117,51160
860729,0,32162,117,51160
860779,0,32162,118,51160
860829,0,32842,118,51160
860879,0,32842,118,51160
861014,0,32842,118,51167
861064,0,32842,118,51167
861114,0,32842,118,51167
861164,0,32842,117,51167
861214,0,32842,117,51167
861264,0,32162,117,51167
861314,0,32162,117,51167
861364,0,32162,117,51174
861414,0,32162,117,51174
861464,0,32162,117,51174
861514,0,32162,117,51174
861608,0,32162,117,51174
861658,0,32162,117,51174
861708,0,32162,117,51174
861758,0,32162,117,51174
861808,0,32162,117,51181
861858,0,32162,117,51181
861908,0,32162,117,51181
861958,0,32162,117,51181
862008,0,32162,117,51181
862143,0,32162,117,51181
862193,0,32162,117,51188
862243,0,31498,117,51188
862293,0,31498,117,51188
862343,0,31498,117,51188
862393,0,31498,117,51188
862443,0,30881,117,51188
862493,0,30881,117,51188
862543,0,30881,117,51188
862593,0,30881,117,51195
862685,0,31498,117,51195
862735,0,31498,117,51195
862785,0,31498,118,51195
862835,0,30881,118,51195
862885,0,30881,118,51195
862935,0,30881,118,51195
862985,0,30881,118,51200
863035,0,31498,118,51200
863085,0,31498,118,51200
863135,0,31498,118,51200
863270,0,31498,116,51200
863320,0,31498,116,51200
863370,0,31498,116,51200
863420,0,31498,116,51206
863470,0,30881,116,51206
863520,0,30881,116,51206
863570,0,30881,116,51206
863620,0,30881,117,51206
863712,0,31498,117,51206
863762,0,31498,117,51206
863812,0,31498,117,51212
863862,0,30881,117,51212
863912,0,30881,117,51212
863962,0,30881,117,51212
864012,0,30881,116,51212
864062,0,30881,116,51212
864112,0,30881,116,51212
864162,0,30881,116,51212
864212,0,30881,116,51219
864262,0,30881,116,51219
864398,0,30881,116,51219
864448,0,30881,116,51219
864498,0,30881,116,51219
864548,0,30881,116,51219
864598,0,30881,116,51224
864648,0,30263,116,51224
864740,0,30263,116,51224
864790,0,30263,117,51224
864840,0,30881,117,51224
864890,0,30881,117,51224
864940,0,30881,117,51224
864990,0,30881,117,51230
865040,0,30881,117,51230
865090,0,30881,117,51230
865140,0,30881,117,51230
865190,0,30881,117,51230
865240,0,30881,117,51230
865290,0,30881,117,51230
865340,0,30881,117,51230
865390,0,30881,117,51235
865526,0,30263,117,51235
865576,0,30263,117,51235
865626,0,30263,117,51235
865676,0,30263,117,51235
865726,0,30263,117,51235
865818,0,30263,117,51240
865868,0,30263,117,51240
865918,0,30263,117,51240
865968,0,30263,117,51240
866018,0,30263,117,51240
866068,0,30263,117,51240
866118,0,30263,117,51240
866168,0,30263,117,51240
866218,0,30263,117,51245
866268,0,30263,117,51245
866318,0,30263,117,51245
866368,0,30263,117,51245
866418,0,30263,117,51245
866468,0,30263,117,51245
866518,0,30263,117,51245
866653,0,30212,117,51250
866703,0,30194,117,51250
866753,0,30175,117,51250
866887,0,30125,117,51250
866937,0,30106,117,51250
866987,0,30087,117,51250
867037,0,30069,117,51256
867087,0,30050,117,51256
867137,0,30031,117,51256
867187,0,30012,117,51256
867237,0,29994,116,51256
867287,0,29975,116,51256
867337,0,29956,116,51256
867387,0,29937,116,51256
867437,0,29919,116,51261
867487,0,29900,116,51261
867792,0,29786,117,51261
867842,0,29767,117,51265
867892,0,29748,117,51265
867942,0,29729,117,51265
867992,0,29711,117,51265
868042,0,29692,117,51265
868092,0,29692,117,51265
868142,0,29692,117,51265
868234,0,29692,117,51270
868284,0,29692,117,51270
868334,0,29692,117,51270
868384,0,29692,117,51270
868434,0,29692,117,51270
868484,0,29692,117,51270
868534,0,29692,117,51270
868584,0,29692,117,51270
868634,0,30881,117,51275
868684,0,30881,117,51275
868734,0,30881,117,51275
868784,0,30881,117,51275
868961,0,30881,118,51275
869011,0,30881,118,51275
869061,0,30263,118,51280
869111,0,30263,118,51280
869161,0,30263,118,51280
869211,0,30263,118,51280
869303,0,30263,117,51280
869353,0,30263,117,51280
869403,0,30263,117,51280
869453,0,30263,117,51284
869503,0,30263,117,51284
869553,0,30263,117,51284
869603,0,30263,117,51284
869653,0,29692,117,51284
869703,0,29692,117,51284
869753,0,29692,117,51284
869803,0,29692,117,51284
869853,0,29692,117,51289
869903,0,29692,117,51289
869953,0,29692,117,51289
870089,0,29692,117,51289
870139,0,29692,117,51289
870189,0,29692,117,51289
870239,0,29120,117,51276
870289,0,29120,117,51276
870381,0,29120,117,51276
870431,0,29692,220,51276
870481,0,29692,220,51276
870531,0,29692,220,51276
870581,0,29692,220,51276
870631,0,29120,220,51285
870681,0,29120,220,51285
870731,0,29120,220,51285
870781,0,29120,220,51285
870831,0,28580,194,51285
870881,0,28580,194,51285
870931,0,28580,194,51285
870981,0,28580,194,51285
871031,0,28071,194,51289
871081,0,28071,194,51289
871216,0,28071,194,51289
871266,0,28580,194,51289
871316,0,28580,194,51289
871408,0,28580,194,51289
871458,0,28071,194,51276
871508,0,28071,194,51276
871558,0,28071,194,51276
871608,0,28071,194,51276
871658,0,28071,292,51276
871708,0,28071,292,51276
871758,0,28071,292,51276
871808,0,28071,292,51276
871858,0,27561,292,51269
871908,0,27561,292,51269
871958,0,27561,292,51269
872008,0,27561,292,51269
872058,0,28580,378,51269
872108,0,28580,378,51269
872158,0,28580,378,51269
872208,0,28580,378,51269
872344,0,28071,378,51273
872436,0,28580,378,51273
872486,0,28580,372,51273
872536,0,28580,372,51273
872586,0,28580,372,51273
872636,0,27561,372,51273
872686,0,27561,372,51276
872736,0,27561,372,51276
872786,0,27561,372,51276
872836,0,28071,372,51276
872886,0,28071,367,51276
872936,0,28071,367,51276
872986,0,28071,367,51276
873036,0,27082,367,51276
873086,0,27082,367,51280
873136,0,27082,367,51280
873186,0,27082,367,51280
873236,0,26619,367,51280
873286,0,26619,368,51280
873336,0,26619,368,51280
873514,0,27082,368,51284
873564,0,27082,368,51284
873614,0,27082,368,51284
873664,0,27082,369,51284
873714,0,27082,369,51284
873764,0,27082,369,51284
873814,0,27082,369,51284
873864,0,28071,369,50136
873914,0,28071,369,50136
873964,0,28071,369,50136
874014,0,28071,369,50136
874064,0,27082,13046,50136
874114,0,27082,13046,50136
874164,0,27082,13046,50136
874214,0,27082,13046,50136
874264,0,27561,13046,49243
874314,0,27561,13046,49243
874406,0,27561,13046,49243
874456,0,27561,13783,49243
874506,0,27561,13783,49243
874641,0,26619,13783,49243
874691,0,26619,13783,49193
874741,0,26619,13783,49193
874791,0,26619,13783,49193
874841,0,26619,13783,49193
874891,0,26619,13911,49193
874941,0,26619,13911,49193
874991,0,26619,13911,49193
875041,0,27082,13911,49193
875091,0,27082,13911,49148
875141,0,27082,13911,49148
875191,0,27082,13911,49148
875241,0,27082,13911,49148
875291,0,27082,14035,49148
875341,0,27082,14035,49148
875433,0,28580,14035,49148
875483,0,28580,14035,49105
875533,0,28580,14035,49105
875583,0,28580,14035,49105
875633,0,28580,14035,49105
875768,0,28580,14150,49105
875818,0,28580,14150,49105
875868,0,28580,14150,49067
875918,0,28580,14150,49067
875968,0,28580,14150,49067
876018,0,28580,14150,49067
876068,0,28071,14257,49067
876118,0,28071,14257,49067
876168,0,28071,14257,49067
876218,0,28071,14257,49067
876268,0,29120,14257,49016
876318,0,29120,14257,49016
876410,0,29120,14257,49016
876460,0,28071,14257,49016
876510,0,28071,14366,49016
876560,0,28071,14366,49016
876610,0,28071,14366,49016
876660,0,27561,14366,49016
876710,0,27561,14366,48981
876760,0,27561,14366,48981
876896,0,28071,14476,48981
876946,0,28071,14476,48981
876996,0,28071,14476,48981
877046,0,28071,14476,48981
877096,0,28071,14476,48941
877146,0,28071,14476,48941
877196,0,28071,14476,48941
877246,0,28580,14476,48941
877296,0,28580,14558,48941
877388,0,28580,14558,48941
877438,0,28071,14558,48941
877488,0,28071,14558,48914
877538,0,28071,14558,48914
877588,0,28071,14558,48914
877638,0,28580,14558,48914
877688,0,28580,14661,48914
877738,0,28580,14661,48914
877788,0,28580,14661,48914
877838,0,29120,14661,48914
877888,0,29120,14661,48884
878024,0,29692,14661,48884
878074,0,29692,14661,48884
878124,0,29692,14719,48884
878174,0,29692,14719,48884
878224,0,29692,14719,48884
878274,0,29692,14719,48884
878366,0,29692,14719,48855
878416,0,29692,14719,48855
878466,0,29692,14719,48855
878516,0,29692,14814,48855
878566,0,29692,14814,48855
878616,0,29692,14814,48855
878666,0,30263,14814,48855
878716,0,30263,14814,48820
878766,0,30263,14814,48820
878816,0,30263,14814,48820
878866,0,30263,14814,48820
878916,0,30263,14917,48820
878966,0,30263,14917,48820
879016,0,30263,14917,48820
879153,0,30263,14917,48780
879203,0,30263,14917,48780
879253,0,30263,14917,48780
879345,0,30263,15046,48780
879395,0,30263,15046,48780
879445,0,30263,15046,48780
879495,0,30263,15046,48753
879545,0,30263,15046,48753
879595,0,30263,15046,48753
879645,0,30263,15046,48753
879695,0,30263,15121,48753
879745,0,30263,15121,48753
879795,0,30263,15121,48753
879845,0,30204,15121,48753
879895,0,30146,15121,48735
879945,0,30087,15121,48735
879995,0,30028,15121,48735
880045,0,29969,15121,48735
880095,0,29911,15206,48735
880145,0,29852,15206,48735
880281,0,29692,15206,48735
880373,0,29692,15206,48706
880423,0,29692,15206,48706
880473,0,29692,15206,48706
880523,0,29692,15272,48706
880573,0,29692,15272,48706
880623,0,29692,15272,48706
880673,0,29692,15272,48706
880723,0,29692,15272,48685
880773,0,29692,15272,48685
880823,0,29692,15272,48685
880873,0,29692,15272,48685
880923,0,29692,15361,48685
880973,0,29692,15361,48685
881023,0,29692,15361,48685
881073,0,29692,15361,48685
881123,0,29692,15361,48650
881173,0,29692,15361,48650
881265,0,30263,15361,48650
881315,0,30263,15429,48650
881451,0,30263,15429,48650
881501,0,30263,15429,48628
881551,0,30263,15429,48628
881601,0,30263,15429,48628
881651,0,30263,15429,48628
881701,0,30263,15429,48628
881751,0,30263,15501,48628
881801,0,30263,15501,48628
881851,0,30263,15501,48628
881901,0,30263,15501,48628
881951,0,30263,15501,48598
882001,0,30263,15501,48598
882051,0,30263,15501,48598
882101,0,30263,15501,48598
882151,0,30263,15562,48598
882243,0,30263,15562,48598
882378,0,30263,15562,48560
882428,0,30387,15562,48560
882478,0,30510,15562,48560
882528,0,30634,15591,48560
882578,0,30757,15591,48560
882628,0,30881,15591,48560
882678,0,30881,15591,48560
882728,0,30881,15591,48538
882778,0,30881,15591,48538
882828,0,30881,15591,48538
882878,0,30881,15591,48538
882928,0,30881,15686,48538
882978,0,30881,15686,48538
883028,0,31498,15686,48538
883078,0,31498,15686,48538
883128,0,31498,15686,48514
883178,0,31498,15686,48514
883270,0,30881,15686,48514
883320,0,30881,15735,48514
883370,0,30881,15735,48514
883505,0,31498,15735,48514
883555,0,31498,15735,48490
883605,0,31498,15735,48490
883655,0,30881,15735,48490
883705,0,30881,15735,48490
883755,0,30881,15820,48490
883805,0,30881,15820,48490
883855,0,30881,15820,48490
883905,0,30881,15820,48490
883955,0,30881,15820,48458
884005,0,30881,15820,48458
884055,0,30881,15820,48458
884105,0,30881,15820,48458
884155,0,30881,15944,48458
884247,0,31498,15944,48458
884297,0,31498,15944,48458
884347,0,31498,15944,48415
884397,0,31498,15944,48415
884447,0,31498,15944,48415
884497,0,31498,15944,48415
884633,0,32842,16096,48415
884683,0,32842,16096,48415
884733,0,32842,16096,48351
884783,0,32842,16096,48351
884833,0,32842,16096,48351
884883,0,32842,16096,48351
884933,0,32842,16266,48351
884983,0,32842,16266,48351
885033,0,32842,16266,48351
885083,0,32842,16266,48351
885133,0,32842,16266,48337
885225,0,33552,16266,48337
885275,0,33552,16266,48337
885325,0,33552,16395,48337
885375,0,33552,16395,48337
885425,0,34309,16395,48337
885475,0,34309,16395,48337
885525,0,34309,16395,48306
885575,0,34309,16395,48306
885625,0,32842,16395,48306
885760,0,32842,16540,48306
885810,0,32842,16540,48306
885860,0,33552,16540,48306
885910,0,33552,16540,48306
885960,0,33552,16540,48284
886010,0,33552,16540,48284
886060,0,33552,16540,48284
886110,0,33552,16540,48284
886202,0,33552,16677,48284
886252,0,34309,16677,48284
886302,0,34309,16677,48284
886352,0,34309,16677,48251
886402,0,34309,16677,48251
886452,0,32842,16677,48251
886502,0,32842,16677,48251
886552,0,32842,16790,48251
886602,0,32842,16790,48251
886652,0,33552,16790,48251
886702,0,33552,16790,48251
886752,0,33552,16790,48226
886887,0,33552,16790,48226
886937,0,33552,16926,48226
886987,0,33552,16926,48226
887037,0,32842,16926,48226
887087,0,32842,16926,48226
887179,0,32842,16926,48182
887229,0,34309,16926,48182
887279,0,34309,16926,48182
887329,0,34309,16926,48182
887379,0,34309,17072,48182
887429,0,33552,17072,48182
887479,0,33552,17072,48182
887529,0,33552,17072,48182
887579,0,33552,17072,48132
887629,0,34309,17072,48132
887679,0,34309,17072,48132
887729,0,34309,17072,48132
887779,0,34309,17217,48132
887829,0,35081,17217,48132
887879,0,35081,17217,48132
888015,0,35081,17217,48124
888065,0,34309,17217,48124
888157,0,34309,17340,48124
888207,0,34309,17340,48124
888257,0,35081,17340,48124
888307,0,35081,17340,48124
888357,0,35081,17340,48086
888407,0,35081,17340,48086
888457,0,34309,17340,48086
888507,0,34309,17340,48086
888557,0,34309,17437,48086
888607,0,34309,17437,48086
888657,0,34309,17437,48086
888707,0,34309,17437,48086
888757,0,34309,17437,48042
888807,0,34309,17437,48042
888857,0,34309,17437,48042
888907,0,34309,17437,48042
888957,0,34309,17621,48042
889049,0,35081,17621,48042
889185,0,35081,17621,48030
889235,0,35899,17621,48030
889285,0,35899,17621,48030
889335,0,35899,17621,48030
889385,0,35899,17727,48030
889435,0,36748,17727,48030
889485,0,36748,17727,48030
889535,0,36748,17727,48030
889585,0,36748,17727,47994
889635,0,35081,17727,47994
889685,0,35081,17727,47994
889735,0,35081,17727,47994
889785,0,35081,17839,47994
889835,0,35899,17839,47994
889885,0,35899,17839,47994
889935,0,35899,17839,47994
890027,0,35899,17839,47949
890077,0,35899,17839,47949
890127,0,35899,17839,47949
890177,0,35899,17988,47949
890312,0,35081,17988,47949
890362,0,35081,17988,47932
890412,0,35081,17988,47932
890462,0,36748,17988,47932
890512,0,36748,17988,47932
890562,0,36748,18102,47932
890612,0,36748,18102,47932
890662,0,36748,18102,47932
890712,0,36748,18102,47932
890762,0,36748,18102,47889
890812,0,36748,18102,47889
890862,0,36748,18102,47889
890912,0,36748,18102,47889
891004,0,36748,18245,47889
891054,0,36748,18245,47889
891104,0,36748,18245,47889
891154,0,36748,18245,47889
891204,0,36748,18245,47808
891254,0,35899,18245,47808
891304,0,35899,18245,47808
891439,0,37659,18483,47808
891489,0,37659,18483,47808
891539,0,37659,18483,47808
891589,0,37659,18483,47824
891639,0,37659,18483,47824
891689,0,37659,18483,47824
891739,0,37659,18483,47824
891789,0,37659,18493,47824
891839,0,38601,18493,47824
891889,0,38601,18493,47824
891981,0,38601,18493,50545
892031,0,36748,18493,50545
892081,0,36748,18493,50545
892131,0,36748,18493,50545
892181,0,36748,529,50545
892231,0,36748,529,50545
892281,0,36748,529,50545
892331,0,36748,529,50545
892381,0,36748,529,50614
892431,0,37659,529,50614
892567,0,37659,529,50614
892617,0,37659,134,50614
892667,0,36748,134,50614
892717,0,36748,134,50614
892767,0,36748,134,50614
892817,0,36748,134,50659
892867,0,36748,134,50659
892917,0,36748,134,50659
893009,0,36748,124,50659
893059,0,35899,124,50659
893109,0,35899,124,50659
893159,0,35899,124,50659
893209,0,35899,124,50694
893259,0,35899,124,50694
893309,0,35899,124,50694
893359,0,35899,124,50694
893409,0,35899,122,50694
893459,0,35899,122,50694
893509,0,35899,122,50694
893559,0,35899,122,50694
893695,0,36748,122,50722
893745,0,36748,122,50722
893795,0,36748,121,50722
893845,0,37659,121,50722
893895,0,37659,121,50722
893945,0,37659,121,50722
894037,0,36748,121,50747
894087,0,36748,121,50747
894137,0,36748,121,50747
894187,0,36748,120,50747
894237,0,35081,120,50747
894287,0,35081,120,50747
894337,0,35081,120,50747
894387,0,35081,120,50768
894437,0,35081,120,50768
894487,0,35081,120,50768
894537,0,35081,120,50768
894587,0,35081,120,50768
894637,0,35081,120,50768
894687,0,35081,120,50768
894822,0,35081,120,50788
894872,0,36748,120,50788
894922,0,36748,120,50788
894972,0,36748,120,50788
895022,0,36748,119,50788
895114,0,35899,119,50788
895164,0,35899,119,50788
895214,0,35899,119,50806
895264,0,35899,119,50806
895314,0,35899,119,50806
895364,0,35899,119,50806
895414,0,35899,119,50806
895464,0,35899,119,50806
895514,0,35899,119,50806
895564,0,35899,119,50806
895614,0,35899,119,50823
895664,0,34309,119,50823
895714,0,34309,119,50823
895764,0,34309,119,50823
895814,0,34309,118,50823
895950,0,34309,118,50823
896000,0,34309,118,50838
896050,0,34309,118,50838
896142,0,34309,118,50838
896192,0,34309,118,50838
896242,0,33552,118,50838
896292,0,33552,118,50838
896342,0,33552,118,50838
896392,0,33552,118,50838
896442,0,35081,118,50853
896492,0,35081,118,50853
896542,0,35081,118,50853
896592,0,35081,118,50853
896642,0,34309,118,50853
896692,0,34309,118,50853
896742,0,34309,118,50853
896879,0,35081,118,50866
896929,0,35081,118,50866
896979,0,35081,118,50866
897029,0,34309,118,50866
897079,0,34309,118,50866
897171,0,34309,118,50866
897221,0,34309,118,50880
897271,0,33552,118,50880
897321,0,33552,118,50880
897371,0,33552,118,50880
897421,0,33552,118,50880
897471,0,32842,118,50880
897521,0,32842,118,50880
897571,0,32842,118,50880
897621,0,32842,118,50892
897671,0,32842,118,50892
897721,0,32842,118,50892
897771,0,32842,118,50892
897821,0,32842,118,50892
897871,0,32842,118,50892
898006,0,32842,118,50892
898056,0,32842,118,50904
898106,0,32842,118,50904
898156,0,32842,118,50904
898248,0,32842,118,50904
898298,0,32842,118,50904
898348,0,32842,118,50904
898398,0,32842,118,50904
898448,0,33552,118,50915
898498,0,33552,118,50915
898548,0,33552,118,50915
898598,0,33552,118,50915
898648,0,32162,118,50915
898698,0,32162,118,50915
898748,0,32162,118,50915
898798,0,32162,118,50915
898848,0,33552,118,50926
898898,0,33552,118,50926
898948,0,33552,118,50926
898998,0,33552,118,50926
899133,0,32842,118,50926
899183,0,32842,118,50926
899317,0,33552,118,50936
899367,0,33552,118,50936
899417,0,33552,118,50936
899467,0,32842,118,50936
899517,0,32842,118,50936
899567,0,32842,118,50936
899617,0,32842,118,50946
899667,0,33552,118,50946
899717,0,33552,118,50946
899767,0,33552,118,50946
899817,0,33552,118,50946
899867,0,32842,117,50946
899917,0,32842,117,50946
899967,0,32842,117,50946
900017,0,32842,117,50946
900067,0,32842,117,50956
900117,0,32842,117,50956
900167,0,32842,117,50956
900515,0,32842,118,50965
900565,0,32842,118,50965
900615,0,32842,118,50965
900665,0,32842,118,50965
900715,0,32842,118,50965
900765,0,32842,118,50965
900815,0,32842,118,50965
900865,0,32842,118,50974
900915,0,32842,118,50974
900965,0,32842,118,50974
901015,0,32842,118,50974
901065,0,31498,118,50974
901115,0,31498,118,50974
901165,0,31498,118,50974
901215,0,31498,118,50974
901265,0,31498,118,50983
901315,0,31498,118,50983
901365,0,31498,118,50983
901457,0,31498,117,50983
901507,0,31498,117,50983
901684,0,30881,117,50992
901734,0,30881,117,50992
901784,0,30881,117,50992
901834,0,31498,117,50992
901884,0,31498,118,50992
901934,0,31498,118,50992
901984,0,31498,118,50992
902034,0,31498,118,50992
902084,0,31498,118,51000
902134,0,31498,118,51000
902184,0,31498,118,51000
902234,0,31498,118,51000
902284,0,31498,118,51000
902334,0,31498,118,51000
902384,0,31498,118,51000
902434,0,30881,118,51000
902484,0,30881,118,51007
902576,0,30881,118,51007
902626,0,30881,118,51007
902676,0,30881,117,51007
902811,0,30881,117,51007
902861,0,30263,117,51016
902911,0,30263,117,51016
902961,0,30263,117,51016
903011,0,30263,117,51016
903061,0,30263,117,51016
903111,0,30263,117,51016
903161,0,30263,117,51016
903211,0,30263,117,51016
903261,0,30881,117,51023
903311,0,30881,117,51023
903361,0,30881,117,51023
903411,0,30881,117,51023
903461,0,30881,117,51023
903511,0,30881,117,51023
903603,0,30881,117,51023
903653,0,30881,117,51030
903703,0,30881,117,51030
903753,0,30881,117,51030
903803,0,30881,117,51030
903939,0,30881,117,51030
903989,0,30881,117,51030
904039,0,30881,117,51030
904089,0,30881,117,51037
904139,0,30881,117,51037
904189,0,30881,117,51037
904239,0,30263,117,51037
904289,0,30263,117,51037
904339,0,30263,117,51037
904389,0,30263,117,51037
904439,0,30263,117,51037
904489,0,30263,117,51044
904539,0,30263,117,51044
904631,0,30881,117,51044
904681,0,30881,117,51044
904731,0,30881,117,51044
904781,0,30881,117,51044
904831,0,29692,117,51044
904881,0,29692,117,51051
904931,0,29692,117,51051
905066,0,30263,118,51051
905116,0,30263,118,51051
905166,0,30263,118,51051
905216,0,30263,118,51051
905266,0,29692,118,51058
905316,0,29692,118,51058
905366,0,29692,118,51058
905416,0,29692,118,51058
905466,0,30263,117,51058
905516,0,30263,117,51058
905566,0,30263,117,51058
905616,0,30263,117,51058
905708,0,30263,117,51064
905758,0,30263,117,51064
905808,0,30263,117,51064
905858,0,30263,117,51064
905908,0,30263,117,51064
905958,0,30263,117,51064
906008,0,30263,117,51064
906058,0,30263,117,51064
906193,0,30263,117,51070
906243,0,29692,117,51070
906293,0,29692,118,51070
906343,0,29692,118,51070
906393,0,29692,118,51070
906443,0,29692,118,51070
906493,0,29692,118,51076
906543,0,29692,118,51076
906593,0,29692,118,51076
906643,0,29692,118,51076
906735,0,29692,117,51076
906785,0,29692,117,51076
906835,0,30263,117,51076
906885,0,30263,117,51082
906935,0,30263,117,51082
906985,0,30263,117,51082
907035,0,30263,117,51082
907085,0,30263,117,51082
907135,0,30263,117,51082
907185,0,30263,117,51082
907320,0,29692,117,50976
907370,0,29692,117,50976
907420,0,29692,117,50976
907470,0,29120,237,50976
907520,0,29120,237,50976
907570,0,29120,237,50976
907620,0,29120,237,50976
907670,0,29120,237,51083
907762,0,29120,237,51083
907812,0,29120,237,51083
907862,0,29120,237,51083
907912,0,29120,194,51083
907962,0,29120,194,51083
908012,0,29120,194,51083
908062,0,28580,194,51083
908112,0,28580,194,51088
908162,0,28580,194,51088
908212,0,28580,194,51088
908262,0,28580,194,51088
908312,0,28580,194,51088
908447,0,28580,194,51088
908497,0,28580,194,51078
908547,0,28580,194,51078
908597,0,28580,194,51078
908647,0,28580,194,51078
908697,0,28580,291,51078
908789,0,28580,291,51078
908839,0,28071,291,51078
908889,0,28071,291,51071
908939,0,28071,291,51071
908989,0,28071,291,51071
909039,0,29120,291,51071
909089,0,29120,380,51071
909139,0,29120,380,51071
909189,0,29120,380,51071
909239,0,28580,380,51071
909289,0,28580,380,51076
909339,0,28580,380,51076
909389,0,28580,380,51076
909439,0,29120,380,51076
909575,0,29120,373,51076
909625,0,28580,373,51076
909675,0,28580,373,51076
909725,0,28580,373,51081
909775,0,28580,373,51081
909867,0,28580,373,51081
909917,0,28580,367,51081
909967,0,28580,367,51081
910017,0,28580,367,51081
910067,0,28580,367,51081
910117,0,28580,367,51086
910167,0,28580,367,51086
910217,0,28580,367,51086
910267,0,28071,367,51086
910317,0,28071,367,51086
910367,0,28071,367,51086
910417,0,28071,367,51086
910467,0,28071,367,51086
910517,0,28071,367,51090
910567,0,28071,367,51090
910702,0,28071,368,51090
910752,0,28071,368,51090
910802,0,28071,368,51090
910894,0,29120,368,51090
910944,0,29120,368,50572
910994,0,29120,368,50572
911044,0,28071,368,50572
911094,0,28071,368,50572
911144,0,28071,13899,50572
911194,0,28071,13899,50572
911244,0,28580,13899,50572
911294,0,28580,13899,50572
911344,0,28580,13899,48857
911394,0,28580,13899,48857
911444,0,29692,13899,48857
911494,0,29692,13899,48857
911629,0,29692,15239,48857
911679,0,29692,15239,48857
911729,0,29692,15239,48762
911779,0,29692,15239,48762
911871,0,30263,15239,48762
911921,0,30263,15496,48762
911971,0,30263,15496,48762
912021,0,30263,15496,48762
912071,0,30263,15496,48762
912121,0,30263,15496,48687
912171,0,30263,15496,48687
912221,0,30263,15496,48687
912271,0,29692,15496,48687
912321,0,29692,15662,48687
912371,0,29692,15662,48687
912421,0,29692,15662,48687
912471,0,30263,15662,48687
912521,0,30263,15662,48647
912571,0,30263,15662,48647
912621,0,30263,15662,48647
912757,0,30881,15826,48647
912849,0,31498,15826,48647
912899,0,31498,15826,48647
912949,0,31498,15826,48616
912999,0,31498,15826,48616
913049,0,30881,15826,48616
913099,0,30881,15826,48616
913149,0,30881,15894,48616
913199,0,30881,15894,48616
913249,0,31498,15894,48616
913299,0,31498,15894,48616
913349,0,31498,15894,48586
913399,0,31498,15894,48586
913449,0,30881,15894,48586
913499,0,30881,15894,48586
913549,0,30881,15940,48586
913599,0,30881,15940,48586
913649,0,31498,15940,48586
913699,0,31498,15940,48586
913791,0,31498,15940,48555
913928,0,31498,15967,48555
913978,0,31498,15967,48555
914028,0,32162,15967,48555
914078,0,32162,15967,48555
914128,0,32162,15967,48529
914178,0,32162,15967,48529
914228,0,32162,15967,48529
914278,0,32162,15967,48529
914328,0,32162,15958,48529
914378,0,32162,15958,48529
914428,0,32162,15958,48529
914478,0,32162,15958,48529
914528,0,32162,15958,48506
914578,0,32162,15958,48506
914628,0,32162,15958,48506
914678,0,32162,15958,48506
914770,0,32162,16029,48506
914820,0,32162,16029,48506
914870,0,32162,16029,48506
914920,0,32162,16029,48506
915055,0,32162,16029,48489
915105,0,32162,16029,48489
915155,0,32162,16014,48489
915205,0,32162,16014,48489
915255,0,32238,16014,48489
915305,0,32313,16014,48489
915355,0,32389,16014,48467
915405,0,32464,16014,48467
915455,0,32540,16014,48467
915505,0,32615,16014,48467
915555,0,32691,16076,48467
915605,0,32766,16076,48467
915655,0,32842,16076,48467
915705,0,32842,16076,48467
915797,0,32842,16076,48438
915847,0,32842,16076,48438
915897,0,32842,16076,48438
915947,0,32842,16119,48438
915997,0,32842,16119,48438
916047,0,32842,16119,48438
916182,0,32842,16119,48401
916232,0,32842,16119,48401
916282,0,32842,16119,48401
916332,0,32842,16119,48401
916382,0,32842,16193,48401
916432,0,32842,16193,48401
916482,0,32842,16193,48401
916532,0,32842,16193,48401
916582,0,32842,16193,48368
916632,0,32162,16193,48368
916682,0,32162,16193,48368
916774,0,32162,16303,48368
916824,0,32162,16303,48368
916874,0,32162,16303,48368
916924,0,32162,16303,48368
916974,0,32162,16303,48334
917024,0,32162,16303,48334
917074,0,32162,16303,48334
917124,0,32162,16303,48334
917174,0,32162,16375,48334
917310,0,32162,16375,48334
917360,0,32162,16375,48319
917410,0,32162,16375,48319
917460,0,31498,16375,48319
917510,0,31498,16375,48319
917560,0,31498,16459,48319
917610,0,31498,16459,48319
917660,0,32162,16459,48319
917752,0,32162,16459,48290
917802,0,32162,16459,48290
917852,0,32842,16459,48290
917902,0,32842,16459,48290
917952,0,32842,16562,48290
918002,0,32842,16562,48290
918052,0,32842,16562,48290
918102,0,32842,16562,48290
918152,0,32842,16562,48254
918202,0,32842,16562,48254
918252,0,32842,16562,48254
918302,0,32842,16562,48254
918438,0,32842,16675,48254
918488,0,32842,16675,48254
918538,0,32842,16675,48254
918588,0,32842,16675,48233
918638,0,33552,16675,48233
918730,0,33552,16675,48233
918780,0,33552,16772,48233
918830,0,33552,16772,48233
918880,0,33552,16772,48233
918930,0,33552,16772,48233
918980,0,33552,16772,48209
919030,0,34309,16772,48209
919080,0,34309,16772,48209
919130,0,34309,16772,48209
919180,0,34309,16865,48209
919230,0,34309,16865,48209
919280,0,34309,16865,48209
919330,0,34309,16865,48209
919380,0,34309,16865,48150
919430,0,34309,16865,48150
919565,0,34309,16999,48150
919615,0,34309,16999,48150
919707,0,35081,16999,48150
919757,0,35081,16999,48115
919807,0,35081,16999,48115
919857,0,33552,16999,48115
919907,0,33552,16999,48115
919957,0,33552,17164,48115
920007,0,33552,17164,48115
920057,0,34309,17164,48115
920107,0,34309,17164,48115
920157,0,34309,17164,48083
920207,0,34309,17164,48083
920257,0,34309,17164,48083
920307,0,34309,17164,48083
920357,0,34309,14531,48083
920407,0,34309,14531,48083
920457,0,35081,14531,48083
920507,0,35081,14531,48083
920599,0,35081,14531,50630
920735,0,35081,14531,50630
920785,0,35081,228,50630
920835,0,35081,228,50630
920885,0,35081,228,50630
920935,0,35081,228,50630
920985,0,35081,228,50682
921035,0,35081,228,50682
921085,0,35081,228,50682
921135,0,35081,228,50682
921185,0,35081,128,50682
921235,0,35081,128,50682
921285,0,35081,128,50682
921335,0,35081,128,50682
921385,0,35081,128,50717
921435,0,34309,128,50717
921485,0,34309,128,50717
921535,0,34309,128,50717
921627,0,34309,123,50717
921677,0,34309,123,50717
921727,0,34309,123,50717
921862,0,34309,123,50746
921912,0,34309,123,50746
921962,0,34309,123,50746
922012,0,34309,121,50746
922062,0,34309,121,50746
922112,0,34309,121,50746
922162,0,34309,121,50746
922212,0,34309,121,50769
922262,0,33552,121,50769
922312,0,33552,121,50769
922362,0,33552,121,50769
922412,0,33552,121,50769
922462,0,34309,121,50769
922512,0,34309,121,50769
922562,0,34309,121,50769
922654,0,34309,121,50788
922704,0,34309,121,50788
922754,0,34309,121,50788
922804,0,34309,120,50788
922854,0,35081,120,50788
922989,0,35081,120,50806
923039,0,34309,120,50806
923089,0,34309,120,50806
923139,0,34309,120,50806
923189,0,34309,120,50806
923239,0,34309,120,50806
923289,0,34309,120,50806
923339,0,34309,120,50806
923389,0,34309,120,50822
923439,0,33552,120,50822
923489,0,33552,120,50822
923539,0,33552,120,50822
923589,0,33552,119,50822
923639,0,34309,119,50822
923731,0,34309,119,50822
923781,0,34309,119,50822
923831,0,32842,119,50837
923881,0,32842,119,50837
923931,0,32842,119,50837
923981,0,32842,119,50837
924116,0,33552,118,50837
924166,0,33552,118,50837
924216,0,33552,118,50851
924266,0,32842,118,50851
924316,0,32842,118,50851
924366,0,32842,118,50851
924416,0,32842,118,50851
924466,0,33552,118,50851
924516,0,33552,118,50851
924566,0,33552,118,50851
924616,0,33552,118,50864
924666,0,34309,118,50864
924758,0,34309,118,50864
924808,0,34309,119,50864
924858,0,33552,119,50864
924908,0,33552,119,50864
924958,0,33552,119,50864
925008,0,33552,119,50876
925058,0,32842,119,50876
925108,0,32842,119,50876
925243,0,32842,118,50876
925293,0,32842,118,50876
925343,0,32842,118,50876
925393,0,32842,118,50887
925443,0,33552,118,50887
925493,0,33552,118,50887
925543,0,33552,118,50887
925593,0,33552,118,50887
925643,0,33552,118,50887
925693,0,33552,118,50887
925785,0,33552,118,50887
925835,0,32842,118,50898
925885,0,32842,118,50898
925935,0,32842,118,50898
925985,0,32842,118,50898
926035,0,32842,117,50898
926171,0,32842,117,50898
926221,0,32842,117,50908
926271,0,32842,117,50908
926321,0,32842,117,50908
926371,0,32842,117,50908
926421,0,32842,117,50908
926471,0,31498,117,50908
926521,0,31498,117,50908
926571,0,31498,117,50908
926621,0,31498,117,50918
926671,0,31498,117,50918
926721,0,31498,117,50918
926771,0,31498,117,50918
926863,0,31498,117,50918
926913,0,31498,117,50918
926963,0,31498,117,50918
927013,0,31498,117,50927
927063,0,30881,117,50927
927113,0,30881,117,50927
927163,0,30881,117,50927
927299,0,31498,118,50927
927349,0,31498,118,50927
927399,0,31498,118,50927
927449,0,31498,118,50936
927499,0,31498,118,50936
927549,0,31498,118,50936
927599,0,31498,118,50936
927649,0,30881,117,50936
927699,0,30881,117,50936
927749,0,30881,117,50936
927799,0,30881,117,50936
927891,0,30263,117,50945
927941,0,30263,117,50945
927991,0,30263,117,50945
928041,0,30263,117,50945
928091,0,30263,117,50945
928141,0,30263,117,50945
928191,0,30263,117,50945
928241,0,30263,117,50954
928291,0,30263,117,50954
928426,0,30263,117,50954
928476,0,30263,117,50954
928526,0,30263,117,50954
928576,0,30263,117,50954
928626,0,29120,117,50962
928676,0,29120,117,50962
928726,0,29120,117,50962
928776,0,29120,117,50962
928826,0,29692,117,50962
928918,0,29692,117,50962
928968,0,29692,117,50962
929018,0,29692,117,50962
929068,0,29120,117,50969
929118,0,29120,117,50969
929168,0,29120,117,50969
929218,0,29120,117,50969
929268,0,30263,117,50969
929318,0,30263,117,50969
929368,0,30263,117,50969
929418,0,30263,117,50969
929554,0,29692,117,50978
929604,0,29692,117,50978
929654,0,29692,117,50978
929704,0,29692,117,50978
929754,0,29692,117,50978
929804,0,29692,117,50978
929854,0,29692,117,50985
929947,0,29692,117,50985
929997,0,29692,117,50985
930047,0,29692,117,50985
930097,0,29692,117,50985
930147,0,29692,117,50985
930197,0,29692,117,50985
930247,0,29120,117,50991
930297,0,29120,117,50991
930347,0,29120,117,50991
930397,0,29120,117,50991
930447,0,29120,117,50991
930497,0,29120,117,50991
930547,0,29120,117,50991
930683,0,29120,117,50999
930733,0,29120,117,50999
930783,0,29120,117,50999
930833,0,28071,118,50999
930883,0,28071,118,50999
930933,0,28071,118,50999
931025,0,28071,118,50999
931075,0,28071,118,51006
931125,0,28071,118,51006
931175,0,28071,118,51006
931225,0,28071,118,51006
931275,0,28071,117,51006
931325,0,28071,117,51006
931375,0,28071,117,51006
931425,0,28071,117,51006
931475,0,28071,117,51012
931525,0,28071,117,51012
931575,0,28071,117,51012
931625,0,27561,117,51012
931675,0,27561,349,51012
931812,0,27561,349,51012
931862,0,27082,349,51007
931912,0,27082,349,51007
931962,0,27082,349,51007
932096,0,28071,195,51007
932146,0,28071,195,51007
932196,0,28071,195,51007
932246,0,28071,195,51012
932296,0,28071,195,51012
932346,0,28071,195,51012
932396,0,28071,195,51012
932446,0,28071,193,51012
932496,0,28071,193,51012
932546,0,28071,193,51012
932596,0,28071,193,51012
932646,0,27561,193,51018
932696,0,27561,193,51018
932746,0,27561,193,51018
932796,0,27561,193,51018
932846,0,27082,283,51018
933151,0,27082,283,51003
933201,0,27082,283,51003
933293,0,27082,372,51003
933343,0,27082,372,51003
933393,0,27082,372,51003
933443,0,27082,372,51002
933493,0,27082,372,51002
933543,0,27082,372,51002
933593,0,27082,372,51002
933643,0,27082,372,51002
933693,0,27082,375,51002
933743,0,27082,375,51002
933793,0,27082,375,51002
933843,0,27561,375,51002
933893,0,27561,375,51007
933943,0,27561,375,51007
933993,0,27561,375,51007
934043,0,27561,375,51007
934093,0,27561,370,51007
934143,0,27561,370,51007
934320,0,27082,370,51013
934412,0,27082,370,51013
934462,0,27561,369,51013
934512,0,27561,369,51013
934562,0,27561,369,51013
934612,0,27561,369,51013
934662,0,26619,369,51018
934712,0,26619,369,51018
934762,0,26619,369,51018
934812,0,26619,369,51018
934862,0,26619,368,51018
934912,0,26619,368,51018
934962,0,26619,368,51018
935012,0,26619,368,51018
935062,0,26619,368,51022
935112,0,26619,368,51022
935162,0,26619,368,51022
935212,0,26619,368,51022
935262,0,27082,368,51022
935355,0,27082,9246,51022
935491,0,27561,9246,49021
935541,0,27561,9246,49021
935591,0,27561,9246,49021
935641,0,27082,9246,49021
935691,0,27082,13827,49021
935741,0,27082,13827,49021
935791,0,27082,13827,49021
935841,0,28071,13827,49021
935891,0,28071,13827,48940
935941,0,28071,13827,48940
935991,0,28071,13827,48940
936041,0,28071,13827,48940
936091,0,28071,14007,48940
936141,0,28071,14007,48940
936191,0,28071,14007,48940
936241,0,27082,14007,48940
936333,0,27082,14007,48891
936383,0,27082,14007,48891
936433,0,28071,14007,48891
936483,0,28071,14189,48891
936619,0,28071,14189,48891
936669,0,28071,14189,48891
936719,0,28071,14189,48840
936769,0,28071,14189,48840
936819,0,28071,14189,48840
936869,0,28071,14189,48840
936919,0,28071,14393,48840
936969,0,28071,14393,48840
937019,0,28071,14393,48840
937069,0,28071,14393,48840
937119,0,28071,14393,48786
937169,0,28071,14393,48786
937219,0,28071,14393,48786
937311,0,28580,14566,48786
937361,0,28580,14566,48786
937411,0,28580,14566,48786
937461,0,29692,14566,48786
937511,0,29692,14566,48733
937561,0,29692,14566,48733
937611,0,29692,14566,48733
937747,0,29692,14741,48733
937797,0,29692,14741,48733
937847,0,29120,14741,48733
937897,0,29120,14741,48674
937947,0,29120,14741,48674
937997,0,29120,14741,48674
938047,0,29692,14741,48674
938097,0,29692,14940,48674
938147,0,29692,14940,48674
938197,0,29692,14940,48674
938289,0,30263,14940,48639
938339,0,30263,14940,48639
938389,0,30263,14940,48639
938439,0,30263,14940,48639
938489,0,30263,15125,48639
938539,0,30263,15125,48639
938589,0,30263,15125,48639
938639,0,30263,15125,48639
938689,0,30263,15125,48580
938739,0,30263,15125,48580
938875,0,30263,15125,48580
938925,0,30263,15307,48580
938975,0,30263,15307,48580
939025,0,30881,15307,48580
939075,0,30881,15307,48580
939125,0,30881,15307,48539
939175,0,30881,15307,48539
939267,0,31498,15307,48539
939317,0,31498,15463,48539
939367,0,31498,15463,48539
939417,0,31498,15463,48539
939467,0,30881,15463,48539
939517,0,30881,15463,48483
939567,0,30881,15463,48483
939617,0,30881,15463,48483
939667,0,31498,15463,48483
939717,0,31498,15614,48483
939767,0,31498,15614,48483
939817,0,31498,15614,48483
939867,0,30881,15614,48483
940002,0,30881,15614,48452
940052,0,31498,15614,48452
940102,0,31498,15770,48452
940152,0,31498,15770,48452
940244,0,31498,15770,48452
940294,0,31498,15770,48408
940344,0,31498,15770,48408
940394,0,31498,15770,48408
940444,0,31498,15770,48408
940494,0,31498,15915,48408
940544,0,31498,15915,48408
940594,0,31498,15915,48408
940644,0,32162,15915,48408
940694,0,32162,15915,48378
940744,0,32162,15915,48378
940794,0,32162,15915,48378
940929,0,32162,16051,48378
940979,0,32162,16051,48378
941029,0,32162,16051,48378
941079,0,32162,16051,48378
941129,0,32162,16051,48336
941221,0,32162,16051,48336
941271,0,32842,16051,48336
941321,0,32842,16199,48336
941371,0,32842,16199,48336
941421,0,32842,16199,48336
941471,0,32842,16199,48336
941521,0,32842,16199,48316
941571,0,32842,16199,48316
941621,0,32842,16199,48316
941671,0,32162,16199,48316
941721,0,32162,16319,48316
941771,0,32162,16319,48316
941821,0,32162,16319,48316
941871,0,32842,16319,48316
941921,0,32842,16319,48269
942057,0,33552,16319,48269
942107,0,33552,16319,48269
942157,0,33552,16447,48269
942249,0,32842,16447,48269
942299,0,32842,16447,48269
942349,0,32842,16447,48215
942399,0,32842,16447,48215
942449,0,32842,16447,48215
942499,0,32842,16447,48215
942549,0,32842,16600,48215
942599,0,32842,16600,48215
942649,0,32842,16600,48215
942699,0,32842,16600,48215
942749,0,32842,16600,48165
942799,0,32842,16600,48165
942849,0,32842,16600,48165
942899,0,32842,16600,48165
942949,0,32842,16789,48165
942999,0,32842,16789,48165
943049,0,32842,16789,48165
943227,0,33552,16789,48149
943277,0,33552,16789,48149
943327,0,33552,16913,48149
943377,0,33552,16913,48149
943427,0,33552,16913,48149
943477,0,33552,16913,48149
943527,0,33552,16913,48111
943577,0,33552,16913,48111
943627,0,33552,16913,48111
943677,0,33552,16913,48111
943727,0,33552,17036,48111
943777,0,33552,17036,48111
943827,0,33552,17036,48111
943877,0,33552,17036,48111
943927,0,33552,17036,48093
943977,0,33552,17036,48093
944027,0,34309,17036,48093
944119,0,34309,17117,48093
944169,0,34309,17117,48093
944219,0,34309,17117,48093
944355,0,34309,17117,48028
944405,0,34309,17117,48028
944455,0,35081,17117,48028
944505,0,35081,17117,48028
944555,0,35081,17333,48028
944605,0,35081,17333,48028
944655,0,34309,17333,48028
944705,0,34309,17333,48028
944755,0,34309,17333,47985
944805,0,34309,17333,47985
944855,0,33552,17333,47985
944905,0,33552,17333,47985
944955,0,33552,17520,47985
945005,0,33552,17520,47985
945097,0,33552,17520,47985
945147,0,33552,17520,50545
945197,0,33552,17520,50545
945247,0,34309,17520,50545
945297,0,34309,17520,50545
945347,0,34309,396,50545
945483,0,34309,396,50545
945533,0,34309,396,50604
945583,0,34309,396,50604
945633,0,34309,396,50604
945683,0,34309,396,50604
945733,0,34309,130,50604
945783,0,34309,130,50604
945833,0,34309,130,50604
945883,0,34309,130,50604
945933,0,34309,130,50642
945983,0,34309,130,50642
946033,0,34309,130,50642
946126,0,34309,130,50642
946176,0,34309,124,50642
946226,0,34309,124,50642
946276,0,34309,124,50642
946326,0,34309,124,50642
946376,0,34309,124,50672
946426,0,34176,124,50672
946476,0,34043,124,50672
946611,0,33685,122,50672
946661,0,33552,122,50672
946711,0,33552,122,50672
946761,0,33552,122,50696
946811,0,33552,122,50696
946861,0,33552,122,50696
946911,0,33552,122,50696
946961,0,33552,120,50696
947011,0,33552,120,50696
947061,0,33552,120,50696
947153,0,33552,120,50717
947203,0,33552,120,50717
947253,0,33552,120,50717
947303,0,33552,120,50717
947353,0,33552,120,50717
947403,0,33552,120,50717
947453,0,33552,120,50717
947503,0,33552,120,50717
947553,0,33552,120,50734
947603,0,33552,120,50734
947738,0,34309,119,50734
947788,0,34309,119,50734
947838,0,34309,119,50734
947888,0,34309,119,50734
947938,0,34309,119,50752
947988,0,34309,119,50752
948038,0,34309,119,50752
948088,0,34309,119,50752
948138,0,34309,119,50752
948230,0,33552,119,50752
948280,0,33552,119,50752
948330,0,33552,119,50752
948380,0,33552,119,50766
948430,0,34309,119,50766
948480,0,34309,119,50766
948530,0,34309,119,50766
948580,0,34309,119,50766
948630,0,32842,119,50766
948680,0,32842,119,50766
948730,0,32842,119,50766
948867,0,32842,119,50780
948917,0,32842,119,50780
948967,0,32842,119,50780
949017,0,32842,119,50780
949067,0,32162,119,50780
949117,0,32162,119,50780
949167,0,32162,119,50793
949259,0,32842,119,50793
949309,0,32842,119,50793
949359,0,32842,118,50793
949409,0,32842,118,50793
949459,0,32842,118,50793
949509,0,32842,118,50793
949559,0,32842,118,50805
949609,0,32842,118,50805
949659,0,32842,118,50805
949709,0,32842,118,50805
949759,0,32842,119,50805
949809,0,32842,119,50805
949859,0,32842,119,50805
949994,0,32842,119,50817
950044,0,33552,119,50817
950094,0,33552,119,50817
950144,0,33552,119,50817
950194,0,33552,119,50817
950286,0,33552,119,50817
950336,0,33552,119,50817
950386,0,33552,119,50828
950436,0,33552,119,50828
950486,0,33552,119,50828
950536,0,33552,119,50828
950586,0,33552,118,50828
950636,0,32842,118,50828
950686,0,32842,118,50828
950736,0,32842,118,50828
950786,0,32842,118,50838
950836,0,33552,118,50838
950886,0,33552,118,50838
950936,0,33552,118,50838
950986,0,33552,118,50838
951122,0,33552,118,50838
951172,0,33552,118,50848
951222,0,33552,118,50848
951314,0,32842,118,50848
951364,0,32842,118,50848
951414,0,32842,117,50848
951464,0,32842,117,50848
951514,0,32842,117,50848
951564,0,32842,117,50848
951614,0,32842,117,50858
951664,0,33552,117,50858
951714,0,33552,117,50858
951764,0,33552,117,50858
951814,0,33552,118,50858
951864,0,32162,118,50858
951914,0,32162,118,50858
951964,0,32162,118,50858
952014,0,32162,118,50867
952064,0,32162,118,50867
952114,0,32162,118,50867
952250,0,32162,118,50867
952300,0,32162,118,50867
952392,0,32162,118,50876
952442,0,32162,118,50876
952492,0,32162,118,50876
952542,0,32162,118,50876
952592,0,32162,117,50876
952642,0,32162,117,50876
952692,0,32162,117,50876
952742,0,32162,117,50876
952792,0,32162,117,50884
952842,0,31498,117,50884
952892,0,31498,117,50884
952942,0,31498,117,50884
952992,0,31498,118,50884
953042,0,32162,118,50884
953092,0,32162,118,50884
953142,0,32162,118,50884
953192,0,32162,118,50892
953242,0,32162,118,50892
953420,0,32162,117,50892
953470,0,31498,117,50892
953520,0,31498,117,50892
953570,0,31498,117,50892
953620,0,31498,117,50900
953670,0,31498,117,50900
953720,0,31498,117,50900
953770,0,31498,117,50900
953820,0,31498,118,50900
953870,0,30881,118,50900
953920,0,30881,118,50900
953970,0,30881,118,50900
954020,0,30881,118,50908
954070,0,30881,118,50908
954120,0,30881,118,50908
954170,0,30881,118,50908
954220,0,30881,117,50908
954270,0,31498,117,50908
954362,0,31498,117,50908
954412,0,31498,117,50915
954548,0,31498,117,50915
954598,0,31498,117,50915
954648,0,30881,117,50915
954698,0,30881,117,50915
954748,0,30881,117,50915
954798,0,30881,117,50922
954848,0,30881,117,50922
954898,0,30881,117,50922
954948,0,30881,117,50922
954998,0,30881,118,50922
955048,0,30263,118,50922
955098,0,30263,118,50922
955148,0,30263,118,50922
955198,0,30263,118,50929
955248,0,30263,118,50929
955298,0,30263,118,50929
955433,0,30263,117,50929
955525,0,30263,117,50929
955575,0,30263,117,50929
955625,0,30263,117,50936
955675,0,30263,117,50936
955725,0,30263,117,50936
955775,0,30263,117,50936
955825,0,30263,117,50936
955875,0,30263,117,50936
955925,0,30263,117,50936
955975,0,30263,117,50936
956025,0,30263,117,50942
956075,0,30263,117,50942
956125,0,30263,117,50942
956175,0,30263,117,50942
956225,0,30203,117,50942
956275,0,30143,117,50942
956325,0,30083,117,50942
956375,0,30024,117,50942
956467,0,29913,117,50949
956602,0,29752,117,50949
956652,0,29692,117,50949
956702,0,29692,117,50949
956752,0,29692,117,50949
956802,0,29692,117,50949
956852,0,29692,117,50955
956902,0,29692,117,50955
956952,0,29692,117,50955
957002,0,29692,117,50955
957052,0,29692,118,50955
957102,0,29692,118,50955
957152,0,29692,118,50955
957202,0,29692,118,50955
957252,0,29692,118,50961
957302,0,29692,118,50961
957352,0,29692,118,50961
957402,0,29692,118,50961
957452,0,29692,117,50961
957544,0,29692,117,50961
957594,0,29692,117,50961
957729,0,29692,117,50967
957779,0,29692,117,50967
957829,0,29120,117,50967
957879,0,29120,117,50967
957929,0,29120,117,50967
957979,0,29120,117,50967
958029,0,29692,117,50972
958079,0,29692,117,50972
958129,0,29692,117,50972
958179,0,29692,117,50972
958229,0,29120,117,50972
958279,0,29120,117,50972
958329,0,29120,117,50972
958379,0,29120,117,50972
958429,0,29120,117,50978
958479,0,29120,117,50978
958571,0,29120,117,50978
958621,0,29120,117,50978
958671,0,29692,117,50978
958721,0,29692,117,50978
958856,0,29120,117,50983
958906,0,29120,117,50983
958956,0,29120,117,50983
959006,0,29120,117,50983
959056,0,30263,117,50983
959106,0,30263,117,50983
959156,0,30263,117,50983
959206,0,30263,117,50983
959256,0,29692,117,50988
959306,0,29692,117,50988
959356,0,29692,117,50988
959406,0,29692,117,50988
959456,0,29692,118,50988
959506,0,29692,118,50988
959556,0,29692,118,50988
959648,0,29692,118,50994
959698,0,29692,118,50994
959748,0,29692,118,50994
959798,0,29692,118,50994
959848,0,29120,117,50994
959984,0,29120,117,50994
960034,0,29692,117,50999
960084,0,29692,117,50999
960134,0,29692,117,50999
960184,0,29692,117,50999
960234,0,29120,117,50999
960284,0,29120,117,50999
960334,0,29120,117,50999
960384,0,29120,117,50999
960434,0,29120,117,51004
960484,0,29120,117,51004
960534,0,29120,117,51004
960584,0,29120,117,51004
960676,0,28580,117,51004
960726,0,28580,117,51004
960776,0,28580,117,51004
960826,0,28580,117,51009
960876,0,28580,117,51009
960926,0,28580,117,51009
960976,0,28580,117,51009
961112,0,28071,117,51009
961162,0,28071,117,51009
961212,0,28071,117,51009
961262,0,28071,117,51013
961312,0,28071,117,51013
961362,0,28071,117,51013
961412,0,28071,117,51013
961462,0,27561,117,51013
961512,0,27561,117,51013
961562,0,27561,117,51013
961612,0,27561,117,51013
961704,0,28071,117,51018
961754,0,28071,117,51018
961804,0,28071,117,51018
961854,0,28580,117,51018
961904,0,28580,117,51018
961954,0,28580,117,51018
962004,0,28580,117,51018
962054,0,28071,117,51023
962104,0,28071,117,51023
962240,0,28071,117,51023
962290,0,28071,118,51023
962340,0,28071,118,51023
962390,0,28071,118,51023
962440,0,28071,118,51023
962490,0,28071,118,51027
962540,0,28071,118,51027
962590,0,28071,118,51027
962640,0,27561,118,51027
962733,0,27561,118,51027
962783,0,27561,118,51027
962833,0,27082,118,51027
962883,0,27082,118,51032
962933,0,27082,118,51032
962983,0,27082,118,51032
963033,0,27082,118,51032
963083,0,27082,117,51032
963133,0,27082,117,51032
963183,0,27082,117,51032
963233,0,27082,117,51032
963369,0,27082,117,51036
963419,0,27082,117,51036
963469,0,27561,116,51036
963519,0,27561,116,51036
963569,0,27561,116,51036
963619,0,27561,116,51036
963669,0,27082,116,51041
963719,0,27082,116,51041
963811,0,27082,116,51041
963861,0,27082,117,51041
963911,0,27082,117,51041
963961,0,27082,117,51041
964011,0,27082,117,51041
964061,0,27082,117,51045
964111,0,27082,117,51045
964161,0,27082,117,51045
964211,0,27082,117,51045
964261,0,26619,117,51045
964311,0,26619,117,51045
964361,0,26619,117,51045
964496,0,26619,117,51049
964546,0,26619,117,51049
964596,0,26619,117,51049
964646,0,26619,117,51049
964696,0,26619,117,51049
964746,0,26619,117,51049
964880,0,26156,117,51053
964930,0,26156,117,51053
964980,0,26156,117,51053
965030,0,27082,117,51053
965080,0,27082,117,51053
965130,0,27082,117,51053
965180,0,27082,117,51053
965230,0,27082,117,51053
965280,0,27082,117,51057
965330,0,27082,117,51057
965380,0,27082,117,51057
965430,0,26156,117,51057
965480,0,26156,116,51057
965530,0,26156,116,51057
965835,0,25724,116,51061
965885,0,25724,117,51061
965935,0,25724,117,51061
965985,0,25724,117,51061
966079,0,25724,117,51065
966129,0,25724,117,51065
966179,0,25724,117,51065
966229,0,26156,117,51065
966279,0,26156,117,51065
966329,0,26156,117,51065
966379,0,26156,117,51065
966429,0,25724,117,51065
966479,0,25724,117,51069
966529,0,25724,117,51069
966579,0,25724,117,51069
966629,0,25724,117,51069
966679,0,25724,118,51069
966729,0,25724,118,51069
966779,0,25724,118,51069
966829,0,25307,118,51069
967006,0,25307,118,51072
967056,0,24890,118,51072
967106,0,24890,116,51072
967198,0,24890,116,51072
967248,0,25307,116,51072
967298,0,25307,116,51076
967348,0,25307,116,51076
967398,0,25307,116,51076
967448,0,25307,116,51076
967498,0,25307,117,51076
967548,0,25307,117,51076
967598,0,25307,117,51076
967648,0,25307,117,51076
967698,0,25307,117,51079
967748,0,25307,117,51079
967798,0,25307,117,51079
967848,0,24504,117,51079
967898,0,24504,117,51079
967948,0,24504,117,51079
967998,0,24504,117,51079
968134,0,24504,117,51082
968226,0,24118,117,51082
968276,0,24118,117,51082
968326,0,24118,117,51082
968376,0,24118,117,51082
968426,0,25307,117,51082
968476,0,25307,117,51082
968526,0,25307,117,51085
968576,0,25307,117,51085
968626,0,24890,117,51085
968676,0,24890,117,51085
968726,0,24890,117,51085
968776,0,24890,117,51085
968826,0,24118,117,51085
968876,0,24118,117,51085
968926,0,24118,117,51088
968976,0,24118,117,51088
969026,0,24118,117,51088
969076,0,24118,117,51088
969168,0,24118,117,51088
969304,0,23747,117,51092
969354,0,23747,117,51092
969404,0,23747,117,51092
969454,0,24504,117,51092
969504,0,24504,117,51092
969554,0,24504,117,51092
969604,0,24504,117,51092
969654,0,24504,117,51092
969704,0,24504,117,51095
969754,0,24504,117,51095
969804,0,24504,117,51095
969854,0,23747,117,51095
969904,0,23747,117,51095
969954,0,23747,117,51095
970004,0,23747,117,51095
970054,0,23392,117,51095
970189,0,23392,117,51099
970281,0,24118,117,51099
970331,0,24118,118,51099
970381,0,24118,118,51099
970431,0,24118,118,51099
970481,0,24118,118,51099
970531,0,24118,118,51102
970581,0,24118,118,51102
970631,0,23392,118,51102
970681,0,23392,118,51102
970731,0,23392,118,51102
970781,0,23392,118,51102
970831,0,23392,118,51102
970881,0,23392,118,51102
970931,0,23392,118,51105
970981,0,23392,118,51105
971031,0,23747,118,51105
971081,0,23747,118,51105
971131,0,23747,117,51105
971181,0,23747,117,51105
971359,0,23392,117,51108
971409,0,23392,117,51108
971459,0,23037,117,51108
971509,0,23037,117,51108
971559,0,23037,117,51108
971609,0,23037,117,51108
971659,0,22697,117,51108
971709,0,22697,117,51110
971759,0,22697,117,51110
971809,0,22697,117,51110
971859,0,23392,117,51110
971909,0,23392,117,51110
971959,0,23392,117,51110
972009,0,23392,117,51110
972059,0,23037,117,51110
972109,0,23037,117,51114
972159,0,23037,117,51114
972209,0,23037,117,51114
972301,0,22373,117,51114
972351,0,22373,117,51114
972486,0,22373,117,51114
972536,0,22373,117,51116
972586,0,22373,117,51116
972636,0,23037,117,51116
972686,0,23037,117,51116
972736,0,23037,117,51116
972786,0,23037,117,51116
972836,0,22373,117,51116
972886,0,22373,117,51116
972936,0,22373,117,51120
972986,0,22373,117,51120
973036,0,21740,117,51120
973086,0,21740,117,51120
973136,0,21740,117,51120
973186,0,21740,117,51120
973236,0,22373,117,51120
973328,0,22373,117,51122
973378,0,22373,117,51122
973428,0,22373,117,51122
973478,0,22373,117,51122
973613,0,22373,117,51122
973663,0,21138,117,51122
973713,0,21138,117,51125
973763,0,21138,117,51125
973813,0,21138,117,51125
973863,0,21431,117,51125
973913,0,21431,117,51125
973963,0,21431,117,51125
974013,0,21431,117,51125
974063,0,21431,117,51125
974113,0,21431,117,51128
974163,0,21431,117,51128
974213,0,21431,117,51128
974263,0,21138,117,51128
974313,0,21138,117,51128
974405,0,21138,117,51128
974455,0,21138,117,51128
974505,0,21138,117,51128
974555,0,21138,117,51130
974605,0,21138,117,51130
974741,0,21740,117,51130
974791,0,21740,117,51130
974841,0,21138,117,51130
974891,0,21138,117,51130
974941,0,21138,117,51132
974991,0,21138,117,51132
975041,0,20582,117,51132
975091,0,20582,117,51132
975141,0,20582,117,51132
975191,0,20582,117,51132
975241,0,20860,117,51132
975291,0,20860,117,51132
975341,0,20860,117,51136
975433,0,21138,117,51136
975483,0,21138,117,51136
975533,0,21138,117,51136
975583,0,21138,117,51136
975633,0,20304,117,51136
975683,0,20304,117,51136
975733,0,20304,117,51138
975868,0,20860,117,51138
975918,0,20860,117,51138
975968,0,20860,117,51138
976018,0,20860,117,51138
976068,0,20582,117,51138
976118,0,20582,117,51138
976168,0,20582,117,51140
976218,0,20582,117,51140
976268,0,20041,117,51140
976318,0,20041,117,51140
976368,0,20041,118,51140
976460,0,20304,118,51140
976510,0,20304,118,51140
976560,0,20304,118,51143
976610,0,20304,118,51143
976660,0,19794,118,51143
976710,0,19794,118,51143
976760,0,19794,117,51143
976810,0,19794,117,51143
976860,0,19794,117,51143
976996,0,19794,117,51145
977046,0,20041,117,51145
977096,0,20041,117,51145
977146,0,20041,117,51145
977196,0,20041,117,51145
977246,0,19532,117,51145
977296,0,19532,117,51145
977346,0,19532,117,51148
977396,0,19532,117,51148
977488,0,19532,117,51148
977538,0,19532,117,51148
977588,0,19532,117,51148
977638,0,19794,117,51148
977688,0,19794,117,51148
977738,0,19794,117,51148
977788,0,19794,117,51150
977838,0,19300,117,51150
977888,0,19300,117,51150
977938,0,19300,117,51150
977988,0,19300,116,51150
978124,0,19532,116,51150
978174,0,19532,116,51153
978224,0,19532,116,51153
978274,0,19532,116,51153
978324,0,19532,116,51153
978374,0,19532,116,51153
978424,0,19300,116,51153
978474,0,19300,116,51153
978566,0,19300,116,51155
978616,0,19300,116,51155
978666,0,19053,116,51155
978716,0,19053,116,51155
978766,0,19053,117,51155
978816,0,19053,117,51155
978866,0,18822,117,51155
978916,0,18822,117,51155
978966,0,18822,117,51157
979016,0,18822,117,51157
979066,0,18590,117,51157
979116,0,18590,117,51157
979252,0,18822,117,51157
979302,0,18822,117,51157
979352,0,18822,117,51160
979402,0,18822,117,51160
979452,0,18374,117,51160
979502,0,18374,117,51160
979595,0,18374,117,51160
979645,0,18822,117,51160
979695,0,18822,117,51160
979745,0,18822,117,51160
979795,0,18822,117,51162
979845,0,18158,117,51162
979895,0,18158,117,51162
979945,0,18158,117,51162
979995,0,18158,116,51162
980045,0,18158,116,51162
980095,0,18158,116,51162
980145,0,18158,116,51162
980195,0,18158,116,51164
980245,0,18374,116,51164
980380,0,18374,117,51164
980430,0,17941,117,51164
980480,0,17941,117,51164
980530,0,17941,117,51164
980622,0,17941,117,51166
980672,0,18158,117,51166
980722,0,18158,117,51166
980772,0,18158,117,51166
980822,0,18158,117,51166
980872,0,17941,117,51166
980922,0,17941,117,51166
980972,0,17941,117,51167
981022,0,17941,117,51167
981072,0,17941,117,51167
981122,0,17941,117,51167
981172,0,17941,117,51167
981222,0,17941,117,51167
981272,0,17941,117,51167
981322,0,17941,117,51167
981372,0,17941,117,51170
981507,0,17339,117,51170
981557,0,17339,117,51170
981607,0,17339,117,51170
981699,0,17741,117,51170
981749,0,17741,117,51170
981799,0,17741,117,51172
981849,0,17154,117,51172
981899,0,17154,117,51172
981949,0,17154,117,51172
981999,0,17154,117,51172
982049,0,17339,117,51172
982099,0,17339,117,51172
982149,0,17339,117,51172
982199,0,17339,117,51175
982249,0,17154,117,51175
982299,0,17154,117,51175
982349,0,17154,117,51175
982399,0,17154,117,51175
982449,0,17154,117,51175
982499,0,17154,117,51175
982634,0,16953,117,51176
982726,0,16953,117,51176
982776,0,16953,117,51176
982826,0,17154,117,51176
982876,0,17154,117,51176
982926,0,17154,117,51176
982976,0,17154,117,51176
983026,0,16953,117,51178
983076,0,16953,117,51178
983126,0,16953,117,51178
983176,0,16953,117,51178
983226,0,16598,117,51178
983276,0,16598,117,51178
983326,0,16598,117,51178
983376,0,16598,117,51178
983426,0,16953,117,51180
983476,0,16953,117,51180
983526,0,16953,117,51180
983576,0,16953,117,51180
983668,0,16413,116,51180
983803,0,16413,116,51181
983853,0,16953,116,51181
983903,0,16953,116,51181
983953,0,16953,116,51181
984003,0,16953,117,51181
984053,0,16243,117,51181
984103,0,16243,117,51181
984153,0,16243,117,51181
984203,0,16243,117,51184
984253,0,16598,117,51184
984303,0,16598,117,51184
984353,0,16598,117,51184
984403,0,16598,117,51184
984453,0,16073,117,51184
984503,0,16073,117,51184
984553,0,16073,117,51184
984690,0,16598,117,51187
984782,0,16598,117,51187
984832,0,16073,118,51187
984882,0,16073,118,51187
984932,0,16073,118,51187
984982,0,16073,118,51187
985032,0,16073,118,51188
985082,0,16073,118,51188
985132,0,16073,118,51188
985182,0,16073,118,51188
985232,0,15903,117,51188
985282,0,15903,117,51188
985332,0,15903,117,51188
985382,0,15903,117,51188
985432,0,16243,117,51190
985482,0,16243,117,51190
985532,0,16243,117,51190
985582,0,16243,117,51190
985632,0,15749,117,51190
985682,0,15749,117,51190
985860,0,16073,117,51192
985910,0,16073,117,51192
985960,0,16073,117,51192
986010,0,16073,117,51192
986060,0,15440,117,51192
986110,0,15440,117,51192
986160,0,15440,117,51192
986210,0,15440,117,51193
986260,0,15903,117,51193
986310,0,15903,117,51193
986360,0,15903,117,51193
986410,0,15903,117,51193
986460,0,15440,117,51193
986510,0,15440,117,51193
986560,0,15440,117,51193
986610,0,15440,117,51195
986660,0,15749,117,51195
986710,0,15749,117,51195
986803,0,15749,116,51195
986853,0,15286,116,51195
986989,0,15286,116,51195
987039,0,15749,116,51197
987089,0,15749,116,51197
987139,0,15749,116,51197
987189,0,15749,116,51197
987239,0,15131,117,51197
987289,0,15131,117,51197
987339,0,15131,117,51197
987389,0,15131,117,51197
987439,0,15595,117,51199
987489,0,15595,117,51199
987539,0,15595,117,51199
987589,0,15595,117,51199
987639,0,14977,116,51199
987689,0,14977,116,51199
987739,0,14977,116,51199
987832,0,15286,116,51201
987882,0,15286,116,51201
987932,0,15286,116,51201
987982,0,15286,116,51201
988117,0,14838,116,51201
988167,0,14838,116,51201
988217,0,14838,116,51202
988267,0,15440,116,51202
988317,0,15440,116,51202
988367,0,15440,116,51202
988417,0,15440,116,51202
988467,0,14699,117,51202
988517,0,14699,117,51202
988567,0,14699,117,51202
988617,0,14699,117,51202
988667,0,14838,117,51204
988717,0,14838,117,51204
988767,0,14838,117,51204
988817,0,14838,117,51204
988909,0,14560,117,51204
988959,0,14560,117,51204
989009,0,14560,117,51204
989059,0,14977,117,51206
989109,0,14977,117,51206
989244,0,14421,116,51206
989294,0,14421,116,51206
989344,0,14421,116,51206
989394,0,14421,116,51206
989444,0,14838,116,51207
989494,0,14838,116,51207
989544,0,14838,116,51207
989594,0,14838,116,51207
989644,0,14282,117,51207
989694,0,14282,117,51207
989744,0,14282,117,51207
989794,0,14282,117,51207
989844,0,14699,117,51209
989936,0,14699,117,51209
989986,0,14699,117,51209
990036,0,14159,117,51209
990086,0,14159,117,51209
990136,0,14159,117,51209
990186,0,14159,117,51209
990236,0,14421,117,51211
990371,0,14421,117,51211
990421,0,14421,117,51211
990471,0,14035,117,51211
990521,0,14035,117,51211
990571,0,14035,117,51211
990621,0,14035,117,51211
990671,0,14035,117,51212
990721,0,14035,117,51212
990771,0,14035,117,51212
990821,0,14035,117,51212
990871,0,14282,117,51212
990963,0,14282,117,51212
991013,0,14282,117,51212
991063,0,13896,117,51214
991113,0,13896,117,51214
991163,0,13896,117,51214
991213,0,13896,117,51214
991263,0,14282,116,51214
991313,0,14282,116,51214
991363,0,14282,116,51214
991499,0,13773,116,51215
991549,0,13773,116,51215
991599,0,13773,116,51215
991649,0,14035,117,51215
991699,0,14035,117,51215
991749,0,14035,117,51215
991799,0,14035,117,51215
991849,0,13541,117,51217
991899,0,13541,117,51217
991991,0,13541,117,51217
992041,0,14035,116,51217
992091,0,14035,116,51217
992141,0,14035,116,51217
992191,0,14035,116,51217
992241,0,13649,116,51218
992291,0,13649,116,51218
992341,0,13649,116,51218
992391,0,13649,116,51218
992441,0,13896,116,51218
992491,0,13896,116,51218
992626,0,13896,116,51218
992676,0,13896,116,51220
992726,0,13896,116,51220
992776,0,13896,116,51220
992826,0,13649,116,51220
992876,0,13649,116,51220
992926,0,13649,116,51220
992976,0,13649,116,51220
993068,0,13773,116,51222
993118,0,13773,116,51222
993168,0,13773,116,51222
993218,0,13773,116,51222
993268,0,13309,116,51222
993318,0,13309,116,51222
993368,0,13309,116,51222
993418,0,13309,116,51222
993468,0,13649,116,51223
993518,0,13649,116,51223
993568,0,13649,116,51223
993618,0,13649,116,51223
993754,0,13309,117,51223
993804,0,13309,117,51223
993854,0,13541,117,51225
993904,0,13541,117,51225
993954,0,13541,117,51225
994004,0,13541,117,51225
994096,0,13078,116,51225
994146,0,13078,116,51225
994196,0,13078,116,51225
994246,0,13078,116,51225
994296,0,13078,116,51225
994346,0,13078,116,51225
994396,0,13078,116,51225
994446,0,13417,116,51225
994496,0,13417,117,51225
994546,0,13417,117,51225
994596,0,13417,117,51225
994646,0,13078,117,51225
994696,0,13078,117,51228
994746,0,13078,117,51228
994882,0,13186,117,51228
994932,0,13186,117,51228
994982,0,13186,117,51228
995032,0,12970,117,51228
995124,0,12970,117,51229
995174,0,12970,117,51229
995224,0,13078,117,51229
995274,0,13078,116,51229
995324,0,13078,116,51229
995374,0,13078,116,51229
995424,0,13078,116,51229
995474,0,13078,116,51230
995524,0,13078,116,51230
995574,0,13078,116,51230
995624,0,12862,116,51230
995674,0,12862,117,51230
995724,0,12862,117,51230
995774,0,12862,117,51230
995824,0,12970,117,51230
995874,0,12970,117,51232
996010,0,12970,117,51232
996060,0,12753,117,51232
996110,0,12753,117,51232
996203,0,12753,117,51232
996253,0,12862,117,51232
996303,0,12862,117,51233
996353,0,12862,117,51233
996403,0,12862,117,51233
996453,0,12445,117,51233
996503,0,12445,117,51233
996553,0,12445,117,51233
996603,0,12445,117,51233
996653,0,12445,117,51233
996703,0,12445,117,51235
996753,0,12445,117,51235
996803,0,12445,117,51235
996853,0,12753,117,51235
996903,0,12753,117,51235
996953,0,12753,117,51235
997003,0,12753,117,51235
997139,0,12352,117,51236
997232,0,12645,117,51236
997282,0,12645,117,51236
997332,0,12645,117,51236
997382,0,12645,117,51236
997432,0,12244,117,51236
997482,0,12244,117,51237
997532,0,12244,117,51237
997582,0,12244,117,51237
997632,0,12244,117,51237
997682,0,12244,116,51237
997732,0,12244,116,51237
997782,0,12244,116,51237
997832,0,12553,116,51237
997882,0,12553,116,51239
997932,0,12553,116,51239
997982,0,12553,116,51239
998032,0,11966,116,51239
998082,0,11966,117,51239
998216,0,11966,117,51239
998521,0,11966,117,51239
998571,0,11966,117,51239
998621,0,11966,117,51239
998671,0,11966,117,51239
998721,0,11966,117,51242
998771,0,11966,117,51242
998821,0,11966,117,51242
998871,0,12059,117,51242
998921,0,12059,116,51242
998971,0,12059,116,51242
999021,0,12059,116,51242
999071,0,11688,116,51242
999121,0,11688,116,51243
999171,0,11688,116,51243
999221,0,11688,116,51243
999271,0,11873,116,51243
999448,0,11873,116,51243
999540,0,11873,116,51243
999590,0,11873,116,51243
999640,0,11518,116,51243
999690,0,11518,117,51243
999740,0,11518,117,51243
999790,0,11518,117,51243
999840,0,11688,117,51243
999890,0,11688,117,51245
999940,0,11688,117,51245
999990,0,11688,117,51245
1000040,0,11426,117,51245
1000090,0,11426,117,51245
1000140,0,11426,117,51245
1000190,0,11426,117,51245
1000240,0,11426,117,51245
1000290,0,11426,117,51247
1000340,0,11426,117,51247
1000390,0,11426,117,51247
1000482,0,11518,117,51247
1000618,0,11518,117,51247
1000668,0,11256,117,51247
1000718,0,11256,117,51248
1000768,0,11256,117,51248
1000818,0,11256,117,51248
1000868,0,11348,117,51248
1000918,0,11348,117,51248
1000968,0,11348,117,51248
1001018,0,11348,117,51248
1001068,0,11348,117,51248
1001118,0,11348,117,51250
1001168,0,11348,117,51250
1001218,0,11348,117,51250
1001268,0,11101,117,51250
1001318,0,11101,116,51250
1001368,0,11101,116,51250
1001418,0,11101,116,51250
1001510,0,11256,116,51250
1001560,0,11256,116,51250
1001610,0,11256,116,51250
1001747,0,11256,117,51250
1001797,0,11256,117,51250
1001847,0,10792,117,51250
1001897,0,10792,117,51250
1001947,0,10792,117,51251
1001997,0,10792,117,51251
1002047,0,11024,117,51251
1002097,0,11024,117,51251
1002147,0,11024,117,51251
1002197,0,11024,117,51251
1002247,0,10792,117,51251
1002297,0,10792,117,51251
1002347,0,10792,117,51252
1002397,0,10792,117,51252
1002447,0,10792,117,51252
1002539,0,10792,116,51252
1002589,0,10792,116,51252
1002639,0,10870,116,51252
1002689,0,10870,116,51252
1002739,0,10870,116,51253
1002875,0,10561,116,51253
1002925,0,10561,116,51253
1002975,0,10561,116,51253
1003025,0,10561,116,51253
1003075,0,10561,116,51253
1003125,0,10561,116,51254
1003175,0,10561,116,51254
1003225,0,10638,116,51254
1003275,0,10638,116,51254
1003325,0,10638,116,51254
1003375,0,10638,116,51254
1003425,0,10360,116,51254
1003517,0,10360,116,51256
1003567,0,10360,116,51256
1003617,0,10360,116,51256
1003667,0,10360,116,51256
1003717,0,10360,115,51256
1003767,0,10360,115,51256
1003817,0,10360,115,51256
1003867,0,10499,115,51256
1004003,0,10499,115,51257
1004053,0,10144,115,51257
1004103,0,10144,115,51257
1004153,0,10144,117,51257
1004203,0,10144,117,51257
1004253,0,10144,117,51257
1004303,0,10144,117,51257
1004353,0,10144,117,51258
1004403,0,10144,117,51258
1004453,0,10422,117,51258
1004546,0,10422,117,51258
1004596,0,10422,117,51258
1004646,0,10020,117,51258
1004696,0,10020,117,51258
1004746,0,10020,117,51260
1004796,0,10020,117,51260
1004846,0,10020,117,51260
1004896,0,10020,117,51260
1004946,0,10020,116,51260
1004996,0,10020,116,51260
1005131,0,10221,116,51260
1005181,0,10221,116,51260
1005231,0,9897,116,51260
1005281,0,9897,116,51260
1005331,0,9897,116,51260
1005381,0,9897,116,51260
1005431,0,9897,116,51260
1005481,0,9897,116,51260
1005573,0,9897,116,51262
1005623,0,9897,116,51262
1005673,0,10020,116,51262
1005723,0,10020,116,51262
1005773,0,10020,116,51262
1005823,0,10020,116,51262
1005873,0,9650,116,51262
1005923,0,9650,116,51262
1005973,0,9650,116,51263
1006023,0,9650,116,51263
1006073,0,9650,116,51263
1006123,0,9650,116,51263
1006258,0,9897,116,51263
1006308,0,9897,116,51263
1006358,0,9897,116,51264
1006408,0,9897,116,51264
1006458,0,9897,116,51264
1006508,0,9897,116,51264
1006600,0,9897,117,51264
1006650,0,9588,117,51264
1006700,0,9588,117,51264
1006750,0,9588,117,51265
1006800,0,9588,117,51265
1006850,0,9650,117,51265
1006900,0,9650,117,51265
1006950,0,9650,116,51265
1007000,0,9650,116,51265
1007050,0,9650,116,51265
1007100,0,9650,116,51265
1007150,0,9650,116,51266
1007200,0,9650,116,51266
1007250,0,9357,116,51266
1007385,0,9357,118,51266
1007435,0,9357,118,51266
1007485,0,9357,118,51266
1007535,0,9357,118,51266
1007627,0,8924,118,51246
1007677,0,8924,118,51246
1007727,0,8924,118,51246
1007777,0,8924,231,51246
1007827,0,8924,231,51246
1007877,0,8924,231,51246
1007927,0,8924,231,51246
1007977,0,8924,231,51246
1008027,0,7519,231,51246
1008077,0,7519,231,51246
1008127,0,7519,231,51246
1008177,0,7519,388,51246
1008227,0,7519,388,51246
1008277,0,7519,388,51246
1008327,0,7519,388,51246
1008377,0,7519,388,51235
1008513,0,5002,388,51235
1008563,0,5002,315,51235
1008613,0,5002,315,51235
1008705,0,5002,315,51235
1008755,0,5002,315,51236
1008805,0,5002,315,51236
1008855,0,5002,315,51236
1008905,0,5002,315,51236
1008955,0,5002,316,51236
1009005,0,5002,316,51236
1009055,0,5002,316,51236
1009105,0,5002,316,51236
1009155,0,5002,316,51236
1009205,0,5002,316,51257
1009255,0,5002,316,51257
1009305,0,5002,316,51257
1009355,0,5002,316,51257
1009405,0,5002,294,51257
1009455,0,5002,294,51257
1009505,0,5002,294,51257
1009640,0,4879,294,51231
1009732,0,4795,294,51231
1009782,0,4749,377,51231
1009832,0,4704,377,51231
1009882,0,4658,377,51231
1009932,0,4613,377,51231
1009982,0,4567,377,51232
1010032,0,4521,377,51232
1010082,0,4476,377,51232
1010132,0,4430,377,51232
1010182,0,4384,374,51232
1010232,0,4339,374,51232
1010282,0,4293,374,51232
1010332,0,4248,374,51232
1010382,0,4202,374,51233
1010432,0,4156,374,51233
1010482,0,4111,374,51233
1010532,0,4065,374,51233
1010582,0,4020,371,51233
1010632,0,3974,371,51233
1010767,0,3851,371,51234
1010859,0,3767,371,51234
1010909,0,3721,371,51234
1010959,0,3676,371,51234
1011009,0,3630,370,51234
1011059,0,3585,370,51234
1011109,0,3539,370,51234
1011159,0,3493,370,51234
1011209,0,3448,370,51235
1011259,0,3402,370,51235
1011309,0,3356,370,51235
1011359,0,3311,370,51235
1011409,0,3265,370,51235
1011459,0,3220,370,51235
1011509,0,3174,370,51235
1011559,0,3128,370,51235
1011609,0,3083,370,51075
1011659,0,3037,370,51075
1011709,0,2992,370,51075
1011759,0,2946,370,51075
1011895,0,2822,2225,51075
1011945,0,2776,2225,51075
1012037,0,2692,2225,50929
1012087,0,2647,2225,50929
1012137,0,2601,2225,50929
1012187,0,2556,2457,50929
1012237,0,2510,2457,50929
1012287,0,2464,2457,50929
1012337,0,2419,2457,50929
1012387,0,2373,2457,50892
1012437,0,2328,2457,50892
1012487,0,2282,2457,50892
1012537,0,2236,2457,50892
1012587,0,2191,2674,50892
1012637,0,2145,2674,50892
1012687,0,2100,2674,50892
1012737,0,2054,2674,50892
1012787,0,2008,2674,50861
1012837,0,1963,2674,50861
1012887,0,1917,2674,50861
1013023,0,1793,2835,50861
1013073,0,1747,2835,50861
1013166,0,1663,2835,50861
1013216,0,1617,2835,50832
1013266,0,1571,2835,50832
1013316,0,1526,2835,50832
1013366,0,1480,2835,50832
1013416,0,1435,3026,50832
1013466,0,1389,3026,50832
1013516,0,1389,3026,50832
1013566,0,1389,3026,50832
1013616,0,1389,3026,50805
1013666,0,1389,3026,50805
1013716,0,1389,3026,50805
1013766,0,1389,3026,50805
1013816,0,1389,3195,50805
1013952,0,1389,3195,50805
1014002,0,1389,3195,50766
1014052,0,1389,3195,50766
1014102,0,1389,3195,50766
1014194,0,1389,3369,50766
1014244,0,1389,3369,50766
1014294,0,1389,3369,50766
1014344,0,1389,3369,50766
1014394,0,1389,3369,50737
1014444,0,1389,3369,50737
1014494,0,1389,3369,50737
1014544,0,1389,3369,50737
1014594,0,1389,3530,50737
1014644,0,2933,3530,50737
1014694,0,2933,3530,50737
1014744,0,2933,3530,50737
1014794,0,2933,3530,50737
1014844,0,2933,3530,50711
1014894,0,2933,3530,50711
1014944,0,2933,3530,50711
1015079,0,2933,3721,50711
1015129,0,2933,3721,50711
1015221,0,2933,3721,50676
1015271,0,2933,3721,50676
1015321,0,2933,3721,50676
1015371,0,2933,3721,50676
1015421,0,2933,3887,50676
1015471,0,2933,3887,50676
1015521,0,2933,3887,50676
1015571,0,2933,3887,50676
1015621,0,2933,3887,50650
1015671,0,3767,3887,50650
1015721,0,3767,3887,50650
1015771,0,3767,3887,50650
1015821,0,3767,4051,50650
1015871,0,3767,4051,50650
1015921,0,3767,4051,50650
1015971,0,3767,4051,50650
1016021,0,3767,4051,50617
1016113,0,3767,4051,50617
1016249,0,4632,4223,50617
1016299,0,4632,4223,50617
1016349,0,4632,4223,50617
1016399,0,4632,4223,50617
1016449,0,4632,4223,50589
1016499,0,4632,4223,50589
1016549,0,4632,4223,50589
1016599,0,4632,4223,50589
1016649,0,4632,4386,50589
1016699,0,4632,4386,50589
1016749,0,4632,4386,50589
1016799,0,4632,4386,50589
1016849,0,5126,4386,50558
1016899,0,5126,4386,50558
1016949,0,5126,4386,50558
1016999,0,5126,4386,50558
1017049,0,5126,4550,50558
1017141,0,5126,4550,50558
1017191,0,5126,4550,50558
1017241,0,5126,4550,50528
1017377,0,5126,4550,50528
1017427,0,5759,4722,50528
1017477,0,5759,4722,50528
1017527,0,5759,4722,50528
1017577,0,5759,4722,50528
1017627,0,5759,4722,50498
1017677,0,5759,4722,50498
1017727,0,5759,4722,50498
1017777,0,5759,4722,50498
1017827,0,5759,4880,50498
1017877,0,5759,4880,50498
1017927,0,5759,4880,50498
1017977,0,5759,4880,50498
1018027,0,6099,4880,50466
1018077,0,6099,4880,50466
1018169,0,6099,4880,50466
1018219,0,6099,5048,50466
1018269,0,6099,5048,50466
1018319,0,6099,5048,50466
1018369,0,6099,5048,50466
1018505,0,6762,5048,50435
1018555,0,6762,5048,50435
1018605,0,6762,5048,50435
1018655,0,6762,5218,50435
1018705,0,6762,5218,50435
1018755,0,6762,5218,50435
1018805,0,6762,5218,50435
1018855,0,6979,5218,50405
1018905,0,6979,5218,50405
1018955,0,6979,5218,50405
1019005,0,6979,5218,50405
1019055,0,6979,5377,50405
1019147,0,6979,5377,50405
1019197,0,6979,5377,50405
1019247,0,7596,5377,50376
1019297,0,7596,5377,50376
1019347,0,7596,5377,50376
1019397,0,7596,5377,50376
1019447,0,7596,5545,50376
1019497,0,7596,5545,50376
1019634,0,7720,5545,50343
1019684,0,7720,5545,50343
1019734,0,7720,5545,50343
1019784,0,7720,5545,50343
1019834,0,7720,5694,50343
1019884,0,7720,5694,50343
1019934,0,7720,5694,50343
1019984,0,7720,5694,50343
1020034,0,8384,5694,50311
1020084,0,8384,5694,50311
1020176,0,8384,5694,50311
1020226,0,8384,6638,50311
1020276,0,8384,6638,50311
1020326,0,8384,6638,50311
1020376,0,8384,6638,50311
1020426,0,8523,6638,50283
1020476,0,8523,6638,50283
1020526,0,8523,6638,50283
1020576,0,8523,6638,50283
1020626,0,8523,6823,50283
1020762,0,8523,6823,50283
1020812,0,8523,6823,50283
1020862,0,9079,6823,50248
1020912,0,9079,6823,50248
1020962,0,9079,6823,50248
1021012,0,9079,6823,50248
1021062,0,9125,7006,50248
1021112,0,9125,7006,50248
1021205,0,9125,7006,50248
1021255,0,9125,7006,50217
1021305,0,9125,7006,50217
1021355,0,9125,7006,50217
1021405,0,9125,7006,50217
1021455,0,9588,7126,50217
1021505,0,9588,7126,50217
1021555,0,9588,7126,50217
1021605,0,9588,7126,50217
1021655,0,9588,7126,50186
1021705,0,9588,7126,50186
1021755,0,9588,7126,50186
1021891,0,9820,7329,50186
1021941,0,9820,7329,50186
1021991,0,9820,7329,50186
1022041,0,10144,7329,50186
1022091,0,10144,7329,50155
1022183,0,10144,7329,50155
1022233,0,10144,7329,50155
1022283,0,10144,6722,50155
1022333,0,10144,6722,50155
1022383,0,10144,6722,50155
1022433,0,10144,6722,50155
1022483,0,10144,6722,50129
1022533,0,10144,6722,50129
1022583,0,10144,6722,50129
1022633,0,10638,6722,50129
1022683,0,10638,6819,50129
1022733,0,10638,6819,50129
1022783,0,10638,6819,50129
1022833,0,10792,6819,50129
1022883,0,10792,6819,50095
1023018,0,10792,6819,50095
1023068,0,10792,6967,50095
1023160,0,10792,6967,50095
1023210,0,10792,6967,50095
1023260,0,11179,6967,50066
1023310,0,11179,6967,50066
1023360,0,11179,6967,50066
1023410,0,11179,6967,50066
1023460,0,11179,7136,50066
1023510,0,11179,7136,50066
1023560,0,11179,7136,50066
1023610,0,11179,7136,50066
1023660,0,11179,7136,50034
1023710,0,11179,7136,50034
1023760,0,11179,7136,50034
1023810,0,11179,7136,50034
1023860,0,11688,7288,50034
1023910,0,11688,7288,50034
1023960,0,11688,7288,50034
1024052,0,11688,7288,50034
1024188,0,11688,7288,50004
1024238,0,12151,7288,50004
1024288,0,12151,7432,50004
1024338,0,12151,7432,50004
1024388,0,12151,7432,50004
1024438,0,12059,7432,50004
1024488,0,12059,7432,49973
1024538,0,12059,7432,49973
1024588,0,12059,7432,49973
1024638,0,12059,7432,49973
1024688,0,12059,7583,49973
1024738,0,12059,7583,49973
1024788,0,12059,7583,49973
1024838,0,12753,7583,49973
1024888,0,12753,7583,49937
1024938,0,12753,7583,49937
1025030,0,12645,7583,49937
1025080,0,12645,7742,49937
1025130,0,12645,7742,49937
1025180,0,12645,7742,49937
1025316,0,13078,7742,49910
1025366,0,13078,7742,49910
1025416,0,13078,7742,49910
1025466,0,12970,7908,49910
1025516,0,12970,7908,49910
1025566,0,12970,7908,49910
1025616,0,12970,7908,49910
1025666,0,13417,7908,49878
1025716,0,13417,7908,49878
1025766,0,13417,7908,49878
1025816,0,13417,7908,49878
1025866,0,13417,8046,49878
1025916,0,13417,8046,49878
1026008,0,13417,8046,49878
1026058,0,13417,8046,49878
1026108,0,13417,8046,49846
1026158,0,13417,8046,49846
1026208,0,13417,8046,49846
1026258,0,13896,8046,49846
1026308,0,13896,8203,49846
1026444,0,13649,8203,49846
1026494,0,13649,8203,49818
1026544,0,13649,8203,49818
1026594,0,13649,8203,49818
1026644,0,14282,8203,49818
1026694,0,14282,8364,49818
1026744,0,14282,8364,49818
1026794,0,14282,8364,49818
1026844,0,14282,8364,49818
1026894,0,14282,8364,49782
1026986,0,14282,8364,49782
1027036,0,14560,8364,49782
1027086,0,14560,8543,49782
1027136,0,14560,8543,49782
1027186,0,14560,8543,49782
1027236,0,14560,8543,49782
1027286,0,14560,8543,49744
1027336,0,14560,8543,49744
1027386,0,14560,8543,49744
1027436,0,14977,8543,49744
1027572,0,14977,8702,49744
1027622,0,14977,8702,49744
1027672,0,14838,8702,49715
1027722,0,14838,8702,49715
1027772,0,14838,8702,49715
1027822,0,14838,8702,49715
1027872,0,15286,8879,49715
1027922,0,15286,8879,49715
1028014,0,15286,8879,49715
1028064,0,15286,8879,49715
1028114,0,15286,8879,49680
1028164,0,15286,8879,49680
1028214,0,15286,8879,49680
1028264,0,15595,8879,49680
1028314,0,15595,9027,49680
1028364,0,15595,9027,49680
1028500,0,15749,9027,49646
1028550,0,15749,9027,49646
1028600,0,15749,9027,49646
1028650,0,16243,9027,49646
1028700,0,16243,9193,49646
1028750,0,16243,9193,49646
1028800,0,16243,9193,49646
1028850,0,16073,9193,49646
1028900,0,16073,9193,49610
1028993,0,16073,9193,49610
1029043,0,16598,9193,49610
1029093,0,16598,9376,49610
1029143,0,16598,9376,49610
1029193,0,16598,9376,49610
1029243,0,16413,9376,49610
1029293,0,16413,9376,49571
1029343,0,16413,9376,49571
1029393,0,16413,9376,49571
1029443,0,16953,9376,49571
1029493,0,16953,9560,49571
1029628,0,16768,9560,49571
1029678,0,16768,9560,49571
1029728,0,16768,9560,49543
1029778,0,16768,9560,49543
1029828,0,17154,9560,49543
1029878,0,17154,9560,49543
1029970,0,17154,9714,49543
1030020,0,17154,9714,49543
1030070,0,16953,9714,49543
1030120,0,16953,9714,49489
1030170,0,16953,9714,49489
1030220,0,16953,9714,49489
1030270,0,17339,9714,49489
1030320,0,17339,9867,49489
1030370,0,17339,9867,49489
1030420,0,17339,9867,49489
1030470,0,17941,9867,49489
1030520,0,17941,9867,49472
1030570,0,17941,9867,49472
1030620,0,17941,9867,49472
1030755,0,17741,10003,49472
1030805,0,17741,10003,49472
1030855,0,18158,10003,49472
1030989,0,18158,10003,49433
1031039,0,18158,10003,49433
1031089,0,18158,10003,49433
1031139,0,18158,10169,49433
1031189,0,18158,10169,49433
1031239,0,18822,10169,49433
1031289,0,18822,10169,49433
1031339,0,18822,10169,49409
1031389,0,18822,10169,49409
1031439,0,18822,10169,49409
1031489,0,18822,10169,49409
1031539,0,18822,10331,49409
1031589,0,18822,10331,49409
1031639,0,18374,10331,49409
1031689,0,18374,10331,49409
1031739,0,18374,10331,49376
1031831,0,18374,10331,49376
1032137,0,18822,10489,49345
1032187,0,18822,10489,49345
1032237,0,18822,10489,49345
1032287,0,19053,10489,49345
1032337,0,19053,10626,49345
1032387,0,19053,10626,49345
1032437,0,19053,10626,49345
1032487,0,19532,10626,49345
1032537,0,19532,10626,49304
1032587,0,19532,10626,49304
1032637,0,19532,10626,49304
1032687,0,19300,10626,49304
1032737,0,19300,10777,49304
1032787,0,19300,10777,49304
1032837,0,19300,10777,49304
1032887,0,19794,10777,49304
1032979,0,19794,10777,49268
1033029,0,19794,10777,49268
1033079,0,20041,10777,49268
1033129,0,20041,10931,49268
1033306,0,19794,10931,49268
1033356,0,19794,10931,49244
1033406,0,19794,10931,49244
1033456,0,20304,10931,49244
1033506,0,20304,10931,49244
1033556,0,20304,11097,49244
1033606,0,20304,11097,49244
1033656,0,20582,11097,49244
1033706,0,20582,11097,49244
1033756,0,20582,11097,49208
1033806,0,20582,11097,49208
1033856,0,20304,11097,49208
1033948,0,20304,11225,49208
1033998,0,20304,11225,49208
1034048,0,20860,11225,49208
1034098,0,20860,11225,49208
1034148,0,20860,11225,49184
1034198,0,20860,11225,49184
1034248,0,21138,11225,49184
1034298,0,21138,11225,49184
1034434,0,21138,11381,49184
1034484,0,20860,11381,49184
1034534,0,20860,11381,49148
1034584,0,20860,11381,49148
1034634,0,20860,11381,49148
1034684,0,21431,11381,49148
1034734,0,21431,11513,49148
1034784,0,21431,11513,49148
1034834,0,21431,11513,49148
1034926,0,21740,11513,49110
1034976,0,21740,11513,49110
1035026,0,21740,11513,49110
1035076,0,21138,11513,49110
1035126,0,21138,11676,49110
1035176,0,21138,11676,49110
1035226,0,21138,11676,49110
1035276,0,21740,11676,49110
1035326,0,21740,11676,49080
1035376,0,21740,11676,49080
1035426,0,21740,11676,49080
1035562,0,22049,11830,49080
1035612,0,22049,11830,49080
1035662,0,21740,11830,49080
1035712,0,21740,11830,49080
1035762,0,21740,11830,49048
1035854,0,22049,11830,49048
1035904,0,22049,11830,49048
1035954,0,22049,11981,49048
1036004,0,22049,11981,49048
1036054,0,22373,11981,49048
1036104,0,22373,11981,49048
1036154,0,22373,11981,49022
1036204,0,22373,11981,49022
1036254,0,22697,11981,49022
1036304,0,22697,11981,49022
1036354,0,22697,12123,49022
1036404,0,22697,12123,49022
1036454,0,22049,12123,49022
1036504,0,22049,12123,49022
1036554,0,22049,12123,48982
1036691,0,23037,12123,48982
1036741,0,23037,12264,48982
1036834,0,23037,12264,48982
1036884,0,23037,12264,48982
1036934,0,23037,12264,48982
1036984,0,23037,12264,48961
1037034,0,23037,12264,48961
1037084,0,22697,12264,48961
1037134,0,22697,12264,48961
1037184,0,22697,12390,48961
1037234,0,22697,12390,48961
1037284,0,22697,12390,48961
1037334,0,22697,12390,48961
1037384,0,22697,12390,48924
1037434,0,22697,12390,48924
1037484,0,23747,12390,48924
1037534,0,23747,12390,48924
1037584,0,23747,12506,48924
1037676,0,23747,12506,48924
1037726,0,23747,12506,48924
1037861,0,23747,12506,48898
1037911,0,23747,12506,48898
1037961,0,23747,12662,48898
1038011,0,23747,12662,48898
1038061,0,23747,12662,48898
1038111,0,23747,12662,48898
1038161,0,23747,12662,48863
1038211,0,23747,12662,48863
1038261,0,23392,12662,48863
1038311,0,23392,12662,48863
1038361,0,23392,12782,48863
1038411,0,23392,12782,48863
1038461,0,24504,12782,48863
1038511,0,24504,12782,48863
1038561,0,24504,12782,48838
1038653,0,24504,12782,48838
1038703,0,24504,12782,48838
1038753,0,24504,12953,48838
1038803,0,24504,12953,48838
1038853,0,23747,12953,48838
1038988,0,23747,12953,48795
1039038,0,23747,12953,48795
1039088,0,24118,12953,48795
1039138,0,24118,12953,48795
1039188,0,24118,13081,48795
1039238,0,24118,13081,48795
1039288,0,24890,13081,48795
1039338,0,24890,13081,48795
1039388,0,24890,13081,48766
1039438,0,24890,13081,48766
1039488,0,24890,13081,48766
1039580,0,24890,13225,48766
1039630,0,24890,13225,48766
1039680,0,25307,13225,48766
1039730,0,25307,13225,48766
1039780,0,25307,13225,48744
1039830,0,25307,13225,48744
1039880,0,24890,13225,48744
1039930,0,24890,13225,48744
1039980,0,24890,13330,48744
1040116,0,24890,13330,48744
1040166,0,24890,13330,48704
1040216,0,24890,13330,48704
1040266,0,24890,13330,48704
1040316,0,24890,13330,48704
1040366,0,24890,13476,48704
1040416,0,24890,13476,48704
1040466,0,25724,13476,48704
1040558,0,25724,13476,48704
1040608,0,25724,13476,48673
1040658,0,25724,13476,48673
1040708,0,25724,13476,48673
1040758,0,25724,13476,48673
1040808,0,25724,13546,48673
1040858,0,25724,13546,48673
1040908,0,25724,13546,48673
1040958,0,25724,13546,48673
1041008,0,25724,13546,48651
1041058,0,25724,13546,48651
1041108,0,25724,13546,48651
1041244,0,25724,13674,48651
1041294,0,25724,13674,48651
1041344,0,25724,13674,48651
1041394,0,25724,13674,48633
1041486,0,26619,13674,48633
1041536,0,26619,13674,48633
1041586,0,26619,13774,48633
1041636,0,26619,13774,48633
1041686,0,26156,13774,48633
1041736,0,26156,13774,48633
1041786,0,26156,13774,48605
1041836,0,26156,13774,48605
1041886,0,27082,13774,48605
1041936,0,27082,13774,48605
1041986,0,27082,13885,48605
1042036,0,27082,13885,48605
1042086,0,27082,13885,48605
1042136,0,27082,13885,48605
1042186,0,27082,13885,48581
1042236,0,27082,13885,48581
1042371,0,26156,13969,48581
1042463,0,26619,13969,48581
1042513,0,26619,13969,48581
1042563,0,26619,13969,48581
1042613,0,26619,13969,48536
1042663,0,26619,13969,48536
1042713,0,26619,13969,48536
1042763,0,26619,13969,48536
1042813,0,26619,14137,48536
1042863,0,27082,14137,48536
1042913,0,27082,14137,48536
1042963,0,27082,14137,48536
1043013,0,27082,14137,48503
1043063,0,27082,14137,48503
1043113,0,27082,14137,48503
1043163,0,27082,14137,48503
1043299,0,27561,14485,48503
1043391,0,27561,14485,48481
1043441,0,27561,14485,48481
1043491,0,27561,14485,48481
1043541,0,27561,14485,48481
1043591,0,27561,14340,48481
1043641,0,27561,14340,48481
1043691,0,28071,14340,48481
1043741,0,28071,14340,48481
1043791,0,28071,14340,48461
1043841,0,28071,14340,48461
1043891,0,27082,14340,48461
1043941,0,27082,14340,48461
1043991,0,27082,14448,48461
1044041,0,27082,14448,48461
1044091,0,27082,14448,48461
1044141,0,27082,14448,48461
1044191,0,27082,14448,48440
1044284,0,27561,14448,48440
1044334,0,27561,14448,48440
1044469,0,27561,14548,48440
1044519,0,27561,14548,48440
1044569,0,27561,14548,48440
1044619,0,27561,14548,48411
1044669,0,27561,14548,48411
1044719,0,27561,14548,48411
1044769,0,27561,14548,48411
1044819,0,27561,14607,48411
1044869,0,28580,14607,48411
1044919,0,28580,14607,48411
1044969,0,28580,14607,48411
1045019,0,28580,14607,48387
1045069,0,28580,14607,48387
1045119,0,28580,14607,48387
1045211,0,28580,14713,48387
1045261,0,28580,14713,48387
1045311,0,28580,14713,48387
1045361,0,28580,14713,48387
1045411,0,28580,14713,48368
1045461,0,28580,14713,48368
1045596,0,28580,14801,48368
1045646,0,28580,14801,48368
1045696,0,29120,14801,48368
1045746,0,29120,14801,48368
1045796,0,29120,14801,48368
1045846,0,29120,14801,48337
1045896,0,28580,14801,48337
1045946,0,28580,14801,48337
1045996,0,28580,14801,48337
1046046,0,28580,14919,48337
1046096,0,29120,14919,48337
1046188,0,29120,14919,48337
1046238,0,29120,14919,48322
1046288,0,29120,14919,48322
1046338,0,29120,14919,48322
1046388,0,29120,14919,48322
1046438,0,29120,15018,48322
1046488,0,28071,15018,48322
1046538,0,28071,15018,48322
1046588,0,28071,15018,48322
1046723,0,29120,15018,48287
1046773,0,29120,15018,48287
1046823,0,29120,15175,48287
1046873,0,29120,15175,48287
1046923,0,29120,15175,48287
1046973,0,29120,15175,48287
1047023,0,29120,15175,48256
1047115,0,28580,15175,48256
1047165,0,28580,15175,48256
1047215,0,28580,15280,48256
1047265,0,28580,15280,48256
1047315,0,28580,15280,48256
1047365,0,28580,15280,48256
1047415,0,28580,15280,48173
1047465,0,29120,15280,48173
1047515,0,29120,15280,48173
1047565,0,29120,15280,48173
1047615,0,29120,15446,48173
1047665,0,29692,15446,48173
1047715,0,29692,15446,48173
1047850,0,29692,15446,48200
1047900,0,30263,15446,48200
1047950,0,30263,15446,48200
1048000,0,30263,15446,48200
1048092,0,30263,15480,48200
1048142,0,30263,15480,48200
1048192,0,30263,15480,48200
1048242,0,30263,15480,48177
1048292,0,30881,15480,48177
1048342,0,30881,15480,48177
1048392,0,30881,15480,48177
1048442,0,30881,15548,48177
1048492,0,30263,15548,48177
1048542,0,30263,15548,48177
1048592,0,30263,15548,48177
1048642,0,30263,15548,48161
1048692,0,30881,15548,48161
1048742,0,30881,15548,48161
1048792,0,30881,15548,48161
1048842,0,30881,15657,48161
1049020,0,30881,15657,48088
1049070,0,30881,15657,48088
1049120,0,30881,15657,48088
1049170,0,30881,15657,48088
1049220,0,30881,16409,48088
1049270,0,31498,16409,48088
1049320,0,31498,16409,48088
1049370,0,31498,16409,48088
1049420,0,31498,16409,48090
1049470,0,30881,16409,48090
1049520,0,30881,16409,48090
1049570,0,30881,16409,48090
1049620,0,30881,15780,48090
1049670,0,30881,15780,48090
1049720,0,30881,15780,48090
1049770,0,30881,15780,48090
1049820,0,30881,15780,48066
1049912,0,30881,15780,48066
1049962,0,30881,15780,48066
1050012,0,30881,15780,48066
1050147,0,31498,15908,48066
1050197,0,31498,15908,48066
1050247,0,31498,15908,48058
1050297,0,30881,15908,48058
1050347,0,30881,15908,48058
1050397,0,30881,15908,48058
1050447,0,30881,15978,48058
1050497,0,31498,15978,48058
1050547,0,31498,15978,48058
1050597,0,31498,15978,48058
1050647,0,31498,15978,48031
1050697,0,32162,15978,48031
1050747,0,32162,15978,48031
1050797,0,32162,15978,48031
1050889,0,31498,16092,48031
1050939,0,31498,16092,48031
1050989,0,31498,16092,48031
1051039,0,31498,16092,47998
1051089,0,31498,16092,47998
1051139,0,31498,16092,47998
1051275,0,32162,16189,47998
1051325,0,32162,16189,47998
1051375,0,32162,16189,47998
1051425,0,32162,16189,47985
1051475,0,31498,16189,47985
1051525,0,31498,16189,47985
1051575,0,31498,16189,47985
1051625,0,31498,16189,47985
1051675,0,32162,16305,47985
1051725,0,32162,16305,47985
1051818,0,32162,16305,47985
1051868,0,31498,16305,47956
1051918,0,31498,16305,47956
1051968,0,31498,16305,47956
1052018,0,31498,16305,47956
1052068,0,32842,16372,47956
1052118,0,32842,16372,47956
1052168,0,32842,16372,47956
1052218,0,32842,16372,47956
1052268,0,32842,16372,47935
1052403,0,32842,16372,47935
1052453,0,32842,16500,47935
1052503,0,32842,16500,47935
1052553,0,32842,16500,47935
1052603,0,32842,16500,47935
1052653,0,32842,16500,47909
1052703,0,32162,16500,47909
1052795,0,32162,16500,47909
1052845,0,32162,16589,47909
1052895,0,31498,16589,47909
1052945,0,31498,16589,47909
1052995,0,31498,16589,47909
1053045,0,31498,16589,47871
1053095,0,32162,16589,47871
1053145,0,32162,16589,47871
1053195,0,32162,16589,47871
1053245,0,32162,16589,47871
1053295,0,32842,16716,47871
1053345,0,32842,16716,47871
1053395,0,32842,16716,47871
1053530,0,32162,16716,47863
1053580,0,32162,16716,47863
1053630,0,32162,16716,47863
1053722,0,32162,16813,47863
1053772,0,32162,16813,47863
1053822,0,32162,16813,47863
1053872,0,32842,16813,47840
1053922,0,32842,16813,47840
1053972,0,32842,16813,47840
1054022,0,32842,16813,47840
1054072,0,32842,16892,47840
1054122,0,32842,16892,47840
1054172,0,32842,16892,47840
1054222,0,32842,16892,47840
1054272,0,32842,16892,47804
1054322,0,32842,16892,47804
1054372,0,32842,16892,47804
1054422,0,32842,16892,47804
1054472,0,32842,16970,47804
1054522,0,33552,16970,47804
1054701,0,33552,16970,47744
1054751,0,33552,16970,47744
1054801,0,33552,16970,47744
1054851,0,33552,16970,47744
1054901,0,33552,17114,47744
1054951,0,33552,17114,47744
1055001,0,33552,17114,47744
1055051,0,33552,17114,47744
1055101,0,34309,17114,47764
1055151,0,34309,17114,47764
1055201,0,34309,17114,47764
1055251,0,34309,17114,47764
1055301,0,34309,17150,47764
1055351,0,34309,17150,47764
1055401,0,34309,17150,47764
1055451,0,34309,17150,47764
1055543,0,33552,17150,47746
1055593,0,33552,17150,47746
1055643,0,33552,17150,47746
1055693,0,33552,17223,47746
1055829,0,33552,17223,47746
1055879,0,33552,17223,47704
1055929,0,33552,17223,47704
1055979,0,33552,17223,47704
1056029,0,33552,17223,47704
1056079,0,33552,17324,47704
1056129,0,33552,17324,47704
1056179,0,33552,17324,47704
1056229,0,33552,17324,47704
1056279,0,33552,17324,47693
1056329,0,33552,17324,47693
1056379,0,33552,17324,47693
1056429,0,33552,17324,47693
1056521,0,33552,17350,47693
1056571,0,33552,17350,47693
1056621,0,33552,17350,47693
1056671,0,33552,17350,47668
1056721,0,34309,17350,47668
1056771,0,34309,17350,47668
1056821,0,34309,17350,47668
1056957,0,34309,17461,47668
1057007,0,34309,17461,47668
1057057,0,34309,17461,47668
1057107,0,34309,17461,47651
1057157,0,34309,17461,47651
1057207,0,34309,17461,47651
1057257,0,34309,17461,47651
1057307,0,35081,17557,47651
1057357,0,35081,17557,47651
1057449,0,35081,17557,47651
1057499,0,34309,17557,47644
1057549,0,34309,17557,47644
1057599,0,34309,17557,47644
1057649,0,34309,17557,47644
1057699,0,35081,17589,47644
1057749,0,35081,17589,47644
1057884,0,33552,17589,47620
1057934,0,33552,17589,47620
1057984,0,33552,17589,47620
1058034,0,33552,17589,47620
1058084,0,33552,17645,47620
1058134,0,33552,17645,47620
1058184,0,33552,17645,47620
1058234,0,33552,17645,47620
1058284,0,34309,17645,47600
1058334,0,34309,17645,47600
1058426,0,34309,17645,47600
1058476,0,34309,17703,47600
1058526,0,34309,17703,47600
1058576,0,34309,17703,47600
1058626,0,34309,17703,47600
1058676,0,34309,17703,47406
1058726,0,34309,17703,47406
1058776,0,34309,17703,47406
1058826,0,34309,17703,47406
1058876,0,34309,17896,47406
1059012,0,35899,17896,47406
1059062,0,35899,17896,47406
1059112,0,35081,17896,47555
1059162,0,35081,17896,47555
1059212,0,35081,17896,47555
1059262,0,35081,17896,47555
1059355,0,35899,17871,47555
1059405,0,35899,17871,47555
1059455,0,35899,17871,47555
1059505,0,35081,17871,47540
1059555,0,35081,17871,47540
1059605,0,35081,17871,47540
1059655,0,35081,17871,47540
1059705,0,34309,17933,47540
1059755,0,34309,17933,47540
1059805,0,34309,17933,47540
1059855,0,34309,17933,47540
1059905,0,35081,17933,47504
1059955,0,35081,17933,47504
1060005,0,35081,17933,47504
1060140,0,34309,18043,47504
1060190,0,34309,18043,47504
1060240,0,34309,18043,47504
1060332,0,35899,18043,47498
1060382,0,35899,18043,47498
1060432,0,35899,18043,47498
1060482,0,35899,18043,47498
1060532,0,36748,18090,47498
1060582,0,36748,18090,47498
1060632,0,36748,18090,47498
1060682,0,36748,18090,47498
1060732,0,35899,18090,47470
1060782,0,35899,18090,47470
1060832,0,35899,18090,47470
1060882,0,35899,18090,47470
1060932,0,35081,18199,47470
1060982,0,35081,18199,47470
1061032,0,35081,18199,47470
1061082,0,35081,18199,47470
1061216,0,35081,18199,47446
1061521,0,35899,18333,47422
1061571,0,35899,18333,47422
1061621,0,35899,18333,47422
1061671,0,35899,18333,47422
1061721,0,36748,18418,47422
1061771,0,36748,18418,47422
1061821,0,36748,18418,47422
1061871,0,36748,18418,47422
1061921,0,36748,18418,50081
1061971,0,36748,18418,50081
1062021,0,36748,18418,50081
1062071,0,36748,18418,50081
1062121,0,36748,904,50081
1062171,0,36748,904,50081
1062221,0,36748,904,50081
1062271,0,36748,904,50081
1062363,0,35081,904,50162
1062413,0,35081,904,50162
1062463,0,35081,904,50162
1062513,0,35081,137,50162
1062690,0,35081,137,50162
1062740,0,35081,137,50210
1062790,0,35081,137,50210
1062840,0,35081,137,50210
1062890,0,35899,137,50210
1062940,0,35899,125,50210
1062990,0,35899,125,50210
1063040,0,35899,125,50210
1063090,0,35081,125,50210
1063140,0,35081,125,50245
1063190,0,35081,125,50245
1063240,0,35081,125,50245
1063290,0,35081,125,50245
1063340,0,35081,123,50245
1063432,0,35081,123,50245
1063482,0,35081,123,50245
1063532,0,35899,123,50275
1063582,0,35899,123,50275
1063632,0,35899,123,50275
1063682,0,35899,123,50275
1063817,0,34309,121,50275
1063867,0,34309,121,50275
1063917,0,34309,121,50301
1063967,0,34309,121,50301
1064017,0,34309,121,50301
1064067,0,34309,121,50301
1064117,0,34309,120,50301
1064167,0,34309,120,50301
1064217,0,34309,120,50301
1064267,0,34309,120,50301
1064317,0,33552,120,50324
1064409,0,33552,120,50324
1064459,0,33552,120,50324
1064509,0,34309,120,50324
1064559,0,34309,119,50324
1064609,0,34309,119,50324
1064659,0,34309,119,50324
1064709,0,34309,119,50324
1064759,0,34309,119,50345
1064809,0,34309,119,50345
1064945,0,34309,119,50345
1064995,0,34309,119,50345
1065045,0,34309,119,50345
1065095,0,34309,119,50345
1065145,0,34309,119,50363
1065195,0,34309,119,50363
1065245,0,34309,119,50363
1065295,0,34309,119,50363
1065345,0,33552,118,50363
1065437,0,33552,118,50363
1065487,0,33552,118,50363
1065537,0,32842,118,50381
1065587,0,32842,118,50381
1065637,0,32842,118,50381
1065687,0,32842,118,50381
1065737,0,32842,119,50381
1065787,0,32842,119,50381
1065837,0,32842,119,50381
1065887,0,32842,119,50381
1065937,0,32842,119,50397
1066073,0,32842,119,50397
1066123,0,32162,119,50397
1066173,0,32162,119,50397
1066223,0,32162,119,50397
1066273,0,32162,119,50397
1066323,0,32842,119,50397
1066373,0,32842,119,50412
1066465,0,32842,119,50412
1066515,0,32842,119,50412
1066565,0,32842,118,50412
1066615,0,32842,118,50412
1066665,0,32842,118,50412
1066715,0,32162,118,50412
1066765,0,32162,118,50427
1066815,0,32162,118,50427
1066865,0,32162,118,50427
1066915,0,32162,118,50427
1066965,0,32162,119,50427
1067015,0,32162,119,50427
1067065,0,32162,119,50427
1067201,0,32842,119,50441
1067251,0,32842,119,50441
1067301,0,32842,119,50441
1067351,0,32842,118,50441
1067444,0,32842,118,50441
1067494,0,32842,118,50441
1067544,0,32162,118,50454
1067594,0,32162,118,50454
1067644,0,32162,118,50454
1067694,0,32162,118,50454
1067744,0,32842,118,50454
1067794,0,32842,118,50454
1067844,0,32842,118,50454
1067894,0,32842,118,50454
1067944,0,32162,118,50467
1067994,0,32162,118,50467
1068044,0,32162,118,50467
1068094,0,32162,118,50467
1068144,0,32162,118,50467
1068194,0,32162,118,50467
1068330,0,32162,118,50467
1068380,0,32162,118,50478
1068473,0,32162,118,50478
1068523,0,32162,118,50478
1068573,0,32162,118,50478
1068623,0,32162,118,50478
1068673,0,32162,118,50478
1068723,0,32162,118,50478
1068773,0,32162,118,50489
1068823,0,32162,118,50489
1068873,0,32162,118,50489
1068923,0,31498,118,50489
1068973,0,31498,118,50489
1069023,0,31498,118,50489
1069073,0,31498,118,50489
1069123,0,31498,118,50489
1069173,0,31498,118,50500
1069223,0,31498,118,50500
1069273,0,31498,118,50500
1069323,0,32162,118,50500
1069501,0,32162,117,50500
1069551,0,31498,117,50511
1069601,0,31498,117,50511
1069651,0,31498,117,50511
1069701,0,31498,117,50511
1069751,0,31498,117,50511
1069801,0,31498,117,50511
1069851,0,31498,117,50511
1069901,0,31498,117,50511
1069951,0,31498,117,50520
1070001,0,31498,117,50520
1070051,0,31498,117,50520
1070101,0,31498,117,50520
1070151,0,31498,118,50520
1070201,0,31498,118,50520
1070251,0,31498,118,50520
1070301,0,31498,118,50520
1070393,0,31498,118,50531
1070443,0,31498,118,50531
1070493,0,31498,118,50531
1070628,0,30881,118,50531
1070678,0,30881,118,50531
1070728,0,30263,118,50531
1070778,0,30263,118,50541
1070828,0,30263,118,50541
1070878,0,30263,118,50541
1070928,0,30263,118,50541
1070978,0,30263,118,50541
1071028,0,30263,118,50541
1071078,0,30263,118,50541
1071128,0,30263,118,50541
1071178,0,30263,118,50550
1071228,0,30263,118,50550
1071278,0,30263,118,50550
1071328,0,30881,118,50550
1071422,0,30881,118,50550
1071472,0,30881,118,50550
1071522,0,30263,118,50550
1071572,0,30263,118,50559
1071622,0,30263,118,50559
1071757,0,29692,118,50559
1071807,0,29692,118,50559
1071857,0,29692,118,50559
1071907,0,29692,118,50559
1071957,0,29692,118,50568
1072007,0,29692,118,50568
1072057,0,29692,118,50568
1072107,0,29692,118,50568
1072157,0,29692,117,50568
1072207,0,29692,117,50568
1072257,0,29692,117,50568
1072307,0,29120,117,50568
1072399,0,29120,117,50576
1072449,0,29120,117,50576
1072499,0,29120,117,50576
1072549,0,29120,117,50576
1072684,0,29120,117,50576
1072734,0,28580,117,50576
1072784,0,28580,117,50585
1072834,0,28580,117,50585
1072884,0,28580,117,50585
1072934,0,28580,117,50585
1072984,0,28580,117,50585
1073034,0,28580,117,50585
1073084,0,28580,117,50585
1073134,0,28580,117,50585
1073184,0,28580,117,50593
1073234,0,28580,117,50593
1073284,0,28580,117,50593
1073334,0,28580,117,50593
1073426,0,28580,118,50593
1073476,0,28580,118,50593
1073526,0,29120,118,50593
1073576,0,29120,118,50600
1073626,0,29120,118,50600
1073676,0,29120,118,50600
1073811,0,29120,117,50600
1073861,0,29120,117,50600
1073911,0,28580,117,50600
1073961,0,28580,117,50600
1074011,0,28580,117,50608
1074061,0,28580,117,50608
1074111,0,29120,117,50608
1074161,0,29120,117,50608
1074211,0,29120,118,50608
1074261,0,29120,118,50608
1074311,0,29120,118,50608
1074361,0,29120,118,50608
1074453,0,29120,118,50601
1074503,0,28580,118,50601
1074553,0,28580,118,50601
1074603,0,28580,215,50601
1074653,0,28580,215,50601
1074703,0,28071,215,50601
1074753,0,28071,215,50601
1074803,0,28071,215,50611
1074939,0,28071,215,50611
1074989,0,28071,196,50611
1075039,0,28071,196,50611
1075089,0,28071,196,50611
1075139,0,28071,196,50611
1075189,0,28071,196,50617
1075239,0,28071,196,50617
1075289,0,28071,196,50617
1075339,0,27561,196,50617
1075432,0,27561,195,50617
1075482,0,27561,195,50617
1075532,0,28071,195,50617
1075582,0,28071,195,50608
1075632,0,28071,195,50608
1075682,0,28071,195,50608
1075732,0,28580,195,50608
1075782,0,28580,195,50608
1075832,0,28580,293,50608
1075882,0,28580,293,50608
1075932,0,28071,293,50608
1076068,0,28071,293,50603
1076118,0,28071,293,50603
1076168,0,28071,293,50603
1076218,0,28071,379,50603
1076268,0,28071,379,50603
1076318,0,28071,379,50603
1076368,0,28071,379,50603
1076460,0,28071,379,50610
1076510,0,28071,379,50610
1076560,0,28071,379,50610
1076610,0,28071,373,50610
1076660,0,28071,373,50610
1076710,0,27082,373,50610
1076760,0,27082,373,50610
1076810,0,27082,373,50616
1076860,0,27082,373,50616
1076910,0,26619,373,50616
1076960,0,26619,373,50616
1077010,0,26619,366,50616
1077060,0,26619,366,50616
1077195,0,26619,366,50622
1077245,0,26619,366,50622
1077295,0,26619,366,50622
1077345,0,26619,366,50622
1077395,0,26619,368,50622
1077487,0,26619,368,50622
1077537,0,27561,368,50622
1077587,0,27561,368,50622
1077637,0,27561,368,50628
1077687,0,27561,368,50628
1077737,0,27082,368,50628
1077787,0,27082,368,50628
1077837,0,27082,368,50628
1077887,0,27082,368,50628
1077937,0,27561,368,50628
1077987,0,27561,368,50628
1078037,0,27561,368,48905
1078087,0,27561,368,48905
1078137,0,26619,368,48905
1078187,0,26619,368,48905
1078322,0,26156,13238,48905
1078372,0,26156,13238,48905
1078464,0,26156,13238,48619
1078514,0,26156,13238,48619
1078564,0,26156,13238,48619
1078614,0,26156,13907,48619
1078664,0,26156,13907,48619
1078714,0,26619,13907,48619
1078764,0,26619,13907,48619
1078814,0,26619,13907,48556
1078864,0,26619,13907,48556
1078914,0,28071,13907,48556
1078964,0,28071,13907,48556
1079014,0,28071,14075,48556
1079064,0,28071,14075,48556
1079114,0,28071,14075,48556
1079164,0,28071,14075,48556
1079214,0,28071,14075,48492
1079264,0,28071,14075,48492
1079356,0,28071,14075,48492
1079491,0,28071,14287,48492
1079541,0,28071,14287,48492
1079591,0,28071,14287,48492
1079641,0,28071,14287,48455
1079691,0,28071,14287,48455
1079741,0,28580,14287,48455
1079791,0,28580,14287,48455
1079841,0,28580,14306,48455
1079891,0,28580,14306,48455
1079941,0,27561,14306,48455
1079991,0,27561,14306,48455
1080041,0,27561,14306,48418
1080091,0,27561,14306,48418
1080141,0,27082,14306,48418
1080191,0,27082,14306,48418
1080283,0,27082,14424,48418
1080333,0,28071,14424,48418
1080383,0,28071,14424,48418
1080433,0,28071,14424,48378
1080483,0,28071,14424,48378
1080618,0,27561,14554,48378
1080668,0,27561,14554,48378
1080718,0,27561,14554,48378
1080768,0,27561,14554,48378
1080818,0,27561,14554,48348
1080868,0,27561,14554,48348
1080918,0,28580,14554,48348
1080968,0,28580,14554,48348
1081018,0,28580,14554,48348
1081068,0,28580,14688,48348
1081118,0,28580,14688,48348
1081168,0,28580,14688,48348
1081260,0,28580,14688,48301
1081310,0,29692,14688,48301
1081360,0,29692,14688,48301
1081410,0,29692,14688,48301
1081460,0,29692,14804,48301
1081510,0,29692,14804,48301
1081560,0,29692,14804,48301
1081610,0,29692,14804,48301
1081746,0,29692,14804,48268
1081796,0,29692,14804,48268
1081846,0,29692,14945,48268
1081896,0,29692,14945,48268
1081946,0,29692,14945,48268
1081996,0,29692,14945,48268
1082046,0,29692,14945,48207
1082096,0,29692,14945,48207
1082188,0,29692,14945,48207
1082238,0,29692,15024,48207
1082288,0,29692,15024,48207
1082338,0,29692,15024,48207
1082388,0,29692,15024,48207
1082438,0,29692,15024,48197
1082488,0,29692,15024,48197
1082538,0,29120,15024,48197
1082588,0,29120,15024,48197
1082638,0,29120,15095,48197
1082688,0,29120,15095,48197
1082738,0,29120,15095,48197
1082874,0,29120,15095,48171
1082924,0,29692,15095,48171
1082974,0,29692,15095,48171
1083024,0,29692,15095,48171
1083074,0,29692,15228,48171
1083167,0,29120,15228,48171
1083217,0,29120,15228,48171
1083267,0,29120,15228,48145
1083317,0,29120,15228,48145
1083367,0,29120,15228,48145
1083417,0,29120,15228,48145
1083467,0,29120,15335,48145
1083517,0,29692,15335,48145
1083567,0,29692,15335,48145
1083617,0,29692,15335,48145
1083667,0,29692,15335,48112
1083717,0,30263,15335,48112
1083767,0,30263,15335,48112
1083817,0,30263,15335,48112
1083867,0,30263,15441,48112
1084003,0,30263,15441,48112
1084096,0,30263,15441,48078
1084146,0,29692,15441,48078
1084196,0,29692,15441,48078
1084246,0,29692,15564,48078
1084296,0,29692,15564,48078
1084346,0,29692,15564,48078
1084396,0,29692,15564,48078
1084446,0,29692,15564,48017
1084496,0,29692,15564,48017
1084546,0,30263,15564,48017
1084596,0,30263,15564,48017
1084646,0,30263,15704,48017
1084696,0,30263,15704,48017
1084746,0,30881,15704,48017
1084796,0,30881,15704,48017
1084846,0,30881,15704,48000
1084896,0,30881,15704,48000
1084988,0,30263,15704,48000
1085038,0,30263,15704,48000
1085173,0,30881,15800,48000
1085223,0,30881,15800,48000
1085273,0,30881,15800,47988
1085323,0,30881,15800,47988
1085373,0,30881,15800,47988
1085423,0,30881,15800,47988
1085473,0,30881,15844,47988
1085523,0,30263,15844,47988
1085573,0,30263,15844,47988
1085623,0,30263,15844,47988
1085673,0,30263,15844,47961
1085723,0,30881,15844,47961
1085773,0,30881,15844,47961
1085823,0,30881,15844,47961
1085915,0,30881,15946,47961
1085965,0,30881,15946,47961
1086015,0,30881,15946,47961
1086065,0,30881,15946,47933
1086115,0,30881,15946,47933
1086165,0,30881,15946,47933
1086300,0,30881,16045,47933
1086350,0,31498,16045,47933
1086400,0,31498,16045,47933
1086450,0,31498,16045,47933
1086500,0,31498,16045,47896
1086550,0,30881,16045,47896
1086600,0,30881,16045,47896
1086650,0,30881,16045,47896
1086700,0,30881,16207,47896
1086750,0,31498,16207,47896
1086800,0,31498,16207,47896
1086892,0,31498,16207,47864
1086942,0,31498,16207,47864
1086992,0,31498,16207,47864
1087042,0,31498,16207,47864
1087092,0,31498,16270,47864
1087228,0,31498,16270,47864
1087278,0,31498,16270,47846
1087328,0,32162,16270,47846
1087378,0,32162,16270,47846
1087428,0,32162,16270,47846
1087478,0,32162,16371,47846
1087528,0,30881,16371,47846
1087578,0,30881,16371,47846
1087628,0,30881,16371,47846
1087678,0,30881,16371,47819
1087728,0,32162,16371,47819
1087820,0,32162,16371,47819
1087870,0,32162,16490,47819
1087920,0,32842,16490,47819
1087970,0,32842,16490,47819
1088020,0,32842,16490,47819
1088070,0,32842,16490,47786
1088120,0,32842,16490,47786
1088170,0,32842,16490,47786
1088220,0,32842,16490,47786
1088356,0,32842,16575,47786
1088406,0,32842,16575,47786
1088456,0,32842,16575,47786
1088506,0,33552,16575,47748
1088556,0,33552,16575,47748
1088606,0,33552,16575,47748
1088656,0,33552,16575,47748
1088706,0,32842,16703,47748
1088800,0,32842,16703,47748
1088850,0,32842,16703,47748
1088900,0,32842,16703,47748
1088950,0,32842,16703,47748
1089000,0,32842,16703,47748
1089050,0,32842,16703,47748
1089100,0,32842,16793,47748
1089150,0,32842,16793,47748
1089200,0,32842,16793,47748
1089250,0,32842,16793,47748
1089300,0,32842,16793,47708
1089350,0,32842,16793,47708
1089485,0,32842,16925,47708
1089535,0,33552,16925,47708
1089585,0,33552,16925,47708
1089635,0,33552,16925,47708
1089728,0,32842,16925,47675
1089778,0,32842,16925,47675
1089828,0,32842,16925,47675
1089878,0,32842,17030,47675
1089928,0,32842,17030,47675
1089978,0,32842,17030,47675
1090028,0,32842,17030,47675
1090078,0,32842,17030,47646
1090128,0,32842,17030,47646
1090178,0,32842,17030,47646
1090228,0,32842,17030,47646
1090278,0,32842,17120,47646
1090328,0,32842,17120,47646
1090378,0,32842,17120,47646
1090428,0,32842,17120,47646
1090478,0,32842,17120,47627
1090614,0,33552,17120,47627
1090707,0,32842,17215,47627
1090757,0,32842,17215,47627
1090807,0,32842,17215,47627
1090857,0,32842,17215,47627
1090907,0,33552,17215,47590
1090957,0,33552,17215,47590
1091007,0,33552,17215,47590
1091057,0,33552,17215,47590
1091107,0,34309,17341,47590
1091157,0,34309,17341,47590
1091207,0,34309,17341,47590
1091257,0,34309,17341,47590
1091307,0,34309,17341,47597
1091357,0,34309,17341,47597
1091407,0,34309,17341,47597
1091457,0,34309,17341,47597
1091507,0,35081,17403,47597
1091600,0,35081,17403,47597
1091650,0,35081,17403,47597
1091785,0,34309,17403,47539
1091835,0,34309,17403,47539
1091885,0,34309,17545,47539
1091935,0,34309,17545,47539
1091985,0,34309,17545,47539
1092035,0,34309,17545,47539
1092085,0,34309,17545,47521
1092135,0,35081,17545,47521
1092185,0,35081,17545,47521
1092235,0,35081,17545,47521
1092285,0,35081,17627,47521
1092335,0,34309,17627,47521
1092385,0,34309,17627,47521
1092435,0,34309,17627,47521
1092569,0,34309,17627,47486
1092619,0,34309,17627,47486
1092669,0,34309,17627,47486
1092719,0,35081,17763,47486
1092769,0,35081,17763,47486
1092819,0,35081,17763,47486
1093124,0,35899,17774,47470
1093174,0,35899,17774,47470
1093224,0,35899,17774,47470
1093274,0,35899,17774,47470
1093324,0,35081,17774,47414
1093374,0,35081,17774,47414
1093424,0,35081,17774,47414
1093474,0,35081,17774,47414
1093524,0,35899,17982,47414
1093574,0,35899,17982,47414
1093624,0,35899,17982,47414
1093716,0,35081,17982,47422
1093766,0,35081,17982,47422
1093816,0,35081,17982,47422
1093866,0,35081,17982,47422
1093916,0,35899,18037,47422
1093966,0,35899,18037,47422
1094016,0,35899,18037,47422
1094066,0,35899,18037,47422
1094116,0,35899,18037,47408
1094293,0,35899,18037,47408
1094343,0,36748,18058,47408
1094393,0,36748,18058,47408
1094443,0,36748,18058,47408
1094493,0,36748,18058,47408
1094543,0,35899,18058,47373
1094593,0,35899,18058,47373
1094685,0,35899,18058,47373
1094735,0,35081,18135,47373
1094785,0,35081,18135,47373
1094835,0,35081,18135,47373
1094885,0,35081,18135,47373
1094935,0,35081,18135,47365
1094985,0,35081,18135,47365
1095035,0,35081,18135,47365
1095085,0,35081,18135,47365
1095135,0,35081,18203,47365
1095185,0,35081,18203,47365
1095235,0,35081,18203,47365
1095285,0,35081,18203,47365
1095421,0,36748,18203,47357
1095471,0,36748,18203,47357
1095521,0,36748,18344,47357
1095571,0,36748,18344,47357
1095663,0,36748,18344,47357
1095713,0,36748,18344,47249
1095763,0,36748,18344,47249
1095813,0,36748,18344,47249
1095863,0,36748,18344,47249
1095913,0,36748,18344,47249
1095963,0,36748,18456,47249
1096013,0,36748,18456,47249
1096063,0,36748,18456,47249
1096113,0,35899,18456,47249
1096163,0,35899,18456,49998
1096213,0,35899,18456,49998
1096263,0,35899,18456,49998
1096313,0,35899,18456,49998
1096363,0,35899,308,49998
1096413,0,35899,308,49998
1096591,0,35899,308,50062
1096641,0,35899,308,50062
1096691,0,35899,308,50062
1096741,0,35899,131,50062
1096791,0,35899,131,50062
1096841,0,35899,131,50062
1096891,0,35899,131,50062
1096941,0,36748,131,50104
1096991,0,36748,131,50104
1097041,0,36748,131,50104
1097091,0,36748,131,50104
1097141,0,35899,124,50104
1097191,0,35899,124,50104
1097241,0,35899,124,50104
1097291,0,35899,124,50104
1097341,0,34309,124,50137
1097391,0,34309,124,50137
1097441,0,34309,124,50137
1097533,0,34309,122,50137
1097583,0,34309,122,50137
1097719,0,34309,122,50137
1097769,0,34309,122,50165
1097819,0,34309,122,50165
1097869,0,34309,122,50165
1097919,0,34309,122,50165
1097969,0,34309,121,50165
1098019,0,34309,121,50165
1098069,0,34309,121,50165
1098119,0,35081,121,50165
1098169,0,35081,121,50189
1098219,0,35081,121,50189
1098269,0,35081,121,50189
1098319,0,35081,121,50189
1098369,0,35081,121,50189
1098419,0,35081,121,50189
1098469,0,35081,121,50189
1098562,0,35081,121,50210
1098612,0,35081,121,50210
1098662,0,35081,121,50210
1098712,0,34309,121,50210
1098848,0,34309,119,50210
1098898,0,34309,119,50210
1098948,0,34309,119,50230
1098998,0,34309,119,50230
1099048,0,34309,119,50230
1099098,0,34309,119,50230
1099148,0,32842,120,50230
1099198,0,32842,120,50230
1099248,0,32842,120,50230
1099298,0,32842,120,50230
1099348,0,33552,120,50248
1099398,0,33552,120,50248
1099448,0,33552,120,50248
1099541,0,32842,119,50248
1099591,0,32842,119,50248
1099641,0,32842,119,50248
1099691,0,32842,119,50248
1099741,0,32842,119,50248
1099791,0,32842,119,50264
1099841,0,32842,119,50264
1099976,0,33552,119,50264
1100026,0,33552,119,50264
1100076,0,33552,119,50264
1100126,0,32842,119,50264
1100176,0,32842,119,50280
1100226,0,32842,119,50280
1100276,0,32842,119,50280
1100326,0,32842,119,50280
1100376,0,32842,118,50280
1100426,0,32842,118,50280
1100476,0,32842,118,50280
1100568,0,32842,118,50294
1100618,0,32842,118,50294
1100668,0,32842,118,50294
1100718,0,33552,118,50294
1100768,0,33552,118,50294
1100818,0,33552,118,50294
1100868,0,33552,118,50294
1100918,0,33552,118,50294
1100968,0,33552,118,50308
1101103,0,32842,118,50308
1101153,0,32842,119,50308
1101203,0,32842,119,50308
1101253,0,32842,119,50308
1101303,0,32842,119,50308
1101353,0,32842,119,50321
1101403,0,32842,119,50321
1101453,0,32842,119,50321
1101545,0,32162,119,50321
1101595,0,32162,118,50321
1101645,0,32162,118,50321
1101695,0,32162,118,50321
1101745,0,32842,118,50321
1101795,0,32842,118,50334
1101845,0,32842,118,50334
1101895,0,32842,118,50334
1102031,0,32162,118,50334
1102081,0,32162,118,50334
1102131,0,32162,118,50334
1102181,0,32162,118,50345
1102231,0,32162,118,50345
1102281,0,32162,118,50345
1102331,0,32162,118,50345
1102381,0,32162,118,50345
1102431,0,32162,118,50345
1102481,0,32162,118,50345
1102573,0,32162,118,50357
1102623,0,32162,118,50357
1102673,0,32162,118,50357
1102723,0,31498,118,50357
1102773,0,31498,118,50357
1102823,0,31498,118,50357
1102873,0,31498,118,50357
1102923,0,31498,118,50357
1102973,0,31498,118,50368
1103023,0,31498,118,50368
1103159,0,30881,117,50368
1103209,0,30881,117,50368
1103259,0,30881,117,50368
1103309,0,31498,117,50368
1103359,0,31498,117,50368
1103409,0,31498,117,50379
1103459,0,31498,117,50379
1103509,0,31498,117,50379
1103601,0,31498,117,50379
1103651,0,31498,117,50379
1103701,0,31498,117,50379
1103751,0,31498,117,50379
1103801,0,31498,117,50389
1103851,0,31498,117,50389
1103901,0,31498,117,50389
1103951,0,30881,117,50389
1104001,0,30881,117,50389
1104051,0,30881,117,50389
1104101,0,30881,117,50389
1104151,0,30881,117,50389
1104286,0,30881,117,50398
1104336,0,30881,117,50398
1104386,0,30881,118,50398
1104436,0,30881,118,50398
1104486,0,30881,118,50398
1104578,0,30263,118,50408
1104628,0,30263,118,50408
1104678,0,30263,118,50408
1104728,0,30263,118,50408
1104778,0,30263,118,50408
1104828,0,30263,118,50408
1104878,0,30263,118,50408
1104928,0,30263,118,50408
1104978,0,30263,118,50417
1105028,0,30263,118,50417
1105078,0,30263,118,50417
1105128,0,30881,118,50417
1105178,0,30881,118,50417
1105228,0,30881,118,50417
1105278,0,30881,118,50417
1105414,0,30263,118,50413
1105464,0,30263,118,50413
1105514,0,29692,118,50413
1105608,0,29692,207,50413
1105658,0,29692,207,50413
1105708,0,30263,207,50413
1105758,0,30263,207,50413
1105808,0,30263,207,50423
1105858,0,30263,207,50423
1105908,0,29692,207,50423
1105958,0,29692,207,50423
1106008,0,29692,194,50423
1106058,0,29692,194,50423
1106108,0,29692,194,50423
1106158,0,29692,194,50423
1106208,0,29692,194,50431
1106258,0,29692,194,50431
1106308,0,29120,194,50431
1106358,0,29120,194,50431
1106408,0,29120,195,50431
1106544,0,28580,195,50431
1106637,0,28580,195,50423
1106687,0,28580,195,50423
1106737,0,29120,195,50423
1106787,0,29120,195,50423
1106837,0,29120,307,50423
1106887,0,29120,307,50423
1106937,0,28580,307,50423
1106987,0,28580,307,50423
1107037,0,28580,307,50421
1107087,0,28580,307,50421
1107137,0,28580,307,50421
1107187,0,28580,307,50421
1107237,0,28580,375,50421
1107287,0,28580,375,50421
1107337,0,28580,375,50421
1107387,0,28580,375,50421
1107437,0,28580,375,50427
1107530,0,28071,375,50427
1107580,0,28071,375,50427
1107715,0,28071,373,50427
1107765,0,28071,373,50427
1107815,0,28071,373,50434
1107865,0,28071,373,50434
1107915,0,28580,373,50434
1107965,0,28580,373,50434
1108015,0,28580,366,50434
1108065,0,28580,366,50434
1108115,0,28580,366,50434
1108165,0,28580,366,50434
1108215,0,28580,366,50441
1108265,0,28580,366,50441
1108315,0,28580,366,50441
1108365,0,28580,366,50441
1108415,0,28580,367,50441
1108465,0,28580,367,50441
1108557,0,28580,367,50441
1108607,0,28580,367,50448
1108657,0,28580,367,50448
1108707,0,28071,367,50448
1108842,0,28071,367,50448
1108892,0,28071,367,50448
1108942,0,27561,367,50448
1108992,0,27561,367,50448
1109042,0,27561,367,48289
1109092,0,27561,367,48289
1109142,0,27561,367,48289
1109192,0,27561,367,48289
1109242,0,27561,14112,48289
1109292,0,27561,14112,48289
1109342,0,28071,14112,48289
1109392,0,28071,14112,48289
1109442,0,28071,14112,48338
1109534,0,27561,14112,48338
1109584,0,27561,14112,48338
1109634,0,27561,14499,48338
1109684,0,27561,14499,48338
1109734,0,28071,14499,48338
1109784,0,28071,14499,48338
1109834,0,28071,14499,48288
1109970,0,28580,14499,48288
1110020,0,28580,14611,48288
1110070,0,28580,14611,48288
1110120,0,29120,14611,48288
1110170,0,29120,14611,48288
1110220,0,29120,14611,48238
1110270,0,29120,14611,48238
1110320,0,29692,14611,48238
1110370,0,29692,14611,48238
1110420,0,29692,14741,48238
1110512,0,29120,14741,48238
1110562,0,29120,14741,48238
1110612,0,29120,14741,48205
1110662,0,29120,14741,48205
1110712,0,29120,14741,48205
1110762,0,29120,14741,48205
1110812,0,29120,14868,48205
1110862,0,29120,14868,48205
1110912,0,29120,14868,48205
1110962,0,29120,14868,48205
1111098,0,29120,14868,48169
1111148,0,29692,14868,48169
1111198,0,29692,14868,48169
1111248,0,29692,14995,48169
1111298,0,29692,14995,48169
1111348,0,30263,14995,48169
1111543,0,29692,14995,48131
1111593,0,29692,14995,48131
1111643,0,29692,15131,48131
1111693,0,29692,15131,48131
1111743,0,29120,15131,48131
1111793,0,29120,15131,48131
1111843,0,29120,15131,48087
1111893,0,29120,15131,48087
1111943,0,29120,15131,48087
1111993,0,29120,15131,48087
1112043,0,29120,15282,48087
1112093,0,29120,15282,48087
1112143,0,29692,15282,48087
1112193,0,29692,15282,48087
1112329,0,30263,15282,48044
1112379,0,30263,15282,48044
1112429,0,30263,15399,48044
1112521,0,29692,15399,48044
1112571,0,29692,15399,48044
1112621,0,29692,15399,48044
1112671,0,29692,15399,47992
1112721,0,29692,15399,47992
1112771,0,29692,15399,47992
1112821,0,29692,15399,47992
1112871,0,29692,15570,47992
1112921,0,30263,15570,47992
1112971,0,30263,15570,47992
1113021,0,30263,15570,47992
1113071,0,30263,15570,47977
1113121,0,30263,15570,47977
1113171,0,30263,15570,47977
1113221,0,30263,15570,47977
1113271,0,30263,15645,47977
1113363,0,30881,15645,47977
1113498,0,30881,15645,47940
1113548,0,29692,15645,47940
1113598,0,29692,15645,47940
1113648,0,29692,15742,47940
1113698,0,29692,15742,47940
1113748,0,30263,15742,47940
1113798,0,30263,15742,47940
1113848,0,30263,15742,47909
1113898,0,30263,15742,47909
1113948,0,30881,15742,47909
1113998,0,30881,15742,47909
1114048,0,30881,15846,47909
1114098,0,30881,15846,47909
1114148,0,30881,15846,47909
1114198,0,30881,15846,47909
1114248,0,30881,15846,47876
1114340,0,30263,15846,47876
1114390,0,30263,15846,47876
1114440,0,30263,15957,47876
1114490,0,30263,15957,47876
1114625,0,30881,15957,47876
1114675,0,30881,15957,47856
1114725,0,31498,15957,47856
1114775,0,31498,15957,47856
1114825,0,31498,15957,47856
1114875,0,31498,16038,47856
1114925,0,30881,16038,47856
1114975,0,30881,16038,47856
1115025,0,30881,16038,47856
1115075,0,30881,16038,47836
1115125,0,31498,16038,47836
1115175,0,31498,16038,47836
1115267,0,31498,16102,47836
1115317,0,30881,16102,47836
1115367,0,30881,16102,47836
1115417,0,30881,16102,47836
1115467,0,30881,16102,47811
1115517,0,31498,16102,47811
1115567,0,31498,16102,47811
1115617,0,31498,16102,47811
1115752,0,31498,16199,47811
1115802,0,31498,16199,47811
1115852,0,31498,16199,47758
1115902,0,31498,16199,47758
1115952,0,32162,16199,47758
1116002,0,32162,16199,47758
1116052,0,32162,16327,47758
1116102,0,32162,16327,47758
1116152,0,31498,16327,47758
1116244,0,31498,16327,47758
1116294,0,31498,16327,47738
1116344,0,32162,16327,47738
1116394,0,32162,16327,47738
1116444,0,32162,16327,47738
1116494,0,32162,16459,47738
1116544,0,32842,16459,47738
1116679,0,32842,16459,47701
1116729,0,32842,16459,47701
1116779,0,32842,16459,47701
1116829,0,32842,16459,47701
1116879,0,32842,16612,47701
1116929,0,33552,16612,47701
1116979,0,33552,16612,47701
1117029,0,33552,16612,47701
1117079,0,33552,16612,47645
1117129,0,33552,16612,47645
1117221,0,33552,16612,47645
1117271,0,33552,16722,47645
1117321,0,34309,16722,47645
1117371,0,34309,16722,47645
1117421,0,34309,16722,47645
1117471,0,34309,16722,47629
1117521,0,33552,16722,47629
1117571,0,33552,16722,47629
1117621,0,33552,16722,47629
1117671,0,33552,16888,47629
1117807,0,33552,16888,47629
1117857,0,33552,16888,47592
1117907,0,33552,16888,47592
1117957,0,33552,16888,47592
1118007,0,33552,16888,47592
1118057,0,33552,17048,47592
1118149,0,32842,17048,47592
1118199,0,32842,17048,47592
1118249,0,32842,17048,47592
1118299,0,32842,17048,47558
1118349,0,33552,17048,47558
1118399,0,33552,17048,47558
1118449,0,33552,17048,47558
1118499,0,33552,17197,47558
1118549,0,33552,17197,47558
1118599,0,33552,17197,47558
1118649,0,33552,17197,47558
1118699,0,33552,17197,47526
1118749,0,33552,17197,47526
1118799,0,33552,17197,47526
1118935,0,33552,17335,47526
1118985,0,33552,17335,47526
1119035,0,33552,17335,47526
1119127,0,34309,17335,47484
1119177,0,34309,17335,47484
1119227,0,34309,17335,47484
1119277,0,34309,17510,47484
1119327,0,35081,17510,47484
1119377,0,35081,17510,47484
1119427,0,35081,17510,47484
1119477,0,35081,17510,47446
1119527,0,35899,17510,47446
1119577,0,35899,17510,47446
1119627,0,35899,17510,47446
1119677,0,35899,17681,47446
1119727,0,35081,17681,47446
1119777,0,35081,17681,47446
1119827,0,35081,17681,47446
1119877,0,35081,17681,47434
1119969,0,35899,17681,47434
1120104,0,34309,17792,47434
1120154,0,34309,17792,47434
1120204,0,34309,17792,47434
1120254,0,34309,17792,47434
1120304,0,34309,17792,47385
1120354,0,34309,17792,47385
1120404,0,34309,17792,47385
1120454,0,34309,17792,47385
1120504,0,35081,17978,47385
1120554,0,35081,17978,47385
1120604,0,35081,17978,47385
1120654,0,35081,17978,47385
1120704,0,35081,17978,47349
1120754,0,35081,17978,47349
1120804,0,35081,17978,47349
1120854,0,35081,17978,47349
1120946,0,36748,18116,47349
1120996,0,36748,18116,47349
1121046,0,36748,18116,47349
1121096,0,36748,18116,47322
1121232,0,35899,18116,47322
1121282,0,35899,18116,47322
1121332,0,35899,18137,47322
1121382,0,35899,18137,47322
1121432,0,35899,18137,47322
1121482,0,35899,18137,47322
1121532,0,35899,18137,47300
1121582,0,35899,18137,47300
1121632,0,35899,18137,47300
1121682,0,35899,18137,47300
1121732,0,35081,18307,47300
1121782,0,35081,18307,47300
1121874,0,35081,18307,47300
1121924,0,35899,18307,49916
1121974,0,35899,18307,49916
1122024,0,35899,18307,49916
1122074,0,35899,18307,49916
1122124,0,36748,937,49916
1122174,0,36748,937,49916
1122224,0,36748,937,49916
1122360,0,36748,937,49995
1122410,0,36748,937,49995
1122460,0,36748,937,49995
1122510,0,36748,137,49995
1122560,0,36748,137,49995
1122610,0,36748,137,49995
1122660,0,36748,137,49995
1122710,0,35081,137,50040
1122760,0,35081,137,50040
1122852,0,35081,137,50040
1122902,0,35081,125,50040
1122952,0,35899,125,50040
1123002,0,35899,125,50040
1123052,0,35899,125,50040
1123102,0,35899,125,50074
1123152,0,35081,125,50074
1123202,0,35081,125,50074
1123252,0,35081,125,50074
1123302,0,35081,122,50074
1123352,0,35899,122,50074
1123487,0,35899,122,50074
1123537,0,35899,122,50102
1123587,0,35899,122,50102
1123637,0,35899,122,50102
1123687,0,35899,122,50102
1123737,0,35899,121,50102
1123787,0,35899,121,50102
1123921,0,35899,121,50125
1123971,0,35899,121,50125
1124021,0,35899,121,50125
1124071,0,35899,121,50125
1124121,0,35081,121,50125
1124171,0,35081,121,50125
1124221,0,35081,121,50125
1124271,0,35081,121,50125
1124321,0,34309,121,50146
1124371,0,34309,121,50146
1124421,0,34309,121,50146
1124471,0,34309,121,50146
1124521,0,33552,120,50146
1124826,0,33552,120,50165
1124876,0,33552,120,50165
1124926,0,35081,120,50165
1124976,0,35081,120,50165
1125026,0,35081,120,50165
1125118,0,35081,120,50182
1125168,0,35081,120,50182
1125218,0,35081,120,50182
1125268,0,35081,120,50182
1125318,0,35081,119,50182
1125368,0,35081,119,50182
1125418,0,35081,119,50182
1125468,0,35081,119,50182
1125518,0,35081,119,50198
1125568,0,35081,119,50198
1125618,0,35081,119,50198
1125668,0,35081,119,50198
1125718,0,34309,119,50198
1125768,0,34309,119,50198
1125818,0,34309,119,50198
1125995,0,34309,119,50213
1126045,0,34309,119,50213
1126137,0,32842,118,50213
1126187,0,32842,118,50213
1126237,0,32842,118,50213
1126287,0,32842,118,50213
1126337,0,32162,118,50227
1126387,0,32162,118,50227
1126437,0,32162,118,50227
1126487,0,32162,118,50227
1126537,0,32842,119,50227
1126587,0,32842,119,50227
1126637,0,32842,119,50227
1126687,0,32842,119,50227
1126737,0,32162,119,50240
1126787,0,32162,119,50240
1126837,0,32162,119,50240
1126887,0,32162,119,50240
1126937,0,32162,119,50240
1126987,0,32162,119,50240
1127165,0,31498,119,50253
1127215,0,31498,119,50253
1127265,0,31498,119,50253
1127315,0,32162,119,50253
1127365,0,32162,119,50253
1127415,0,32162,119,50253
1127465,0,32162,119,50253
1127515,0,31498,119,50253
1127565,0,31498,119,50265
1127615,0,31498,119,50265
1127665,0,31498,119,50265
1127715,0,31498,119,50265
1127765,0,31498,119,50265
1127815,0,31498,119,50265
1127865,0,31498,119,50265
1127915,0,30881,119,50265
1127965,0,30881,119,50276
1128015,0,30881,119,50276
1128107,0,30881,119,50276
1128157,0,30881,117,50276
1128294,0,30881,117,50276
1128344,0,30881,117,50287
1128394,0,30881,117,50287
1128444,0,30881,117,50287
1128494,0,30881,117,50287
1128544,0,30881,118,50287
1128594,0,30881,118,50287
1128644,0,30881,118,50287
1128694,0,30881,118,50287
1128744,0,30881,118,50297
1128794,0,30881,118,50297
1128844,0,30881,118,50297
1128894,0,30881,118,50297
1128944,0,29692,117,50297
1128994,0,29692,117,50297
1129086,0,29692,117,50297
1129136,0,30263,117,50307
1129186,0,30263,117,50307
1129236,0,30263,117,50307
1129286,0,30263,117,50307
1129421,0,30263,119,50307
1129471,0,30263,119,50307
1129521,0,30263,119,50307
1129571,0,30263,119,50318
1129621,0,30263,119,50318
1129671,0,30263,119,50318
1129721,0,29692,119,50318
1129771,0,29692,118,50318
1129821,0,29692,118,50318
1129871,0,29692,118,50318
1129921,0,29692,118,50318
1129971,0,29692,118,50327
1130021,0,29692,118,50327
1130113,0,29120,118,50327
1130163,0,29120,118,50327
1130213,0,29120,118,50327
1130263,0,29120,118,50327
1130313,0,29120,118,50327
1130363,0,29120,118,50335
1130413,0,29120,118,50335
1130548,0,28580,117,50335
1130598,0,28580,117,50335
1130648,0,28580,117,50335
1130698,0,28580,117,50335
1130748,0,29120,117,50344
1130798,0,29120,117,50344
1130848,0,29120,117,50344
1130898,0,29120,117,50344
1130948,0,28580,118,50344
1130998,0,28580,118,50344
1131048,0,28580,118,50344
1131140,0,29120,118,50344
1131190,0,29120,118,50353
1131240,0,29120,118,50353
1131290,0,29120,118,50353
1131340,0,29120,118,50353
1131475,0,29120,118,50353
1131525,0,29120,118,50353
1131575,0,29120,118,50348
1131625,0,29120,118,50348
1131675,0,29120,118,50348
1131725,0,29120,118,50348
1131775,0,29120,214,50348
1131825,0,29120,214,50348
1131875,0,29120,214,50348
1131925,0,28580,214,50348
1131975,0,28580,214,50357
1132025,0,28580,214,50357
1132117,0,28071,214,50357
1132167,0,28071,195,50357
1132217,0,28071,195,50357
1132267,0,28071,195,50357
1132317,0,27561,195,50357
1132367,0,27561,195,50364
1132417,0,27561,195,50364
1132467,0,27561,195,50364
1132602,0,27561,195,50364
1132652,0,27561,195,50364
1132702,0,27561,195,50364
1132752,0,27082,195,50364
1132802,0,27082,195,50357
1132852,0,27082,195,50357
1132902,0,27082,195,50357
1132952,0,27082,195,50357
1133002,0,27082,294,50357
1133052,0,27082,294,50357
1133144,0,27082,294,50357
1133194,0,27082,294,50352
1133244,0,27082,294,50352
1133294,0,27082,294,50352
1133344,0,28071,294,50352
1133394,0,28071,377,50352
1133444,0,28071,377,50352
1133494,0,28071,377,50352
1133544,0,27082,377,50352
1133594,0,27082,377,50359
1133729,0,27561,377,50359
1133779,0,27561,374,50359
1133829,0,27561,374,50359
1133879,0,27561,374,50359
1133929,0,27082,374,50359
1133979,0,27082,374,50366
1134029,0,27082,374,50366
1134079,0,27082,374,50366
1134171,0,26619,367,50366
1134221,0,26619,367,50366
1134271,0,26619,367,50366
1134321,0,26619,367,50366
1134371,0,26619,367,50372
1134421,0,26619,367,50372
1134471,0,26619,367,50372
1134521,0,26619,367,50372
1134571,0,26619,367,50372
1134621,0,26619,368,50372
1134671,0,26619,368,50372
1134721,0,26156,368,50372
1134857,0,26156,368,50378
1134907,0,26156,368,50378
1134957,0,26156,368,50378
1135007,0,26156,369,50378
1135057,0,26156,369,50378
1135149,0,26156,369,50378
1135199,0,26156,369,48518
1135249,0,26156,369,48518
1135299,0,26156,369,48518
1135349,0,26619,369,48518
1135399,0,26619,13082,48518
1135449,0,26619,13082,48518
1135499,0,26619,13082,48518
1135549,0,26156,13082,48518
1135599,0,26156,13082,48413
1135649,0,26156,13082,48413
1135699,0,26156,13082,48413
1135749,0,26156,13082,48413
1135799,0,26156,13669,48413
1135849,0,26156,13669,48413
1135984,0,25724,13669,48355
1136034,0,25724,13669,48355
1136126,0,26619,13669,48355
1136176,0,26619,13669,48355
1136226,0,26619,13865,48355
1136276,0,26619,13865,48355
1136326,0,27082,13865,48355
1136376,0,27082,13865,48355
1136426,0,27082,13865,48298
1136476,0,27082,13865,48298
1136526,0,27561,13865,48298
1136576,0,27561,13865,48298
1136626,0,27561,14035,48298
1136676,0,27561,14035,48298
1136726,0,27561,14035,48298
1136776,0,27561,14035,48298
1136826,0,27561,14035,48252
1136876,0,27561,14035,48252
1136926,0,27082,14035,48252
1137018,0,27082,14168,48252
1137153,0,27082,14168,48252
1137203,0,27082,14168,48220
1137253,0,27082,14168,48220
1137303,0,27561,14168,48220
1137353,0,27561,14168,48220
1137403,0,27561,14319,48220
1137453,0,27561,14319,48220
1137503,0,28071,14319,48220
1137553,0,28071,14319,48220
1137603,0,28071,14319,48172
1137653,0,28071,14319,48172
1137703,0,27082,14319,48172
1137753,0,27082,14319,48172
1137803,0,27082,14501,48172
1137853,0,27082,14501,48172
1137945,0,28071,14501,48172
1137995,0,28071,14501,48129
1138045,0,28071,14501,48129
1138095,0,28071,14501,48129
1138145,0,28580,14501,48129
1138281,0,28580,14676,48129
1138331,0,28580,14676,48129
1138381,0,28580,14676,48129
1138431,0,28580,14676,48079
1138481,0,28580,14676,48079
1138531,0,28580,14676,48079
1138581,0,28580,14676,48079
1138631,0,28580,14839,48079
1138681,0,28580,14839,48079
1138731,0,29120,14839,48079
1138781,0,29120,14839,48079
1138831,0,29120,14839,48050
1138923,0,29120,14839,48050
1138973,0,29120,14839,48050
1139023,0,29120,15009,48050
1139073,0,29120,15009,48050
1139123,0,29120,15009,48050
1139173,0,29120,15009,48050
1139223,0,29120,15009,48012
1139273,0,29120,15009,48012
1139408,0,28580,15113,48012
1139458,0,28580,15113,48012
1139508,0,28580,15113,48012
1139558,0,28580,15113,48012
1139608,0,28580,15113,47970
1139658,0,28580,15113,47970
1139708,0,29120,15113,47970
1139758,0,29120,15113,47970
1139850,0,29120,15248,47970
1139900,0,29120,15248,47970
1139950,0,29120,15248,47970
1140000,0,29120,15248,47970
1140050,0,29120,15248,47943
1140100,0,29120,15248,47943
1140150,0,29120,15248,47943
1140200,0,29120,15248,47943
1140250,0,29120,15378,47943
1140300,0,29120,15378,47943
1140350,0,29120,15378,47943
1140400,0,29120,15378,47943
1140535,0,29692,15378,47881
1140585,0,29692,15378,47881
1140635,0,29692,15607,47881
1140685,0,29692,15607,47881
1140735,0,30263,15607,47881
1140827,0,30263,15607,47851
1140877,0,30263,15607,47851
1140927,0,29692,15607,47851
1140977,0,29692,15607,47851
1141027,0,29692,15728,47851
1141077,0,29692,15728,47851
1141127,0,30263,15728,47851
1141177,0,30263,15728,47851
1141227,0,30263,15728,47812
1141277,0,30263,15728,47812
1141327,0,29692,15728,47812
1141377,0,29692,15728,47812
1141427,0,29692,15869,47812
1141477,0,29692,15869,47812
1141527,0,30263,15869,47812
1141663,0,30263,15869,47775
1141755,0,30881,15869,47775
1141805,0,30881,15869,47775
1141855,0,30881,16027,47775
1141905,0,30881,16027,47775
1141955,0,30881,16027,47775
1142005,0,30881,16027,47775
1142055,0,30881,16027,47742
1142105,0,30881,16027,47742
1142155,0,30881,16027,47742
1142205,0,30881,16027,47742
1142255,0,30881,16155,47742
1142305,0,30881,16155,47742
1142355,0,30881,16155,47742
1142405,0,30881,16155,47742
1142455,0,30881,16155,47705
1142505,0,30881,16155,47705
1142555,0,30881,16155,47705
1142647,0,30881,16296,47705
1142697,0,30881,16296,47705
1142832,0,31498,16296,47679
1142882,0,31498,16296,47679
1142932,0,30881,16296,47679
1142982,0,30881,16296,47679
1143032,0,30881,16418,47679
1143082,0,30881,16418,47679
1143132,0,30881,16418,47679
1143182,0,30881,16418,47679
1143232,0,30881,16418,47647
1143282,0,30881,16418,47647
1143332,0,31498,16418,47647
1143382,0,31498,16418,47647
1143432,0,31498,16525,47647
1143482,0,31498,16525,47647
1143574,0,31498,16525,47647
1143624,0,31498,16525,47647
1143674,0,31498,16525,47610
1143724,0,31498,16525,47610
1143774,0,31498,16525,47610
1143824,0,31498,16525,47610
1143960,0,32162,16646,47610
1144010,0,32162,16646,47610
1144060,0,32162,16646,47591
1144110,0,32162,16646,47591
1144160,0,32162,16646,47591
1144210,0,32162,16646,47591
1144260,0,32162,16785,47591
1144310,0,32162,16785,47591
1144360,0,32162,16785,47591
1144410,0,32162,16785,47591
1144460,0,32162,16785,47557
1144552,0,32842,16785,47557
1144602,0,32842,16785,47557
1144652,0,32842,16886,47557
1144702,0,32842,16886,47557
1144752,0,32842,16886,47557
1144802,0,32842,16886,47557
1144852,0,32842,16886,47530
1144902,0,32842,16886,47530
1144952,0,32842,16886,47530
1145088,0,32842,17023,47530
1145138,0,33552,17023,47530
1145188,0,33552,17023,47530
1145238,0,33552,17023,47480
1145288,0,33552,17023,47480
1145338,0,32842,17023,47480
1145388,0,32842,17023,47480
1145480,0,32842,17156,47480
1145530,0,33552,17156,47480
1145580,0,33552,17156,47480
1145630,0,33552,17156,47480
1145680,0,33552,17156,47459
1145730,0,33552,17156,47459
1145780,0,33552,17156,47459
1145830,0,33552,17156,47459
1145880,0,33552,17230,47459
1146017,0,33552,17230,47459
1146067,0,33552,17230,47449
1146117,0,33552,17230,47449
1146167,0,33552,17230,47449
1146217,0,33552,17230,47449
1146267,0,33552,17290,47449
1146317,0,32842,17290,47449
1146367,0,32842,17290,47449
1146459,0,32842,17290,47416
1146509,0,32842,17290,47416
1146559,0,32842,17290,47416
1146609,0,32842,17290,47416
1146659,0,32842,17407,47416
1146709,0,32842,17407,47416
1146759,0,32842,17407,47416
1146809,0,32842,17407,47416
1146859,0,32842,17407,47402
1146909,0,32842,17407,47402
1146959,0,32842,17407,47402
1147009,0,32842,17407,47402
1147144,0,34309,17485,47402
1147194,0,34309,17485,47402
1147244,0,34309,17485,47402
1147294,0,34309,17485,47359
1147386,0,34309,17485,47359
1147436,0,34309,17485,47359
1147486,0,34309,17585,47359
1147536,0,34309,17585,47359
1147586,0,34309,17585,47359
1147636,0,34309,17585,47359
1147686,0,34309,17585,47353
1147736,0,34309,17585,47353
1147786,0,34309,17585,47353
1147836,0,34309,17585,47353
1147886,0,34309,17659,47353
1147936,0,34309,17659,47353
1147986,0,34309,17659,47353
1148036,0,34309,17659,47353
1148086,0,34309,17659,47326
1148136,0,33552,17659,47326
1148271,0,33552,17751,47326
1148363,0,34309,17751,47326
1148413,0,34309,17751,47326
1148463,0,34309,17751,47326
1148513,0,34309,17751,47288
1148563,0,34309,17751,47288
1148613,0,34309,17751,47288
1148663,0,34309,17751,47288
1148713,0,34309,17819,47288
1148763,0,34309,17819,47288
1148813,0,34309,17819,47288
1148863,0,34309,17819,47288
1148913,0,35081,17819,47269
1148963,0,35081,17819,47269
1149013,0,35081,17819,47269
1149063,0,35081,17819,47269
1149113,0,35081,17942,47269
1149205,0,35081,17942,47269
1149255,0,35081,17942,47269
1149305,0,35081,17942,47245
1149441,0,35081,17942,47245
1149491,0,35081,18019,47245
1149541,0,35081,18019,47245
1149591,0,35081,18019,47245
1149641,0,35081,18019,47245
1149691,0,35081,18019,47230
1149741,0,34309,18019,47230
1149791,0,34309,18019,47230
1149841,0,34309,18019,47230
1149891,0,34309,18086,47230
1149941,0,34309,18086,47230
1149991,0,34309,18086,47230
1150041,0,34309,18086,47230
1150091,0,34309,18086,47200
1150183,0,34309,18086,47200
1150233,0,34309,18086,47200
1150283,0,34309,18173,47200
1150333,0,34309,18173,47200
1150383,0,34309,18173,47200
1150433,0,34309,18173,47200
1150569,0,35899,18173,47181
1150619,0,35899,18173,47181
1150669,0,35899,18173,47181
1150719,0,35899,18238,47181
1150769,0,35899,18238,47181
1150819,0,35899,18238,47181
1150869,0,35899,18238,47181
1150919,0,35899,18238,49791
1150969,0,35899,18238,49791
1151019,0,35899,18238,49791
1151111,0,35081,817,49791
1151161,0,35081,817,49791
1151211,0,35081,817,49791
1151261,0,35081,817,49791
1151311,0,35081,817,49868
1151361,0,35081,817,49868
1151411,0,35081,817,49868
1151461,0,35081,817,49868
1151511,0,35081,136,49868
1151561,0,35081,136,49868
1151696,0,35081,136,49913
1151746,0,34309,136,49913
1151796,0,34309,136,49913
1151846,0,34309,136,49913
1151896,0,34309,125,49913
1151946,0,35081,125,49913
1151996,0,35081,125,49913
1152046,0,35081,125,49913
1152138,0,35081,125,49946
1152188,0,35081,125,49946
1152238,0,35081,125,49946
1152288,0,35081,123,49946
1152338,0,35081,123,49946
1152388,0,35081,123,49946
1152438,0,35081,123,49946
1152488,0,35081,123,49946
1152538,0,35081,123,49975
1152588,0,35081,123,49975
1152638,0,35081,123,49975
1152688,0,35081,123,49975
1152824,0,34309,122,49975
1152874,0,34309,122,49975
1152924,0,33552,122,49999
1152974,0,33552,122,49999
1153024,0,33552,122,49999
1153074,0,33552,122,49999
1153166,0,33552,120,49999
1153216,0,33552,120,49999
1153266,0,33552,120,49999
1153316,0,33552,120,50021
1153366,0,33552,120,50021
1153416,0,33552,120,50021
1153466,0,33552,120,50021
1153516,0,32842,119,50021
1153566,0,32842,119,50021
1153616,0,32842,119,50021
1153666,0,32842,119,50021
1153716,0,32842,119,50040
1153766,0,32842,119,50040
1153816,0,32842,119,50040
1153952,0,34309,119,50040
1154002,0,34309,119,50040
1154052,0,34309,119,50040
1154144,0,33552,119,50057
1154194,0,33552,119,50057
1154244,0,33552,119,50057
1154294,0,33552,119,50057
1154344,0,33552,120,50057
1154394,0,33552,120,50057
1154444,0,33552,120,50057
1154494,0,33552,120,50057
1154544,0,32842,120,50073
1154594,0,32842,120,50073
1154644,0,32842,120,50073
1154694,0,32842,120,50073
1154744,0,32842,119,50073
1154794,0,32842,119,50073
1154844,0,32842,119,50073
1154894,0,32842,119,50073
1154944,0,32162,119,50089
1155079,0,32162,119,50089
1155213,0,32162,120,50089
1155263,0,32162,120,50089
1155313,0,32162,120,50103
1155363,0,32162,120,50103
1155413,0,32162,120,50103
1155463,0,32162,120,50103
1155513,0,32162,118,50103
1155563,0,32162,118,50103
1155613,0,32162,118,50103
1155663,0,32162,118,50103
1155713,0,31498,118,50116
1155763,0,31498,118,50116
1155813,0,31498,118,50116
1155863,0,31498,118,50116
1155913,0,32162,118,50116
1155963,0,32162,118,50116
1156013,0,32162,118,50116
1156063,0,32162,118,50116
1156155,0,30881,118,50129
1156461,0,31498,119,50129
1156511,0,30881,119,50129
1156561,0,30881,119,50141
1156611,0,30881,119,50141
1156661,0,30881,119,50141
1156711,0,30881,119,50141
1156761,0,30881,118,50141
1156811,0,30881,118,50141
1156861,0,30881,118,50141
1156911,0,30263,118,50141
1156961,0,30263,118,50153
1157011,0,30263,118,50153
1157061,0,30263,118,50153
1157111,0,30263,118,50153
1157161,0,30263,118,50153
1157211,0,30263,118,50153
1157303,0,30263,118,50153
1157353,0,30263,118,50165
1157403,0,30263,118,50165
1157453,0,30263,118,50165
1157630,0,30881,118,50165
1157680,0,30881,118,50165
1157730,0,30263,118,50176
1157780,0,30263,118,50176
1157830,0,30263,118,50176
1157880,0,30263,118,50176
1157930,0,30263,118,50176
1157980,0,30263,118,50176
1158030,0,30263,118,50176
1158080,0,30263,118,50176
1158130,0,30263,118,50186
1158180,0,30263,118,50186
1158230,0,30263,118,50186
1158280,0,30263,118,50186
1158372,0,30263,118,50186
1158422,0,30263,118,50186
1158472,0,30263,118,50186
1158522,0,30263,118,50186
1158572,0,30263,118,50195
1158622,0,30263,118,50195
1158758,0,30263,118,50195
1158808,0,30263,118,50195
1158858,0,30263,118,50195
1158908,0,29692,118,50195
1158958,0,29692,118,50205
1159008,0,29692,118,50205
1159058,0,29692,118,50205
1159108,0,29692,118,50205
1159158,0,29692,118,50205
1159208,0,29692,118,50205
1159258,0,29692,118,50205
1159308,0,29692,118,50205
1159400,0,29692,118,50214
1159450,0,29692,118,50214
1159500,0,29692,118,50214
1159550,0,29120,118,50214
1159600,0,29120,118,50214
1159650,0,29120,118,50214
1159700,0,29120,118,50214
1159750,0,29120,118,50223
1159886,0,29120,118,50223
1159936,0,28071,118,50223
1159986,0,28071,118,50223
1160036,0,28071,118,50223
1160086,0,28071,118,50223
1160136,0,28071,118,50223
1160186,0,28071,118,50231
1160236,0,28071,118,50231
1160286,0,28071,118,50231
1160378,0,28071,496,50231
1160428,0,28071,496,50231
1160478,0,28071,496,50231
1160528,0,28071,496,50231
1160578,0,28071,496,50228
1160628,0,28071,496,50228
1160678,0,28071,496,50228
1160814,0,27561,198,50228
1160864,0,27561,198,50228
1160914,0,28071,198,50228
1160964,0,28071,198,50236
1161014,0,28071,198,50236
1161064,0,28071,198,50236
1161114,0,28580,198,50236
1161164,0,28580,195,50236
1161214,0,28580,195,50236
1161264,0,28580,195,50236
1161314,0,28071,195,50236
1161406,0,28071,195,50244
1161456,0,28071,195,50244
1161506,0,28071,195,50244
1161556,0,28071,247,50244
1161606,0,28071,247,50244
1161656,0,28071,247,50244
1161706,0,28071,247,50244
1161756,0,28071,247,50237
1161806,0,28071,247,50237
1161941,0,28071,247,50237
1161991,0,28071,383,50237
1162041,0,28071,383,50237
1162091,0,28071,383,50237
1162141,0,27561,383,50237
1162191,0,27561,383,50231
1162241,0,27561,383,50231
1162291,0,27561,383,50231
1162341,0,27082,383,50231
1162433,0,27082,377,50231
1162483,0,27082,377,50231
1162533,0,27082,377,50231
1162583,0,27082,377,50239
1162633,0,27082,377,50239
1162683,0,27082,377,50239
1162733,0,27082,377,50239
1162783,0,27082,373,50239
1162833,0,27082,373,50239
1162883,0,27082,373,50239
1162933,0,27561,373,50239
1163070,0,27561,373,50247
1163120,0,27082,373,50247
1163170,0,27082,369,50247
1163220,0,27082,369,50247
1163270,0,27082,369,50247
1163320,0,27082,369,50247
1163412,0,27082,369,50253
1163462,0,27082,369,50253
1163512,0,26619,369,50253
1163562,0,26619,366,50253
1163612,0,26619,366,50253
1163662,0,26619,366,50253
1163712,0,26156,366,50253
1163762,0,26156,366,50253
1163812,0,26156,366,50259
1163862,0,26156,366,50259
1163912,0,26619,366,50259
1163962,0,26619,366,50259
1164012,0,26619,1919,50259
1164062,0,26619,1919,50259
1164197,0,26619,1919,48266
1164247,0,26619,1919,48266
1164297,0,26619,1919,48266
1164347,0,26619,1919,48266
1164439,0,26619,14079,48266
1164489,0,26619,14079,48266
1164539,0,27561,14079,48266
1164589,0,27561,14079,48203
1164639,0,27561,14079,48203
1164689,0,27561,14079,48203
1164739,0,27561,14079,48203
1164789,0,27561,14304,48203
1164839,0,27561,14304,48203
1164889,0,27561,14304,48203
1164939,0,27561,14304,48203
1164989,0,27561,14304,48132
1165039,0,27561,14304,48132
1165089,0,27561,14304,48132
1165139,0,28580,14304,48132
1165189,0,28580,14484,48132
1165367,0,27561,14484,48132
1165417,0,27561,14484,48082
1165467,0,27561,14484,48082
1165517,0,27082,14484,48082
1165567,0,27082,14484,48082
1165617,0,27082,14623,48082
1165667,0,27082,14623,48082
1165717,0,28071,14623,48082
1165767,0,28071,14623,48082
1165817,0,28071,14623,48048
1165867,0,28071,14623,48048
1165917,0,28071,14623,48048
1165967,0,28071,14623,48048
1166017,0,28071,14770,48048
1166067,0,28071,14770,48048
1166117,0,28071,14770,48048
1166167,0,28071,14770,48048
1166259,0,28071,14770,48011
1166309,0,28580,14770,48011
1166359,0,28580,14770,48011
1166495,0,28580,14907,48011
1166545,0,28580,14907,48011
1166595,0,28580,14907,47962
1166645,0,28580,14907,47962
1166695,0,28580,14907,47962
1166745,0,29120,14907,47962
1166795,0,29120,15045,47962
1166845,0,29120,15045,47962
1166895,0,29120,15045,47962
1166945,0,29120,15045,47962
1166995,0,29120,15045,47925
1167045,0,29120,15045,47925
1167095,0,29120,15045,47925
1167187,0,29692,15045,47925
1167237,0,29692,15163,47925
1167287,0,29692,15163,47925
1167337,0,29692,15163,47925
1167387,0,29692,15163,47925
1167437,0,29692,15163,47903
1167487,0,29692,15163,47903
1167622,0,29692,15298,47903
1167672,0,29692,15298,47903
1167722,0,29692,15298,47903
1167772,0,29692,15298,47903
1167822,0,29692,15298,47846
1167872,0,29692,15298,47846
1167922,0,30263,15298,47846
1167972,0,30263,15298,47846
1168022,0,30263,15424,47846
1168072,0,30263,15424,47846
1168164,0,30263,15424,47846
1168214,0,30263,15424,47817
1168264,0,30263,15424,47817
1168314,0,30263,15424,47817
1168364,0,30263,15424,47817
1168414,0,30263,15518,47817
1168464,0,30263,15518,47817
1168514,0,29120,15518,47817
1168564,0,29120,15518,47817
1168614,0,29120,15518,47788
1168750,0,29692,15518,47788
1168800,0,29692,15629,47788
1168850,0,29692,15629,47788
1168900,0,29692,15629,47788
1168950,0,29692,15629,47788
1169000,0,29692,15629,47746
1169092,0,29692,15629,47746
1169142,0,30263,15629,47746
1169192,0,30263,15629,47746
1169242,0,30263,15768,47746
1169292,0,30263,15768,47746
1169342,0,30263,15768,47746
1169392,0,30263,15768,47746
1169442,0,30263,15768,47724
1169492,0,30263,15768,47724
1169542,0,30881,15768,47724
1169592,0,30881,15768,47724
1169642,0,30881,15877,47724
1169692,0,30881,15877,47724
1169742,0,30263,15877,47724
1169878,0,30263,15877,47688
1169928,0,30881,15877,47688
1169978,0,30881,15877,47688
1170070,0,30881,15973,47688
1170120,0,30881,15973,47688
1170170,0,30881,15973,47688
1170220,0,30881,15973,47669
1170270,0,30881,15973,47669
1170320,0,30263,15973,47669
1170370,0,30263,15973,47669
1170420,0,30263,16085,47669
1170470,0,30263,16085,47669
1170520,0,30881,16085,47669
1170570,0,30881,16085,47669
1170620,0,30881,16085,47625
1170670,0,30881,16085,47625
1170720,0,30881,16085,47625
1170770,0,30881,16085,47625
1170820,0,30881,16209,47625
1170912,0,31498,16209,47625
1171047,0,31498,16209,47600
1171097,0,31498,16209,47600
1171147,0,32162,16209,47600
1171197,0,32162,16209,47600
1171247,0,32162,16346,47600
1171297,0,32162,16346,47600
1171347,0,32842,16346,47600
1171397,0,32842,16346,47600
1171447,0,32842,16346,47575
1171497,0,32842,16346,47575
1171547,0,32162,16346,47575
1171597,0,32162,16346,47575
1171647,0,32162,16432,47575
1171697,0,32162,16432,47575
1171747,0,32842,16432,47575
1171797,0,32842,16432,47575
1171889,0,32842,16432,47557
1171939,0,32842,16432,47557
1171989,0,32842,16432,47557
1172039,0,32842,16543,47557
1172175,0,32162,16543,47557
1172225,0,32162,16543,47529
1172275,0,32162,16543,47529
1172325,0,32842,16543,47529
1172375,0,32842,16543,47529
1172425,0,32842,16543,47529
1172475,0,32842,16640,47529
1172525,0,32842,16640,47529
1172575,0,32842,16640,47529
1172625,0,32842,16640,47529
1172675,0,32842,16640,47472
1172725,0,32842,16640,47472
1172817,0,32842,16640,47472
1172867,0,32842,16810,47472
1172917,0,33552,16810,47472
1172967,0,33552,16810,47472
1173017,0,33552,16810,47472
1173067,0,33552,16810,47442
1173117,0,33552,16810,47442
1173167,0,33552,16810,47442
1173303,0,32842,16942,47442
1173353,0,32842,16942,47442
1173403,0,32842,16942,47442
1173453,0,32842,16942,47414
1173503,0,33552,16942,47414
1173553,0,33552,16942,47414
1173603,0,33552,16942,47414
1173653,0,33552,17090,47414
1173703,0,32842,17090,47414
1173795,0,32842,17090,47414
1173845,0,32842,17090,47380
1173895,0,32842,17090,47380
1173945,0,32842,17090,47380
1173995,0,32842,17090,47380
1174045,0,32842,17171,47380
1174095,0,32842,17171,47380
1174145,0,33552,17171,47380
1174195,0,33552,17171,47380
1174245,0,33552,17171,47375
1174295,0,33552,17171,47375
1174431,0,33552,17171,47375
1174481,0,33552,17237,47375
1174531,0,34309,17237,47375
1174581,0,34309,17237,47375
1174631,0,34309,17237,47375
1174723,0,34309,17237,47348
1174773,0,34309,17237,47348
1174823,0,34309,17237,47348
1174873,0,34309,17358,47348
1174923,0,34309,17358,47348
1174973,0,34309,17358,47348
1175023,0,34309,17358,47348
1175073,0,34309,17358,47297
1175123,0,34309,17358,47297
1175173,0,34309,17358,47297
1175223,0,34309,17358,47297
1175359,0,35081,17431,47297
1175409,0,35081,17431,47297
1175459,0,35081,17431,47294
1175509,0,34309,17431,47294
1175559,0,34309,17431,47294
1175609,0,34309,17431,47294
1175701,0,34309,17504,47294
1175751,0,33552,17504,47294
1175801,0,33552,17504,47294
1175851,0,33552,17504,47255
1175901,0,33552,17504,47255
1175951,0,33552,17504,47255
1176001,0,33552,17504,47255
1176051,0,33552,17599,47255
1176101,0,33552,17599,47255
1176151,0,34309,17599,47255
1176201,0,34309,17599,47255
1176251,0,34309,17599,47272
1176301,0,34309,17599,47272
1176351,0,34309,17599,47272
1176486,0,34309,17611,47272
1176536,0,35081,17611,47272
1176628,0,35081,17611,47272
1176678,0,35081,17611,47207
1176728,0,35899,17611,47207
1176778,0,35899,17611,47207
1176828,0,35899,17611,47207
1176878,0,35899,17777,47207
1176928,0,35899,17777,47207
1176978,0,35899,17777,47207
1177028,0,35899,17777,47207
1177078,0,35899,17777,47199
1177128,0,34309,17777,47199
1177178,0,34309,17777,47199
1177228,0,34309,17777,47199
1177278,0,34309,17865,47199
1177328,0,35081,17865,47199
1177378,0,35081,17865,47199
1177428,0,35081,17865,47199
1177520,0,35081,17865,47164
1177655,0,35081,17961,47164
1177705,0,35081,17961,47164
1177755,0,35081,17961,47164
1177805,0,35081,17961,47164
1177855,0,35081,17961,47164
1177905,0,35899,17961,47167
1177955,0,35899,17961,47167
1178005,0,35899,17961,47167
1178055,0,35899,17961,47167
1178105,0,35899,18039,47167
1178155,0,35899,18039,47167
1178205,0,35899,18039,47167
1178255,0,35899,18039,47167
1178305,0,36748,18039,49726
1178355,0,36748,18039,49726
1178447,0,36748,18039,49726
1178497,0,36748,544,49726
1178547,0,35081,544,49726
1178597,0,35081,544,49726
1178647,0,35081,544,49726
1178782,0,35081,544,49794
1178832,0,35081,544,49794
1178882,0,35081,134,49794
1178932,0,34309,134,49794
1178982,0,34309,134,49794
1179032,0,34309,134,49794
1179082,0,34309,134,49837
1179132,0,35081,134,49837
1179182,0,35081,134,49837
1179232,0,35081,134,49837
1179282,0,35081,124,49837
1179332,0,35899,124,49837
1179382,0,35899,124,49837
1179474,0,35899,124,49837
1179524,0,34309,124,49871
1179574,0,34309,124,49871
1179624,0,34309,124,49871
1179674,0,34309,124,49871
1179724,0,35081,122,49871
1179774,0,35081,122,49871
1179909,0,35081,122,49897
1179959,0,35081,122,49897
1180009,0,35081,122,49897
1180059,0,35081,122,49897
1180109,0,34309,121,49897
1180159,0,34309,121,49897
1180209,0,34309,121,49897
1180259,0,34309,121,49897
1180309,0,33552,121,49920
1180359,0,33552,121,49920
1180409,0,33552,121,49920
1180501,0,33552,119,49920
1180551,0,33552,119,49920
1180601,0,33552,119,49920
1180651,0,33552,119,49920
1180701,0,33552,119,49941
1180751,0,33552,119,49941
1180801,0,33552,119,49941
1180851,0,33552,119,49941
1180901,0,33552,120,49941
1181038,0,32842,120,49941
1181088,0,32842,120,49959
1181138,0,32842,120,49959
1181188,0,32842,120,49959
1181238,0,32842,120,49959
1181288,0,32842,119,49959
1181338,0,32842,119,49959
1181388,0,32842,119,49959
1181480,0,32842,119,49959
1181530,0,32162,119,49976
1181580,0,32162,119,49976
1181630,0,32162,119,49976
1181680,0,32162,119,49976
1181730,0,32162,119,49976
1181780,0,32162,119,49976
1181830,0,32162,119,49976
1181880,0,32162,119,49976
1181930,0,32842,119,49991
1181980,0,32842,119,49991
1182030,0,32842,119,49991
1182166,0,32162,119,49991
1182216,0,32162,119,49991
1182266,0,32162,119,49991
1182316,0,32162,119,50006
1182366,0,32162,119,50006
1182416,0,32162,119,50006
1182508,0,31498,118,50006
1182558,0,31498,118,50006
1182608,0,31498,118,50006
1182658,0,31498,118,50006
1182708,0,31498,118,50020
1182758,0,31498,118,50020
1182808,0,31498,118,50020
1182858,0,31498,118,50020
1182908,0,31498,119,50020
1182958,0,31498,119,50020
1183008,0,31498,119,50020
1183058,0,31498,119,50020
1183108,0,31498,119,50033
1183158,0,31498,119,50033
1183293,0,31498,119,50033
1183343,0,30881,119,50033
1183393,0,30881,119,50033
1183443,0,30881,119,50033
1183535,0,30881,119,50045
1183585,0,30881,119,50045
1183635,0,30881,119,50045
1183685,0,30881,119,50045
1183735,0,30881,118,50045
1183785,0,30881,118,50045
1183835,0,30881,118,50045
1183885,0,30881,118,50045
1183935,0,30881,118,50058
1183985,0,30881,118,50058
1184035,0,30881,118,50058
1184085,0,30881,118,50058
1184135,0,30263,118,50058
1184185,0,30263,118,50058
1184235,0,30263,118,50058
1184285,0,30263,118,50058
1184421,0,29692,118,50054
1184513,0,30263,219,50054
1184563,0,30263,219,50054
1184613,0,30263,219,50054
1184663,0,30263,219,50054
1184713,0,29692,219,50068
1184763,0,29692,219,50068
1184813,0,29692,219,50068
1184863,0,29692,219,50068
1184913,0,29120,195,50068
1184963,0,29120,195,50068
1185013,0,29120,195,50068
1185063,0,29120,195,50068
1185113,0,28580,195,50078
1185163,0,28580,195,50078
1185213,0,28580,195,50078
1185263,0,28580,195,50078
1185313,0,28580,195,50078
1185363,0,28580,195,50078
1185455,0,28580,195,50078
1185590,0,28580,195,50072
1185640,0,28580,195,50072
1185690,0,28580,195,50072
1185740,0,28071,295,50072
1185790,0,28071,295,50072
1185840,0,28071,295,50072
1185890,0,28071,295,50072
1185940,0,28071,295,50071
1185990,0,28071,295,50071
1186040,0,28071,295,50071
1186090,0,28071,295,50071
1186140,0,28071,380,50071
1186190,0,28071,380,50071
1186240,0,28071,380,50071
1186290,0,28071,380,50071
1186340,0,28580,380,50079
1186390,0,28580,380,50079
1186524,0,28071,372,50079
1186574,0,28071,372,50079
1186624,0,28071,372,50079
1186929,0,28580,368,50088
1186979,0,28580,368,50088
1187029,0,28580,368,50088
1187079,0,28580,368,50088
1187129,0,28580,368,50097
1187179,0,28580,368,50097
1187229,0,28580,368,50097
1187279,0,28580,368,50097
1187329,0,27082,368,50097
1187379,0,27082,368,50097
1187429,0,27082,368,50097
1187479,0,27082,368,50097
1187529,0,27561,368,50105
1187579,0,27561,368,50105
1187671,0,27561,368,50105
1187721,0,27561,368,50105
1187771,0,27561,369,50105
1187821,0,27561,369,50105
1187871,0,27561,369,50105
1187921,0,27561,369,50105
1188098,0,27561,369,48417
1188148,0,27561,13845,48417
1188198,0,27561,13845,48417
1188248,0,27561,13845,48417
1188298,0,27561,13845,48417
1188348,0,28071,13845,48014
1188398,0,28071,13845,48014
1188448,0,28071,13845,48014
1188498,0,28071,13845,48014
1188548,0,28071,14585,48014
1188598,0,28071,14585,48014
1188690,0,28071,14585,48014
1188740,0,29120,14585,47959
1188790,0,29120,14585,47959
1188840,0,29120,14585,47959
1188890,0,29120,14585,47959
1188940,0,28580,14749,47959
1188990,0,28580,14749,47959
1189040,0,28580,14749,47959
1189090,0,28580,14749,47959
1189226,0,29120,14749,47908
1189276,0,29120,14749,47908
1189326,0,29120,14749,47908
1189376,0,29120,14931,47908
1189426,0,29120,14931,47908
1189476,0,29120,14931,47908
1189526,0,29692,14931,47908
1189576,0,29692,14931,47867
1189668,0,29692,14931,47867
1189718,0,29120,14931,47867
1189768,0,29120,15065,47867
1189818,0,29120,15065,47867
1189868,0,29120,15065,47867
1189918,0,28580,15065,47867
1189968,0,28580,15065,47828
1190018,0,28580,15065,47828
1190154,0,29692,15185,47828
1190204,0,29692,15185,47828
1190254,0,29692,15185,47828
1190304,0,29120,15185,47828
1190354,0,29120,15185,47794
1190404,0,29120,15185,47794
1190454,0,29120,15185,47794
1190504,0,29692,15185,47794
1190596,0,29692,15328,47794
1190646,0,29692,15328,47794
1190696,0,29692,15328,47794
1190746,0,29692,15328,47739
1190796,0,29692,15328,47739
1190846,0,29692,15328,47739
1190896,0,29692,15328,47739
1190946,0,29692,15482,47739
1190996,0,29692,15482,47739
1191046,0,29692,15482,47739
1191096,0,29692,15482,47739
1191146,0,29692,15482,47700
1191281,0,29692,15482,47700
1191331,0,29692,15482,47700
1191381,0,29692,15585,47700
1191431,0,29692,15585,47700
1191481,0,29692,15585,47700
1191573,0,30263,15585,47665
1191623,0,30263,15585,47665
1191673,0,30263,15585,47665
1191723,0,29692,15585,47665
1191773,0,29692,15723,47665
1191823,0,29692,15723,47665
1191873,0,29692,15723,47665
1191923,0,30263,15723,47665
1191973,0,30263,15723,47633
1192023,0,30263,15723,47633
1192073,0,30263,15723,47633
1192123,0,29692,15723,47633
1192173,0,29692,15844,47633
1192223,0,29692,15844,47633
1192273,0,29692,15844,47633
1192408,0,30263,15844,47599
1192500,0,30263,15844,47599
1192550,0,30881,15844,47599
1192600,0,30881,15964,47599
1192650,0,30881,15964,47599
1192700,0,30881,15964,47599
1192750,0,30881,15964,47599
1192800,0,30881,15964,47569
1192850,0,30881,15964,47569
1192900,0,30881,15964,47569
1192950,0,30881,15964,47569
1193000,0,30881,16102,47569
1193050,0,30881,16102,47569
1193100,0,30881,16102,47569
1193150,0,31498,16102,47569
1193200,0,31498,16102,47543
1193250,0,31498,16102,47543
1193300,0,31498,16102,47543
1193392,0,31498,16250,47543
1193442,0,31498,16250,47543
1193577,0,30881,16250,47504
1193627,0,30881,16250,47504
1193677,0,30881,16250,47504
1193727,0,31498,16250,47504
1193777,0,31498,16365,47504
1193827,0,31498,16365,47504
1193877,0,31498,16365,47504
1193927,0,31498,16365,47504
1193977,0,31498,16365,47476
1194027,0,31498,16365,47476
1194077,0,31498,16365,47476
1194127,0,31498,16365,47476
1194177,0,31498,16442,47476
1194227,0,31498,16442,47476
1194319,0,31498,16442,47476
1194369,0,31498,16442,47476
1194419,0,31498,16442,47453
1194469,0,31498,16442,47453
1194519,0,31498,16442,47453
1194569,0,31498,16442,47453
1194704,0,32162,16558,47453
1194754,0,32162,16558,47453
1194804,0,32162,16558,47425
1194854,0,32162,16558,47425
1194904,0,32162,16558,47425
1194954,0,32162,16558,47425
1195004,0,32162,16683,47425
1195054,0,32162,16683,47425
1195104,0,33552,16683,47425
1195154,0,33552,16683,47425
1195204,0,33552,16683,47381
1195296,0,33552,16683,47381
1195346,0,33552,16683,47381
1195396,0,33552,16851,47381
1195446,0,33552,16851,47381
1195496,0,33552,16851,47381
1195546,0,33552,16851,47381
1195596,0,33552,16851,47336
1195646,0,33552,16851,47336
1195696,0,33552,16851,47336
1195832,0,33552,16990,47336
1195882,0,33552,16990,47336
1195932,0,33552,16990,47336
1195982,0,33552,16990,47316
1196032,0,33552,16990,47316
1196082,0,33552,16990,47316
1196132,0,33552,16990,47316
1196224,0,33552,17084,47316
1196274,0,33552,17084,47316
1196324,0,33473,17084,47316
1196374,0,33394,17084,47316
1196424,0,33315,17084,47290
1196474,0,33236,17084,47290
1196524,0,33158,17084,47290
1196574,0,33079,17084,47290
1196624,0,33000,4786,47290
1196674,0,32921,4786,47290
1196724,0,32842,4786,47290
1196774,0,32842,4786,47290
1196824,0,32842,4786,49784
1196960,0,32842,4786,49784
1197010,0,32842,165,49784
1197060,0,32842,165,49784
1197110,0,32842,165,49784
1197160,0,32842,165,49784
1197252,0,32842,165,49831
1197302,0,32842,165,49831
1197352,0,32842,165,49831
1197402,0,32842,127,49831
1197452,0,32842,127,49831
1197502,0,32842,127,49831
1197552,0,32842,127,49831
1197602,0,32842,127,49865
1197652,0,32842,127,49865
1197702,0,32842,127,49865
1197752,0,32842,127,49865
1197802,0,32842,123,49865
1197852,0,32842,123,49865
1197902,0,32842,123,49865
1197952,0,32898,123,49865
1198089,0,33053,123,49891
1198139,0,33110,123,49891
1198189,0,33166,123,49891
1198239,0,33222,122,49891
1198331,0,33326,122,49891
1198381,0,33383,122,49891
1198431,0,33439,122,49913
1198481,0,33496,122,49913
1198531,0,33552,122,49913
1198581,0,33552,122,49913
1198631,0,33552,120,49913
1198681,0,33552,120,49913
1198731,0,32842,120,49913
1198781,0,32842,120,49913
1198831,0,32842,120,49932
1198881,0,32842,120,49932
1198931,0,32842,120,49932
1198981,0,32842,120,49932
1199031,0,32842,121,49932
1199081,0,32842,121,49932
1199216,0,32162,121,49950
1199266,0,32162,121,49950
1199358,0,32842,121,49950
1199408,0,32842,120,49950
1199458,0,32842,120,49950
1199508,0,32162,120,49950
1199558,0,32162,120,49950
1199608,0,32162,120,49950
1199658,0,32162,120,49966
1199708,0,32162,120,49966
1199758,0,32162,120,49966
1199808,0,32162,120,49966
1199858,0,32162,119,49966
1199908,0,32162,119,49966
1199958,0,32162,119,49966
1200008,0,32162,119,49966
1200058,0,32162,119,49981
1200108,0,31498,119,49981
1200158,0,31498,119,49981
1200208,0,31498,119,49981
1200386,0,31498,119,49981
1200436,0,31498,119,49994
1200486,0,31498,119,49994
1200536,0,30881,119,49994
1200586,0,30881,119,49994
1200636,0,30881,119,49994
1200686,0,30881,119,49994
1200736,0,31498,119,49994
1200786,0,31498,119,49994
1200836,0,31498,119,50007
1200886,0,31498,119,50007
1200936,0,30881,119,50007
1200986,0,30881,119,50007
1201036,0,30881,118,50007
1201086,0,30881,118,50007
1201136,0,30881,118,50007
1201186,0,30881,118,50007
1201278,0,30881,118,50019
1201328,0,30263,118,50019
1201378,0,30263,118,50019
1201513,0,30881,118,50019
1201563,0,30881,118,50019
1201613,0,30881,118,50019
1201663,0,30881,118,50030
1201713,0,30263,118,50030
1201763,0,30263,118,50030
1201813,0,30263,118,50030
1201863,0,30263,119,50030
1201913,0,30263,119,50030
1201963,0,30263,119,50030
1202013,0,30263,119,50030
1202063,0,30263,119,50042
1202113,0,30263,119,50042
1202163,0,30263,119,50042
1202213,0,30263,119,50042
1202305,0,30263,118,50042
1202355,0,30263,118,50042
1202405,0,30263,118,50042
1202455,0,30263,118,50052
1202505,0,30263,118,50052
1202640,0,30263,118,50052
1202690,0,30263,118,50052
1202740,0,30881,118,50052
1202790,0,30881,118,50052
1202840,0,30881,118,50062
1202890,0,30881,118,50062
1202940,0,29692,118,50062
1202990,0,29692,118,50062
1203040,0,29692,119,50062
1203090,0,29692,119,50062
1203140,0,29692,119,50062
1203190,0,29692,119,50062
1203240,0,29692,119,50071
1203332,0,29692,119,50071
1203382,0,29692,119,50071
1203432,0,29692,118,50071
1203482,0,29692,118,50071
1203532,0,30263,118,50071
1203582,0,30263,118,50071
1203632,0,30263,118,50081
1203768,0,30263,118,50081
1203818,0,30263,118,50081
1203868,0,30263,117,50081
1203918,0,30263,117,50081
1203968,0,30263,117,50081
1204018,0,30263,117,50081
1204068,0,30263,117,50090
1204118,0,30263,117,50090
1204168,0,30263,117,50090
1204218,0,30263,117,50090
1204310,0,30263,118,50090
1204360,0,30263,118,50090
1204410,0,30263,118,50090
1204460,0,30263,118,50098
1204510,0,30263,118,50098
1204560,0,30263,118,50098
1204695,0,30263,117,50098
1204745,0,30387,117,50098
1204795,0,30510,117,50098
1204845,0,30634,117,50106
1204895,0,30757,117,50106
1204945,0,30881,117,50106
1204995,0,30881,117,50106
1205045,0,30881,118,50106
1205095,0,30881,118,50106
1205145,0,30263,118,50106
1205195,0,30263,118,50106
1205245,0,30263,118,50115
1205337,0,30263,118,50115
1205387,0,30263,118,50115
1205437,0,30263,118,50115
1205487,0,30263,118,50115
1205537,0,30263,118,50115
1205587,0,30263,118,50115
1205637,0,30263,118,50115
1205687,0,30263,118,50122
1205823,0,30263,118,50122
1205873,0,30263,118,50122
1205923,0,30263,118,50122
1205973,0,30263,118,50122
1206023,0,30263,118,50122
1206073,0,30263,118,50129
1206123,0,29692,118,50129
1206173,0,29692,118,50129
1206223,0,29692,118,50129
1206273,0,29692,117,50129
1206365,0,29692,117,50129
1206415,0,29692,117,50129
1206465,0,29692,117,50137
1206515,0,29692,117,50137
1206565,0,29692,117,50137
1206615,0,29692,117,50137
1206665,0,29692,118,50137
1206715,0,29120,118,50137
1206765,0,29120,118,50137
1206815,0,29120,118,50137
1206951,0,29120,118,50144
1207001,0,29120,118,50144
1207051,0,29120,118,50144
1207101,0,29120,118,50144
1207151,0,29120,118,50144
1207201,0,29120,118,50144
1207251,0,29120,118,50144
1207301,0,29120,118,50150
1207393,0,28580,118,50150
1207443,0,28580,118,50150
1207493,0,28580,117,50150
1207543,0,29120,117,50150
1207593,0,29120,117,50150
1207643,0,29120,117,50150
1207693,0,29120,117,50157
1207743,0,29120,117,50157
1207793,0,29120,117,50157
1207843,0,29120,117,50157
1207893,0,29120,117,50157
1207943,0,28580,117,50157
1208078,0,28580,117,50164
1208128,0,28580,117,50164
1208178,0,28580,117,50164
1208228,0,28580,117,50164
1208278,0,28580,118,50164
1208370,0,28580,118,50164
1208420,0,28580,118,50164
1208470,0,28580,118,50171
1208520,0,29692,118,50171
1208570,0,29692,118,50171
1208620,0,29692,118,50171
1208670,0,29692,118,50171
1208720,0,29120,118,50171
1208770,0,29120,118,50171
1208820,0,29120,118,50171
1208870,0,29120,118,50177
1208920,0,28580,118,50177
1208970,0,28580,118,50177
1209020,0,28580,118,50177
1209070,0,28580,118,50177
1209206,0,29120,118,50177
1209256,0,29120,118,50177
1209306,0,29120,118,50183
1209398,0,29120,118,50183
1209448,0,29120,118,50183
1209498,0,29120,117,50183
1209548,0,28580,117,50183
1209598,0,28580,117,50183
1209648,0,28580,117,50183
1209698,0,28580,117,50189
1209748,0,27561,117,50189
1209798,0,27561,117,50189
1209848,0,27561,117,50189
1209898,0,27561,116,50189
1209948,0,28071,116,50189
1209998,0,28071,116,50189
1210048,0,28071,116,50189
1210098,0,28071,116,50195
1210148,0,28071,116,50195
1210198,0,28071,116,50195
1210333,0,28071,118,50195
1210425,0,28071,118,50195
1210475,0,28071,118,50200
1210525,0,28071,118,50200
1210575,0,28071,118,50200
1210625,0,28071,118,50200
1210675,0,28071,118,50200
1210725,0,28071,118,50200
1210775,0,28071,118,50200
1210825,0,28071,118,50200
1210875,0,28071,118,50200
1210925,0,28071,118,50207
1210975,0,28071,118,50207
1211025,0,28071,118,50207
1211075,0,28071,118,50207
1211125,0,28124,117,50207
1211175,0,28178,117,50207
1211225,0,28231,117,50207
1211275,0,28284,117,50207
1211367,0,28383,117,50212
1211502,0,28527,117,50212
1211552,0,28580,117,50212
1211602,0,28580,117,50212
1211652,0,28580,117,50212
1211702,0,28580,117,50217
1211752,0,27561,117,50217
1211802,0,27561,117,50217
1211852,0,27561,117,50217
1211902,0,27561,117,50217
1211952,0,27082,117,50217
1212002,0,27082,117,50217
1212052,0,27082,117,50217
1212102,0,27082,117,50222
1212152,0,26619,117,50222
1212202,0,26619,117,50222
1212252,0,26619,117,50222
1212302,0,26619,117,50222
1212394,0,26619,117,50222
1212444,0,26619,117,50222
1212494,0,26619,117,50222
1212630,0,27082,117,50228
1212680,0,27082,117,50228
1212730,0,27561,118,50228
1212780,0,27561,118,50228
1212830,0,27561,118,50228
1212880,0,27561,118,50228
1212930,0,28071,118,50233
1212980,0,28071,118,50233
1213030,0,28071,118,50233
1213080,0,28071,118,50233
1213130,0,27561,117,50233
1213180,0,27561,117,50233
1213230,0,27561,117,50233
1213280,0,27561,117,50233
1213372,0,27561,117,50238
1213422,0,27561,117,50238
1213472,0,27561,117,50238
1213522,0,26619,117,50238
1213572,0,26619,117,50238
1213622,0,26619,117,50238
1213758,0,26619,117,50242
1213808,0,26619,117,50242
1213858,0,26619,117,50242
1213908,0,26619,117,50242
1213958,0,26619,117,50242
1214008,0,26619,117,50242
1214058,0,26619,117,50242
1214108,0,26619,117,50247
1214158,0,26619,117,50247
1214208,0,26619,117,50247
1214258,0,26619,117,50247
1214308,0,27561,117,50247
1214400,0,27561,117,50247
1214450,0,27561,117,50247
1214500,0,27561,117,50247
1214550,0,27082,117,50252
1214600,0,27082,117,50252
1214650,0,27082,117,50252
1214700,0,27082,117,50252
1214750,0,26619,117,50252
1214886,0,26619,117,50252
1214936,0,26619,117,50256
1214986,0,26619,117,50256
1215036,0,26619,117,50256
1215086,0,26619,117,50256
1215136,0,26156,118,50256
1215186,0,26156,118,50256
1215236,0,26156,118,50256
1215286,0,26156,118,50256
1215336,0,26156,118,50261
1215428,0,26156,118,50261
1215478,0,26156,118,50261
1215528,0,25724,117,50261
1215578,0,25724,117,50261
1215628,0,25724,117,50261
1215678,0,25724,117,50261
1215728,0,26619,117,50265
1215778,0,26619,117,50265
1215828,0,26619,117,50265
1215878,0,26619,117,50265
1216015,0,26619,117,50265
1216065,0,26619,117,50265
1216115,0,26619,117,50270
1216165,0,26619,117,50270
1216215,0,26619,117,50270
1216265,0,26619,117,50270
1216315,0,25724,117,50270
1216408,0,25724,117,50270
1216458,0,25724,117,50270
1216508,0,26156,117,50270
1216558,0,26156,117,50273
1216608,0,26156,117,50273
1216658,0,26156,117,50273
1216708,0,25724,117,50273
1216758,0,25724,117,50273
1216808,0,25724,117,50273
1216858,0,25724,117,50273
1216908,0,26156,117,50273
1216958,0,26156,117,50278
1217008,0,26156,117,50278
1217143,0,26156,116,50278
1217193,0,26156,116,50278
1217243,0,26156,116,50278
1217293,0,26156,116,50278
1217343,0,26156,116,50282
1217435,0,26156,116,50282
1217485,0,26156,116,50282
1217535,0,25724,117,50282
1217585,0,25724,117,50282
1217635,0,25724,117,50282
1217685,0,25724,117,50282
1217735,0,25307,117,50286
1217785,0,25307,117,50286
1217835,0,25307,117,50286
1217885,0,25307,117,50286
1217935,0,25307,118,50286
1217985,0,25307,118,50286
1218035,0,25307,118,50286
1218085,0,25307,118,50286
1218135,0,25724,118,50290
1218270,0,25724,118,50290
1218320,0,25724,118,50290
1218370,0,25724,117,50290
1218504,0,25724,117,50290
1218554,0,25724,117,50294
1218604,0,25724,117,50294
1218654,0,25724,117,50294
1218704,0,24890,117,50294
1218754,0,24890,117,50294
1218804,0,24890,117,50294
1218854,0,24890,117,50294
1218904,0,25307,117,50294
1218954,0,25307,117,50297
1219004,0,25307,117,50297
1219054,0,25307,117,50297
1219104,0,25307,117,50297
1219409,0,25724,117,50300
1219459,0,25724,117,50300
1219509,0,25307,117,50300
1219559,0,25307,118,50300
1219651,0,25307,118,50300
1219701,0,25307,118,50300
1219751,0,24890,118,50305
1219801,0,24890,118,50305
1219851,0,24890,118,50305
1219901,0,24890,118,50305
1219951,0,24504,118,50305
1220001,0,24504,118,50305
1220051,0,24504,118,50305
1220101,0,24504,118,50305
1220151,0,24504,118,50308
1220201,0,24504,118,50308
1220251,0,24504,118,50308
1220301,0,24504,118,50308
1220351,0,24890,118,50308
1220401,0,24890,118,50308
1220578,0,24890,118,50312
1220628,0,24890,118,50312
1220720,0,24504,118,50312
1220770,0,24504,117,50312
1220820,0,24504,117,50312
1220870,0,24504,117,50312
1220920,0,24504,117,50312
1220970,0,24504,117,50315
1221020,0,24504,117,50315
1221070,0,24504,117,50315
1221120,0,24504,117,50315
1221170,0,24504,116,50315
1221220,0,24504,116,50315
1221270,0,24504,116,50315
1221320,0,24890,116,50315
1221370,0,24890,116,50318
1221420,0,24890,116,50318
1221470,0,24890,116,50318
1221520,0,24504,116,50318
1221570,0,24504,117,50318
1221748,0,24118,117,50318
1221798,0,24118,117,50322
1221848,0,24118,117,50322
1221898,0,24118,117,50322
1221948,0,23747,117,50322
1221998,0,23747,117,50322
1222048,0,23747,117,50322
1222098,0,23747,117,50322
1222148,0,24118,117,50322
1222198,0,24118,117,50325
1222248,0,24118,117,50325
1222298,0,24118,117,50325
1222348,0,24118,117,50325
1222398,0,24118,117,50325
1222448,0,24118,117,50325
1222498,0,24118,117,50325
1222548,0,24118,117,50325
1222640,0,24118,117,50329
1222690,0,24118,117,50329
1222740,0,23747,117,50329
1222875,0,23747,117,50329
1222925,0,23747,117,50329
1222975,0,23747,117,50332
1223025,0,23747,117,50332
1223075,0,23747,117,50332
1223125,0,24118,117,50332
1223175,0,24118,117,50332
1223225,0,24118,117,50332
1223275,0,24118,117,50332
1223325,0,24118,117,50332
1223375,0,24118,117,50336
1223425,0,24118,117,50336
1223475,0,24118,117,50336
1223525,0,23747,117,50336
1223575,0,23747,117,50336
1223667,0,23747,117,50336
1223717,0,23392,117,50336
1223767,0,23392,117,50338
1223817,0,23392,117,50338
1223867,0,23392,117,50338
1224002,0,23747,117,50338
1224052,0,23747,117,50338
1224102,0,23747,117,50338
1224152,0,23747,117,50338
1224202,0,23747,117,50341
1224252,0,23747,117,50341
1224302,0,23747,117,50341
1224352,0,23392,117,50341
1224402,0,23392,117,50341
1224452,0,23392,117,50341
1224502,0,23392,117,50341
1224552,0,23392,117,50341
1224602,0,23392,117,50345
1224694,0,23392,117,50345
1224744,0,23037,117,50345
1224794,0,23037,117,50345
1224844,0,23037,117,50345
1224894,0,23037,117,50345
1224944,0,23747,117,50345
1224994,0,23747,117,50348
1225130,0,23747,117,50348
1225180,0,23747,117,50348
1225230,0,23747,117,50348
1225280,0,23747,117,50348
1225330,0,22697,117,50348
1225380,0,22697,117,50350
1225430,0,22697,117,50350
1225480,0,22697,117,50350
1225530,0,23037,117,50350
1225580,0,23037,117,50350
1225672,0,23037,117,50350
1225722,0,23392,117,50350
1225772,0,23392,117,50350
1225822,0,23392,117,50353
1225872,0,23392,117,50353
1225922,0,23392,117,50353
1225972,0,23392,117,50353
1226022,0,23392,117,50353
1226072,0,23392,117,50353
1226122,0,22697,117,50353
1226257,0,22697,117,50356
1226307,0,23392,117,50356
1226357,0,23392,117,50356
1226407,0,23392,117,50356
1226457,0,23392,117,50356
1226507,0,23037,117,50356
1226557,0,23037,117,50356
1226607,0,23037,117,50359
1226699,0,23037,117,50359
1226749,0,22697,117,50359
1226799,0,22697,117,50359
1226849,0,22697,117,50359
1226899,0,22697,117,50359
1226949,0,22697,117,50359
1226999,0,22697,117,50362
1227049,0,22697,117,50362
1227099,0,22697,117,50362
1227149,0,23037,117,50362
1227199,0,23037,116,50362
1227249,0,23037,116,50362
1227384,0,23037,116,50362
1227434,0,23037,116,50364
1227484,0,23037,116,50364
1227534,0,22373,116,50364
1227584,0,22373,116,50364
1227634,0,22373,117,50364
1227726,0,22373,117,50364
1227776,0,22373,117,50364
1227826,0,22373,117,50367
1227876,0,22373,117,50367
1227926,0,22697,117,50367
1227976,0,22697,117,50367
1228026,0,22697,116,50367
1228076,0,22697,116,50367
1228126,0,23037,116,50367
1228176,0,23037,116,50367
1228226,0,23037,116,50369
1228276,0,23037,116,50369
1228326,0,21740,116,50369
1228376,0,21740,116,50369
1228512,0,22373,117,50369
1228562,0,22373,117,50369
1228612,0,22373,117,50372
1228704,0,22373,117,50372
1228754,0,22373,117,50372
1228804,0,22373,117,50372
1228854,0,22373,117,50372
1228904,0,22049,117,50372
1228954,0,22049,117,50372
1229004,0,22049,117,50375
1229054,0,22049,117,50375
1229104,0,22049,117,50375
1229154,0,22049,117,50375
1229204,0,22049,116,50375
1229254,0,22049,116,50375
1229304,0,22373,116,50375
1229354,0,22373,116,50375
1229404,0,22373,116,50377
1229454,0,22373,116,50377
1229504,0,22049,116,50377
1229639,0,22049,116,50377
1229731,0,22049,116,50377
1229781,0,22049,116,50377
1229831,0,22049,116,50379
1229881,0,22049,116,50379
1229931,0,21740,116,50379
1229981,0,21740,116,50379
1230031,0,21740,117,50379
1230081,0,21740,117,50379
1230131,0,22049,117,50379
1230181,0,22049,117,50379
1230231,0,22049,117,50382
1230281,0,22049,117,50382
1230331,0,21740,117,50382
1230381,0,21740,117,50382
1230431,0,21740,117,50382
1230481,0,21740,117,50382
1230531,0,21740,117,50382
1230581,0,21740,117,50382
1230673,0,21740,117,50384
1230809,0,21740,117,50384
1230859,0,21740,117,50384
1230909,0,21740,117,50384
1230959,0,21740,117,50384
1231009,0,21740,117,50384
1231059,0,21740,117,50387
1231109,0,21138,117,50387
1231159,0,21138,117,50387
1231209,0,21138,117,50387
1231259,0,21138,116,50387
1231309,0,21740,116,50387
1231359,0,21740,116,50387
1231409,0,21740,116,50387
1231459,0,21740,116,50389
1231509,0,22049,116,50389
1231559,0,22049,116,50389
1231651,0,22049,117,50389
1231701,0,22049,117,50389
1231751,0,21138,117,50389
1231801,0,21138,117,50389
1231936,0,21138,117,50391
1231986,0,21138,117,50391
1232036,0,21138,118,50391
1232086,0,21138,118,50391
1232136,0,21431,118,50391
1232186,0,21431,118,50391
1232236,0,21431,118,50393
1232286,0,21431,118,50393
1232336,0,21138,118,50393
1232386,0,21138,118,50393
1232436,0,21138,118,50393
1232486,0,21138,118,50393
1232536,0,20860,118,50393
1232586,0,20860,118,50393
1232678,0,20860,118,50396
1232728,0,21138,118,50396
1232778,0,21138,118,50396
1232828,0,21138,118,50396
1232878,0,21138,117,50396
1232928,0,20860,117,50396
1233065,0,20860,117,50398
1233115,0,20860,117,50398
1233165,0,20860,117,50398
1233215,0,20860,117,50398
1233265,0,20860,117,50398
1233315,0,21431,117,50398
1233365,0,21431,117,50398
1233415,0,21431,117,50398
1233465,0,21431,117,50400
1233515,0,21138,117,50400
1233565,0,21138,117,50400
1233615,0,21138,117,50400
1233707,0,20582,117,50400
1233757,0,20582,117,50400
1233807,0,20582,117,50400
1233857,0,20582,117,50402
1233992,0,21138,117,50402
1234042,0,21138,118,50402
1234092,0,21138,118,50402
1234142,0,20860,118,50402
1234192,0,20860,118,50402
1234242,0,20860,118,50404
1234292,0,20860,118,50404
1234342,0,20304,118,50404
1234392,0,20304,118,50404
1234442,0,20304,118,50404
1234492,0,20304,118,50404
1234542,0,21138,118,50404
1234592,0,21138,118,50404
1234684,0,21138,118,50407
1234734,0,20860,118,50407
1234784,0,20860,118,50407
1234834,0,20860,118,50407
1234884,0,20860,117,50407
1234934,0,20304,117,50407
1234984,0,20304,117,50407
1235119,0,20582,117,50409
1235169,0,20582,117,50409
1235219,0,20582,117,50409
1235269,0,20582,116,50409
1235319,0,20860,116,50409
1235369,0,20860,116,50409
1235419,0,20860,116,50409
1235469,0,20860,116,50411
1235519,0,20041,116,50411
1235569,0,20041,116,50411
1235619,0,20041,116,50411
1235711,0,20582,116,50411
1235761,0,20582,116,50411
1235811,0,20582,116,50411
1235861,0,20582,116,50413
1235911,0,20582,116,50413
1235961,0,20582,116,50413
1236011,0,20582,116,50413
1236061,0,20582,116,50413
1236111,0,20041,116,50413
1236246,0,20041,116,50413
1236296,0,20041,116,50415
1236346,0,20582,116,50415
1236396,0,20582,116,50415
1236446,0,20582,116,50415
1236496,0,20582,117,50415
1236546,0,19794,117,50415
1236596,0,19794,117,50415
1236646,0,19794,117,50415
1236738,0,20041,117,50417
1236788,0,20041,117,50417
1236838,0,20041,117,50417
1236888,0,20041,118,50417
1236938,0,20304,118,50417
1236988,0,20304,118,50417
1237038,0,20304,118,50417
1237088,0,20304,118,50419
1237138,0,19794,118,50419
1237188,0,19794,118,50419
1237238,0,19794,118,50419
1237374,0,19794,117,50419
1237424,0,19794,117,50419
1237474,0,19794,117,50421
1237524,0,20041,117,50421
1237574,0,20041,117,50421
1237624,0,20041,117,50421
1237716,0,19794,117,50421
1237766,0,19794,117,50421
1237816,0,19794,117,50421
1237866,0,19794,117,50423
1237916,0,19532,117,50423
1237966,0,19532,117,50423
1238016,0,19532,117,50423
1238066,0,19532,118,50423
1238116,0,20041,118,50423
1238166,0,20041,118,50423
1238216,0,20041,118,50423
1238266,0,20041,118,50424
1238316,0,19300,118,50424
1238366,0,19300,118,50424
1238501,0,19300,117,50424
1238551,0,20304,117,50424
1238601,0,20304,117,50424
1238651,0,20304,117,50424
1238743,0,20041,117,50427
1238793,0,20041,117,50427
1238843,0,20041,117,50427
1238893,0,20041,117,50427
1238943,0,19532,117,50427
1238993,0,19532,117,50427
1239043,0,19532,117,50427
1239093,0,19532,117,50428
1239143,0,20041,117,50428
1239193,0,20041,117,50428
1239243,0,20041,117,50428
1239293,0,20041,117,50428
1239343,0,19300,117,50428
1239393,0,19300,117,50428
1239443,0,19300,117,50428
1239493,0,19300,117,50430
1239629,0,19300,117,50430
1239679,0,19300,117,50430
1239771,0,19794,117,50430
1239821,0,19794,117,50430
1239871,0,19794,117,50430
1239921,0,19300,117,50432
1239971,0,19300,117,50432
1240021,0,19300,117,50432
1240071,0,19300,117,50432
1240121,0,19300,117,50432
1240171,0,19300,117,50432
1240221,0,19300,117,50432
1240271,0,19300,117,50432
1240321,0,19532,117,50433
1240371,0,19532,117,50433
1240421,0,19532,117,50433
1240471,0,19532,117,50433
1240521,0,19300,117,50433
1240571,0,19300,117,50433
1240663,0,19300,117,50433
1240799,0,19532,117,50435
1240849,0,19532,117,50435
1240899,0,19532,118,50435
1240949,0,19794,118,50435
1240999,0,19794,118,50435
1241049,0,19794,118,50435
1241099,0,19794,118,50436
1241149,0,19053,118,50436
1241199,0,19053,118,50436
1241249,0,19053,118,50436
1241299,0,19053,116,50436
1241349,0,19532,116,50436
1241399,0,19532,116,50436
1241449,0,19532,116,50436
1241499,0,19532,116,50439
1241549,0,19053,116,50439
1241599,0,19053,116,50439
1241691,0,19053,116,50439
1241741,0,19053,116,50439
1241791,0,19053,116,50439
1241926,0,19300,116,50440
1241976,0,19300,116,50440
1242026,0,19300,116,50440
1242076,0,19300,116,50440
1242126,0,18822,117,50440
1242176,0,18822,117,50440
1242226,0,18822,117,50440
1242276,0,18822,117,50440
1242326,0,19300,117,50442
1242376,0,19300,117,50442
1242426,0,19300,117,50442
1242476,0,19300,117,50442
1242526,0,18590,118,50442
1242576,0,18590,118,50442
1242668,0,18590,118,50442
1242718,0,18822,118,50443
1242768,0,18822,118,50443
1242818,0,18822,118,50443
1242868,0,18822,118,50443
1242918,0,19300,118,50443
1243053,0,19300,118,50443
1243103,0,18822,118,50445
1243153,0,18822,118,50445
1243203,0,18822,118,50445
1243253,0,18822,118,50445
1243303,0,18822,117,50445
1243353,0,18822,117,50445
1243403,0,18822,117,50445
1243453,0,18822,117,50445
1243503,0,19053,117,50446
1243553,0,19053,117,50446
1243603,0,19053,117,50446
1243695,0,19053,117,50446
1243745,0,18590,117,50446
1243795,0,18590,117,50446
1243845,0,18590,117,50446
1243895,0,18590,117,50446
1243945,0,18822,117,50447
1243995,0,18822,117,50447
1244045,0,18822,117,50447
1244181,0,18590,117,50447
1244231,0,18590,117,50447
1244281,0,18590,117,50447
1244331,0,18822,117,50449
1244381,0,18822,117,50449
1244431,0,18822,117,50449
1244481,0,18822,117,50449
1244531,0,18822,118,50449
1244581,0,18822,118,50449
1244631,0,18822,118,50449
1244723,0,18158,118,50451
1244773,0,18158,118,50451
1244823,0,18158,118,50451
1244873,0,18158,118,50451
1244923,0,18822,118,50451
1244973,0,18822,118,50451
1245023,0,18822,118,50451
1245073,0,18822,118,50451
1245123,0,18374,118,50452
1245173,0,18374,118,50452
1245308,0,18822,117,50452
1245358,0,18822,117,50452
1245408,0,18822,117,50452
1245458,0,18822,117,50452
1245508,0,18590,117,50452
1245558,0,18590,117,50454
1245608,0,18590,117,50454
1245700,0,18590,117,50454
1245750,0,18158,118,50454
1245800,0,18158,118,50454
1245850,0,18158,118,50454
1245900,0,18158,118,50454
1245950,0,18374,118,50456
1246000,0,18374,118,50456
1246050,0,18374,118,50456
1246100,0,18374,118,50456
1246150,0,17941,117,50456
1246200,0,17941,117,50456
1246250,0,17941,117,50456
1246300,0,17941,117,50456
1246436,0,18374,117,50457
1246486,0,18374,117,50457
1246536,0,17941,117,50457
1246586,0,17941,117,50457
1246636,0,17941,117,50457
1246728,0,17941,117,50458
1246778,0,17941,117,50458
1246828,0,17941,117,50458
1246878,0,17941,117,50458
1246928,0,18158,117,50458
1246978,0,18158,117,50458
1247028,0,18158,117,50458
1247078,0,18158,117,50458
1247128,0,17941,117,50460
1247178,0,17941,117,50460
1247228,0,17941,117,50460
1247278,0,17941,117,50460
1247328,0,18158,117,50460
1247378,0,18158,117,50460
1247428,0,18158,117,50460
1247563,0,17941,117,50462
1247613,0,17941,117,50462
1247663,0,17941,117,50462
1247755,0,18158,117,50462
1247805,0,18158,117,50462
1247855,0,18158,117,50462
1247905,0,17941,117,50462
1247955,0,17941,117,50463
1248005,0,17941,117,50463
1248055,0,17941,117,50463
1248105,0,17741,117,50463
1248155,0,17741,117,50463
1248205,0,17741,117,50463
1248255,0,17741,117,50463
1248305,0,18158,117,50463
1248355,0,18158,117,50464
1248491,0,18158,117,50464
1248541,0,17540,118,50464
1248591,0,17540,118,50464
1248641,0,17540,118,50464
1248733,0,17941,118,50464
1248783,0,17941,118,50466
1248833,0,17941,118,50466
1248883,0,17941,118,50466
1248933,0,17741,118,50466
1248983,0,17741,117,50466
1249033,0,17741,117,50466
1249083,0,17741,117,50466
1249133,0,17154,117,50466
1249183,0,17154,117,50467
1249233,0,17154,117,50467
1249283,0,17154,117,50467
1249333,0,17941,117,50467
1249383,0,17941,117,50467
1249433,0,17941,117,50467
1249483,0,17941,117,50467
1249619,0,17540,117,50468
1249669,0,17540,117,50468
1249761,0,17540,117,50468
1249811,0,17540,117,50468
1249861,0,17540,117,50468
1249911,0,17339,117,50468
1249961,0,17339,117,50469
1250011,0,17339,117,50469
1250061,0,17339,117,50469
1250111,0,17941,117,50469
1250161,0,17941,117,50469
1250211,0,17941,117,50469
1250261,0,17941,117,50469
1250311,0,17154,117,50469
1250361,0,17154,117,50471
1250411,0,17154,117,50471
1250461,0,17154,117,50471
1250511,0,17339,117,50471
1250561,0,17339,117,50471
1250611,0,17339,117,50471
1251002,0,17154,117,50472
1251052,0,17154,117,50472
1251102,0,17154,117,50472
1251152,0,17540,117,50473
1251202,0,17540,117,50473
1251252,0,17540,117,50473
1251302,0,17540,117,50473
1251352,0,16768,116,50473
1251402,0,16768,116,50473
1251452,0,16768,116,50473
1251502,0,16768,116,50473
1251552,0,17540,116,50475
1251602,0,17540,116,50475
1251652,0,17540,116,50475
1251702,0,17540,116,50475
1251752,0,16953,117,50475
1251802,0,16953,117,50475
1251894,0,16953,117,50475
1251944,0,17339,117,50475
1251994,0,17339,117,50476
1252171,0,17154,118,50476
1252221,0,17154,118,50476
1252271,0,17154,118,50476
1252321,0,17339,118,50476
1252371,0,17339,118,50478
1252421,0,17339,118,50478
1252471,0,17339,118,50478
1252521,0,17154,118,50478
1252571,0,17154,117,50478
1252621,0,17154,117,50478
1252671,0,17154,117,50478
1252721,0,16768,117,50478
1252771,0,16768,117,50479
1252821,0,16768,117,50479
1252871,0,16768,117,50479
1252963,0,16953,117,50479
1253013,0,16953,118,50479
1253063,0,16953,118,50479
1253113,0,16598,118,50479
1253163,0,16598,118,50479
1253298,0,16598,118,50481
1253348,0,17154,118,50481
1253398,0,17154,118,50481
1253448,0,17154,118,50481
1253498,0,17154,118,50481
1253548,0,16413,118,50481
1253598,0,16413,118,50481
1253648,0,16413,118,50481
1253698,0,16413,118,50481
1253748,0,17154,118,50481
1253798,0,17154,117,50481
1253848,0,17154,117,50481
1253898,0,17154,117,50481
1253990,0,16413,117,50482
1254040,0,16413,117,50482
1254090,0,16413,117,50482
1254140,0,16953,117,50482
1254190,0,16953,118,50482
1254240,0,16953,118,50482
1254290,0,16953,118,50482
1254425,0,16413,118,50484
1254475,0,16413,118,50484
1254525,0,16768,118,50484
1254575,0,16768,118,50484
1254625,0,16768,118,50484
1254675,0,16768,118,50484
1254725,0,16073,118,50484
1254775,0,16073,118,50484
1254825,0,16073,118,50484
1254875,0,16073,118,50484
1254967,0,16243,118,50484
1255017,0,16243,199,50484
1255067,0,16243,199,50484
1255117,0,15440,199,50484
1255167,0,15440,199,50484
1255217,0,15440,199,50465
1255267,0,15440,199,50465
1255317,0,15131,199,50465
1255367,0,15131,199,50465
1255417,0,15131,509,50465
1255552,0,14035,509,50465
1255602,0,14035,509,50466
1255652,0,14035,509,50466
1255702,0,14035,509,50466
1255752,0,13186,509,50466
1255802,0,13186,521,50466
1255852,0,13186,521,50466
1255902,0,13186,521,50466
1255994,0,11688,521,50466
1256044,0,11688,521,50466
1256094,0,11688,521,50466
1256144,0,10499,521,50466
1256194,0,10499,519,50466
1256244,0,10499,519,50466
1256294,0,10499,519,50466
1256344,0,10499,519,50466
1256394,0,10499,519,50466
1256444,0,10499,519,50466
1256494,0,10499,519,50466
1256544,0,8430,519,50466
1256679,0,8430,502,50466
1256729,0,8430,502,50466
1256779,0,8430,502,50466
1256829,0,8430,502,50467
1256879,0,8430,502,50467
1256929,0,8430,502,50467
1257021,0,8430,507,50467
1257071,0,8430,507,50467
1257121,0,5790,507,50467
1257171,0,5790,507,50467
1257221,0,5790,507,50456
1257271,0,5790,507,50456
1257321,0,5790,507,50456
1257371,0,5790,507,50456
1257421,0,5790,921,50456
1257471,0,5790,921,50456
1257521,0,5790,921,50456
1257571,0,5790,921,50456
1257621,0,5790,921,50457
1257671,0,5790,921,50457
1257806,0,5790,336,50457
1257856,0,5790,336,50457
1257906,0,5790,336,50457
1257956,0,5790,336,50457
1258048,0,5790,336,50476
1258098,0,5790,336,50476
1258148,0,5790,336,50476
1258198,0,5790,203,50476
1258248,0,5790,203,50476
1258298,0,5790,203,50476
1258348,0,5722,203,50476
1258398,0,5654,203,50465
1258448,0,5586,203,50465
1258498,0,5518,203,50465
1258548,0,5450,203,50465
1258598,0,5382,333,50465
1258648,0,5314,333,50465
1258698,0,5246,333,50465
1258748,0,5178,333,50465
1258798,0,5110,333,50465
1258933,0,4926,333,50455
1258983,0,4858,333,50455
1259033,0,4790,377,50455
1259083,0,4722,377,50455
1259175,0,4597,377,50455
1259225,0,4529,377,50456
1259275,0,4461,377,50456
1259325,0,4393,377,50456
1259375,0,4325,377,50456
1259425,0,4257,375,50456
1259475,0,4189,375,50456
1259525,0,4121,375,50456
1259575,0,4053,375,50456
1259625,0,3985,375,50457
1259675,0,3917,375,50457
1259725,0,3849,375,50457
1259775,0,3781,375,50457
1259825,0,3713,369,50457
1259875,0,3645,369,50457
1259925,0,3577,369,50457
1260060,0,3393,369,50457
1260110,0,3325,369,50457
1260160,0,3257,369,50457
1260210,0,3189,369,50457
1260302,0,3064,369,50457
1260352,0,2996,369,50457
1260402,0,2928,369,50457
1260452,0,2860,369,50458
1260502,0,2792,369,50458
1260552,0,2724,369,50458
1260602,0,2656,369,50458
1260652,0,2588,466,50458
1260702,0,2520,466,50458
1260752,0,2452,466,50458
1260802,0,2384,466,50458
1260852,0,2316,466,50171
1260902,0,2248,466,50171
1260952,0,2180,466,50171
1261002,0,2112,466,50171
1261052,0,2044,2386,50171
1261188,0,1859,2386,50171
1261238,0,1790,2386,50141
1261288,0,1722,2386,50141
1261338,0,1654,2386,50141
1261388,0,1586,2386,50141
1261480,0,1461,2572,50141
1261530,0,1393,2572,50141
1261580,0,1325,2572,50141
1261630,0,1257,2572,50112
1261680,0,1189,2572,50112
1261730,0,1121,2572,50112
1261780,0,1053,2572,50112
1261830,0,985,2743,50112
1261880,0,917,2743,50112
1261930,0,849,2743,50112
1261980,0,781,2743,50112
1262030,0,713,2743,50075
1262080,0,645,2743,50075
1262130,0,577,2743,50075
1262180,0,509,2743,50075
1262316,0,324,2944,50075
1262366,0,324,2944,50075
1262416,0,324,2944,50075
1262466,0,324,2944,50046
1262558,0,324,2944,50046
1262608,0,324,2944,50046
1262658,0,324,3151,50046
1262708,0,324,3151,50046
1262758,0,324,3151,50046
1262808,0,324,3151,50046
1262858,0,324,3151,50014
1262908,0,324,3151,50014
1262958,0,324,3151,50014
1263008,0,324,3151,50014
1263058,0,324,3334,50014
1263108,0,324,3334,50014
1263243,0,324,3334,49981
1263293,0,324,3334,49981
1263343,0,324,3334,49981
1263393,0,324,3334,49981
1263443,0,324,3551,49981
1263493,0,324,3551,49981
1263585,0,2887,3551,49981
1263635,0,2887,3551,49944
1263685,0,2887,3551,49944
1263735,0,2887,3551,49944
1263785,0,2887,3551,49944
1263835,0,2887,3764,49944
1263885,0,2887,3764,49944
1263935,0,2887,3764,49944
1263985,0,2887,3764,49944
1264035,0,2887,3764,49908
1264085,0,2887,3764,49908
1264135,0,2887,3764,49908
1264185,0,2887,3764,49908
1264235,0,2887,3959,49908
1264371,0,3921,3959,49908
1264421,0,3921,3959,49908
1264471,0,3921,3959,49878
1264521,0,3921,3959,49878
1264613,0,3921,3959,49878
1264663,0,3921,4158,49878
1264713,0,3921,4158,49878
1264763,0,3921,4158,49878
1264813,0,3921,4158,49878
1264863,0,3921,4158,49839
1264913,0,4848,4158,49839
1264963,0,4848,4158,49839
1265013,0,4848,4158,49839
1265063,0,4848,4366,49839
1265113,0,4848,4366,49839
1265163,0,4848,4366,49839
1265213,0,4848,4366,49839
1265263,0,4848,4366,49807
1265313,0,4848,4366,49807
1265363,0,4848,4366,49807
1265499,0,4848,4560,49807
1265549,0,5435,4560,49807
1265641,0,5435,4560,49807
1265691,0,5435,4560,49774
1265741,0,5435,4560,49774
1265791,0,5435,4560,49774
1265841,0,5435,4560,49774
1265891,0,5435,4759,49774
1265941,0,5435,4759,49774
1265991,0,5435,4759,49774
1266041,0,5435,4759,49774
1266091,0,5435,4759,49737
1266141,0,6145,4759,49737
1266191,0,6145,4759,49737
1266241,0,6145,4759,49737
1266291,0,6145,4966,49737
1266341,0,6145,4966,49737
1266391,0,6145,4966,49737
1266441,0,6145,4966,49737
1266533,0,6562,4966,49704
1266668,0,6562,5165,49704
1266718,0,6562,5165,49704
1266768,0,6562,5165,49704
1266818,0,6562,5165,49704
1266868,0,6562,5165,49668
1266918,0,7179,5165,49668
1266968,0,7179,5165,49668
1267018,0,7179,5165,49668
1267068,0,7179,5346,49668
1267118,0,7179,5346,49668
1267168,0,7179,5346,49668
1267218,0,7179,5346,49668
1267268,0,7179,5346,49640
1267318,0,7179,5346,49640
1267368,0,7179,5346,49640
1267418,0,7179,5346,49640
1267468,0,7179,5521,49640
1267560,0,7488,5521,49640
1267610,0,7488,5521,49640
1267660,0,7488,5521,49640
1267797,0,8029,5521,49604
1267847,0,8029,5521,49604
1267897,0,8029,5715,49604
1267947,0,8029,5715,49604
1267997,0,8029,5715,49604
1268047,0,8029,5715,49604
1268097,0,8029,5715,49570
1268147,0,8337,5715,49570
1268197,0,8337,5715,49570
1268247,0,8337,5715,49570
1268297,0,8337,5885,49570
1268347,0,8337,5885,49570
1268397,0,8337,5885,49570
1268447,0,8337,5885,49570
1268497,0,8337,5885,49537
1268589,0,8862,5885,49537
1268639,0,8862,5885,49537
1268689,0,8862,6086,49537
1268739,0,8862,6086,49537
1268789,0,8862,6086,49537
1268924,0,9017,6086,49501
1268974,0,9017,6086,49501
1269024,0,9017,6086,49501
1269074,0,9017,6258,49501
1269124,0,9588,6258,49501
1269174,0,9588,6258,49501
1269224,0,9588,6258,49501
1269274,0,9588,6258,49470
1269324,0,9588,6258,49470
1269374,0,9588,6258,49470
1269424,0,9588,6258,49470
1269474,0,9588,6451,49470
1269566,0,9650,6451,49470
1269616,0,9650,6451,49470
1269666,0,9650,6451,49470
1269716,0,9650,6451,49436
1269766,0,9650,6451,49436
1269816,0,9650,6451,49436
1269866,0,9650,6451,49436
1269916,0,10221,6637,49436
1270051,0,10221,6637,49436
1270101,0,10221,6637,49400
1270151,0,10360,6637,49400
1270201,0,10360,6637,49400
1270251,0,10360,6637,49400
1270301,0,10360,6827,49400
1270351,0,10360,6827,49400
1270401,0,10360,6827,49400
1270451,0,10360,6827,49400
1270501,0,10360,6827,49365
1270593,0,10870,6827,49365
1270643,0,10870,6827,49365
1270693,0,10870,7012,49365
1270743,0,10947,7012,49365
1270793,0,10947,7012,49365
1270843,0,10947,7012,49365
1270893,0,10947,7012,49328
1270943,0,11518,7012,49328
1270993,0,11518,7012,49328
1271043,0,11518,7012,49328
1271179,0,11518,7210,49328
1271229,0,11518,7210,49328
1271279,0,11518,7210,49328
1271329,0,11426,7210,49303
1271379,0,11426,7210,49303
1271429,0,11426,7210,49303
1271479,0,11426,7210,49303
1271571,0,12059,7376,49303
1271621,0,12059,7376,49303
1271671,0,12059,7376,49303
1271721,0,12059,7376,49265
1271771,0,12059,7376,49265
1271821,0,12059,7376,49265
1271871,0,12059,7376,49265
1271921,0,12645,7573,49265
1271971,0,12645,7573,49265
1272021,0,12645,7573,49265
1272071,0,12645,7573,49265
1272121,0,12645,7573,49226
1272171,0,12645,7573,49226
1272306,0,12645,7763,49226
1272356,0,12645,7763,49226
1272406,0,12645,7763,49226
1272456,0,12645,7763,49226
1272548,0,13078,7763,49190
1272598,0,13078,7763,49190
1272648,0,13078,7763,49190
1272698,0,13078,7947,49190
1272748,0,13078,7947,49190
1272798,0,13078,7947,49190
1272848,0,13078,7947,49190
1272898,0,13078,7947,49190
1272948,0,13649,7947,49155
1272998,0,13649,7947,49155
1273048,0,13649,7947,49155
1273098,0,13649,7947,49155
1273148,0,13649,8136,49155
1273198,0,13649,8136,49155
1273248,0,13649,8136,49155
1273298,0,13649,8136,49155
1273434,0,14282,8136,49117
1273526,0,14282,8333,49117
1273576,0,14282,8333,49117
1273626,0,14282,8333,49117
1273676,0,14282,8333,49117
1273726,0,14035,8333,49082
1273776,0,14035,8333,49082
1273826,0,14035,8333,49082
1273876,0,14035,8333,49082
1273926,0,14560,8534,49082
1273976,0,14560,8534,49082
1274026,0,14560,8534,49082
1274076,0,14560,8534,49082
1274126,0,14421,8534,49045
1274176,0,14421,8534,49045
1274226,0,14421,8534,49045
1274276,0,14421,8534,49045
1274326,0,14977,8723,49045
1274418,0,14977,8723,49045
1274468,0,14977,8723,49045
1274603,0,14977,8723,49008
1274653,0,14977,8723,49008
1274703,0,15440,8723,49008
1274753,0,15440,8924,49008
1274803,0,15440,8924,49008
1274853,0,15440,8924,49008
1274903,0,15286,8924,49008
1274953,0,15286,8924,48972
1275003,0,15286,8924,48972
1275053,0,15286,8924,48972
1275103,0,16073,8924,48972
1275153,0,16073,9102,48972
1275203,0,16073,9102,48972
1275253,0,16073,9102,48972
1275303,0,15749,9102,48972
1275395,0,15749,9102,48940
1275445,0,15749,9102,48940
1275495,0,15749,9102,48940
1275545,0,16413,9289,48940
1275595,0,16413,9289,48940
1275730,0,16243,9289,48898
1275780,0,16243,9289,48898
1275830,0,16243,9289,48898
1275880,0,16243,9289,48898
1275930,0,16598,9487,48898
1275980,0,16598,9487,48898
1276030,0,16598,9487,48898
1276080,0,16598,9487,48898
1276130,0,17154,9487,48860
1276180,0,17154,9487,48860
1276230,0,17154,9487,48860
1276280,0,17154,9487,48860
1276372,0,16953,9677,48860
1276422,0,16953,9677,48860
1276472,0,16953,9677,48860
1276522,0,17540,9677,48823
1276572,0,17540,9677,48823
1276622,0,17540,9677,48823
1276672,0,17540,9677,48823
1276722,0,17540,9860,48823
1276858,0,17540,9860,48823
1276908,0,17941,9860,48823
1276958,0,17941,9860,48786
1277008,0,17941,9860,48786
1277058,0,17941,9860,48786
1277108,0,17741,9860,48786
1277158,0,17741,10036,48786
1277208,0,17741,10036,48786
1277258,0,17741,10036,48786
1277350,0,18158,10036,48752
1277400,0,18158,10036,48752
1277450,0,18158,10036,48752
1277500,0,18158,10036,48752
1277550,0,18590,10224,48752
1277600,0,18590,10224,48752
1277650,0,18590,10224,48752
1277786,0,18374,10224,48716
1277836,0,18374,10224,48716
1277886,0,18374,10224,48716
1277936,0,18822,10423,48716
1277986,0,18822,10423,48716
1278036,0,18822,10423,48716
1278086,0,18822,10423,48716
1278136,0,18590,10423,48680
1278186,0,18590,10423,48680
1278278,0,18590,10423,48680
1278328,0,18822,10587,48680
1278378,0,18822,10587,48680
1278428,0,18822,10587,48680
1278478,0,18822,10587,48680
1278528,0,19532,10587,48639
1278578,0,19532,10587,48639
1278628,0,19532,10587,48639
1278678,0,19532,10587,48639
1278728,0,19300,10587,48639
1278778,0,19300,10772,48639
1278914,0,20041,10772,48639
1278964,0,20041,10772,48609
1279014,0,20041,10772,48609
1279064,0,20041,10772,48609
1279114,0,20304,10772,48609
1279164,0,20304,10951,48609
1279256,0,20304,10951,48609
1279306,0,19794,10951,48609
1279356,0,19794,10951,48570
1279406,0,19794,10951,48570
1279456,0,19794,10951,48570
1279506,0,20304,10951,48570
1279556,0,20304,11131,48570
1279606,0,20304,11131,48570
1279656,0,20304,11131,48570
1279706,0,20860,11131,48570
1279756,0,20860,11131,48535
1279806,0,20860,11131,48535
1279856,0,20860,11131,48535
1279906,0,20582,11131,48535
1280042,0,20582,11313,48535
1280092,0,20582,11313,48535
1280142,0,21138,11313,48535
1280234,0,21138,11313,48500
1280284,0,21138,11313,48500
1280334,0,21138,11313,48500
1280384,0,21138,11501,48500
1280434,0,21138,11501,48500
1280484,0,21138,11501,48500
1280534,0,20860,11501,48500
1280584,0,20860,11501,48459
1280634,0,20860,11501,48459
1280684,0,20860,11501,48459
1280734,0,21740,11501,48459
1280784,0,21740,11658,48459
1280834,0,21740,11658,48459
1280884,0,21740,11658,48459
1280934,0,21740,11658,48459
1280984,0,21740,11658,48424
1281076,0,21740,11658,48424
1281212,0,21740,11830,48424
1281262,0,21740,11830,48424
1281312,0,21740,11830,48424
1281362,0,21740,11830,48389
1281412,0,21740,11830,48389
1281462,0,21740,11830,48389
1281512,0,22697,11830,48389
1281562,0,22697,12001,48389
1281612,0,22697,12001,48389
1281662,0,22697,12001,48389
1281712,0,22697,12001,48389
1281762,0,22697,12001,48358
1281812,0,22697,12001,48358
1281862,0,22697,12001,48358
1281912,0,22373,12001,48358
1281962,0,22373,12185,48358
1282054,0,22373,12185,48358
1282104,0,23037,12185,48358
1282154,0,23037,12185,48358
1282204,0,23037,12185,48318
1282339,0,23037,12185,48318
1282389,0,23037,12332,48318
1282439,0,23037,12332,48318
1282489,0,23037,12332,48318
1282539,0,22697,12332,48318
1282589,0,22697,12332,48286
1282639,0,22697,12332,48286
1282689,0,22697,12332,48286
1282739,0,23037,12332,48286
1282789,0,23037,12483,48286
1282839,0,23037,12483,48286
1282889,0,23037,12483,48286
1283023,0,23392,12483,48258
1283073,0,23392,12483,48258
1283123,0,23747,12483,48258
1283173,0,23747,12626,48258
1283223,0,23747,12626,48258
1283273,0,23747,12626,48258
1283323,0,24118,12626,48258
1283373,0,24118,12626,48220
1283678,0,23747,12769,48220
1283728,0,23747,12769,48220
1283778,0,23747,12769,48187
1283828,0,23747,12769,48187
1283878,0,23747,12769,48187
1283928,0,24504,12769,48187
1283978,0,24504,12910,48187
1284028,0,24504,12910,48187
1284078,0,24504,12910,48187
1284170,0,24504,12910,48157
1284220,0,24504,12910,48157
1284270,0,24504,12910,48157
1284320,0,24118,12910,48157
1284370,0,24118,13050,48157
1284420,0,24118,13050,48157
1284470,0,24118,13050,48157
1284520,0,24504,13050,48157
1284570,0,24504,13050,48128
1284620,0,24504,13050,48128
1284670,0,24504,13050,48128
1284848,0,24890,13204,48128
1284898,0,24890,13204,48128
1284948,0,25307,13204,48128
1284998,0,25307,13204,48102
1285048,0,25307,13204,48102
1285140,0,25724,13204,48102
1285190,0,25724,13333,48102
1285240,0,25724,13333,48102
1285290,0,25724,13333,48102
1285340,0,24890,13333,48102
1285390,0,24890,13333,48060
1285440,0,24890,13333,48060
1285490,0,24890,13333,48060
1285540,0,25307,13333,48060
1285590,0,25307,13477,48060
1285640,0,25307,13477,48060
1285690,0,25307,13477,48060
1285740,0,25307,13477,48060
1285790,0,25307,13477,48031
1285840,0,25307,13477,48031
1285976,0,25724,13477,48031
1286026,0,25724,13608,48031
1286118,0,26619,13608,48031
1286168,0,26619,13608,48031
1286218,0,26619,13608,48001
1286268,0,26619,13608,48001
1286318,0,26156,13608,48001
1286368,0,26156,13608,48001
1286418,0,26156,13750,48001
1286468,0,26156,13750,48001
1286518,0,25724,13750,48001
1286568,0,25724,13750,48001
1286618,0,25724,13750,47974
1286668,0,25724,13750,47974
1286718,0,26156,13750,47974
1286768,0,26156,13750,47974
1286818,0,26156,13884,47974
1286868,0,26156,13884,47974
1286960,0,26156,13884,47974
1287010,0,26156,13884,47940
1287146,0,26156,13884,47940
1287196,0,26156,14030,47940
1287246,0,26156,14030,47940
1287296,0,26156,14030,47940
1287346,0,26619,14030,47940
1287396,0,26619,14030,47904
1287446,0,26619,14030,47904
1287496,0,26619,14030,47904
1287546,0,27082,14030,47904
1287596,0,27082,14161,47904
1287646,0,27082,14161,47904
1287696,0,27082,14161,47904
1287746,0,27561,14161,47904
1287796,0,27561,14161,47877
1287846,0,27561,14161,47877
1287938,0,27082,14161,47877
1287988,0,27082,14161,47877
1288038,0,27082,14335,47877
1288088,0,27082,14335,47877
1288138,0,27082,14335,47877
1288273,0,27082,14335,47853
1288323,0,26619,14335,47853
1288373,0,26619,14335,47853
1288423,0,26619,14443,47853
1288473,0,26619,14443,47853
1288523,0,27561,14443,47853
1288573,0,27561,14443,47853
1288623,0,27561,14443,47813
1288673,0,27561,14443,47813
1288723,0,27561,14443,47813
1288773,0,27561,14443,47813
1288865,0,27561,14605,47813
1288915,0,28071,14605,47813
1288965,0,28071,14605,47813
1289015,0,28071,14605,47789
1289065,0,28071,14605,47789
1289115,0,28580,14605,47789
1289165,0,28580,14605,47789
1289215,0,28580,14682,47789
1289265,0,28580,14682,47789
1289400,0,28580,14682,47789
1289450,0,28580,14682,47754
1289500,0,28580,14682,47754
1289550,0,28580,14682,47754
1289600,0,28580,14682,47754
1289650,0,28580,14831,47754
1289700,0,28580,14831,47754
1289750,0,29120,14831,47754
1289842,0,29120,14831,47730
1289892,0,29120,14831,47730
1289942,0,28580,14831,47730
1289992,0,28580,14831,47730
1290042,0,28580,14971,47730
1290092,0,28580,14971,47730
1290142,0,28580,14971,47730
1290192,0,28580,14971,47730
1290242,0,28580,14971,47692
1290292,0,28580,14971,47692
1290342,0,28580,14971,47692
1290392,0,28580,14971,47692
1290527,0,28580,15112,47692
1290577,0,28580,15112,47692
1290627,0,28580,15112,47669
1290677,0,28580,15112,47669
1290769,0,28580,15112,47669
1290819,0,28580,15274,47669
1290869,0,28580,15274,47669
1290919,0,29120,15274,47669
1290969,0,29120,15274,47669
1291019,0,29120,15274,47629
1291069,0,29120,15274,47629
1291119,0,29120,15274,47629
1291169,0,29120,15274,47629
1291219,0,29120,15393,47629
1291269,0,29120,15393,47629
1291319,0,29692,15393,47629
1291369,0,29692,15393,47629
1291419,0,29692,15393,47595
1291469,0,29692,15393,47595
1291519,0,29692,15393,47595
1291654,0,29692,15566,47595
1291746,0,29692,15566,47595
1291796,0,29692,15566,47595
1291846,0,29692,15566,47573
1291896,0,29692,15566,47573
1291946,0,29692,15566,47573
1291996,0,29692,15566,47573
1292046,0,29692,15680,47573
1292096,0,29692,15680,47573
1292146,0,30881,15680,47573
1292196,0,30881,15680,47573
1292246,0,30881,15680,47519
1292296,0,30881,15680,47519
1292346,0,30263,15680,47519
1292396,0,30263,15680,47519
1292446,0,30263,15846,47519
1292582,0,30881,15846,47519
1292674,0,30881,15846,47499
1292724,0,30881,15846,47499
1292774,0,30881,15846,47499
1292824,0,30881,15846,47499
1292874,0,30881,15983,47499
1292924,0,31498,15983,47499
1292974,0,31498,15983,47499
1293024,0,31498,15983,47499
1293074,0,31498,15983,47466
1293124,0,30881,15983,47466
1293174,0,30881,15983,47466
1293224,0,30881,15983,47466
1293274,0,30881,16131,47466
1293324,0,31498,16131,47466
1293374,0,31498,16131,47466
1293424,0,31498,16131,47466
1293474,0,31498,16131,47436
1293566,0,30881,16131,47436
1293616,0,30881,16131,47436
1293752,0,32162,16273,47436
1293802,0,32162,16273,47436
1293852,0,32162,16273,47403
1293902,0,32162,16273,47403
1293952,0,32162,16273,47403
1294002,0,32162,16273,47403
1294052,0,32162,16419,47403
1294102,0,32162,16419,47403
1294152,0,31498,16419,47403
1294202,0,31498,16419,47403
1294252,0,31498,16419,47373
1294302,0,31498,16419,47373
1294352,0,31498,16419,47373
1294402,0,31498,16419,47373
1294494,0,31498,16557,47373
1294544,0,32162,16557,47373
1294594,0,32162,16557,47373
1294644,0,32162,16557,47347
1294694,0,32162,16557,47347
1294744,0,32162,16557,47347
1294879,0,32162,16700,47347
1294929,0,32162,16700,47347
1294979,0,32162,16700,47347
1295029,0,32162,16700,47347
1295079,0,32162,16700,47318
1295129,0,32162,16700,47318
1295179,0,32162,16700,47318
1295229,0,32162,16700,47318
1295279,0,32162,16813,47318
1295329,0,32162,16813,47318
1295379,0,32162,16813,47318
1295471,0,32162,16813,47271
1295521,0,32162,16813,47271
1295571,0,32162,16813,47271
1295621,0,32162,16813,47271
1295671,0,32162,16934,47271
1295721,0,32263,16934,47271
1295771,0,32364,16934,47271
1295821,0,32466,16934,47271
1295871,0,32567,16934,47246
1296007,0,32842,16934,47246
1296057,0,32842,17059,47246
1296107,0,32842,17059,47246
1296157,0,32842,17059,47246
1296207,0,32842,17059,47246
1296257,0,32842,17059,47219
1296307,0,33552,17059,47219
1296357,0,33552,17059,47219
1296449,0,33552,17059,47219
1296499,0,33552,17208,47219
1296549,0,34309,17208,47219
1296599,0,34309,17208,47219
1296649,0,34309,17208,47219
1296699,0,34309,17208,47181
1296749,0,34309,17208,47181
1296799,0,34309,17208,47181
1296849,0,34309,17208,47181
1296899,0,34309,17352,47181
1296949,0,33552,17352,47181
1296999,0,33552,17352,47181
1297135,0,34309,17352,47165
1297185,0,34309,17352,47165
1297235,0,34309,17352,47165
1297285,0,34309,17456,47165
1297377,0,34309,17456,47165
1297427,0,34309,17456,47165
1297477,0,34309,17456,47130
1297527,0,33552,17456,47130
1297577,0,33552,17456,47130
1297627,0,33552,17456,47130
1297677,0,33552,17545,47130
1297727,0,33552,17545,47130
1297777,0,33552,17545,47130
1297827,0,33552,17545,47130
1297877,0,33552,17545,47094
1297927,0,34309,17545,47094
1297977,0,34309,17545,47094
1298027,0,34309,17545,47094
1298077,0,34309,17675,47094
1298127,0,34309,17675,47094
1298262,0,34309,17675,47080
1298354,0,35081,17675,47080
1298404,0,35081,17675,47080
1298454,0,35081,17675,47080
1298504,0,35081,17812,47080
1298554,0,35081,17812,47080
1298604,0,35081,17812,47080
1298654,0,35081,17812,47080
1298704,0,35081,17812,47033
1298754,0,35081,17812,47033
1298804,0,35081,17812,47033
1298854,0,35081,17812,47033
1298904,0,35899,17945,47033
1298954,0,35899,17945,47033
1299004,0,35899,17945,47033
1299054,0,35899,17945,47033
1299104,0,35081,17945,47023
1299196,0,35081,17945,47023
1299246,0,35081,17945,47023
1299296,0,35081,18033,47023
1299432,0,35081,18033,47023
1299482,0,35081,18033,46987
1299532,0,35081,18033,46987
1299582,0,35081,18033,46987
1299632,0,35081,18033,46987
1299682,0,35081,18119,46987
1299732,0,35081,18119,46987
1299782,0,35081,18119,46987
1299832,0,35081,18119,46987
1299882,0,35081,18119,46954
1299932,0,35899,18119,46954
1299982,0,35899,18119,46954
1300032,0,35899,18119,46954
1300082,0,35899,18287,46954
1300174,0,35899,18287,46954
1300224,0,35899,18287,46954
1300274,0,35899,18287,46954
1300324,0,36748,18287,46933
1300374,0,36748,18287,46933
1300424,0,36748,18287,46933
1300560,0,35899,18436,46933
1300610,0,35899,18436,46933
1300660,0,35899,18436,46933
1300710,0,35081,18436,46882
1300760,0,35081,18436,46882
1300810,0,35081,18436,46882
1300860,0,35081,18436,46882
1300910,0,35899,18509,46882
1300960,0,35899,18509,46882
1301010,0,35899,18509,46882
1301102,0,35899,18509,46850
1301152,0,36748,18509,46850
1301202,0,36748,18509,46850
1301252,0,36748,18509,46850
1301302,0,36748,15477,46850
1301352,0,36748,15477,46850
1301402,0,36748,15477,46850
1301452,0,36748,15477,46850
1301502,0,36748,15477,49553
1301552,0,36748,15477,49553
1301688,0,36748,235,49553
1301738,0,35899,235,49553
1301788,0,35899,235,49553
1301838,0,35899,235,49553
1301888,0,35899,235,49553
1301938,0,35081,235,49611
1301988,0,35081,235,49611
1302080,0,35081,235,49611
1302130,0,35899,130,49611
1302180,0,35899,130,49611
1302230,0,35899,130,49611
1302280,0,35899,130,49611
1302330,0,36748,130,49650
1302380,0,36748,130,49650
1302430,0,36748,130,49650
1302480,0,36748,130,49650
1302530,0,36748,125,49650
1302580,0,36748,125,49650
1302630,0,36748,125,49650
1302680,0,36748,125,49650
1302817,0,35899,125,49681
1302867,0,35899,125,49681
1302917,0,35081,305,49681
1302967,0,35081,305,49681
1303017,0,35081,305,49681
1303109,0,35081,305,49706
1303159,0,35081,305,49706
1303209,0,35081,305,49706
1303259,0,35081,305,49706
1303309,0,35081,289,49706
1303359,0,35081,289,49706
1303409,0,35081,289,49706
1303459,0,35081,289,49706
1303509,0,35899,289,49728
1303559,0,35899,289,49728
1303609,0,35899,289,49728
1303659,0,35899,289,49728
1303709,0,35899,271,49728
1303759,0,35899,271,49728
1303809,0,35899,271,49728
1303944,0,35899,271,49748
1303994,0,35899,271,49748
1304044,0,35899,271,49748
1304136,0,35899,258,49748
1304186,0,35899,258,49748
1304236,0,35899,258,49748
1304286,0,35899,258,49748
1304336,0,34309,258,49766
1304386,0,34309,258,49766
1304436,0,34309,258,49766
1304486,0,34309,258,49766
1304536,0,34309,271,49766
1304586,0,34309,271,49766
1304636,0,34309,271,49766
1304686,0,34309,271,49766
1304736,0,34309,271,49782
1304786,0,34309,271,49782
1304836,0,34309,271,49782
1304886,0,34309,271,49782
1304936,0,34309,272,49782
1305114,0,34309,272,49798
1305164,0,34309,272,49798
1305214,0,34309,272,49798
1305264,0,34309,272,49798
1305314,0,35081,272,49798
1305364,0,35081,286,49798
1305414,0,35081,286,49798
1305464,0,35081,286,49798
1305514,0,35081,286,49798
1305564,0,35081,286,49812
1305614,0,35081,286,49812
1305664,0,35081,286,49812
1305714,0,35081,286,49812
1305764,0,35081,178,49812
1305814,0,35081,178,49812
1305864,0,35081,178,49812
1305914,0,33552,178,49812
1305964,0,33552,178,49825
1306056,0,33552,178,49825
1306106,0,32842,178,49825
1306241,0,32842,120,49825
1306291,0,32842,120,49825
1306341,0,33552,120,49838
1306391,0,33552,120,49838
1306441,0,33552,120,49838
1306491,0,33552,120,49838
1306541,0,33552,119,49838
1306591,0,33552,119,49838
1306641,0,33552,119,49838
1306691,0,33552,119,49838
1306741,0,32842,119,49850
1306791,0,32842,119,49850
1306841,0,32842,119,49850
1306891,0,32842,119,49850
1306941,0,32842,119,49850
1306991,0,32842,119,49850
1307169,0,32842,119,49862
1307219,0,32842,119,49862
1307269,0,32842,119,49862
1307319,0,34309,119,49862
1307369,0,34309,118,49862
1307419,0,34309,118,49862
1307469,0,34309,118,49862
1307519,0,33552,118,49862
1307569,0,33552,118,49873
1307619,0,33552,118,49873
1307669,0,33552,118,49873
1307719,0,33552,118,49873
1307769,0,33552,118,49873
1307819,0,33552,118,49873
1307869,0,33552,118,49873
1307919,0,32842,118,49873
1307969,0,32842,118,49884
1308061,0,32842,118,49884
1308111,0,32842,118,49884
1308161,0,32842,119,49884
1308297,0,32842,119,49884
1308347,0,33552,119,49894
1308397,0,33552,119,49894
1308447,0,33552,119,49894
1308497,0,33552,119,49894
1308547,0,32162,118,49894
1308597,0,32162,118,49894
1308647,0,32162,118,49894
1308697,0,32162,118,49894
1308747,0,32842,118,49903
1308797,0,32842,118,49903
1308847,0,32842,118,49903
1308897,0,32842,118,49903
1308947,0,32162,282,49903
1308997,0,32162,282,49903
1309089,0,32162,282,49903
1309139,0,31498,282,49913
1309189,0,31498,282,49913
1309239,0,31498,282,49913
1309289,0,31498,282,49913
1309424,0,30881,292,49913
1309474,0,30881,292,49913
1309524,0,31498,292,49913
1309574,0,31498,292,49922
1309624,0,31498,292,49922
1309674,0,31498,292,49922
1309724,0,30881,292,49922
1309774,0,30881,310,49922
1309824,0,30881,310,49922
1309874,0,30881,310,49922
1309924,0,31498,310,49922
1309974,0,31498,310,49931
1310024,0,31498,310,49931
1310116,0,31498,310,49931
1310166,0,31498,324,49931
1310216,0,31498,324,49931
1310266,0,31498,324,49931
1310316,0,30881,324,49931
1310366,0,30881,324,49939
1310416,0,30881,324,49939
1310552,0,31498,363,49939
1310602,0,31498,363,49939
1310652,0,31498,363,49939
1310702,0,31498,363,49939
1310752,0,30881,363,49948
1310802,0,30881,363,49948
1310852,0,30881,363,49948
1310902,0,30881,363,49948
1310952,0,30881,362,49948
1311002,0,30881,362,49948
1311094,0,30881,362,49948
1311144,0,30263,362,49948
1311194,0,30263,362,49956
1311244,0,30263,362,49956
1311294,0,30263,362,49956
1311344,0,30881,362,49956
1311394,0,30881,366,49956
1311444,0,30881,366,49956
1311494,0,30881,366,49956
1311544,0,30263,366,49956
1311679,0,30263,366,49963
1311729,0,30263,366,49963
1311779,0,30263,1114,49963
1311829,0,30263,1114,49963
1311879,0,30263,1114,49963
1311929,0,29692,1114,49963
1311979,0,29692,1114,49959
1312029,0,29692,1114,49959
1312121,0,29692,1114,49959
1312171,0,29692,231,49959
1312221,0,29692,231,49959
1312271,0,29692,231,49959
1312321,0,29692,231,49959
1312371,0,29692,231,49966
1312421,0,29692,231,49966
1312471,0,29692,231,49966
1312521,0,29692,231,49966
1312571,0,29692,196,49966
1312621,0,29692,196,49966
1312671,0,29692,196,49966
1312807,0,29692,196,49973
1312857,0,29692,196,49973
1312907,0,29692,196,49973
1312957,0,29692,196,49973
1313007,0,29692,290,49973
1313099,0,29692,290,49973
1313149,0,29120,290,49973
1313199,0,29120,290,49954
1313249,0,29120,290,49954
1313299,0,29120,290,49954
1313349,0,29692,290,49954
1313399,0,29692,375,49954
1313449,0,29692,375,49954
1313499,0,29692,375,49954
1313549,0,29692,375,49954
1313599,0,29692,375,49959
1313649,0,29692,375,49959
1313699,0,29692,375,49959
1313749,0,29692,375,49959
1313799,0,29692,376,49959
1313934,0,29692,376,49959
1313984,0,29692,376,49966
1314034,0,29692,376,49966
1314168,0,29692,376,49966
1314218,0,29692,371,49966
1314268,0,29692,371,49966
1314318,0,29692,371,49966
1314368,0,29692,371,49966
1314418,0,29692,371,49972
1314468,0,29692,371,49972
1314518,0,29120,371,49972
1314568,0,29120,371,49972
1314618,0,29120,370,49972
1314668,0,29120,370,49972
1314718,0,29120,370,49972
1314768,0,29120,370,49972
1314818,0,29120,370,49979
1314868,0,29120,370,49979
1314918,0,29120,370,49979
1314968,0,29120,370,49979
1315273,0,29120,369,49985
1315365,0,28580,369,49985
1315415,0,28580,10650,49985
1315465,0,28580,10650,49985
1315515,0,28071,10650,49985
1315565,0,28071,10650,49985
1315615,0,28071,10650,47876
1315665,0,28071,10650,47876
1315715,0,28580,10650,47876
1315765,0,28580,10650,47876
1315815,0,28580,14958,47876
1315865,0,28580,14958,47876
1315915,0,29120,14958,47876
1315965,0,29120,14958,47876
1316015,0,29120,14958,47812
1316065,0,29120,14958,47812
1316115,0,29120,14958,47812
1316207,0,29120,15100,47812
1316257,0,29120,15100,47812
1316307,0,29120,15100,47812
1316484,0,29120,15100,47753
1316534,0,29120,15100,47753
1316584,0,29120,15100,47753
1316634,0,29120,15290,47753
1316684,0,29120,15290,47753
1316734,0,29692,15290,47753
1316784,0,29692,15290,47753
1316834,0,29692,15290,47697
1316884,0,29692,15290,47697
1316934,0,29120,15290,47697
1316984,0,29120,15290,47697
1317034,0,29120,15433,47697
1317084,0,29120,15433,47697
1317134,0,29120,15433,47697
1317226,0,29120,15433,47651
1317276,0,29120,15433,47651
1317326,0,29692,15433,47651
1317376,0,29692,15433,47651
1317426,0,29692,15549,47651
1317476,0,29692,15549,47651
1317612,0,30263,15549,47612
1317662,0,30263,15549,47612
1317712,0,30881,15549,47612
1317762,0,30881,15549,47612
1317812,0,30881,15665,47612
1317862,0,30881,15665,47612
1317912,0,30881,15665,47612
1317962,0,30881,15665,47612
1318012,0,30881,15665,47569
1318062,0,30881,15665,47569
1318154,0,30881,15665,47569
1318204,0,30881,15836,47569
1318254,0,30881,15836,47569
1318304,0,30263,15836,47569
1318354,0,30263,15836,47569
1318404,0,30263,15836,47535
1318454,0,30263,15836,47535
1318504,0,31498,15836,47535
1318554,0,31498,15836,47535
1318604,0,31498,15836,47535
1318739,0,31498,15975,47535
1318789,0,31498,15975,47535
1318839,0,31498,15975,47496
1318889,0,31498,15975,47496
1318939,0,30881,15975,47496
1318989,0,30881,15975,47496
1319039,0,30881,16099,47496
1319131,0,30881,16099,47496
1319181,0,30881,16099,47496
1319231,0,30881,16099,47454
1319281,0,30881,16099,47454
1319331,0,31498,16099,47454
1319381,0,31498,16099,47454
1319431,0,31498,16182,47454
1319481,0,31498,16182,47454
1319531,0,31498,16182,47454
1319581,0,31498,16182,47454
1319631,0,31498,16182,47439
1319681,0,31498,16182,47439
1319731,0,31498,16182,47439
1319868,0,31498,16278,47439
1319918,0,31498,16278,47439
1319968,0,31498,16278,47439
1320060,0,31498,16278,47413
1320110,0,32162,16278,47413
1320160,0,32162,16278,47413
1320210,0,32162,16278,47413
1320260,0,32162,16360,47413
1320310,0,31498,16360,47413
1320360,0,31498,16360,47413
1320410,0,31498,16360,47413
1320460,0,31498,16360,47372
1320510,0,31498,16360,47372
1320560,0,31498,16360,47372
1320610,0,31498,16360,47372
1320660,0,31498,16462,47372
1320710,0,30881,16462,47372
1320760,0,30881,16462,47372
1320810,0,30881,16462,47372
1320860,0,30881,16462,47338
1321038,0,30881,16567,47338
1321088,0,30881,16567,47338
1321138,0,31498,16567,47338
1321188,0,31498,16567,47338
1321238,0,31498,16567,47300
1321288,0,31498,16567,47300
1321338,0,31498,16567,47300
1321388,0,31498,16567,47300
1321438,0,31498,16656,47300
1321488,0,31498,16656,47300
1321538,0,31498,16656,47300
1321588,0,31498,16656,47300
1321638,0,31498,16656,47266
1321688,0,31498,16656,47266
1321738,0,31498,16656,47266
1321788,0,31498,16656,47266
1321966,0,31498,16777,47266
1322016,0,31498,16777,47266
1322066,0,31498,16777,47252
1322116,0,31498,16777,47252
1322166,0,31498,16777,47252
1322216,0,31498,16777,47252
1322266,0,31498,16892,47252
1322316,0,32842,16892,47252
1322366,0,32842,16892,47252
1322416,0,32842,16892,47252
1322466,0,32842,16892,47220
1322516,0,31498,16892,47220
1322566,0,31498,16892,47220
1322616,0,31498,16892,47220
1322666,0,31498,16975,47220
1322716,0,32842,16975,47220
1322766,0,32842,16975,47220
1322858,0,32842,16975,47192
1322908,0,32162,16975,47192
1322958,0,32162,16975,47192
1323094,0,32162,17046,47192
1323144,0,33552,17046,47192
1323194,0,33552,17046,47192
1323244,0,33552,17046,47181
1323294,0,33552,17046,47181
1323344,0,33552,17046,47181
1323394,0,33552,17046,47181
1323444,0,33552,17055,47181
1323494,0,33552,17055,47181
1323544,0,33552,17055,47181
1323594,0,33552,17055,47181
1323644,0,33552,17055,47157
1323694,0,33552,17055,47157
1323786,0,33552,17055,47157
1323836,0,33552,17158,47157
1323886,0,33552,17158,47157
1323936,0,34309,17158,47157
1323986,0,34309,17158,47157
1324036,0,34309,17158,47101
1324086,0,34309,17158,47101
1324221,0,33552,17158,47101
1324271,0,33552,17278,47101
1324321,0,33552,17278,47101
1324371,0,33552,17278,47101
1324421,0,33552,17278,47101
1324471,0,33552,17278,47108
1324521,0,33552,17278,47108
1324571,0,33552,17278,47108
1324621,0,33552,17278,47108
1324671,0,33552,17314,47108
1324763,0,33552,17314,47108
1324813,0,33552,17314,47108
1324863,0,33552,17314,47084
1324913,0,33552,17314,47084
1324963,0,33552,17314,47084
1325013,0,33552,17314,47084
1325063,0,33552,17391,47084
1325113,0,34309,17391,47084
1325163,0,34309,17391,47084
1325213,0,34309,17391,47084
1325348,0,35081,17391,47067
1325398,0,35081,17391,47067
1325448,0,35081,17391,47067
1325498,0,35081,17422,47067
1325548,0,34309,17422,47067
1325598,0,34309,17422,47067
1325690,0,34309,17422,47024
1325740,0,35081,17422,47024
1325790,0,35081,17422,47024
1325840,0,35081,17422,47024
1325890,0,35081,17593,47024
1325940,0,34309,17593,47024
1325990,0,34309,17593,47024
1326040,0,34309,17593,47024
1326090,0,34309,17593,49370
1326140,0,35081,17593,49370
1326190,0,35081,17593,49370
1326240,0,35081,17593,49370
1326290,0,35081,1203,49370
1326340,0,34309,1203,49370
1326476,0,34309,1203,49578
1326526,0,34309,1203,49578
1326576,0,34309,1203,49578
1326668,0,34309,139,49578
1326718,0,34309,139,49578
1326768,0,34309,139,49578
1326818,0,34309,139,49578
1326868,0,34309,139,49621
1326918,0,33552,139,49621
1326968,0,33552,139,49621
1327018,0,33552,139,49621
1327068,0,33552,124,49621
1327118,0,34309,124,49621
1327168,0,34309,124,49621
1327218,0,34309,124,49621
1327268,0,34309,124,49653
1327318,0,35081,124,49653
1327368,0,35081,124,49653
1327418,0,35081,124,49653
1327468,0,35081,122,49653
1327604,0,35081,122,49653
1327696,0,35081,122,49678
1327746,0,34309,122,49678
1327796,0,34309,122,49678
1327846,0,34309,122,49678
1327896,0,34309,122,49678
1327946,0,34309,122,49678
1327996,0,34309,122,49678
1328046,0,34309,122,49678
1328096,0,34309,122,49699
1328146,0,32842,122,49699
1328196,0,32842,122,49699
1328246,0,32842,122,49699
1328296,0,32842,121,49699
1328346,0,33552,121,49699
1328396,0,33552,121,49699
1328446,0,33552,121,49699
1328496,0,33552,121,49718
1328588,0,33552,121,49718
1328638,0,33552,121,49718
1328773,0,33552,120,49718
1328823,0,33552,120,49718
1328873,0,33552,120,49734
1328923,0,32842,120,49734
1328973,0,32842,120,49734
1329023,0,32842,120,49734
1329073,0,32842,120,49734
1329123,0,34309,120,49734
1329173,0,34309,120,49734
1329223,0,34309,120,49734
1329273,0,34309,120,49750
1329323,0,33552,120,49750
1329373,0,33552,120,49750
1329423,0,33552,120,49750
1329473,0,33552,119,49750
1329523,0,33552,119,49750
1329615,0,33552,119,49750
1329665,0,33552,119,49750
1329715,0,33552,119,49764
1329765,0,33552,119,49764
1329900,0,33552,119,49764
1329950,0,33552,119,49764
1330000,0,33552,119,49764
1330050,0,33552,119,49764
1330100,0,33552,119,49778
1330150,0,33552,119,49778
1330200,0,33552,119,49778
1330250,0,33552,119,49778
1330300,0,33552,118,49778
1330350,0,33552,118,49778
1330400,0,33552,118,49778
1330450,0,33552,118,49778
1330500,0,33552,118,49790
1330550,0,32162,118,49790
1330642,0,32162,118,49790
1330692,0,32162,118,49790
1330742,0,32162,118,49790
1330792,0,32162,118,49790
1330842,0,32162,118,49790
1330892,0,32162,118,49801
1331027,0,32162,118,49801
1331077,0,32162,118,49801
1331127,0,32162,118,49801
1331177,0,32162,118,49801
1331227,0,32162,118,49801
1331277,0,32162,118,49801
1331327,0,32162,118,49813
1331377,0,32162,118,49813
1331427,0,32162,118,49813
1331477,0,32162,118,49813
1331527,0,32162,118,49813
1331619,0,32162,118,49813
1331669,0,32162,118,49813
1331719,0,31498,118,49823
1331769,0,31498,118,49823
1331819,0,31498,118,49823
1331869,0,31498,118,49823
1331919,0,31498,117,49823
1331969,0,31498,117,49823
1332019,0,31498,117,49823
1332155,0,31498,117,49834
1332205,0,31498,117,49834
1332255,0,31498,117,49834
1332305,0,30881,118,49834
1332355,0,30881,118,49834
1332405,0,30881,118,49834
1332455,0,30881,118,49834
1332505,0,30881,118,49844
1332555,0,30881,118,49844
1332647,0,30881,118,49844
1332697,0,30881,118,49844
1332747,0,30881,118,49844
1332797,0,30881,118,49844
1332847,0,30881,118,49844
1332897,0,30881,118,49854
1332947,0,30881,118,49854
1332997,0,30881,118,49854
1333047,0,30881,118,49854
1333097,0,30881,117,49854
1333147,0,30263,117,49854
1333283,0,30263,117,49854
1333333,0,30263,117,49862
1333383,0,30263,117,49862
1333433,0,30263,117,49862
1333483,0,30263,117,49862
1333533,0,30263,118,49862
1333583,0,30263,118,49862
1333675,0,30263,118,49862
1333725,0,30263,118,49871
1333775,0,30263,118,49871
1333825,0,30263,118,49871
1333875,0,30263,118,49871
1333925,0,29692,118,49871
1333975,0,29692,118,49871
1334025,0,29692,118,49871
1334075,0,29692,118,49871
1334125,0,29692,118,49880
1334175,0,29692,118,49880
1334225,0,29692,118,49880
1334275,0,29692,118,49880
1334410,0,29692,118,49880
1334460,0,29692,118,49880
1334510,0,29120,118,49887
1334560,0,29120,118,49887
1334652,0,29120,118,49887
1334702,0,29120,118,49887
1334752,0,29120,117,49887
1334802,0,29120,117,49887
1334852,0,29120,117,49887
1334902,0,29120,117,49887
1334952,0,29120,117,49895
1335002,0,29120,117,49895
1335052,0,29120,117,49895
1335102,0,29120,117,49895
1335152,0,29692,553,49895
1335202,0,29692,553,49895
1335252,0,29692,553,49895
1335302,0,29692,553,49895
1335352,0,29120,553,49892
1335402,0,29120,553,49892
1335537,0,29120,197,49892
1335587,0,29120,197,49892
1335679,0,29120,197,49892
1335729,0,29120,197,49899
1335779,0,29120,197,49899
1335829,0,29120,197,49899
1335879,0,29120,197,49899
1335929,0,29120,195,49899
1335979,0,29120,195,49899
1336029,0,29120,195,49899
1336079,0,29120,195,49899
1336129,0,29120,195,49906
1336179,0,29120,195,49906
1336229,0,29120,195,49906
1336279,0,29120,195,49906
1336329,0,29120,258,49906
1336464,0,29120,258,49906
1336514,0,29081,258,49906
1336564,0,29042,258,49898
1336614,0,29003,258,49898
1336706,0,28931,258,49898
1336756,0,28892,366,49898
1336806,0,28853,366,49898
1336856,0,28814,366,49898
1336906,0,28775,366,49898
1336956,0,28736,366,49894
1337006,0,28697,366,49894
1337056,0,28658,366,49894
1337106,0,28619,366,49894
1337156,0,28580,375,49894
1337206,0,28580,375,49894
1337256,0,28580,375,49894
1337306,0,28580,375,49894
1337356,0,28580,375,49899
1337406,0,28580,375,49899
1337456,0,28580,375,49899
1337593,0,28580,374,49899
1337643,0,28580,374,49899
1337693,0,28580,374,49899
1337785,0,28071,374,49905
1337835,0,28071,374,49905
1337885,0,28071,374,49905
1337935,0,27561,369,49905
1337985,0,27561,369,49905
1338035,0,27561,369,49905
1338085,0,27561,369,49905
1338135,0,27561,369,49911
1338185,0,27561,369,49911
1338235,0,27561,369,49911
1338285,0,27561,369,49911
1338335,0,27561,367,49911
1338385,0,27561,367,49911
1338435,0,27561,367,49911
1338485,0,27561,367,49911
1338535,0,27561,367,49917
1338585,0,27561,367,49917
1338720,0,27561,367,49917
1338812,0,27082,2613,49917
1338862,0,27082,2613,49917
1338912,0,27082,2613,49917
1338962,0,28071,2613,47850
1339012,0,28071,2613,47850
1339062,0,28071,2613,47850
1339112,0,28071,2613,47850
1339162,0,28071,14545,47850
1339212,0,28071,14545,47850
1339262,0,28071,14545,47850
1339312,0,28071,14545,47850
1339362,0,28071,14545,47796
1339412,0,28071,14545,47796
1339462,0,28071,14545,47796
1339512,0,28071,14545,47796
1339562,0,28580,14736,47796
1339654,0,28580,14736,47796
1339704,0,28580,14736,47796
1339754,0,29120,14736,47752
1339890,0,29120,14736,47752
1339940,0,28580,14942,47752
1339990,0,28580,14942,47752
1340040,0,28580,14942,47752
1340090,0,28580,14942,47752
1340140,0,28580,14942,47693
1340190,0,28580,14942,47693
1340240,0,28580,14942,47693
1340290,0,28580,14942,47693
1340340,0,28580,15147,47693
1340390,0,28580,15147,47693
1340440,0,28580,15147,47693
1340490,0,28580,15147,47693
1340540,0,28580,15147,47634
1340632,0,28580,15147,47634
1340682,0,28580,15147,47634
1340732,0,28580,15147,47634
1340782,0,28580,15314,47634
1340832,0,28580,15314,47634
1340882,0,28580,15314,47634
1341018,0,28580,15314,47591
1341068,0,28580,15314,47591
1341118,0,28580,15314,47591
1341168,0,29120,15481,47591
1341218,0,29120,15481,47591
1341268,0,29120,15481,47591
1341318,0,29120,15481,47591
1341368,0,29692,15481,47532
1341418,0,29692,15481,47532
1341468,0,29692,15481,47532
1341560,0,29120,15667,47532
1341610,0,29120,15667,47532
1341660,0,29120,15667,47532
1341710,0,29120,15667,47532
1341760,0,29692,15667,47484
1341810,0,29692,15667,47484
1341860,0,29692,15667,47484
1341910,0,29692,15667,47484
1341960,0,29692,15870,47484
1342010,0,29692,15870,47484
1342145,0,30263,15870,47453
1342195,0,30263,15870,47453
1342245,0,30263,15870,47453
1342295,0,30263,15870,47453
1342345,0,30263,16041,47453
1342395,0,30263,16041,47453
1342445,0,30263,16041,47453
1342537,0,30263,16041,47453
1342587,0,30263,16041,47403
1342637,0,30263,16041,47403
1342687,0,30263,16041,47403
1342737,0,30881,16041,47403
1342787,0,30881,16163,47403
1342837,0,30881,16163,47403
1342887,0,30881,16163,47403
1342937,0,30881,16163,47403
1342987,0,30881,16163,47381
1343037,0,30881,16163,47381
1343087,0,30881,16163,47381
1343137,0,30263,16163,47381
1343273,0,30263,16237,47381
1343323,0,31498,16237,47381
1343373,0,31498,16237,47361
1343465,0,31498,16237,47361
1343515,0,31498,16237,47361
1343565,0,31498,16316,47361
1343615,0,31498,16316,47361
1343665,0,31498,16316,47361
1343715,0,31498,16316,47361
1343765,0,31498,16316,47305
1343815,0,31498,16316,47305
1343865,0,31498,16316,47305
1343915,0,31498,16316,47305
1343965,0,31498,16440,47305
1344015,0,31498,16440,47305
1344065,0,31498,16440,47305
1344115,0,31498,16440,47305
1344165,0,31498,16440,47296
1344215,0,31498,16440,47296
1344265,0,31498,16440,47296
1344443,0,31498,16475,47296
1344493,0,31498,16475,47296
1344543,0,31537,16475,47296
1344593,0,31576,16475,47266
1344643,0,31615,16475,47266
1344693,0,31654,16475,47266
1344743,0,31693,16475,47266
1344793,0,31732,16543,47266
1344843,0,31771,16543,47266
1344893,0,31810,16543,47266
1344943,0,31850,16543,47266
1344993,0,31889,16543,47237
1345043,0,31928,16543,47237
1345093,0,31967,16543,47237
1345143,0,32006,16543,47237
1345193,0,32045,16590,47237
1345243,0,32084,16590,47237
1345293,0,32123,16590,47237
1345343,0,32162,16590,47237
1345477,0,32162,16590,47218
1345782,0,32842,16692,47193
1345832,0,32842,16692,47193
1345882,0,32842,16692,47193
1345932,0,31498,16692,47193
1345982,0,31498,16839,47193
1346032,0,31498,16839,47193
1346082,0,31498,16839,47193
1346132,0,31498,16839,47193
1346182,0,31498,16839,47153
1346232,0,31498,16839,47153
1346282,0,31498,16839,47153
1346332,0,32162,16839,47153
1346382,0,32162,16962,47153
1346432,0,32162,16962,47153
1346482,0,32162,16962,47153
1346574,0,31498,16962,47110
1346624,0,31498,16962,47110
1346674,0,31498,16962,47110
1346724,0,32162,16962,47110
1346774,0,32162,17051,47110
1346951,0,32842,17051,47110
1347001,0,32842,17051,47110
1347051,0,32842,17051,47110
1347101,0,32842,17051,47110
1347151,0,32842,17051,47110
1347201,0,32842,17122,47110
1347251,0,32842,17122,47110
1347301,0,32842,17122,47110
1347351,0,32842,17122,47110
1347401,0,32842,17122,47070
1347451,0,32842,17122,47070
1347501,0,32842,17122,47070
1347593,0,33552,17234,47070
1347643,0,33552,17234,47070
1347693,0,33552,17234,47070
1347743,0,33552,17234,47070
1347793,0,33552,17234,47038
1347843,0,33552,17234,47038
1347893,0,33552,17234,47038
1347943,0,33552,17234,47038
1348079,0,33552,17367,47038
1348129,0,34309,17367,47038
1348179,0,34309,17367,47038
1348229,0,34309,17367,47005
1348279,0,34309,17367,47005
1348329,0,34309,17367,47005
1348379,0,34309,17367,47005
1348429,0,34309,17472,47005
1348521,0,34309,17472,47005
1348571,0,34309,17472,47005
1348621,0,34309,17472,46986
1348671,0,34309,17472,46986
1348721,0,34309,17472,46986
1348771,0,34309,17472,46986
1348821,0,34309,18354,46986
1348871,0,34309,18354,46986
1348921,0,34309,18354,46986
1348971,0,33552,18354,46986
1349021,0,33552,18354,46973
1349071,0,33552,18354,46973
1349207,0,33552,18690,46973
1349257,0,33552,18690,46973
1349307,0,33552,18690,46973
1349357,0,34309,18690,46973
1349407,0,34309,18690,46935
1349499,0,34309,18690,46935
1349549,0,33552,18690,46935
1349599,0,33552,18662,46935
1349649,0,33552,18662,46935
1349699,0,33552,18662,46935
1349749,0,35081,18662,46935
1349799,0,35081,18662,46903
1349849,0,35081,18662,46903
1349899,0,35081,18662,46903
1349949,0,35081,18662,46903
1349999,0,35081,19002,46903
1350049,0,35081,19002,46903
1350099,0,35081,19002,46903
1350149,0,35081,19002,46903
1350199,0,35081,19002,46882
1350335,0,35081,19002,46882
1350427,0,35081,18949,46882
1350477,0,35081,18949,46882
1350527,0,34309,18949,46882
1350577,0,34309,18949,46882
1350627,0,34309,18949,46862
1350677,0,34309,18949,46862
1350727,0,35081,18949,46862
1350777,0,35081,18949,46862
1350827,0,35081,19064,46862
1350877,0,35081,19064,46862
1350927,0,35081,19064,46862
1350977,0,35081,19064,46862
1351027,0,35081,19064,46838
1351077,0,35081,19064,46838
1351127,0,34309,19064,46838
1351263,0,34309,18515,46838
1351313,0,34309,18515,46838
1351405,0,35899,18515,46800
1351455,0,35899,18515,46800
1351505,0,35899,18515,46800
1351555,0,35081,18515,46800
1351605,0,35081,12015,46800
1351655,0,35081,12015,46800
1351705,0,35081,12015,46800
1351755,0,35081,12015,46800
1351805,0,35081,12015,46800
1351855,0,35081,12015,49430
1351905,0,35081,12015,49430
1351955,0,35081,12015,49430
1352005,0,35081,12015,49430
1352055,0,35081,207,49430
1352105,0,35081,207,49430
1352155,0,34309,207,49430
1352247,0,34309,207,49486
1352297,0,34309,207,49486
1352432,0,34309,129,49486
1352482,0,34309,129,49486
1352532,0,34309,129,49486
1352582,0,34309,129,49486
1352632,0,34309,129,49524
1352682,0,34309,129,49524
1352732,0,35081,129,49524
1352782,0,35081,129,49524
1352832,0,35081,124,49524
1352882,0,35081,124,49524
1352932,0,35081,124,49524
1352982,0,35081,124,49524
1353032,0,35081,124,49552
1353082,0,35081,124,49552
1353132,0,34309,124,49552
1353182,0,34309,124,49552
1353274,0,34309,122,49552
1353324,0,34309,122,49552
1353374,0,34309,122,49552
1353424,0,34309,122,49577
1353559,0,34309,122,49577
1353609,0,34309,122,49577
1353659,0,34309,121,49577
1353709,0,34309,121,49577
1353759,0,33552,121,49577
1353809,0,33552,121,49577
1353859,0,33552,121,49598
1353909,0,33552,121,49598
1353959,0,33552,121,49598
1354009,0,33552,121,49598
1354059,0,33552,120,49598
1354109,0,33552,120,49598
1354159,0,33552,120,49598
1354209,0,33552,120,49598
1354303,0,33552,120,49616
1354353,0,33552,120,49616
1354403,0,33552,120,49616
1354453,0,33552,121,49616
1354503,0,33552,121,49616
1354553,0,33552,121,49616
1354689,0,33552,121,49634
1354739,0,34309,121,49634
1354789,0,34309,121,49634
1354839,0,34309,120,49634
1354889,0,34309,120,49634
1354939,0,33552,120,49634
1354989,0,33552,120,49634
1355039,0,33552,120,49650
1355089,0,33552,120,49650
1355139,0,34309,120,49650
1355189,0,34309,120,49650
1355281,0,34309,119,49650
1355331,0,33552,119,49650
1355381,0,33552,119,49650
1355431,0,33552,119,49664
1355481,0,33552,119,49664
1355531,0,32842,119,49664
1355581,0,32842,119,49664
1355631,0,32842,119,49664
1355681,0,32842,119,49664
1355817,0,33552,119,49664
1355867,0,33552,119,49678
1355917,0,33552,119,49678
1355967,0,32842,119,49678
1356017,0,32842,119,49678
1356067,0,32842,119,49678
1356117,0,32842,119,49678
1356167,0,32162,119,49678
1356217,0,32162,119,49678
1356309,0,32162,119,49690
1356359,0,32162,119,49690
1356409,0,32162,119,49690
1356459,0,32162,118,49690
1356509,0,32162,118,49690
1356559,0,32842,118,49690
1356609,0,32842,118,49690
1356659,0,32842,118,49702
1356709,0,32842,118,49702
1356759,0,32842,118,49702
1356809,0,32842,118,49702
1356944,0,32162,119,49702
1356994,0,32162,119,49702
1357044,0,32162,119,49714
1357094,0,32162,119,49714
1357144,0,32162,119,49714
1357194,0,32162,119,49714
1357244,0,32162,119,49714
1357336,0,32162,119,49714
1357386,0,32162,119,49714
1357436,0,32162,119,49714
1357486,0,32162,119,49725
1357536,0,31498,119,49725
1357586,0,31498,119,49725
1357636,0,31498,119,49725
1357686,0,31498,119,49725
1357736,0,32162,119,49725
1357786,0,32162,119,49725
1357836,0,32162,119,49725
1357886,0,32162,119,49735
1357936,0,32162,119,49735
1358071,0,32162,119,49735
1358121,0,32162,119,49735
1358171,0,32162,119,49735
1358221,0,32162,119,49735
1358313,0,32162,119,49745
1358363,0,32162,119,49745
1358413,0,32162,119,49745
1358463,0,32162,119,49745
1358513,0,32162,119,49745
1358563,0,32162,119,49745
1358613,0,32162,119,49745
1358663,0,32162,119,49755
1358713,0,32162,119,49755
1358763,0,31498,119,49755
1358813,0,31498,119,49755
1358863,0,31498,118,49755
1358913,0,31498,118,49755
1358963,0,31498,118,49755
1359013,0,31498,118,49755
1359063,0,31498,118,49765
1359199,0,31498,118,49765
1359249,0,31498,118,49765
1359341,0,32162,118,49765
1359391,0,32162,118,49765
1359441,0,32162,118,49765
1359491,0,32162,118,49774
1359541,0,31498,118,49774
1359591,0,31498,118,49774
1359641,0,31498,118,49774
1359691,0,31498,118,49774
1359741,0,31498,118,49774
1359791,0,31498,118,49774
1359841,0,31498,118,49774
1359891,0,31498,118,49783
1359941,0,31498,118,49783
1359991,0,31498,118,49783
1360041,0,31498,118,49783
1360091,0,31498,118,49783
1360141,0,31498,118,49783
1360191,0,31498,118,49783
1360369,0,31498,118,49791
1360419,0,31498,118,49791
1360469,0,31498,119,49791
1360519,0,31498,119,49791
1360569,0,31498,119,49791
1360619,0,31498,119,49791
1360669,0,31498,119,49799
1360719,0,31498,119,49799
1360769,0,30881,119,49799
1360819,0,30881,119,49799
1360869,0,30881,119,49799
1360919,0,30881,119,49799
1360969,0,30881,119,49799
1361019,0,30881,119,49799
1361069,0,30881,119,49807
1361119,0,30881,119,49807
1361169,0,31498,119,49807
1361261,0,31498,119,49807
1361311,0,31498,118,49807
1361361,0,30881,118,49807
1361496,0,30881,118,49814
1361546,0,30881,118,49814
1361596,0,30881,118,49814
1361646,0,30881,118,49814
1361696,0,30881,117,49814
1361746,0,30881,117,49814
1361796,0,30881,117,49814
1361846,0,30881,117,49814
1361896,0,30881,117,49822
1361946,0,30263,117,49822
1361996,0,30263,117,49822
1362046,0,30263,117,49822
1362096,0,30263,118,49822
1362146,0,30881,118,49822
1362196,0,30881,118,49822
1362288,0,30881,118,49829
1362338,0,30881,118,49829
1362388,0,30881,118,49829
1362438,0,30881,118,49829
1362488,0,30881,117,49829
1362624,0,30881,117,49829
1362674,0,30881,117,49835
1362724,0,30881,117,49835
1362774,0,30881,117,49835
1362824,0,30881,117,49835
1362874,0,30881,118,49835
1362924,0,30881,118,49835
1362974,0,30881,118,49835
1363024,0,30881,118,49835
1363074,0,30881,118,49835
1363124,0,30263,118,49843
1363174,0,30263,118,49843
1363224,0,30263,118,49843
1363316,0,30263,117,49843
1363366,0,30881,117,49843
1363416,0,30881,117,49843
1363466,0,30881,117,49843
1363516,0,30881,117,49849
1363566,0,30881,117,49849
1363616,0,30881,117,49849
1363751,0,30881,117,49849
1363801,0,30881,117,49849
1363851,0,30881,117,49849
1363901,0,30881,117,49857
1363951,0,30881,117,49857
1364001,0,30881,117,49857
1364051,0,30881,117,49857
1364101,0,30881,117,49857
1364151,0,30263,117,49857
1364201,0,30263,117,49857
1364293,0,30263,117,49862
1364343,0,30881,117,49862
1364393,0,30881,117,49862
1364443,0,30881,117,49862
1364493,0,30881,119,49862
1364543,0,29692,119,49862
1364593,0,29692,119,49862
1364643,0,29692,119,49862
1364693,0,29692,119,49868
1364743,0,29692,119,49868
1364879,0,29692,119,49868
1364929,0,29692,118,49868
1364979,0,29692,118,49868
1365029,0,29692,118,49868
1365079,0,29692,118,49868
1365129,0,30263,118,49875
1365179,0,30263,118,49875
1365229,0,30263,118,49875
1365321,0,30263,118,49875
1365371,0,29692,118,49875
1365421,0,29692,118,49875
1365471,0,29692,118,49875
1365521,0,29692,118,49881
1365571,0,29692,118,49881
1365621,0,29692,118,49881
1365671,0,29692,118,49881
1365807,0,29692,118,49881
1365857,0,29692,118,49881
1365907,0,29692,118,49887
1365957,0,29692,118,49887
1366007,0,29692,118,49887
1366057,0,29692,118,49887
1366107,0,29692,117,49887
1366157,0,29692,117,49887
1366207,0,29692,117,49887
1366257,0,29692,117,49887
1366349,0,29692,117,49893
1366399,0,29692,117,49893
1366449,0,29692,117,49893
1366499,0,29692,117,49893
1366549,0,29647,118,49893
1366599,0,29602,118,49893
1366649,0,29557,118,49893
1366699,0,29512,118,49893
1366749,0,29467,118,49898
1366799,0,29422,118,49898
1366934,0,29300,118,49898
1366984,0,29255,118,49898
1367034,0,29210,118,49898
1367084,0,29165,118,49898
1367134,0,29120,118,49903
1367184,0,29120,118,49903
1367234,0,29120,118,49903
1367284,0,29120,118,49903
1367334,0,29692,117,49903
1367426,0,29692,117,49903
1367476,0,29692,117,49903
1367526,0,29692,117,49908
1367576,0,29692,117,49908
1367626,0,29692,117,49908
1367676,0,29692,117,49908
1367726,0,29120,118,49908
1367776,0,29120,118,49908
1367826,0,29120,118,49908
1367876,0,29120,118,49908
1367926,0,29692,118,49914
1368061,0,29692,118,49914
1368111,0,29692,118,49914
1368161,0,30263,118,49914
1368211,0,30263,118,49914
1368261,0,30263,118,49914
1368311,0,30263,118,49918
1368403,0,30263,118,49918
1368453,0,30263,118,49918
1368503,0,30263,118,49918
1368553,0,29692,118,49918
1368603,0,29692,118,49918
1368653,0,29692,118,49918
1368703,0,29692,118,49918
1368753,0,29692,118,49923
1368803,0,29692,118,49923
1368853,0,29692,118,49923
1368903,0,29692,118,49923
1368953,0,29692,118,49923
1369003,0,29692,118,49923
1369053,0,29692,118,49923
1369188,0,29692,118,49929
1369238,0,29692,118,49929
1369288,0,29692,118,49929
1369338,0,30263,118,49929
1369430,0,30263,118,49929
1369480,0,30263,118,49929
1369530,0,29692,118,49934
1369580,0,29692,118,49934
1369630,0,29692,118,49934
1369680,0,29692,118,49934
1369730,0,29692,118,49934
1369780,0,29692,118,49934
1369830,0,29692,118,49934
1369880,0,29692,118,49934
1369930,0,29120,118,49938
1369980,0,29120,118,49938
1370030,0,29120,118,49938
1370080,0,29120,118,49938
1370130,0,29692,118,49938
1370180,0,29692,118,49938
1370315,0,29692,118,49938
1370365,0,28580,118,49943
1370457,0,28580,118,49943
1370507,0,28580,118,49943
1370557,0,29120,118,49943
1370607,0,29120,118,49943
1370657,0,29120,118,49943
1370707,0,29120,118,49943
1370757,0,28580,118,49948
1370807,0,28580,118,49948
1370857,0,28580,118,49948
1370907,0,28580,118,49948
1370957,0,29120,117,49948
1371007,0,29120,117,49948
1371057,0,29120,117,49948
1371107,0,29120,117,49948
1371157,0,29120,117,49953
1371207,0,29120,117,49953
1371257,0,29120,117,49953
1371349,0,29120,117,49953
1371485,0,29120,117,49953
1371535,0,29120,117,49956
1371585,0,29120,117,49956
1371635,0,29120,117,49956
1371685,0,29120,117,49956
1371735,0,28580,117,49956
1371785,0,28580,117,49956
1371835,0,28580,117,49956
1371885,0,28580,117,49956
1371935,0,29120,117,49956
1371985,0,29120,117,49948
1372035,0,29120,117,49948
1372085,0,29120,117,49948
1372135,0,29120,117,49948
1372185,0,29120,209,49948
1372235,0,29120,209,49948
1372285,0,29120,209,49948
1372379,0,29692,209,49953
1372429,0,29692,209,49953
1372479,0,29692,209,49953
1372615,0,29120,196,49953
1372665,0,29120,196,49953
1372715,0,29120,196,49953
1372765,0,29120,196,49957
1372815,0,29120,196,49957
1372865,0,29120,196,49957
1372915,0,29120,196,49957
1372965,0,28580,195,49957
1373015,0,28580,195,49957
1373065,0,28580,195,49957
1373115,0,28580,195,49957
1373165,0,28580,195,49946
1373215,0,28580,195,49946
1373265,0,28580,195,49946
1373357,0,28071,296,49946
1373407,0,28071,296,49946
1373457,0,28071,296,49946
1373507,0,28071,296,49946
1373557,0,27561,296,49938
1373607,0,27561,296,49938
1373743,0,27561,296,49938
1373793,0,27561,378,49938
1373843,0,27561,378,49938
1373893,0,27561,378,49938
1373943,0,27561,378,49938
1373993,0,27561,378,49942
1374043,0,27561,378,49942
1374093,0,27561,378,49942
1374143,0,27561,378,49942
1374193,0,27561,374,49942
1374243,0,27561,374,49942
1374293,0,27561,374,49942
1374385,0,28071,374,49946
1374435,0,28071,374,49946
1374485,0,28071,374,49946
1374535,0,28071,374,49946
1374585,0,28071,368,49946
1374635,0,28071,368,49946
1374685,0,28071,368,49946
1374735,0,27561,368,49946
1374871,0,27561,368,49949
1374921,0,27561,368,49949
1374971,0,28071,369,49949
1375021,0,28071,369,49949
1375071,0,28071,369,49949
1375121,0,28071,369,49949
1375171,0,27561,369,49952
1375221,0,27561,369,49952
1375271,0,27561,369,49952
1375321,0,27561,369,49952
1375413,0,27082,369,49952
1375463,0,27082,369,49952
1375513,0,27082,369,49952
1375563,0,26619,369,47932
1375613,0,26619,369,47932
1375663,0,26619,369,47932
1375713,0,26619,369,47932
1375763,0,26619,13707,47932
1375813,0,26619,13707,47932
1375863,0,26619,13707,47932
1375999,0,26619,13707,47925
1376049,0,26619,13707,47925
1376099,0,26619,13707,47925
1376149,0,27082,13707,47925
1376199,0,27082,14175,47925
1376249,0,27082,14175,47925
1376299,0,27082,14175,47925
1376391,0,27561,14175,47883
1376441,0,27561,14175,47883
1376491,0,27561,14175,47883
1376541,0,28071,14175,47883
1376591,0,28071,14324,47883
1376641,0,28071,14324,47883
1376691,0,28071,14324,47883
1376741,0,28071,14324,47883
1376791,0,28071,14324,47835
1376841,0,28071,14324,47835
1376891,0,28071,14324,47835
1376941,0,27082,14324,47835
1376991,0,27082,14447,47835
1377126,0,27561,14447,47835
1377176,0,27561,14447,47785
1377226,0,27561,14447,47785
1377360,0,27561,14447,47785
1377410,0,27561,14599,47785
1377460,0,27561,14599,47785
1377510,0,27561,14599,47785
1377560,0,27561,14599,47785
1377610,0,27561,14599,47737
1377660,0,27561,14599,47737
1377710,0,27561,14599,47737
1377760,0,28071,14599,47737
1377810,0,28071,14704,47737
1377860,0,28071,14704,47737
1377910,0,28071,14704,47737
1377960,0,27561,14704,47737
1378010,0,27561,14704,47707
1378060,0,27561,14704,47707
1378110,0,27561,14704,47707
1378160,0,28580,14704,47707
1378508,0,28580,14799,47665
1378558,0,29120,14799,47665
1378608,0,29120,14955,47665
1378658,0,29120,14955,47665
1378708,0,29120,14955,47665
1378758,0,29120,14955,47665
1378808,0,29120,14955,47621
1378858,0,29120,14955,47621
1378908,0,29120,14955,47621
1378958,0,29120,14955,47621
1379008,0,29120,15050,47621
1379058,0,29120,15050,47621
1379108,0,29120,15050,47621
1379158,0,29692,15050,47621
1379208,0,29692,15050,47598
1379258,0,29692,15050,47598
1379350,0,29692,15050,47598
1379400,0,29692,15165,47598
1379450,0,29692,15165,47598
1379500,0,29692,15165,47598
1379677,0,29692,15165,47564
1379727,0,29692,15165,47564
1379777,0,29692,15165,47564
1379827,0,29692,15261,47564
1379877,0,29692,15261,47564
1379927,0,29120,15261,47564
1379977,0,29120,15261,47564
1380027,0,29120,15261,47539
1380077,0,29120,15261,47539
1380127,0,29120,15261,47539
1380177,0,29120,15261,47539
1380227,0,29120,15380,47539
1380277,0,29120,15380,47539
1380369,0,29692,15380,47539
1380419,0,29692,15380,47504
1380469,0,29692,15380,47504
1380605,0,29692,15519,47504
1380655,0,29692,15519,47504
1380705,0,29692,15519,47504
1380755,0,29692,15519,47504
1380805,0,29692,15519,47466
1380855,0,29692,15519,47466
1380905,0,29692,15519,47466
1380955,0,30263,15519,47466
1381005,0,30263,15639,47466
1381055,0,30263,15639,47466
1381105,0,30263,15639,47466
1381155,0,30263,15639,47466
1381205,0,30263,15639,47435
1381297,0,30263,15639,47435
1381347,0,30263,15639,47435
1381397,0,30263,15730,47435
1381447,0,30263,15730,47435
1381497,0,30263,15730,47435
1381547,0,30263,15730,47435
1381597,0,30263,15730,47435
1381733,0,30263,15730,47415
1381783,0,30263,15730,47415
1381833,0,30263,15825,47415
1381883,0,30263,15825,47415
1381933,0,30263,15825,47415
1381983,0,30263,15825,47415
1382033,0,30263,15825,47385
1382083,0,30263,15825,47385
1382133,0,30881,15825,47385
1382183,0,30881,15825,47385
1382275,0,30881,15893,47385
1382325,0,30263,15893,47385
1382375,0,30263,15893,47385
1382425,0,30263,15893,47350
1382475,0,30263,15893,47350
1382525,0,30881,15893,47350
1382575,0,30881,15893,47350
1382625,0,30881,15984,47350
1382675,0,30881,15984,47350
1382725,0,30881,15984,47350
1382861,0,30881,15984,47325
1382911,0,30881,15984,47325
1382961,0,30881,15984,47325
1383011,0,30881,16095,47325
1383061,0,30881,16095,47325
1383111,0,30881,16095,47325
1383203,0,30881,16095,47325
1383253,0,30881,16095,47291
1383303,0,30881,16095,47291
1383353,0,30881,16095,47291
1383403,0,30881,16095,47291
1383453,0,30881,16202,47291
1383503,0,30881,16202,47291
1383553,0,31498,16202,47291
1383603,0,31498,16202,47291
1383653,0,31498,16202,47257
1383703,0,31498,16202,47257
1383753,0,31498,16202,47257
1383803,0,31498,16202,47257
1383853,0,31498,16277,47257
1383989,0,31498,16277,47257
1384039,0,31498,16277,47216
1384089,0,31498,16277,47216
1384181,0,31498,16277,47216
1384231,0,31498,16414,47216
1384281,0,31498,16414,47216
1384331,0,31498,16414,47216
1384381,0,31498,16414,47216
1384431,0,31498,16414,47189
1384481,0,31498,16414,47189
1384531,0,31498,16414,47189
1384581,0,31498,16414,47189
1384631,0,31498,16556,47189
1384681,0,31498,16556,47189
1384731,0,31767,16556,47189
1384781,0,32036,16556,47189
1384831,0,32304,16556,47167
1384881,0,32573,16556,47167
1384931,0,32842,16556,47167
1384981,0,32842,16556,47167
1385159,0,32842,16649,47167
1385209,0,32842,16649,47167
1385259,0,32842,16649,47140
1385309,0,32842,16649,47140
1385359,0,32842,16649,47140
1385409,0,32842,16649,47140
1385459,0,32842,16735,47140
1385509,0,32842,16735,47140
1385559,0,32162,16735,47140
1385609,0,32162,16735,47140
1385659,0,32162,16735,47119
1385709,0,32162,16735,47119
1385759,0,32842,16735,47119
1385809,0,32842,16735,47119
1385859,0,32842,16827,47119
1385909,0,32842,16827,47119
1386001,0,32842,16827,47119
1386051,0,32842,16827,47098
1386101,0,32842,16827,47098
1386151,0,33552,16827,47098
1386286,0,33552,16909,47098
1386336,0,32842,16909,47098
1386386,0,32842,16909,47098
1386436,0,32842,16909,47057
1386486,0,32842,16909,47057
1386536,0,33552,16909,47057
1386586,0,33552,16909,47057
1386636,0,33552,17033,47057
1386686,0,33552,17033,47057
1386736,0,32162,17033,47057
1386786,0,32162,17033,47057
1386836,0,32162,17033,46985
1386886,0,32162,17033,46985
1386978,0,33552,17033,46985
1387028,0,33552,17033,46985
1387078,0,33552,17199,46985
1387128,0,32842,17199,46985
1387178,0,32842,17199,46985
1387228,0,32842,17199,46985
1387278,0,32842,17199,46986
1387414,0,32842,17199,46986
1387464,0,32842,17252,46986
1387514,0,32842,17252,46986
1387564,0,32842,17252,46986
1387614,0,32842,17252,46986
1387664,0,32842,17252,46970
1387714,0,32842,17252,46970
1387764,0,32842,17252,46970
1387814,0,32842,17252,46970
1387864,0,32842,17373,46970
1387956,0,34309,17373,46970
1388006,0,34309,17373,46970
1388056,0,34309,17373,46944
1388106,0,34309,17373,46944
1388156,0,34309,17373,46944
1388206,0,34309,17373,46944
1388256,0,34309,17455,46944
1388306,0,34309,17455,46944
1388356,0,35081,17455,46944
1388406,0,35081,17455,46944
1388542,0,34309,17455,46896
1388592,0,34309,17455,46896
1388642,0,34309,17455,46896
1388692,0,34309,17679,46896
1388742,0,35081,17679,46896
1388792,0,35081,17679,46896
1388886,0,35081,17679,46852
1388936,0,34309,17679,46852
1388986,0,34309,17679,46852
1389036,0,34309,17679,46852
1389086,0,34309,17838,46852
1389136,0,34309,17838,46852
1389186,0,34309,17838,46852
1389236,0,34309,17838,46852
1389286,0,34309,17838,46834
1389336,0,35081,17838,46834
1389386,0,35081,17838,46834
1389436,0,35081,17838,46834
1389486,0,35081,17976,46834
1389536,0,35081,17976,46834
1389672,0,35081,17976,46809
1389722,0,35081,17976,46809
1389772,0,35899,17976,46809
1389864,0,35899,18130,46809
1389914,0,35899,18130,46809
1389964,0,35899,18130,46809
1390014,0,35899,18130,46809
1390064,0,35899,18130,46742
1390114,0,35899,18130,46742
1390164,0,35899,18130,46742
1390214,0,35899,18130,46742
1390264,0,35899,18350,46742
1390314,0,35899,18350,46742
1390364,0,35081,18350,46742
1390414,0,35081,18350,46742
1390464,0,35081,18350,46726
1390514,0,35081,18350,46726
1390564,0,35899,18350,46726
1390614,0,35899,18350,46726
1390706,0,35899,18493,46726
1390842,0,35899,18493,46726
1390892,0,35899,18493,46696
1390942,0,36748,18493,46696
1390992,0,36748,18493,46696
1391042,0,36748,18493,46696
1391092,0,36748,18642,46696
1391142,0,36748,18642,46696
1391192,0,36748,18642,46696
1391242,0,36748,18642,46696
1391292,0,36748,18642,49345
1391342,0,37659,18642,49345
1391392,0,37659,18642,49345
1391442,0,37659,18642,49345
1391492,0,37659,299,49345
1391542,0,35899,299,49345
1391592,0,35899,299,49345
1391684,0,35899,299,49404
1391734,0,35899,299,49404
1391784,0,35899,299,49404
1391834,0,35899,299,49404
1391969,0,36748,129,49404
1392019,0,36748,129,49404
1392069,0,36748,129,49404
1392119,0,36748,129,49444
1392169,0,36748,129,49444
1392219,0,36748,129,49444
1392269,0,36748,129,49444
1392319,0,36748,125,49444
1392369,0,36748,125,49444
1392419,0,36748,125,49444
1392469,0,36748,125,49444
1392519,0,36748,125,49474
1392569,0,35081,125,49474
1392661,0,35081,125,49474
1392711,0,35081,122,49474
1392761,0,35081,122,49474
1392811,0,35081,122,49474
1392861,0,35081,122,49474
1392911,0,35081,122,49499
1392961,0,35899,122,49499
1393096,0,35899,121,49499
1393146,0,36748,121,49499
1393196,0,36748,121,49499
1393246,0,36748,121,49499
1393296,0,36748,121,49520
1393346,0,36748,121,49520
1393396,0,36748,121,49520
1393446,0,36748,121,49520
1393496,0,36748,120,49520
1393546,0,35899,120,49520
1393596,0,35899,120,49520
1393688,0,35899,120,49539
1393738,0,35899,120,49539
1393788,0,35899,120,49539
1393838,0,35899,120,49539
1393888,0,35899,120,49539
1393938,0,35899,120,49539
1393988,0,35899,120,49539
1394038,0,35899,120,49539
1394088,0,35899,120,49556
1394223,0,35081,120,49556
1394273,0,35081,120,49556
1394323,0,35081,119,49556
1394373,0,35081,119,49556
1394423,0,35081,119,49556
1394473,0,35081,119,49556
1394523,0,35899,119,49571
1394573,0,35899,119,49571
1394623,0,35899,119,49571
1394715,0,35899,119,49571
1394765,0,35899,119,49571
1394815,0,35899,119,49571
1394865,0,35899,119,49571
1394915,0,35899,119,49586
1394965,0,35081,119,49586
1395015,0,35081,119,49586
1395150,0,35081,119,49586
1395200,0,35081,119,49586
1395250,0,35081,119,49586
1395300,0,35081,119,49599
1395350,0,34309,119,49599
1395400,0,34309,119,49599
1395450,0,34309,119,49599
1395500,0,34309,119,49599
1395550,0,34309,119,49599
1395600,0,34309,119,49599
1395692,0,34309,119,49613
1395742,0,34309,119,49613
1395792,0,34309,119,49613
1395842,0,34309,119,49613
1395892,0,34309,118,49613
1395942,0,34309,118,49613
1395992,0,34309,118,49613
1396042,0,34309,118,49613
1396092,0,34309,118,49613
1396142,0,35081,118,49624
1396278,0,35081,118,49624
1396328,0,35081,118,49624
1396378,0,35081,118,49624
1396428,0,35081,118,49624
1396478,0,35081,118,49624
1396528,0,35081,118,49635
1396578,0,35081,118,49635
1396628,0,35081,118,49635
1396720,0,35081,118,49635
1396770,0,35081,118,49635
1396820,0,35081,118,49635
1396870,0,35081,118,49635
1396920,0,35081,118,49646
1396970,0,34309,118,49646
1397020,0,34309,118,49646
1397070,0,34309,118,49646
1397120,0,34309,118,49646
1397170,0,34309,118,49646
1397220,0,34309,118,49646
1397270,0,34309,118,49646
1397406,0,33552,118,49657
1397456,0,33552,118,49657
1397506,0,33552,117,49657
1397556,0,33552,117,49657
1397606,0,33552,117,49657
1397656,0,33552,117,49657
1397748,0,33552,117,49666
1397798,0,33552,117,49666
1397848,0,33552,117,49666
1397898,0,33552,117,49666
1397948,0,34309,118,49666
1397998,0,34309,118,49666
1398048,0,34309,118,49666
1398098,0,34309,118,49666
1398148,0,34309,118,49676
1398198,0,34309,118,49676
1398248,0,34309,118,49676
1398298,0,34309,118,49676
1398348,0,33552,118,49676
1398398,0,33552,118,49676
1398533,0,33552,118,49685
1398583,0,33552,118,49685
1398633,0,33552,118,49685
1398725,0,33552,118,49685
1398775,0,33552,118,49685
1398825,0,33552,118,49685
1398875,0,33552,118,49685
1398925,0,33552,118,49694
1398975,0,33552,118,49694
1399025,0,33552,118,49694
1399075,0,33552,118,49694
1399125,0,32842,118,49694
1399175,0,32842,118,49694
1399225,0,32842,118,49694
1399275,0,32842,118,49694
1399325,0,32842,118,49703
1399375,0,32842,118,49703
1399425,0,32842,118,49703
1399475,0,32842,118,49703
1399525,0,32162,118,49703
1399661,0,32162,118,49703
1399753,0,32162,118,49711
1399803,0,32162,118,49711
1399853,0,32162,118,49711
1399903,0,32162,118,49711
1399953,0,32162,118,49711
1400003,0,32162,118,49711
1400053,0,32162,118,49711
1400103,0,32162,118,49711
1400153,0,32162,118,49719
1400203,0,32162,118,49719
1400253,0,32162,118,49719
1400303,0,32162,118,49719
1400353,0,32162,118,49719
1400403,0,32162,118,49719
1400453,0,32162,118,49719
1400503,0,32162,118,49719
1400553,0,31498,118,49727
1400603,0,31498,118,49727
1400695,0,31498,118,49727
1400830,0,31498,118,49727
1400880,0,31498,118,49727
1400930,0,32842,118,49734
1400980,0,32842,118,49734
1401030,0,32842,118,49734
1401080,0,32842,118,49734
1401130,0,32842,117,49734
1401180,0,32842,117,49734
1401230,0,32842,117,49734
1401280,0,32842,117,49734
1401330,0,32162,117,49734
1401380,0,32162,117,49742
1401430,0,32162,117,49742
1401480,0,32162,117,49742
1401530,0,32162,117,49742
1401580,0,32162,117,49742
1401672,0,32162,117,49742
1401722,0,32162,117,49742
1401772,0,31498,117,49749
1401822,0,31498,117,49749
1401957,0,32162,117,49749
1402007,0,32162,117,49749
1402057,0,32162,117,49749
1402107,0,32162,117,49749
1402157,0,31498,117,49756
1402207,0,31498,117,49756
1402257,0,31498,117,49756
1402307,0,31498,117,49756
1402357,0,32162,118,49756
1402407,0,32162,118,49756
1402457,0,32162,118,49756
1402507,0,32162,118,49756
1402557,0,31498,118,49763
1402607,0,31498,118,49763
1402699,0,31498,118,49763
1402749,0,31498,117,49763
1402799,0,31498,117,49763
1402849,0,31498,117,49763
1402899,0,31498,117,49763
1402949,0,31498,117,49769
1403084,0,31498,117,49769
1403134,0,31498,117,49769
1403184,0,31498,117,49769
1403234,0,31498,117,49769
1403284,0,31498,117,49769
1403334,0,30881,117,49769
1403384,0,30881,117,49776
1403434,0,30881,117,49776
1403484,0,30881,117,49776
1403534,0,30881,117,49776
1403584,0,30881,117,49776
1403634,0,30881,117,49776
1403726,0,31498,117,49776
1403776,0,31498,117,49781
1403826,0,31498,117,49781
1403876,0,31498,117,49781
1403926,0,30881,117,49781
1403976,0,30881,117,49781
1404026,0,30881,117,49781
1404076,0,30881,117,49781
1404212,0,30263,117,49788
1404262,0,30263,117,49788
1404312,0,30263,117,49788
1404362,0,30881,117,49788
1404412,0,30881,117,49788
1404462,0,30881,117,49788
1404512,0,30881,117,49788
1404562,0,30881,117,49794
1404612,0,30881,117,49794
1404704,0,30881,117,49794
1404754,0,30881,117,49794
1404804,0,30881,117,49794
1404854,0,30881,117,49794
1404904,0,30881,117,49794
1404954,0,30881,117,49794
1405004,0,30881,117,49800
1405054,0,30881,117,49800
1405104,0,30881,117,49800
1405154,0,30263,117,49800
1405204,0,30263,117,49800
1405340,0,30263,117,49800
1405390,0,30263,117,49806
1405440,0,30263,117,49806
1405490,0,30263,117,49806
1405540,0,30263,117,49806
1405590,0,30263,116,49806
1405640,0,30263,116,49806
1405732,0,30263,116,49806
1405782,0,30263,116,49811
1405832,0,30263,116,49811
1405882,0,30263,116,49811
1405932,0,29120,116,49811
1405982,0,29120,117,49811
1406032,0,29120,117,49811
1406082,0,29120,117,49811
1406132,0,29120,117,49811
1406182,0,29120,117,49817
1406232,0,29120,117,49817
1406282,0,29120,117,49817
1406332,0,29120,117,49817
1406467,0,29120,117,49817
1406517,0,29120,117,49817
1406567,0,28580,117,49817
1406617,0,28580,117,49822
1406667,0,28580,117,49822
1406761,0,29120,117,49822
1406811,0,29120,118,49822
1406861,0,29120,118,49822
1406911,0,29120,118,49822
1406961,0,29120,118,49822
1407011,0,29120,118,49827
1407061,0,29120,118,49827
1407111,0,29120,118,49827
1407161,0,28580,118,49827
1407211,0,28580,116,49827
1407261,0,28580,116,49827
1407311,0,28580,116,49827
1407361,0,28580,116,49827
1407411,0,28580,116,49833
1407461,0,28580,116,49833
1407597,0,28580,118,49833
1407647,0,28580,118,49833
1407739,0,29120,118,49833
1407789,0,29120,118,49838
1407839,0,29120,118,49838
1407889,0,29120,118,49838
1407939,0,28580,118,49838
1407989,0,28580,117,49838
1408039,0,28580,117,49838
1408089,0,28580,117,49838
1408139,0,28580,117,49838
1408189,0,28580,117,49842
1408239,0,28580,117,49842
1408289,0,28580,117,49842
1408339,0,28580,117,49842
1408389,0,28580,117,49842
1408439,0,28580,117,49842
1408489,0,28580,117,49842
1408539,0,28580,117,49842
1408589,0,28580,117,49847
1408978,0,27561,118,49847
1409028,0,27561,118,49840
1409078,0,27561,118,49840
1409128,0,28071,118,49840
1409178,0,28071,118,49840
1409228,0,28071,202,49840
1409278,0,28071,202,49840
1409328,0,27561,202,49840
1409378,0,27561,202,49840
1409428,0,27561,202,49845
1409478,0,27561,202,49845
1409528,0,27561,202,49845
1409578,0,27561,202,49845
1409628,0,27561,196,49845
1409678,0,27561,196,49845
1409728,0,27561,196,49845
1409905,0,27561,196,49849
1409955,0,28071,196,49849
1410047,0,28071,196,49849
1410097,0,28071,196,49849
1410147,0,27082,196,49849
1410197,0,27082,196,49838
1410247,0,27082,196,49838
1410297,0,27082,196,49838
1410347,0,27561,196,49838
1410397,0,27561,341,49838
1410447,0,27561,341,49838
1410497,0,27561,341,49838
1410547,0,27561,341,49838
1410597,0,27561,341,49831
1410647,0,27561,341,49831
1410697,0,27561,341,49831
1410747,0,27561,341,49831
1410797,0,27561,375,49831
1410847,0,27561,375,49831
1410939,0,26619,375,49831
1411074,0,26619,375,49835
1411124,0,26619,375,49835
1411174,0,26619,375,49835
1411224,0,26619,373,49835
1411274,0,26619,373,49835
1411324,0,26619,373,49835
1411374,0,26619,373,49835
1411424,0,26619,373,49839
1411474,0,26619,373,49839
1411524,0,27082,373,49839
1411574,0,27082,373,49839
1411624,0,27082,368,49839
1411674,0,27082,368,49839
1411724,0,27082,368,49839
1411774,0,27082,368,49839
1411824,0,27082,368,49843
1411874,0,27082,368,49843
1411966,0,27082,368,49843
1412016,0,27082,369,49843
1412066,0,27082,369,49843
1412202,0,26619,369,49843
1412252,0,26619,369,49846
1412302,0,26619,369,49846
1412352,0,26156,369,49846
1412402,0,26156,369,49846
1412452,0,26156,786,49846
1412502,0,26156,786,49846
1412552,0,26156,786,49846
1412602,0,26156,786,49846
1412652,0,26156,786,47821
1412702,0,26156,786,47821
1412752,0,26156,786,47821
1412802,0,26156,786,47821
1412852,0,26156,14040,47821
1412944,0,27082,14040,47821
1412994,0,27082,14040,47821
1413044,0,27082,14040,47791
1413094,0,27082,14040,47791
1413144,0,27561,14040,47791
1413194,0,27561,14040,47791
1413330,0,27082,14426,47791
1413380,0,27082,14426,47791
1413430,0,27082,14426,47718
1413480,0,27082,14426,47718
1413530,0,27561,14426,47718
1413580,0,27561,14426,47718
1413630,0,27561,14673,47718
1413680,0,27561,14673,47718
1413730,0,28071,14673,47718
1413780,0,28071,14673,47718
1413830,0,28071,14673,47665
1413922,0,28071,14673,47665
1413972,0,28071,14673,47665
1414022,0,28071,14886,47665
1414072,0,28071,14886,47665
1414122,0,28071,14886,47665
1414172,0,27561,14886,47665
1414222,0,27561,14886,47583
1414272,0,27561,14886,47583
1414322,0,27561,14886,47583
1414458,0,28071,15141,47583
1414508,0,28071,15141,47583
1414558,0,27561,15141,47583
1414608,0,27561,15141,47583
1414658,0,27561,15141,47539
1414708,0,27561,15141,47539
1414758,0,28071,15141,47539
1414850,0,28071,15377,47539
1414900,0,28071,15377,47539
1414950,0,28580,15377,47539
1415000,0,28580,15377,47539
1415050,0,28580,15377,47477
1415100,0,28580,15377,47477
1415150,0,29120,15377,47477
1415200,0,29120,15377,47477
1415250,0,29120,15646,47477
1415300,0,29120,15646,47477
1415350,0,29120,15646,47477
1415400,0,29120,15646,47477
1415450,0,29120,15646,47415
1415586,0,29692,15646,47415
1415636,0,29692,15915,47415
1415686,0,29692,15915,47415
1415736,0,30263,15915,47415
1415828,0,30263,15915,47368
1415878,0,30263,15915,47368
1415928,0,29692,15915,47368
1415978,0,29692,15915,47368
1416028,0,29692,16177,47368
1416078,0,29692,16177,47368
1416128,0,30263,16177,47368
1416178,0,30263,16177,47368
1416228,0,30263,16177,47296
1416278,0,30263,16177,47296
1416328,0,30263,16177,47296
1416378,0,30263,16177,47296
1416428,0,30263,16366,47296
1416478,0,30263,16366,47296
1416528,0,30881,16366,47296
1416578,0,30881,16366,47296
1416756,0,31498,16366,47263
1416806,0,31498,16366,47263
1416856,0,31498,16505,47263
1416906,0,31498,16505,47263
1416956,0,30881,16505,47263
1417006,0,30881,16505,47263
1417056,0,30881,16505,47227
1417106,0,30881,16505,47227
1417156,0,30881,16505,47227
1417206,0,30881,16505,47227
1417256,0,30881,16640,47227
1417306,0,30881,16640,47227
1417356,0,32162,16640,47227
1417406,0,32162,16640,47227
1417456,0,32162,16640,47180
1417506,0,32162,16640,47180
1417556,0,32162,16640,47180
1417648,0,32162,16750,47180
1417698,0,32162,16750,47180
1417748,0,32162,16750,47180
1417883,0,32162,16750,47172
1417933,0,32162,16750,47172
1417983,0,32162,16750,47172
1418033,0,32162,16750,47172
1418083,0,32162,16741,47172
1418133,0,32162,16741,47172
1418183,0,32162,16741,47172
1418233,0,32162,16741,47172
1418283,0,32162,16741,47149
1418333,0,32842,16741,47149
1418383,0,32842,16741,47149
1418433,0,32842,16741,47149
1418483,0,32842,16740,47149
1418533,0,32162,16740,47149
1418625,0,32162,16740,47149
1418675,0,32162,16740,47145
1418725,0,32162,16740,47145
1418775,0,32162,16740,47145
1418825,0,32162,16740,47145
1418875,0,32162,16707,47145
1419011,0,32162,16707,47145
1419061,0,32162,16707,47123
1419111,0,32162,16707,47123
1419161,0,32162,16707,47123
1419211,0,32162,16707,47123
1419261,0,32162,16757,47123
1419311,0,32162,16757,47123
1419361,0,31498,16757,47123
1419411,0,31498,16757,47123
1419461,0,31498,16757,47110
1419553,0,31498,16757,47110
1419603,0,31498,16757,47110
1419653,0,31498,16757,47110
1419703,0,31498,16792,47110
1419753,0,32162,16792,47110
1419803,0,32162,16792,47110
1419853,0,32162,16792,47110
1419903,0,32162,16792,47087
1419953,0,32162,16792,47087
1420003,0,32162,16792,47087
1420139,0,32162,16849,47087
1420189,0,32162,16849,47087
1420239,0,32162,16849,47087
1420289,0,32162,16849,47062
1420339,0,32162,16849,47062
1420389,0,32162,16849,47062
1420439,0,32162,16849,47062
1420531,0,32162,16901,47062
1420581,0,32162,16901,47062
1420631,0,32162,16901,47062
1420681,0,32162,16901,47049
1420731,0,32162,16901,47049
1420781,0,32162,16901,47049
1420831,0,32162,16901,47049
1420881,0,32162,16911,47049
1420931,0,32232,16911,47049
1420981,0,32302,16911,47049
1421031,0,32372,16911,47049
1421081,0,32442,16911,47033
1421131,0,32513,16911,47033
1421266,0,32702,16959,47033
1421316,0,32772,16959,47033
1421366,0,32842,16959,47033
1421416,0,32842,16959,47033
1421508,0,32842,16959,47005
1421558,0,33552,16959,47005
1421608,0,33552,16959,47005
1421658,0,33552,16959,47005
1421708,0,33552,16994,47005
1421758,0,33552,16994,47005
1421808,0,33552,16994,47005
1421858,0,33552,16994,47005
1421908,0,33552,16994,46991
1421958,0,33552,16994,46991
1422008,0,33552,16994,46991
1422058,0,33552,16994,46991
1422108,0,33552,17041,46991
1422158,0,33552,17041,46991
1422208,0,33552,17041,46991
1422258,0,33552,17041,46991
1422436,0,33552,17041,46970
1422486,0,33552,17082,46970
1422536,0,33552,17082,46970
1422586,0,33552,17082,46970
1422636,0,33552,17082,46970
1422686,0,33552,17082,46949
1422736,0,33274,17082,46949
1422786,0,32996,17082,46949
1422836,0,32718,17082,46949
1422886,0,32440,17124,46949
1422936,0,32162,17124,46949
1422986,0,32162,17124,46949
1423036,0,32162,17124,46949
1423086,0,32162,17124,46916
1423136,0,33552,17124,46916
1423186,0,33552,17124,46916
1423236,0,33552,17124,46916
1423286,0,33552,17243,46916
1423378,0,32842,17243,46916
1423428,0,32842,17243,46916
1423565,0,32842,17243,46905
1423615,0,32842,17243,46905
1423665,0,32842,17243,46905
1423715,0,32842,17345,46905
1423765,0,33552,17345,46905
1423815,0,33552,17345,46905
1423865,0,33552,17345,46905
1423915,0,33552,17345,46865
1423965,0,32842,17345,46865
1424015,0,32842,17345,46865
1424065,0,32842,17345,46865
1424115,0,32842,4350,46865
1424165,0,34309,4350,46865
1424215,0,34309,4350,46865
1424307,0,34309,4350,49372
1424357,0,34309,4350,49372
1424492,0,34309,163,49372
1424542,0,34309,163,49372
1424592,0,34309,163,49372
1424642,0,34309,163,49372
1424692,0,34309,163,49418
1424742,0,34309,163,49418
1424792,0,34309,163,49418
1424842,0,34309,163,49418
1424892,0,34309,163,49418
1424942,0,33552,127,49418
1424992,0,33552,127,49418
1425042,0,33552,127,49418
1425092,0,33552,127,49418
1425142,0,33552,127,49451
1425192,0,33552,127,49451
1425242,0,33552,127,49451
1425334,0,32842,122,49451
1425384,0,32842,122,49451
1425434,0,32842,122,49451
1425484,0,32842,122,49451
1425619,0,32842,122,49476
1425669,0,32842,122,49476
1425719,0,32842,122,49476
1425769,0,32842,122,49476
1425819,0,32842,122,49476
1425869,0,32842,122,49476
1425919,0,32842,122,49499
1425969,0,32842,122,49499
1426019,0,32842,122,49499
1426069,0,32842,122,49499
1426119,0,32842,121,49499
1426169,0,32842,121,49499
1426219,0,32842,121,49499
1426311,0,32842,121,49517
1426361,0,32162,121,49517
1426411,0,32162,121,49517
1426461,0,32162,121,49517
1426511,0,32162,121,49517
1426561,0,32162,121,49517
1426611,0,32162,121,49517
1426747,0,32162,121,49533
1426797,0,32162,121,49533
1426847,0,32162,121,49533
1426897,0,32162,121,49533
1426947,0,32842,119,49533
1426997,0,32842,119,49533
1427047,0,32842,119,49533
1427097,0,32842,119,49533
1427147,0,32842,119,49548
1427197,0,32842,119,49548
1427247,0,32842,119,49548
1427339,0,32162,119,49548
1427389,0,32162,119,49548
1427439,0,32162,119,49548
1427489,0,32162,119,49548
1427539,0,32842,119,49562
1427589,0,32842,119,49562
1427639,0,32842,119,49562
1427689,0,32842,119,49562
1427739,0,32842,259,49562
1427875,0,32842,259,49562
1427925,0,32162,259,49563
1427975,0,32162,259,49563
1428025,0,32162,259,49563
1428075,0,32162,259,49563
1428125,0,32162,196,49563
1428175,0,32162,196,49563
1428225,0,32162,196,49563
1428275,0,32162,196,49563
1428367,0,32162,196,49574
1428417,0,32162,196,49574
1428467,0,32162,196,49574
1428517,0,32162,196,49574
1428567,0,32842,196,49574
1428617,0,32842,196,49574
1428667,0,32842,196,49574
1428717,0,32842,196,49583
1428767,0,32162,196,49583
1428817,0,32162,196,49583
1428867,0,32162,196,49583
1429003,0,32842,255,49583
1429053,0,32842,255,49583
1429103,0,32842,255,49583
1429153,0,32162,255,49608
1429203,0,32162,255,49608
1429253,0,32162,255,49608
1429345,0,32842,130,49608
1429395,0,32842,130,49608
1429445,0,32842,130,49608
1429495,0,32842,130,49608
1429545,0,32162,130,49618
1429595,0,32162,130,49618
1429645,0,32162,130,49618
1429695,0,32162,130,49618
1429745,0,31498,121,49618
1429795,0,31498,121,49618
1429845,0,31498,121,49618
1429895,0,31498,121,49618
1429945,0,31498,121,49627
1429995,0,31498,121,49627
1430131,0,31498,119,49627
1430181,0,31498,119,49627
1430231,0,31498,119,49627
1430281,0,31498,119,49627
1430373,0,31498,119,49636
1430423,0,31498,119,49636
1430473,0,31498,119,49636
1430523,0,31498,117,49636
1430573,0,31498,117,49636
1430623,0,31498,117,49636
1430673,0,31498,117,49636
1430723,0,31498,117,49645
1430773,0,31498,117,49645
1430823,0,31498,117,49645
1430873,0,31498,117,49645
1430923,0,30881,370,49645
1430973,0,30881,370,49645
1431023,0,30881,370,49645
1431073,0,30881,370,49645
1431123,0,30881,370,49645
1431259,0,30881,370,49651
1431309,0,30881,370,49651
1431401,0,30881,200,49651
1431451,0,30881,200,49651
1431501,0,30881,200,49651
1431551,0,30881,200,49650
1431601,0,30881,200,49650
1431651,0,30881,200,49650
1431701,0,30881,200,49650
1431751,0,30881,195,49650
1431801,0,30881,195,49650
1431851,0,30881,195,49650
1431901,0,30881,195,49650
1431951,0,30263,195,49659
1432001,0,30263,195,49659
1432051,0,30263,195,49659
1432101,0,30263,195,49659
1432151,0,30263,279,49659
1432201,0,30263,279,49659
1432293,0,30263,279,49659
1432428,0,30263,279,49652
1432478,0,30263,279,49652
1432528,0,30263,279,49652
1432578,0,30263,368,49652
1432628,0,30263,368,49652
1432678,0,30263,368,49652
1432728,0,30263,368,49652
1432778,0,30263,368,49646
1432828,0,30263,368,49646
1432878,0,30263,368,49646
1432928,0,29692,368,49646
1432978,0,29692,363,49646
1433028,0,29692,363,49646
1433078,0,29692,363,49646
1433128,0,29120,363,49646
1433178,0,29120,363,49569
1433228,0,29120,363,49569
1433320,0,29120,363,49569
1433370,0,29120,220,49569
1433420,0,29120,220,49569
1433555,0,28580,220,49696
1433605,0,28580,220,49696
1433655,0,28580,220,49696
1433705,0,28580,220,49696
1433755,0,28071,122,49696
1433805,0,28071,122,49696
1433855,0,28071,122,49696
1433905,0,28071,122,49696
1433955,0,28071,122,49703
1434005,0,28071,122,49703
1434055,0,28071,122,49703
1434105,0,28071,122,49703
1434155,0,28071,122,49703
1434205,0,28071,122,49703
1434255,0,28071,122,49703
1434347,0,28071,122,49703
1434397,0,28071,122,49710
1434447,0,28071,122,49710
1434497,0,28071,122,49710
1434547,0,28071,122,49710
1434683,0,28071,121,49710
1434733,0,28071,121,49710
1434783,0,28071,121,49717
1434833,0,28071,121,49717
1434883,0,28071,121,49717
1434933,0,28173,121,49717
1434983,0,28275,403,49717
1435033,0,28376,403,49717
1435083,0,28478,403,49717
1435133,0,28580,403,49717
1435183,0,28580,403,49712
1435233,0,28580,403,49712
1435283,0,28580,403,49712
1435375,0,27561,201,49712
1435425,0,27561,201,49712
1435475,0,27561,201,49712
1435525,0,27561,201,49712
1435575,0,27561,201,49718
1435625,0,27561,201,49718
1435675,0,27561,201,49718
1435811,0,27082,197,49718
1435861,0,27082,197,49718
1435911,0,27082,197,49718
1435961,0,27082,197,49724
1436011,0,27082,197,49724
1436061,0,27082,197,49724
1436111,0,27082,197,49724
1436161,0,26619,276,49724
1436211,0,26619,276,49724
1436261,0,26619,276,49724
1436353,0,26619,276,49724
1436403,0,26619,276,49715
1436453,0,26619,276,49715
1436503,0,26619,276,49715
1436553,0,27082,276,49715
1436603,0,27082,371,49715
1436653,0,27082,371,49715
1436703,0,27082,371,49715
1436753,0,26619,371,49715
1436803,0,26619,371,49709
1436939,0,27082,371,49709
1436989,0,27082,375,49709
1437039,0,27082,375,49709
1437089,0,27082,375,49709
1437139,0,27082,375,49709
1437189,0,27082,375,49714
1437239,0,27082,375,49714
1437289,0,27082,375,49714
1437381,0,26156,372,49714
1437431,0,26156,372,49714
1437481,0,26156,372,49714
1437531,0,25724,372,49714
1437581,0,25724,372,49720
1437631,0,25724,372,49720
1437681,0,25724,372,49720
1437731,0,25307,372,49720
1437781,0,25307,370,49720
1437831,0,25307,370,49720
1437881,0,25307,370,49720
1437931,0,26156,370,49720
1438067,0,26156,370,49725
1438117,0,26156,370,49725
1438167,0,26156,370,49725
1438217,0,26156,368,49725
1438267,0,26156,368,49725
1438317,0,26156,368,49725
1438409,0,26156,368,49730
1438459,0,26156,368,49730
1438509,0,26156,368,49730
1438559,0,25724,368,49730
1438609,0,25724,6717,49730
1438659,0,25724,6717,49730
1438709,0,25724,6717,49730
1438759,0,25724,6717,49730
1438809,0,25724,6717,47811
1438859,0,25724,6717,47811
1438995,0,26156,13678,47811
1439045,0,26156,13678,47811
1439095,0,26156,13678,47811
1439145,0,27082,13678,47811
1439195,0,27082,13678,47738
1439245,0,27082,13678,47738
1439295,0,27082,13678,47738
1439387,0,27082,13678,47738
1439437,0,27082,13917,47738
1439487,0,27082,13917,47738
1439537,0,27082,13917,47738
1439587,0,27082,13917,47738
1439637,0,27082,13917,47687
1439687,0,27082,13917,47687
1439737,0,27082,13917,47687
1439787,0,27082,13917,47687
1439837,0,27082,14092,47687
1439887,0,27082,14092,47687
1439937,0,27082,14092,47687
1439987,0,27082,14092,47687
1440122,0,27082,14092,47637
1440172,0,27082,14092,47637
1440222,0,27082,14271,47637
1440356,0,27202,14271,47637
1440406,0,27247,14271,47587
1440456,0,27292,14271,47587
1440506,0,27337,14271,47587
1440556,0,27382,14271,47587
1440606,0,27426,14460,47587
1440656,0,27471,14460,47587
1440706,0,27516,14460,47587
1440756,0,27561,14460,47587
1440806,0,27561,14460,47542
1440856,0,27561,14460,47542
1440906,0,27561,14460,47542
1440956,0,28580,14460,47542
1441006,0,28580,14629,47542
1441056,0,28580,14629,47542
1441106,0,28580,14629,47542
1441156,0,28580,14629,47542
1441463,0,29120,14800,47492
1441555,0,29120,14800,47492
1441605,0,29120,14800,47442
1441655,0,29120,14800,47442
1441705,0,29120,14800,47442
1441755,0,29120,14800,47442
1441805,0,29120,14985,47442
1441855,0,29120,14985,47442
1441905,0,29120,14985,47442
1441955,0,29692,14985,47442
1442005,0,29692,14985,47408
1442055,0,29692,14985,47408
1442105,0,29692,14985,47408
1442155,0,29692,14985,47408
1442205,0,29692,15169,47408
1442255,0,29692,15169,47408
1442305,0,29692,15169,47408
1442397,0,29692,15169,47408
1442447,0,29692,15169,47360
1442497,0,29692,15169,47360
1442674,0,29120,15333,47360
1442724,0,29120,15333,47360
1442774,0,29120,15333,47360
1442824,0,29120,15333,47324
1442874,0,29120,15333,47324
1442924,0,29692,15333,47324
1442974,0,29692,15333,47324
1443024,0,29692,15485,47324
1443074,0,29692,15485,47324
1443124,0,30263,15485,47324
1443174,0,30263,15485,47324
1443224,0,30263,15485,47288
1443274,0,30263,15485,47288
1443324,0,29692,15485,47288
1443416,0,29692,15677,47288
1443466,0,29692,15677,47288
1443516,0,29692,15677,47288
1443566,0,29692,15677,47288
1443616,0,29692,15677,47252
1443666,0,29692,15677,47252
1443802,0,30263,15677,47252
1443852,0,30263,15854,47252
1443902,0,30263,15854,47252
1443952,0,30263,15854,47252
1444002,0,30263,15854,47252
1444052,0,30263,15854,47197
1444102,0,30263,15854,47197
1444152,0,30881,15854,47197
1444202,0,30881,15854,47197
1444252,0,30881,16063,47197
1444344,0,30881,16063,47197
1444394,0,30881,16063,47197
1444444,0,30881,16063,47149
1444494,0,30881,16063,47149
1444544,0,30881,16063,47149
1444594,0,30881,16063,47149
1444644,0,30881,16227,47149
1444694,0,30881,16227,47149
1444744,0,31498,16227,47149
1444794,0,31498,16227,47149
1444929,0,31498,16227,47119
1444979,0,31498,16227,47119
1445029,0,31498,16412,47119
1445079,0,31498,16412,47119
1445129,0,31498,16412,47119
1445179,0,31498,16412,47119
1445229,0,31498,16412,47070
1445321,0,31498,16412,47070
1445371,0,31498,16412,47070
1445421,0,31498,16412,47070
1445471,0,31498,16537,47070
1445521,0,31498,16537,47070
1445571,0,32162,16537,47070
1445621,0,32162,16537,47070
1445671,0,32162,16537,47042
1445721,0,32162,16537,47042
1445771,0,32842,16537,47042
1445821,0,32842,16537,47042
1445871,0,32842,16720,47042
1445921,0,32842,16720,47042
1446057,0,32842,16720,46989
1446107,0,32842,16720,46989
1446157,0,32842,16720,46989
1446249,0,32842,16891,46989
1446299,0,32842,16891,46989
1446349,0,33552,16891,46989
1446399,0,33552,16891,46989
1446449,0,33552,16891,46961
1446499,0,33552,16891,46961
1446549,0,33552,16891,46961
1446599,0,33552,16891,46961
1446649,0,33552,17017,46961
1446699,0,33552,17017,46961
1446749,0,32842,17017,46961
1446799,0,32842,17017,46961
1446849,0,32842,17017,46933
1446899,0,32842,17017,46933
1446949,0,34309,17017,46933
1446999,0,34309,17017,46933
1447049,0,34309,17164,46933
1447227,0,33552,17164,46933
1447277,0,33552,17164,46901
1447327,0,33552,17164,46901
1447377,0,33552,17164,46901
1447427,0,33552,17164,46901
1447477,0,33552,17291,46901
1447527,0,32842,17291,46901
1447577,0,32842,17291,46901
1447627,0,32842,17291,46901
1447677,0,32842,17291,46851
1447727,0,33552,17291,46851
1447777,0,33552,17291,46851
1447827,0,33552,17291,46851
1447877,0,33552,17483,46851
1447927,0,33552,17483,46851
1447977,0,33552,17483,46851
1448069,0,33552,17483,46828
1448119,0,33552,17483,46828
1448169,0,33552,17483,46828
1448219,0,33552,17483,46828
1448354,0,35081,17614,46828
1448404,0,35081,17614,46828
1448454,0,35081,17614,46795
1448504,0,35081,17614,46795
1448554,0,35081,17614,46795
1448604,0,35081,17614,46795
1448654,0,35081,17747,46795
1448704,0,35081,17747,46795
1448754,0,35081,17747,46795
1448804,0,35081,17747,46795
1448854,0,35081,17747,46759
1448904,0,35081,17747,46759
1448954,0,35081,17747,46759
1449046,0,35081,17747,46759
1449096,0,35081,17853,46759
1449146,0,34309,17853,46759
1449196,0,34309,17853,46759
1449246,0,34309,17853,46759
1449296,0,34309,17853,46712
1449346,0,34309,17853,46712
1449481,0,34309,8385,46712
1449531,0,34309,8385,46712
1449581,0,34309,8385,46712
1449631,0,34309,8385,46712
1449681,0,34309,8385,49296
1449731,0,34309,8385,49296
1449781,0,34309,8385,49296
1449831,0,34309,8385,49296
1449881,0,34309,192,49296
1449931,0,35081,192,49296
1450023,0,35081,192,49296
1450073,0,35081,192,49346
1450123,0,35081,192,49346
1450173,0,35081,192,49346
1450223,0,35081,192,49346
1450273,0,35081,127,49346
1450323,0,35081,127,49346
1450373,0,35081,127,49346
1450423,0,35081,127,49346
1450473,0,35081,127,49380
1450609,0,34309,127,49380
1450659,0,34309,124,49380
1450709,0,34309,124,49380
1450759,0,34309,124,49380
1450809,0,34309,124,49380
1450859,0,34309,124,49406
1450909,0,34309,124,49406
1451001,0,34309,124,49406
1451051,0,34309,124,49406
1451101,0,34309,122,49406
1451151,0,33552,122,49406
1451201,0,33552,122,49406
1451251,0,33552,122,49406
1451301,0,33552,122,49429
1451351,0,33552,122,49429
1451401,0,33552,122,49429
1451451,0,33552,122,49429
1451501,0,33552,121,49429
1451551,0,33552,121,49429
1451601,0,33552,121,49429
1451736,0,34309,121,49448
1451786,0,34309,121,49448
1451836,0,34309,121,49448
1451886,0,34309,119,49448
1451936,0,34309,119,49448
1452028,0,34309,119,49448
1452078,0,34309,119,49465
1452128,0,35081,119,49465
1452178,0,35081,119,49465
1452228,0,35081,119,49465
1452278,0,35081,120,49465
1452328,0,33552,120,49465
1452378,0,33552,120,49465
1452428,0,33552,120,49465
1452478,0,33552,120,49480
1452528,0,33552,120,49480
1452578,0,33552,120,49480
1452628,0,33552,120,49480
1452678,0,33552,119,49480
1452728,0,32842,119,49480
1452864,0,32842,119,49480
1452914,0,32842,119,49495
1452964,0,32842,119,49495
1453056,0,32842,119,49495
1453106,0,32842,119,49495
1453156,0,33552,119,49495
1453206,0,33552,119,49495
1453256,0,33552,119,49495
1453306,0,33552,119,49507
1453356,0,32842,119,49507
1453406,0,32842,119,49507
1453456,0,32842,119,49507
1453506,0,32842,118,49507
1453556,0,32842,118,49507
1453606,0,32842,118,49507
1453656,0,32842,118,49507
1453792,0,32842,118,49519
1453842,0,32842,118,49519
1453892,0,32842,118,49519
1453942,0,32842,118,49519
1454034,0,32842,118,49519
1454084,0,32842,118,49530
1454134,0,33552,118,49530
1454184,0,33552,118,49530
1454234,0,33552,118,49530
1454284,0,33552,118,49530
1454334,0,33552,119,49530
1454384,0,33552,119,49530
1454434,0,33552,119,49530
1454484,0,33552,119,49530
1454534,0,33552,119,49541
1454584,0,33552,119,49541
1454634,0,33552,119,49541
1454684,0,33552,119,49541
1454734,0,32842,118,49541
1454784,0,32842,118,49541
1454920,0,32842,118,49551
1454970,0,32842,118,49551
1455062,0,32842,118,49551
1455112,0,32842,118,49551
1455162,0,33552,118,49551
1455212,0,33552,118,49551
1455262,0,33552,118,49551
1455312,0,33552,118,49561
1455362,0,32842,118,49561
1455412,0,32842,118,49561
1455462,0,32842,118,49561
1455512,0,32842,118,49561
1455562,0,32842,118,49561
1455612,0,32842,118,49561
1455662,0,32842,118,49561
1455712,0,32842,118,49571
1455762,0,32162,118,49571
1455812,0,32162,118,49571
1455862,0,32162,118,49571
1455912,0,32162,118,49571
1456090,0,32162,118,49571
1456140,0,32162,118,49580
1456190,0,32162,118,49580
1456240,0,32162,118,49580
1456290,0,32162,118,49580
1456340,0,31498,119,49580
1456390,0,31498,119,49580
1456440,0,31498,119,49580
1456490,0,31498,119,49580
1456540,0,31498,119,49587
1456590,0,31498,119,49587
1456640,0,31498,119,49587
1456690,0,31498,119,49587
1456740,0,32162,118,49587
1456790,0,32162,118,49587
1456840,0,32162,118,49587
1456890,0,32162,118,49587
1456982,0,32162,118,49596
1457032,0,32162,118,49596
1457082,0,32162,118,49596
1457218,0,31498,118,49596
1457268,0,31498,118,49596
1457318,0,31498,118,49604
1457368,0,31498,118,49604
1457418,0,31498,118,49604
1457468,0,31498,118,49604
1457518,0,31498,118,49604
1457568,0,31498,118,49604
1457618,0,31498,118,49604
1457668,0,31498,118,49604
1457718,0,31498,118,49612
1457768,0,30881,118,49612
1457818,0,30881,118,49612
1457868,0,30881,118,49612
1457918,0,30881,117,49612
1458010,0,30881,117,49612
1458060,0,30881,117,49612
1458110,0,30881,117,49612
1458160,0,31498,117,49620
1458210,0,31498,117,49620
1458347,0,30881,119,49620
1458397,0,30881,119,49620
1458447,0,30881,119,49620
1458497,0,30881,119,49620
1458547,0,30881,119,49627
1458597,0,30881,119,49627
1458647,0,30881,119,49627
1458697,0,30881,119,49627
1458747,0,30881,118,49627
1458797,0,30881,118,49627
1458847,0,30881,118,49627
1458897,0,30881,118,49627
1458947,0,30881,118,49635
1459039,0,30881,118,49635
1459089,0,30881,118,49635
1459139,0,30881,118,49635
1459189,0,30881,118,49635
1459239,0,30881,118,49635
1459289,0,30881,118,49635
1459339,0,30881,118,49641
1459475,0,30881,118,49641
1459525,0,30263,117,49641
1459575,0,30263,117,49641
1459625,0,30263,117,49641
1459675,0,30263,117,49641
1459725,0,30263,117,49648
1459775,0,30263,117,49648
1459825,0,30263,117,49648
1459875,0,30263,117,49648
1459925,0,30263,118,49648
1460017,0,30263,118,49648
1460067,0,30263,118,49648
1460117,0,30263,118,49648
1460167,0,30263,118,49655
1460217,0,30263,118,49655
1460267,0,30263,118,49655
1460317,0,30263,118,49655
1460367,0,30263,117,49655
1460417,0,30263,117,49655
1460467,0,30263,117,49655
1460603,0,29692,117,49660
1460653,0,29692,117,49660
1460703,0,29692,117,49660
1460753,0,30263,117,49660
1460803,0,30263,117,49660
1460853,0,30263,117,49660
1460903,0,30263,117,49660
1460953,0,29692,117,49667
1461045,0,29692,117,49667
1461095,0,29692,117,49667
1461145,0,30263,118,49667
1461195,0,30263,118,49667
1461245,0,30263,118,49667
1461295,0,30263,118,49667
1461345,0,29692,118,49672
1461395,0,29692,118,49672
1461445,0,29692,118,49672
1461495,0,29692,118,49672
1461545,0,29692,117,49672
1461595,0,29692,117,49672
1461730,0,29692,117,49672
1461780,0,29692,117,49679
1461830,0,29692,117,49679
1461880,0,29692,117,49679
1461930,0,29692,117,49679
1461980,0,29692,117,49679
1462072,0,29692,117,49679
1462122,0,29692,117,49679
1462172,0,29692,117,49684
1462222,0,29692,117,49684
1462272,0,29692,117,49684
1462322,0,29692,117,49684
1462372,0,29692,117,49684
1462422,0,29692,117,49684
1462472,0,29692,117,49684
1462522,0,29692,117,49684
1462572,0,29626,117,49690
1462622,0,29561,117,49690
1462672,0,29495,117,49690
1462722,0,29430,117,49690
1462858,0,29251,117,49690
1462908,0,29186,117,49690
1462958,0,29120,117,49696
1463008,0,29120,117,49696
1463100,0,29120,117,49696
1463150,0,29120,118,49696
1463200,0,29120,118,49696
1463250,0,29120,118,49696
1463300,0,29120,118,49696
1463350,0,29120,118,49700
1463400,0,29120,118,49700
1463450,0,29120,118,49700
1463500,0,29120,118,49700
1463550,0,29692,117,49700
1463600,0,29692,117,49700
1463650,0,29692,117,49700
1463700,0,29692,117,49700
1463750,0,29692,117,49706
1463800,0,29692,117,49706
1463850,0,29692,117,49706
1463985,0,29120,117,49706
1464035,0,29120,117,49706
1464127,0,29120,117,49706
1464177,0,29120,117,49711
1464227,0,29120,117,49711
1464277,0,29120,117,49711
1464327,0,29120,117,49711
1464377,0,29120,117,49711
1464427,0,29120,117,49711
1464477,0,29120,117,49711
1464527,0,29120,117,49711
1464577,0,29120,117,49716
1464627,0,29120,117,49716
1464677,0,29120,117,49716
1464727,0,29120,117,49716
1464777,0,29120,117,49716
1464827,0,29120,117,49716
1464877,0,29120,117,49716
1464927,0,29120,117,49716
1465019,0,29120,117,49721
1465155,0,28695,117,49721
1465205,0,28539,117,49721
1465255,0,28383,117,49721
1465305,0,28227,117,49721
1465355,0,28071,117,49721
1465405,0,28071,117,49726
1465455,0,28071,117,49726
1465505,0,28071,117,49726
1465555,0,28071,117,49726
1465605,0,28071,117,49726
1465655,0,28071,117,49726
1465705,0,28071,117,49726
1465755,0,28071,117,49726
1465805,0,28071,117,49730
1465855,0,28071,117,49730
1465905,0,28071,117,49730
1465955,0,27561,117,49730
1466005,0,27561,117,49730
1466097,0,27561,117,49730
1466147,0,28071,117,49730
1466282,0,28071,117,49734
1466332,0,28071,117,49734
1466382,0,28071,118,49734
1466432,0,28071,118,49734
1466482,0,28071,118,49734
1466532,0,28580,118,49734
1466582,0,28580,118,49740
1466632,0,28580,118,49740
1466682,0,28580,118,49740
1466732,0,28580,118,49740
1466782,0,28580,117,49740
1466832,0,28580,117,49740
1466882,0,28580,117,49740
1466932,0,27561,117,49740
1466982,0,27561,117,49743
1467074,0,27561,117,49743
1467124,0,28071,117,49743
1467174,0,28071,117,49743
1467224,0,28071,117,49743
1467274,0,28071,117,49743
1467410,0,27561,117,49748
1467460,0,27561,117,49748
1467510,0,27561,117,49748
1467560,0,27561,117,49748
1467610,0,27561,117,49748
1467660,0,27561,117,49748
1467710,0,27561,117,49748
1467760,0,27082,117,49748
1467810,0,27082,117,49752
1467860,0,27082,117,49752
1467910,0,27082,117,49752
1467960,0,27561,117,49752
1468010,0,27561,118,49752
1468102,0,27561,118,49752
1468152,0,26619,118,49752
1468202,0,26619,118,49756
1468337,0,27561,118,49756
1468387,0,27561,117,49756
1468437,0,27561,117,49756
1468487,0,27561,117,49756
1468537,0,27561,117,49756
1468587,0,27561,117,49760
1468637,0,27561,117,49760
1468687,0,27561,117,49760
1468737,0,27561,117,49760
1468787,0,27561,117,49760
1468837,0,27561,117,49760
1468887,0,27561,117,49760
1468937,0,27082,117,49760
1468987,0,27082,117,49764
1469037,0,27082,117,49764
1469129,0,27082,117,49764
1469179,0,27082,117,49764
1469229,0,27082,118,49764
1469279,0,27082,118,49764
1469329,0,26619,118,49764
1469464,0,26619,118,49768
1469514,0,26619,118,49768
1469564,0,26619,118,49768
1469614,0,26619,117,49768
1469664,0,26619,117,49768
1469714,0,26619,117,49768
1469764,0,25724,117,49768
1469814,0,25724,117,49772
1469864,0,25724,117,49772
1469914,0,25724,117,49772
1469964,0,26619,117,49772
1470014,0,26619,117,49772
1470106,0,26619,117,49772
1470156,0,27082,117,49772
1470206,0,27082,117,49776
1470256,0,27082,117,49776
1470306,0,27082,117,49776
1470356,0,26619,117,49776
1470406,0,26619,116,49776
1470456,0,26619,116,49776
1470591,0,26156,116,49780
1470641,0,26156,116,49780
1470691,0,26156,116,49780
1470741,0,25724,116,49780
1470791,0,25724,116,49780
1470841,0,25724,116,49780
1470891,0,25724,116,49780
1470941,0,25724,116,49780
1470991,0,25724,116,49784
1471041,0,25724,116,49784
1471133,0,26619,116,49784
1471183,0,26619,116,49784
1471233,0,26619,117,49784
1471283,0,26619,117,49784
1471333,0,26156,117,49784
1471383,0,26156,117,49784
1471433,0,26156,117,49787
1471483,0,26156,117,49787
1471533,0,26156,117,49787
1471583,0,26156,117,49787
1471718,0,26156,118,49787
1471768,0,25724,118,49787
1471818,0,25724,118,49791
1471868,0,25724,118,49791
1471918,0,25724,118,49791
1471968,0,25307,118,49791
1472018,0,25307,117,49791
1472068,0,25307,117,49791
1472202,0,24890,117,49791
1472252,0,24890,117,49794
1472302,0,24890,117,49794
1472352,0,25724,117,49794
1472402,0,25724,117,49794
1472452,0,25724,117,49794
1472502,0,25724,117,49794
1472552,0,25307,117,49794
1472602,0,25307,117,49794
1472652,0,25307,117,49798
1472702,0,25307,117,49798
1472752,0,25307,117,49798
1473057,0,24890,118,49801
1473107,0,24890,118,49801
1473157,0,24890,118,49801
1473207,0,24890,118,49801
1473257,0,24890,118,49801
1473349,0,24890,118,49801
1473399,0,24890,118,49801
1473449,0,24890,118,49805
1473499,0,24890,118,49805
1473549,0,24890,118,49805
1473599,0,24890,118,49805
1473649,0,24890,118,49805
1473699,0,24890,118,49805
1473749,0,24890,118,49805
1473799,0,24890,118,49805
1473849,0,24890,118,49808
1473899,0,24890,118,49808
1473949,0,24504,118,49808
1473999,0,24504,118,49808
1474049,0,24504,117,49808
1474226,0,24504,117,49811
1474276,0,24504,117,49811
1474326,0,24890,117,49811
1474418,0,24890,117,49811
1474468,0,24890,118,49811
1474518,0,24890,118,49811
1474568,0,24504,118,49811
1474618,0,24504,118,49811
1474668,0,24504,118,49814
1474718,0,24504,118,49814
1474768,0,24504,118,49814
1474818,0,24504,118,49814
1474868,0,24504,116,49814
1474918,0,24504,116,49814
1474968,0,23747,116,49814
1475018,0,23747,116,49814
1475068,0,23747,116,49817
1475118,0,23747,116,49817
1475168,0,24118,116,49817
1475218,0,24118,116,49817
1475354,0,24118,117,49817
1475448,0,24118,117,49821
1475498,0,24118,117,49821
1475548,0,24118,117,49821
1475598,0,24118,117,49821
1475648,0,24118,117,49821
1475698,0,24118,117,49821
1475748,0,23747,117,49821
1475798,0,23747,117,49821
1475848,0,23747,117,49823
1475898,0,23747,117,49823
1475948,0,24118,117,49823
1475998,0,24118,117,49823
1476048,0,24118,118,49823
1476098,0,24118,118,49823
1476148,0,23747,118,49823
1476198,0,23747,118,49823
1476248,0,23747,118,49826
1476340,0,23747,118,49826
1476390,0,23747,118,49826
1476525,0,24118,118,49826
1476575,0,24118,118,49826
1476625,0,24118,118,49826
1476675,0,24118,118,49828
1476725,0,22697,118,49828
1476775,0,22697,118,49828
1476825,0,22697,118,49828
1476875,0,22697,117,49828
1476925,0,23037,117,49828
1476975,0,23037,117,49828
1477025,0,23037,117,49828
1477075,0,23037,117,49831
1477125,0,23392,117,49831
1477175,0,23392,117,49831
1477225,0,23392,117,49831
1477275,0,23392,117,49831
1477367,0,23037,117,49831
1477417,0,23037,117,49831
1477467,0,23037,117,49834
1477517,0,23037,117,49834
1477652,0,22373,117,49834
1477702,0,22373,117,49834
1477752,0,23037,117,49834
1477802,0,23037,117,49834
1477852,0,23037,117,49838
1477902,0,23037,117,49838
1477952,0,23037,117,49838
1478002,0,23037,117,49838
1478052,0,23037,118,49838
1478102,0,23037,118,49838
1478152,0,22373,118,49838
1478202,0,22373,118,49838
1478252,0,22373,118,49840
1478302,0,22373,118,49840
1478394,0,22049,118,49840
1478444,0,22049,118,49840
1478494,0,22049,117,49840
1478544,0,22697,117,49840
1478594,0,22697,117,49840
1478644,0,22697,117,49840
1478780,0,22373,117,49843
1478830,0,22373,117,49843
1478880,0,22373,117,49843
1478930,0,22049,117,49843
1478980,0,22049,117,49843
1479030,0,22049,117,49843
1479080,0,22049,117,49845
1479130,0,22049,117,49845
1479180,0,22049,117,49845
1479230,0,22049,117,49845
1479280,0,22049,116,49845
1479372,0,21740,116,49845
1479422,0,21740,116,49845
1479472,0,21740,116,49848
1479522,0,21740,116,49848
1479572,0,21740,116,49848
1479622,0,21740,116,49848
1479672,0,21740,117,49848
1479722,0,21740,117,49848
1479772,0,21740,117,49848
1479907,0,21740,117,49851
1479957,0,21740,117,49851
1480007,0,21740,117,49851
1480057,0,21740,117,49851
1480107,0,21740,117,49851
1480157,0,21740,117,49851
1480207,0,21740,117,49851
1480257,0,21740,117,49851
1480307,0,21740,117,49853
1480399,0,21138,117,49853
1480449,0,21138,117,49853
1480499,0,21138,118,49853
1480549,0,21431,118,49853
1480599,0,21431,118,49853
1480649,0,21431,118,49853
1480699,0,21431,118,49856
1480749,0,21740,118,49856
1480799,0,21740,118,49856
1480849,0,21740,118,49856
1480899,0,21740,117,49856
1481034,0,21138,117,49856
1481084,0,21138,117,49858
1481134,0,20582,117,49858
1481184,0,20582,117,49858
1481234,0,20582,117,49858
1481284,0,20582,117,49858
1481334,0,21740,117,49858
1481426,0,21740,117,49858
1481476,0,21740,117,49860
1481526,0,20860,117,49860
1481576,0,20860,117,49860
1481626,0,20860,117,49860
1481676,0,20860,116,49860
1481726,0,20582,116,49860
1481776,0,20582,116,49860
1481826,0,20582,116,49860
1481876,0,20582,116,49863
1481926,0,21431,116,49863
1481976,0,21431,116,49863
1482026,0,21431,116,49863
1482162,0,20582,117,49863
1482212,0,20582,117,49863
1482262,0,20582,117,49863
1482312,0,20582,117,49865
1482404,0,20304,117,49865
1482454,0,20304,117,49865
1482504,0,20304,117,49865
1482554,0,20860,117,49865
1482604,0,20860,117,49865
1482654,0,20860,117,49865
1482704,0,20860,117,49867
1482754,0,20304,117,49867
1482804,0,20304,117,49867
1482854,0,20304,117,49867
1482904,0,20304,118,49867
1482954,0,20041,118,49867
1483090,0,20041,118,49870
1483140,0,20582,118,49870
1483190,0,20582,118,49870
1483240,0,20582,118,49870
1483290,0,20582,117,49870
1483340,0,19794,117,49870
1483432,0,19794,117,49870
1483482,0,19794,117,49872
1483532,0,19532,117,49872
1483582,0,19532,117,49872
1483632,0,19532,117,49872
1483682,0,19532,117,49872
1483732,0,20041,117,49872
1483782,0,20041,117,49872
1483832,0,20041,117,49872
1483882,0,20041,117,49874
1483932,0,19794,117,49874
1483982,0,19794,117,49874
1484032,0,19794,117,49874
1484082,0,19794,117,49874
1484218,0,20041,117,49874
1484268,0,20041,117,49874
1484318,0,20041,117,49876
1484410,0,20304,117,49876
1484460,0,20304,117,49876
1484510,0,20304,117,49876
1484560,0,19532,117,49876
1484610,0,19532,117,49876
1484660,0,19532,117,49876
1484710,0,19532,117,49878
1484760,0,19794,117,49878
1484810,0,19794,117,49878
1484860,0,19794,117,49878
1484910,0,19794,117,49878
1484960,0,19300,117,49878
1485010,0,19300,117,49878
1485060,0,19300,117,49878
1485110,0,19300,117,49880
1485160,0,19300,117,49880
1485210,0,19300,117,49880
1485345,0,19532,117,49880
1485437,0,19532,117,49880
1485487,0,19532,117,49880
1485537,0,19053,117,49882
1485587,0,19053,117,49882
1485637,0,19053,117,49882
1485687,0,19053,117,49882
1485737,0,19053,117,49882
1485787,0,19053,117,49882
1485837,0,19053,117,49882
1485887,0,19053,117,49882
1485937,0,19053,117,49884
1485987,0,19053,117,49884
1486037,0,19053,117,49884
1486087,0,19053,117,49884
1486137,0,18822,117,49884
1486187,0,18822,117,49884
1486237,0,18822,117,49884
1486287,0,18822,117,49884
1486379,0,19300,117,49887
1486514,0,19300,117,49887
1486564,0,18590,117,49887
1486614,0,18590,117,49887
1486664,0,18590,117,49887
1486714,0,18590,117,49889
1486764,0,18590,117,49889
1486814,0,18590,117,49889
1486864,0,18590,117,49889
1486914,0,18590,118,49889
1486964,0,19053,118,49889
1487014,0,19053,118,49889
1487064,0,19053,118,49889
1487114,0,19053,118,49890
1487164,0,18374,118,49890
1487214,0,18374,118,49890
1487264,0,18374,118,49890
1487356,0,18822,117,49890
1487406,0,18822,117,49890
1487456,0,18822,117,49890
1487506,0,18822,117,49890
1487641,0,18158,117,49893
1487691,0,18158,117,49893
1487741,0,17941,117,49893
1487791,0,17941,117,49893
1487841,0,17941,117,49893
1487891,0,17941,117,49893
1487941,0,18590,117,49895
1487991,0,18590,117,49895
1488041,0,18590,117,49895
1488091,0,18590,117,49895
1488141,0,17941,117,49895
1488191,0,17941,117,49895
1488241,0,17941,117,49895
1488291,0,17941,117,49895
1488383,0,18590,117,49896
1488433,0,18590,117,49896
1488483,0,18590,117,49896
1488533,0,17941,117,49896
1488583,0,17941,117,49896
1488633,0,17941,117,49896
1488768,0,18158,117,49898
1488818,0,18158,117,49898
1488868,0,18158,117,49898
1488918,0,18158,116,49898
1488968,0,18374,116,49898
1489018,0,18374,116,49898
1489068,0,18374,116,49898
1489118,0,18374,116,49900
1489168,0,17941,116,49900
1489218,0,17941,116,49900
1489268,0,17941,116,49900
1489318,0,17941,117,49900
1489410,0,18158,117,49900
1489460,0,18158,117,49900
1489510,0,18158,117,49900
1489560,0,17540,117,49902
1489610,0,17540,117,49902
1489660,0,17540,117,49902
1489710,0,17540,117,49902
1489760,0,17941,117,49902
1489896,0,17941,117,49902
1489946,0,17741,117,49904
1489996,0,17741,117,49904
1490046,0,17741,117,49904
1490096,0,17741,117,49904
1490146,0,17741,117,49904
1490196,0,17741,117,49904
1490246,0,17741,117,49904
1490296,0,17741,117,49904
1490388,0,17540,117,49905
1490438,0,17540,117,49905
1490488,0,17540,117,49905
1490538,0,17339,116,49905
1490588,0,17339,116,49905
1490638,0,17339,116,49905
1490688,0,17339,116,49905
1490738,0,17741,116,49907
1490788,0,17741,116,49907
1490838,0,17741,116,49907
1490888,0,17741,116,49907
1491024,0,17154,117,49907
1491074,0,17154,117,49907
1491124,0,17741,117,49907
1491174,0,17741,117,49909
1491224,0,17741,117,49909
1491274,0,17741,117,49909
1491324,0,16953,117,49909
1491416,0,16953,117,49909
1491466,0,16953,117,49909
1491516,0,16953,117,49909
1491566,0,17154,117,49911
1491616,0,17154,117,49911
1491666,0,17154,117,49911
1491716,0,17154,117,49911
1491766,0,16953,117,49911
1491816,0,16953,117,49911
1491866,0,16953,117,49911
1491916,0,16953,117,49911
1491966,0,16953,117,49912
1492016,0,16953,117,49912
1492151,0,16953,117,49912
1492201,0,16953,117,49912
1492251,0,16953,117,49912
1492301,0,16953,117,49912
1492351,0,16768,117,49914
1492443,0,16768,117,49914
1492493,0,16768,117,49914
1492543,0,17154,117,49914
1492593,0,17154,116,49914
1492643,0,17154,116,49914
1492693,0,17154,116,49914
1492743,0,16413,116,49914
1492793,0,16413,116,49915
1492843,0,16413,116,49915
1492893,0,16413,116,49915
1492943,0,16598,116,49915
1492993,0,16598,117,49915
1493043,0,16598,117,49915
1493093,0,16598,117,49915
1493143,0,16413,117,49915
1493278,0,16413,117,49917
1493328,0,16768,117,49917
1493422,0,16768,117,49917
1493472,0,16768,117,49917
1493522,0,16768,117,49917
1493572,0,16243,117,49919
1493622,0,16243,117,49919
1493672,0,16243,117,49919
1493722,0,16243,117,49919
1493772,0,16598,117,49919
1493822,0,16598,117,49919
1493872,0,16598,117,49919
1493922,0,16598,117,49919
1493972,0,16243,117,49920
1494022,0,16243,117,49920
1494072,0,16243,117,49920
1494122,0,16243,117,49920
1494172,0,16243,117,49920
1494222,0,16243,117,49920
1494272,0,16243,117,49920
1494450,0,16073,117,49922
1494500,0,16073,117,49922
1494550,0,16413,117,49922
1494600,0,16413,116,49922
1494650,0,16413,116,49922
1494700,0,16413,116,49922
1494750,0,15903,116,49922
1494800,0,15903,116,49923
1494850,0,15903,116,49923
1494900,0,15903,116,49923
1494950,0,16073,116,49923
1495000,0,16073,117,49923
1495050,0,16073,117,49923
1495100,0,16073,117,49923
1495150,0,15440,117,49923
1495200,0,15440,117,49924
1495250,0,15440,117,49924
1495300,0,15440,117,49924
1495392,0,16073,116,49924
1495442,0,16073,116,49924
1495577,0,15440,116,49926
1495627,0,15440,116,49926
1495677,0,15440,116,49926
1495727,0,15903,116,49926
1495777,0,15903,116,49926
1495827,0,15903,116,49926
1495877,0,15903,116,49926
1495927,0,15440,116,49926
1495977,0,15440,116,49927
1496027,0,15440,116,49927
1496077,0,15440,116,49927
1496127,0,15595,116,49927
1496177,0,15595,118,49927
1496227,0,15595,118,49927
1496277,0,15595,118,49927
1496369,0,15286,118,49929
1496419,0,15286,118,49929
1496469,0,15286,118,49929
1496519,0,15286,118,49929
1496569,0,15440,116,49929
1496704,0,15440,116,49929
1496754,0,15286,116,49929
1496804,0,15286,116,49930
1496854,0,15286,116,49930
1496904,0,15286,116,49930
1496954,0,15286,116,49930
1497004,0,15286,117,49930
1497054,0,15286,117,49930
1497104,0,15286,117,49930
1497154,0,14977,117,49930
1497204,0,14977,117,49932
1497254,0,14977,117,49932
1497304,0,14977,117,49932
1497396,0,15595,117,49932
1497446,0,15595,117,49932
1497496,0,15595,117,49932
1497632,0,14838,117,49934
1497682,0,14838,117,49934
1497732,0,15131,117,49934
1497782,0,15131,116,49934
1497832,0,15131,116,49934
1497882,0,15131,116,49934
1497932,0,14838,116,49934
1497982,0,14838,116,49935
1498032,0,14838,116,49935
1498082,0,14838,116,49935
1498132,0,14838,116,49935
1498182,0,14838,116,49935
1498232,0,14838,116,49935
1498282,0,14838,116,49935
1498332,0,14560,116,49935
1498424,0,14560,116,49936
1498474,0,14560,116,49936
1498524,0,14838,116,49936
1498574,0,14838,116,49936
1498624,0,14838,116,49936
1498759,0,14421,116,49936
1498809,0,14421,116,49938
1498859,0,14421,116,49938
1498909,0,14421,116,49938
1498959,0,14699,116,49938
1499009,0,14699,117,49938
1499059,0,14699,117,49938
1499109,0,14699,117,49938
1499159,0,14159,117,49938
1499209,0,14159,117,49939
1499259,0,14159,117,49939
1499309,0,14159,117,49939
1499401,0,14560,117,49939
1499451,0,14560,117,49939
1499501,0,14560,117,49939
1499551,0,14159,117,49939
1499601,0,14159,117,49941
1499651,0,14159,117,49941
1499701,0,14159,117,49941
1499751,0,14421,117,49941
1499887,0,14421,117,49941
1499937,0,13896,117,49941
1499987,0,13896,117,49941
1500037,0,13896,117,49942
1500087,0,13896,117,49942
1500137,0,13896,117,49942
1500187,0,13896,117,49942
1500237,0,13896,116,49942
1500287,0,13896,116,49942
1500337,0,14159,116,49942
1500429,0,14159,116,49942
1500479,0,14159,116,49942
1500529,0,14035,116,49942
1500579,0,14035,116,49942
1500629,0,14035,118,49942
1500679,0,14035,118,49942
1500729,0,14035,118,49942
1500779,0,14035,118,49942
1500829,0,14035,118,49944
1500879,0,14035,118,49944
1501015,0,13896,116,49944
1501065,0,13896,116,49944
1501115,0,13896,116,49944
1501165,0,14035,116,49944
1501215,0,14035,116,49945
1501265,0,14035,116,49945
1501315,0,14035,116,49945
1501365,0,13773,116,49945
1501457,0,13773,117,49945
1501507,0,13773,117,49945
1501557,0,14035,117,49945
1501607,0,14035,117,49946
1501657,0,14035,117,49946
1501707,0,14035,117,49946
1501757,0,13541,117,49946
1501807,0,13541,117,49946
1501857,0,13541,117,49946
1501907,0,13541,117,49946
1501957,0,13649,117,49946
1502007,0,13649,117,49947
1502142,0,13649,117,49947
1502192,0,13649,117,49947
1502242,0,13649,117,49947
1502292,0,13649,117,49947
1502342,0,13417,117,49947
1502434,0,13417,117,49949
1502484,0,13417,117,49949
1502534,0,13417,117,49949
1502584,0,13417,117,49949
1502634,0,13417,117,49949
1502684,0,13417,117,49949
1502734,0,13186,117,49949
1502784,0,13186,117,49949
1502834,0,13186,117,49950
1502884,0,13186,117,49950
1502934,0,13541,117,49950
1502984,0,13541,117,49950
1503034,0,13541,118,49950
1503084,0,13541,118,49950
1503134,0,12970,118,49950
1503269,0,12970,118,49951
1503319,0,12970,118,49951
1503369,0,13309,118,49951
1503461,0,13309,117,49951
1503511,0,13309,117,49951
1503561,0,13309,117,49951
1503611,0,13309,117,49952
1503661,0,13309,117,49952
1503711,0,13309,117,49952
1503761,0,12970,117,49952
1503811,0,12970,117,49952
1503861,0,12970,117,49952
1503911,0,12970,117,49952
1503961,0,13186,117,49952
1504011,0,13186,117,49952
1504061,0,13186,117,49953
1504111,0,13186,117,49953
1504161,0,12862,117,49953
1504211,0,12862,117,49953
1504261,0,12862,117,49953
1504396,0,12970,117,49953
1504530,0,12645,117,49954
1504580,0,12645,117,49954
1504630,0,12645,117,49954
1504680,0,12645,117,49954
1504730,0,12645,117,49954
1504780,0,12645,117,49954
1504830,0,12645,117,49955
1504880,0,12645,117,49955
1504930,0,12970,117,49955
1504980,0,12970,117,49955
1505030,0,12970,116,49955
1505080,0,12970,116,49955
1505130,0,12445,116,49955
1505180,0,12445,116,49955
1505230,0,12445,116,49957
1505280,0,12445,116,49957
1505330,0,12753,116,49957
1505422,0,12753,116,49957
1505472,0,12753,116,49957
1505778,0,12352,116,49957
1505828,0,12352,116,49957
1505878,0,12352,117,49957
1505928,0,12553,117,49957
1505978,0,12553,117,49957
1506028,0,12553,117,49957
1506078,0,12553,117,49959
1506128,0,12352,117,49959
1506178,0,12352,117,49959
1506228,0,12352,117,49959
1506278,0,12352,117,49959
1506328,0,12244,117,49959
1506378,0,12244,117,49959
1506428,0,12244,117,49959
1506478,0,12244,117,49960
1506528,0,12151,117,49960
1506620,0,12151,117,49960
1506670,0,12151,117,49960
1506720,0,12151,117,49960
1506770,0,12151,117,49960
1506947,0,12244,117,49961
1506997,0,12244,117,49961
1507047,0,12244,117,49961
1507097,0,12244,117,49961
1507147,0,11966,117,49961
1507197,0,11966,117,49961
1507247,0,11966,117,49962
1507297,0,11966,117,49962
1507347,0,12244,117,49962
1507397,0,12244,117,49962
1507447,0,12244,117,49962
1507497,0,12244,117,49962
1507547,0,11873,117,49962
1507597,0,11873,117,49962
1507689,0,11873,117,49963
1507739,0,11873,117,49963
1507789,0,11873,117,49963
1507839,0,11873,117,49963
1507889,0,11873,116,49963
1507939,0,12059,116,49963
1508074,0,12059,116,49964
1508124,0,11688,116,49964
1508174,0,11688,116,49964
1508224,0,11688,116,49964
1508274,0,11688,271,49964
1508324,0,11426,271,49964
1508374,0,11426,271,49964
1508424,0,11426,271,49964
1508474,0,11426,271,49933
1508524,0,11426,271,49933
1508574,0,11426,271,49933
1508666,0,11426,312,49933
1508716,0,11426,312,49933
1508766,0,10360,312,49933
1508816,0,10360,312,49933
1508866,0,10360,312,49933
1508916,0,10360,312,49933
1508966,0,9187,312,49933
1509016,0,9187,312,49933
1509066,0,9187,315,49933
1509202,0,9187,315,49933
1509252,0,9187,315,49933
1509302,0,9187,315,49933
1509352,0,7349,315,49933
1509402,0,7349,315,49933
1509452,0,7349,416,49933
1509502,0,7349,416,49933
1509552,0,7349,416,49933
1509602,0,7349,416,49933
1509694,0,7349,416,49909
1509744,0,7349,416,49909
1509794,0,7349,416,49909
1509844,0,7349,416,49909
1509894,0,7349,508,49909
1509944,0,4956,508,49909
1509994,0,4956,508,49909
1510044,0,4956,508,49909
1510094,0,4956,508,49907
1510144,0,4956,508,49907
1510194,0,4956,508,49907
1510330,0,4956,502,49907
1510380,0,4956,502,49907
1510430,0,4956,502,49907
1510480,0,4956,502,49908
1510530,0,4956,502,49908
1510580,0,4956,502,49908
1510630,0,4956,502,49908
1510680,0,4956,499,49908
1510774,0,4956,499,49908
1510824,0,4956,499,49908
1510874,0,4956,499,49929
1510924,0,4956,499,49929
1510974,0,4956,499,49929
1511024,0,4956,499,49929
1511074,0,4956,378,49929
1511124,0,4867,378,49929
1511174,0,4777,378,49929
1511224,0,4688,378,49929
1511274,0,4599,378,49932
1511324,0,4509,378,49932
1511459,0,4268,378,49932
1511509,0,4179,371,49932
1511559,0,4089,371,49932
1511609,0,4000,371,49932
1511659,0,3911,371,49932
1511709,0,3821,371,49935
1511759,0,3732,371,49935
1511851,0,3568,371,49935
1511901,0,3478,2019,49935
1511951,0,3389,2019,49935
1512001,0,3300,2019,49935
1512051,0,3210,2019,49935
1512101,0,3121,2019,49634
1512151,0,3032,2019,49634
1512201,0,2942,2019,49634
1512251,0,2853,2019,49634
1512386,0,2612,2446,49634
1512436,0,2523,2446,49634
1512486,0,2433,2446,49608
1512536,0,2344,2446,49608
1512586,0,2255,2446,49608
1512636,0,2165,2446,49608
1512686,0,2076,2628,49608
1512736,0,1987,2628,49608
1512786,0,1897,2628,49608
1512836,0,1808,2628,49608
1512886,0,1719,2628,49580
1512978,0,1554,2628,49580
1513028,0,1465,2628,49580
1513078,0,1376,2628,49580
1513128,0,1286,2827,49580
1513178,0,1197,2827,49580
1513228,0,1108,2827,49580
1513278,0,1018,2827,49580
1513328,0,929,2827,49542
1513378,0,840,2827,49542
1513513,0,598,3020,49542
1513563,0,509,3020,49542
1513613,0,509,3020,49542
1513663,0,509,3020,49542
1513713,0,509,3020,49513
1513763,0,509,3020,49513
1513813,0,509,3020,49513
1513863,0,509,3020,49513
1513913,0,509,3217,49513
1513963,0,509,3217,49513
1514055,0,509,3217,49513
1514105,0,509,3217,49484
1514155,0,509,3217,49484
1514205,0,509,3217,49484
1514255,0,509,3217,49484
1514305,0,509,3404,49484
1514355,0,509,3404,49484
1514405,0,509,3404,49484
1514455,0,509,3404,49484
1514505,0,509,3404,49454
1514640,0,509,3404,49454
1514690,0,509,3576,49454
1514740,0,2887,3576,49454
1514790,0,2887,3576,49454
1514840,0,2887,3576,49454
1514890,0,2887,3576,49417
1514940,0,2887,3576,49417
1514990,0,2887,3576,49417
1515082,0,2887,3576,49417
1515132,0,2887,3766,49417
1515182,0,2887,3766,49417
1515232,0,2887,3766,49417
1515282,0,2887,3766,49417
1515332,0,2887,3766,49390
1515382,0,2887,3766,49390
1515432,0,2887,3766,49390
1515482,0,2887,3766,49390
1515532,0,2887,3956,49390
1515582,0,2887,3956,49390
1515632,0,2887,3956,49390
1515767,0,3798,3956,49356
1515817,0,3798,3956,49356
1515867,0,3798,3956,49356
1515917,0,3798,4135,49356
1515967,0,3798,4135,49356
1516017,0,3798,4135,49356
1516109,0,3798,4135,49327
1516159,0,3798,4135,49327
1516209,0,3798,4135,49327
1516259,0,3798,4135,49327
1516309,0,3798,4307,49327
1516359,0,4647,4307,49327
1516409,0,4647,4307,49327
1516459,0,4647,4307,49327
1516509,0,4647,4307,49296
1516559,0,4647,4307,49296
1516609,0,4647,4307,49296
1516659,0,4647,4307,49296
1516709,0,4647,4483,49296
1516759,0,4647,4483,49296
1516895,0,4647,4483,49296
1516945,0,5249,4483,49265
1516995,0,5249,4483,49265
1517087,0,5249,4483,49265
1517137,0,5249,4672,49265
1517187,0,5249,4672,49265
1517237,0,5249,4672,49265
1517287,0,5249,4672,49265
1517337,0,5249,4672,49236
1517387,0,5249,4672,49236
1517437,0,5249,4672,49236
1517487,0,5249,4672,49236
1517537,0,5913,4849,49236
1517587,0,5913,4849,49236
1517637,0,5913,4849,49236
1517687,0,5913,4849,49236
1517737,0,5913,4849,49204
1517787,0,5913,4849,49204
1517837,0,5913,4849,49204
1517887,0,5913,4849,49204
1518022,0,6268,5024,49204
1518114,0,6268,5024,49204
1518164,0,6268,5024,49169
1518214,0,6268,5024,49169
1518264,0,6268,5024,49169
1518314,0,6268,5024,49169
1518364,0,6268,5219,49169
1518414,0,6268,5219,49169
1518464,0,6268,5219,49169
1518514,0,6268,5219,49169
1518564,0,6886,5219,49135
1518614,0,6886,5219,49135
1518664,0,6886,5219,49135
1518714,0,6886,5219,49135
1518764,0,6886,5396,49135
1518814,0,6886,5396,49135
1518864,0,6886,5396,49135
1518914,0,6886,5396,49135
1518964,0,7179,5396,49104
1519056,0,7179,5396,49104
1519192,0,7179,5586,49104
1519242,0,7179,5586,49104
1519292,0,7179,5586,49104
1519342,0,7643,5586,49075
1519392,0,7643,5586,49075
1519442,0,7643,5586,49075
1519492,0,7643,5586,49075
1519542,0,7643,5749,49075
1519592,0,7643,5749,49075
1519642,0,7643,5749,49075
1519692,0,7643,5749,49075
1519742,0,7951,5749,49040
1519792,0,7951,5749,49040
1519842,0,7951,5749,49040
1519892,0,7951,5749,49040
1519942,0,7951,5937,49040
1520034,0,7951,5937,49040
1520084,0,7951,5937,49040
1520134,0,8615,5937,49011
1520184,0,8615,5937,49011
1520319,0,8615,5937,49011
1520369,0,8708,6101,49011
1520419,0,8708,6101,49011
1520469,0,8708,6101,49011
1520519,0,8708,6101,49011
1520569,0,8708,6101,48970
1520619,0,8708,6101,48970
1520669,0,8708,6101,48970
1520719,0,8708,6101,48970
1520769,0,9187,6301,48970
1520819,0,9187,6301,48970
1520869,0,9187,6301,48970
1520919,0,9187,6301,48970
1520969,0,9187,6301,48943
1521061,0,9187,6301,48943
1521111,0,9187,6301,48943
1521161,0,9403,6482,48943
1521211,0,9403,6482,48943
1521261,0,9403,6482,48943
1521311,0,9403,6482,48943
1521446,0,10082,6482,48909
1521496,0,10082,6482,48909
1521546,0,10082,6658,48909
1521596,0,10082,6658,48909
1521646,0,10082,6658,48909
1521696,0,10082,6658,48909
1521746,0,9959,6658,48876
1521796,0,9959,6658,48876
1521846,0,9959,6658,48876
1521896,0,9959,6658,48876
1521946,0,10422,6825,48876
1522038,0,10422,6825,48876
1522088,0,10422,6825,48876
1522138,0,10422,6825,48847
1522188,0,10422,6825,48847
1522238,0,10422,6825,48847
1522288,0,10422,6825,48847
1522338,0,10422,6995,48847
1522388,0,10422,6995,48847
1522438,0,10422,6995,48847
1522574,0,11024,6995,48815
1522624,0,11024,6995,48815
1522674,0,11024,6995,48815
1522724,0,11024,6995,48815
1522774,0,11024,7148,48815
1522824,0,11024,7148,48815
1522874,0,11024,7148,48815
1522924,0,11101,7148,48815
1523016,0,11101,7148,48780
1523066,0,11101,7148,48780
1523116,0,11101,7148,48780
1523166,0,11595,7327,48780
1523216,0,11595,7327,48780
1523266,0,11595,7327,48780
1523316,0,11595,7327,48780
1523366,0,11518,7327,48755
1523416,0,11518,7327,48755
1523466,0,11518,7327,48755
1523516,0,11518,7327,48755
1523566,0,11518,7501,48755
1523702,0,11518,7501,48755
1523752,0,11966,7501,48723
1523802,0,11966,7501,48723
1523852,0,11966,7501,48723
1523902,0,11966,7501,48723
1523994,0,12059,7645,48723
1524044,0,12059,7645,48723
1524094,0,12059,7645,48723
1524144,0,12645,7645,48723
1524194,0,12645,7645,48692
1524244,0,12645,7645,48692
1524294,0,12645,7645,48692
1524344,0,12445,7645,48692
1524394,0,12445,7801,48692
1524444,0,12445,7801,48692
1524494,0,12445,7801,48692
1524544,0,12445,7801,48692
1524594,0,12445,7801,48659
1524644,0,12445,7801,48659
1524694,0,12445,7801,48659
1524829,0,13078,7990,48659
1524879,0,13078,7990,48659
1524929,0,12862,7990,48659
1525021,0,12862,7990,48621
1525071,0,12862,7990,48621
1525121,0,12862,7990,48621
1525171,0,13417,8162,48621
1525221,0,13417,8162,48621
1525271,0,13417,8162,48621
1525321,0,13417,8162,48621
1525371,0,13309,8162,48592
1525421,0,13309,8162,48592
1525471,0,13309,8162,48592
1525521,0,13309,8162,48592
1525571,0,13773,8314,48592
1525621,0,13773,8314,48592
1525671,0,13773,8314,48592
1525721,0,13773,8314,48592
1525771,0,13773,8314,48563
1525821,0,13773,8314,48563
1525999,0,13773,8486,48563
1526049,0,13773,8486,48563
1526099,0,13773,8486,48563
1526149,0,14282,8486,48563
1526199,0,14282,8486,48534
1526249,0,14282,8486,48534
1526299,0,14282,8486,48534
1526349,0,14035,8486,48534
1526399,0,14035,8666,48534
1526449,0,14035,8666,48534
1526499,0,14035,8666,48534
1526549,0,14699,8666,48534
1526599,0,14699,8666,48500
1526649,0,14699,8666,48500
1526699,0,14699,8666,48500
1526749,0,14560,8666,48500
1526885,0,14560,8836,48500
1526977,0,15131,8836,48465
1527027,0,15131,8836,48465
1527077,0,15131,8836,48465
1527127,0,14977,8836,48465
1527177,0,14977,9020,48465
1527227,0,14977,9020,48465
1527277,0,14977,9020,48465
1527327,0,15440,9020,48465
1527377,0,15440,9020,48428
1527427,0,15440,9020,48428
1527477,0,15440,9020,48428
1527527,0,15440,9020,48428
1527577,0,15440,9189,48428
1527627,0,15440,9189,48428
1527677,0,15440,9189,48428
1527727,0,15749,9189,48428
1527777,0,15749,9189,48393
1527869,0,15749,9189,48393
1527919,0,15749,9189,48393
1528054,0,15595,9351,48393
1528104,0,15595,9351,48393
1528154,0,16243,9351,48393
1528204,0,16243,9351,48365
1528254,0,16243,9351,48365
1528304,0,16243,9351,48365
1528354,0,16073,9351,48365
1528404,0,16073,9516,48365
1528454,0,16073,9516,48365
1528504,0,16073,9516,48365
1528554,0,16413,9516,48365
1528604,0,16413,9516,48329
1528654,0,16413,9516,48329
1528704,0,16413,9516,48329
1528754,0,16413,9516,48329
1528848,0,16413,9687,48329
1528898,0,16413,9687,48329
1528948,0,16768,9687,48329
1528998,0,16768,9687,48297
1529048,0,16768,9687,48297
1529183,0,17154,9865,48297
1529233,0,17154,9865,48297
1529283,0,17154,9865,48297
1529333,0,16953,9865,48297
1529383,0,16953,9865,48297
1529433,0,16953,9865,48262
1529483,0,16953,9865,48262
1529533,0,17741,9865,48262
1529583,0,17741,9865,48262
1529633,0,17741,10021,48262
1529683,0,17741,10021,48262
1529733,0,17339,10021,48262
1529825,0,17339,10021,48235
1529875,0,17339,10021,48235
1529925,0,17941,10021,48235
1529975,0,17941,10021,48235
1530025,0,17941,10219,48235
1530075,0,17941,10219,48235
1530125,0,17540,10219,48235
1530175,0,17540,10219,48235
1530311,0,17540,10219,48197
1530361,0,18158,10219,48197
1530411,0,18158,10354,48197
1530461,0,18158,10354,48197
1530511,0,18158,10354,48197
1530561,0,18590,10354,48197
1530611,0,18590,10354,48166
1530661,0,18590,10354,48166
1530753,0,18158,10354,48166
1530803,0,18158,10526,48166
1530853,0,18158,10526,48166
1530903,0,18158,10526,48166
1530953,0,18822,10526,48166
1531003,0,18822,10526,48129
1531053,0,18822,10526,48129
1531103,0,18822,10526,48129
1531153,0,18374,10526,48129
1531203,0,18374,10526,48129
1531253,0,18374,10700,48129
1531303,0,18374,10700,48129
1531439,0,18822,10700,48089
1531489,0,18822,10700,48089
1531539,0,19532,10700,48089
1531589,0,19532,10700,48089
1531639,0,19532,10869,48089
1531731,0,19300,10869,48089
1531781,0,19300,10869,48089
1531831,0,19300,10869,48058
1531881,0,19300,10869,48058
1531931,0,19532,10869,48058
1531981,0,19532,10869,48058
1532031,0,19532,11024,48058
1532081,0,19532,11024,48058
1532131,0,20304,11024,48058
1532181,0,20304,11024,48058
1532231,0,20304,11024,48032
1532281,0,20304,11024,48032
1532331,0,20041,11024,48032
1532381,0,20041,11024,48032
1532431,0,20041,11235,48032
1532567,0,20582,11235,48032
1532659,0,20582,11235,47979
1532709,0,20582,11235,47979
1532759,0,20041,11235,47979
1532809,0,20041,11235,47979
1532859,0,20041,11971,47979
1532909,0,20041,11971,47979
1532959,0,20582,11971,47979
1533009,0,20582,11971,47979
1533059,0,20582,11971,47957
1533109,0,20582,11971,47957
1533159,0,21138,11971,47957
1533209,0,21138,11971,47957
1533259,0,21138,12190,47957
1533309,0,21138,12190,47957
1533359,0,20304,12190,47957
1533409,0,20304,12190,47957
1533459,0,20304,12190,47924
1533551,0,20860,12190,47924
1533601,0,20860,12190,47924
1533736,0,21740,12407,47924
1533786,0,21740,12407,47924
1533836,0,21740,12407,47887
1533886,0,21740,12407,47887
1533936,0,21740,12407,47887
1533986,0,21740,12407,47887
1534036,0,21740,12562,47887
1534086,0,21740,12562,47887
1534136,0,21740,12562,47887
1534186,0,21740,12562,47887
1534236,0,21740,12562,47857
1534286,0,21740,12562,47857
1534336,0,21740,12562,47857
1534386,0,21740,12562,47857
1534478,0,21740,12057,47857
1534528,0,22049,12057,47857
1534578,0,22049,12057,47857
1534628,0,22049,12057,47829
1534678,0,22049,12057,47829
1534728,0,21740,12057,47829
1534863,0,21740,12172,47829
1534913,0,21740,12172,47829
1534963,0,22049,12172,47829
1535013,0,22049,12172,47829
1535063,0,22049,12172,47793
1535113,0,22049,12172,47793
1535163,0,22373,12172,47793
1535213,0,22373,12172,47793
1535263,0,22373,12345,47793
1535313,0,22373,12345,47793
1535363,0,23037,12345,47793
1535455,0,23037,12345,47756
1535505,0,23037,12345,47756
1535555,0,22697,12345,47756
1535605,0,22697,12345,47756
1535655,0,22697,12520,47756
1535705,0,22697,12520,47756
1535755,0,23392,12520,47756
1535805,0,23392,12520,47756
1535855,0,23392,12520,47723
1535990,0,23747,12520,47723
1536040,0,23747,12664,47723
1536090,0,23747,12664,47723
1536140,0,22697,12664,47723
1536190,0,22697,12664,47723
1536240,0,22697,12664,47685
1536290,0,22697,12664,47685
1536424,0,23392,12664,47685
1536474,0,23392,12846,47685
1536524,0,23392,12846,47685
1536574,0,23392,12846,47685
1536624,0,23392,12846,47685
1536674,0,23392,12846,47655
1536724,0,24118,12846,47655
1536774,0,24118,12846,47655
1536824,0,24118,12846,47655
1536874,0,24118,13002,47655
1536924,0,24504,13002,47655
1536974,0,24504,13002,47655
1537024,0,24504,13002,47655
1537329,0,24504,13151,47625
1537379,0,24504,13151,47625
1537429,0,24504,13151,47625
1537479,0,24504,13151,47584
1537571,0,24890,13151,47584
1537621,0,24890,13151,47584
1537671,0,24890,13356,47584
1537721,0,24890,13356,47584
1537771,0,24890,13356,47584
1537821,0,24890,13356,47584
1537871,0,24890,13356,47550
1537921,0,24890,13356,47550
1537971,0,25307,13356,47550
1538021,0,25307,13356,47550
1538071,0,25307,13472,47550
1538121,0,25307,13472,47550
1538171,0,24890,13472,47550
1538221,0,24890,13472,47550
1538271,0,24890,13472,47517
1538321,0,24890,13472,47517
1538541,0,25724,13644,47517
1538591,0,25724,13644,47517
1538641,0,25724,13644,47517
1538691,0,25724,13644,47485
1538741,0,25724,13644,47485
1538791,0,25724,13644,47485
1538841,0,25724,13644,47485
1538891,0,25724,13822,47485
1538941,0,26619,13822,47485
1538991,0,26619,13822,47485
1539041,0,26619,13822,47485
1539091,0,26619,13822,47449
1539141,0,25724,13822,47449
1539191,0,25724,13822,47449
1539241,0,25724,13822,47449
1539291,0,25724,13968,47449
1539341,0,25724,13968,47449
1539433,0,25724,13968,47449
1539483,0,25724,13968,47424
1539533,0,25724,13968,47424
1539669,0,25724,14156,47424
1539719,0,25724,14156,47424
1539769,0,26619,14156,47424
1539819,0,26619,14156,47424
1539869,0,26619,14156,47378
1539919,0,26619,14156,47378
1539969,0,27082,14156,47378
1540019,0,27082,14156,47378
1540069,0,27082,14309,47378
1540119,0,27082,14309,47378
1540169,0,27082,14309,47378
1540219,0,27082,14309,47378
1540269,0,27082,14309,47336
1540361,0,27561,14309,47336
1540411,0,27561,14309,47336
1540461,0,27561,14309,47336
1540511,0,27561,14449,47336
1540561,0,26619,14449,47336
1540611,0,26619,14449,47336
1540661,0,26619,14449,47336
1540797,0,26619,14449,47318
1540847,0,26619,14449,47318
1540897,0,26619,14581,47318
1540947,0,27082,14581,47318
1540997,0,27082,14581,47318
1541047,0,27082,14581,47318
1541097,0,27082,14581,47287
1541147,0,27561,14581,47287
1541197,0,27561,14581,47287
1541247,0,27561,14581,47287
1541339,0,28071,14751,47287
1541389,0,28071,14751,47287
1541439,0,28071,14751,47287
1541489,0,28071,14751,47244
1541539,0,28071,14751,47244
1541589,0,28071,14751,47244
1541725,0,27561,14917,47244
1541775,0,27561,14917,47244
1541825,0,27561,14917,47244
1541875,0,27561,14917,47190
1541925,0,28580,14917,47190
1541975,0,28580,14917,47190
1542025,0,28580,14917,47190
1542075,0,28580,15095,47190
1542125,0,28580,15095,47190
1542175,0,28580,15095,47190
1542267,0,28580,15095,47190
1542317,0,28580,15095,47175
1542367,0,28071,15095,47175
1542417,0,28071,15095,47175
1542467,0,28071,15095,47175
1542517,0,28071,15245,47175
1542567,0,28071,15245,47175
1542617,0,28071,15245,47175
1542667,0,28071,15245,47175
1542717,0,28071,15245,47128
1542853,0,28580,15245,47128
1542903,0,28580,15315,47128
1542953,0,28071,15315,47128
1543003,0,28071,15315,47128
1543053,0,28071,15315,47128
1543103,0,28071,15315,47113
1543153,0,28580,15315,47113
1543245,0,28580,15315,47113
1543295,0,28580,15443,47113
1543345,0,28580,15443,47113
1543395,0,28580,15443,47113
1543445,0,28580,15443,47113
1543495,0,28580,15443,47084
1543545,0,29120,15443,47084
1543595,0,29120,15443,47084
1543645,0,29120,15443,47084
1543695,0,29120,15580,47084
1543745,0,29692,15580,47084
1543795,0,29692,15580,47084
1543845,0,29692,15580,47084
1543980,0,29120,15580,47062
1544030,0,29120,15580,47062
1544080,0,29120,15677,47062
1544130,0,29120,15677,47062
1544222,0,29120,15677,47062
1544272,0,29120,15677,47062
1544322,0,29120,15677,47033
1544372,0,30263,15677,47033
1544422,0,30263,15677,47033
1544472,0,30263,15677,47033
1544522,0,30263,15819,47033
1544572,0,29692,15819,47033
1544622,0,29692,15819,47033
1544672,0,29692,15819,47033
1544722,0,29692,15819,47011
1544772,0,30263,15819,47011
1544822,0,30263,15819,47011
1544872,0,30263,15819,47011
1544922,0,30263,15946,47011
1544972,0,29692,15946,47011
1545151,0,30263,15946,46974
1545201,0,30263,15946,46974
1545251,0,30263,15946,46974
1545301,0,30263,16091,46974
1545351,0,30881,16091,46974
1545401,0,30881,16091,46974
1545451,0,30881,16091,46974
1545501,0,30881,16091,46946
1545551,0,30881,16091,46946
1545601,0,30881,16091,46946
1545651,0,30881,16091,46946
1545701,0,30881,16218,46946
1545751,0,30881,16218,46946
1545801,0,30881,16218,46946
1545851,0,30881,16218,46946
1545901,0,30881,16218,46907
1545951,0,30881,16218,46907
1546043,0,30881,16218,46907
1546093,0,30881,16218,46907
1546143,0,31498,16371,46907
1546279,0,31498,16371,46907
1546329,0,31498,16371,46877
1546379,0,31498,16371,46877
1546429,0,31498,16371,46877
1546479,0,31498,16371,46877
1546529,0,32162,16476,46877
1546579,0,32162,16476,46877
1546629,0,32162,16476,46877
1546679,0,32162,16476,46877
1546729,0,32162,16476,46839
1546779,0,32162,16476,46839
1546829,0,32162,16476,46839
1546879,0,32162,16476,46839
1546971,0,31498,16617,46839
1547021,0,31498,16617,46839
1547071,0,31498,16617,46839
1547121,0,31498,16617,46817
1547171,0,31498,16617,46817
1547221,0,31498,16617,46817
1547271,0,31498,16617,46817
1547407,0,32162,16740,46817
1547457,0,32162,16740,46817
1547507,0,32162,16740,46817
1547557,0,32162,16740,46796
1547607,0,32162,16740,46796
1547657,0,32162,16740,46796
1547707,0,32162,16740,46796
1547757,0,32162,16829,46796
1547807,0,32162,16829,46796
1547857,0,32162,16829,46796
1547949,0,32162,16829,46777
1547999,0,32162,16829,46777
1548049,0,32162,16829,46777
1548099,0,32162,16829,46777
1548149,0,32842,17034,46777
1548199,0,32842,17034,46777
1548249,0,32842,17034,46777
1548299,0,32842,17034,46777
1548349,0,32162,17034,46627
1548399,0,32162,17034,46627
1548535,0,32162,17083,46627
1548585,0,32162,17083,46627
1548635,0,32162,17083,46627
1548685,0,32162,17083,46627
1548735,0,32842,17083,46694
1548785,0,32842,17083,46694
1548877,0,32842,17083,46694
1548927,0,32162,17151,46694
1548977,0,32162,17151,46694
1549027,0,32162,17151,46694
1549077,0,32162,17151,46694
1549127,0,32162,17151,46671
1549177,0,32162,17151,46671
1549227,0,32162,17151,46671
1549277,0,32162,17151,46671
1549327,0,32842,17292,46671
1549377,0,32842,17292,46671
1549427,0,32842,17292,46671
1549477,0,32842,17292,46671
1549527,0,32842,17292,46645
1549662,0,32842,17292,46645
1549712,0,32842,17292,46645
1549762,0,32842,17397,46645
1549854,0,32842,17397,46645
1549904,0,32842,17397,46645
1549954,0,32842,17397,46615
1550004,0,32842,17397,46615
1550054,0,32842,17397,46615
1550104,0,32842,17397,46615
1550154,0,32842,17550,46615
1550204,0,32842,17550,46615
1550254,0,32842,17550,46615
1550304,0,32842,17550,46615
1550354,0,33552,17550,46589
1550404,0,33552,17550,46589
1550454,0,33552,17550,46589
1550504,0,33552,17550,46589
1550554,0,34309,17675,46589
1550604,0,34309,17675,46589
1550696,0,34309,17675,46589
1550831,0,34309,17675,46567
1550881,0,34309,17675,46567
1550931,0,33552,17771,46567
1550981,0,33552,17771,46567
1551031,0,33552,17771,46567
1551081,0,33552,17771,46567
1551131,0,34309,17771,46567
1551181,0,34309,17771,46519
1551231,0,34309,17771,46519
1551281,0,34309,17771,46519
1551331,0,34309,17771,46519
1551381,0,34309,17946,46519
1551431,0,34309,17946,46519
1551481,0,34309,17946,46519
1551531,0,34309,17946,46519
1551581,0,34309,17946,46504
1551673,0,34309,17946,46504
1551723,0,34309,17946,46504
1551773,0,34309,18039,46504
1551823,0,34309,18039,46504
1551958,0,34309,18039,46471
1552008,0,34309,18039,46471
1552058,0,34309,18039,46471
1552108,0,34309,18039,46471
1552158,0,34309,18132,46471
1552208,0,34309,18132,46471
1552258,0,34309,18132,46471
1552308,0,34309,18132,46471
1552358,0,34463,18132,46465
1552408,0,34618,18132,46465
1552458,0,34772,18132,46465
1552508,0,34927,18132,46465
1552558,0,35081,9146,46465
1552650,0,35081,9146,46465
1552700,0,35081,9146,46465
1552750,0,34309,9146,49070
1552800,0,34309,9146,49070
1552850,0,34309,9146,49070
1552900,0,34309,9146,49070
1552950,0,35081,195,49070
1553086,0,35081,195,49070
1553136,0,35081,195,49070
1553186,0,35081,195,49123
1553236,0,35081,195,49123
1553286,0,35081,195,49123
1553336,0,34309,195,49123
1553386,0,34309,127,49123
1553436,0,34309,127,49123
1553486,0,34309,127,49123
1553536,0,33552,127,49123
1553628,0,33552,127,49161
1553678,0,33552,127,49161
1553728,0,33552,127,49161
1553778,0,33552,123,49161
1553828,0,33552,123,49161
1553878,0,33552,123,49161
1553928,0,33552,123,49161
1553978,0,33552,123,49190
1554028,0,33552,123,49190
1554078,0,33552,123,49190
1554214,0,32842,122,49190
1554264,0,32842,122,49190
1554314,0,32842,122,49190
1554364,0,33552,122,49214
1554414,0,33552,122,49214
1554464,0,33552,122,49214
1554514,0,33552,122,49214
1554564,0,33552,121,49214
1554656,0,33552,121,49214
1554706,0,33552,121,49214
1554756,0,33552,121,49235
1554806,0,33552,121,49235
1554856,0,33552,121,49235
1554906,0,33552,121,49235
1554956,0,34309,121,49235
1555006,0,34309,119,49235
1555056,0,34309,119,49235
1555106,0,34309,119,49235
1555156,0,34309,119,49235
1555206,0,34309,119,49254
1555342,0,32842,119,49254
1555392,0,32842,120,49254
1555442,0,32842,120,49254
1555492,0,32842,120,49254
1555542,0,32842,120,49254
1555634,0,32842,120,49271
1555684,0,32842,120,49271
1555734,0,33552,120,49271
1555784,0,33552,119,49271
1555834,0,33552,119,49271
1555884,0,33552,119,49271
1555934,0,32842,119,49271
1555984,0,32842,119,49286
1556034,0,32842,119,49286
1556084,0,32842,119,49286
1556134,0,31498,119,49286
1556269,0,31498,119,49286
1556319,0,31498,119,49286
1556369,0,32162,119,49301
1556419,0,32162,119,49301
1556469,0,32162,119,49301
1556519,0,32162,119,49301
1556569,0,32162,118,49301
1556661,0,32162,118,49301
1556711,0,32162,118,49301
1556761,0,31498,118,49301
1556811,0,31498,118,49315
1556861,0,31498,118,49315
1556911,0,31498,118,49315
1556961,0,30881,118,49315
1557011,0,30881,119,49315
1557061,0,30881,119,49315
1557111,0,30881,119,49315
1557161,0,31498,119,49315
1557211,0,31498,119,49328
1557261,0,31498,119,49328
1557397,0,30881,117,49328
1557447,0,30881,117,49328
1557497,0,30881,117,49328
1557547,0,31498,117,49328
1557597,0,31498,117,49340
1557689,0,31498,117,49340
1557739,0,31498,117,49340
1557789,0,31498,118,49340
1557839,0,31498,118,49340
1557889,0,31498,118,49340
1557939,0,30881,118,49340
1557989,0,30881,118,49351
1558039,0,30881,118,49351
1558089,0,30881,118,49351
1558139,0,31498,118,49351
1558189,0,31498,119,49351
1558239,0,31498,119,49351
1558289,0,31498,119,49351
1558339,0,30881,119,49351
1558389,0,30881,119,49363
1558524,0,31498,119,49363
1558574,0,31498,119,49363
1558666,0,31498,118,49363
1558716,0,31498,118,49363
1558766,0,30881,118,49363
1558816,0,30881,118,49373
1558866,0,30881,118,49373
1558916,0,30881,118,49373
1558966,0,30263,118,49373
1559016,0,30263,119,49373
1559066,0,30263,119,49373
1559116,0,30263,119,49373
1559166,0,30881,119,49373
1559216,0,30881,119,49384
1559266,0,30881,119,49384
1559316,0,30881,119,49384
1559366,0,29692,119,49384
1559416,0,29692,117,49384
1559466,0,29692,117,49384
1559516,0,29692,117,49384
1559694,0,30263,117,49393
1559744,0,30881,117,49393
1559794,0,30881,118,49393
1559844,0,30881,118,49393
1559894,0,30881,118,49393
1559944,0,30263,118,49393
1559994,0,30263,118,49403
1560044,0,30263,118,49403
1560094,0,30263,118,49403
1560144,0,30263,118,49403
1560194,0,30263,118,49403
1560244,0,30263,118,49403
1560294,0,30263,118,49403
1560344,0,30263,118,49403
1560394,0,30263,118,49403
1560444,0,30263,118,49412
1560494,0,30263,118,49412
1560544,0,30263,118,49412
1560636,0,30263,118,49412
1560686,0,30263,118,49412
1560821,0,29692,118,49421
1560871,0,29692,118,49421
1560921,0,29692,118,49421
1560971,0,29692,118,49421
1561021,0,29692,118,49421
1561071,0,29692,118,49421
1561121,0,29692,118,49421
1561171,0,30263,118,49421
1561221,0,30263,118,49429
1561271,0,30263,118,49429
1561321,0,30263,118,49429
1561371,0,30263,118,49429
1561421,0,30263,118,49429
1561471,0,30263,118,49429
1561521,0,30263,118,49429
1561613,0,30263,118,49437
1561663,0,30263,118,49437
1561713,0,30263,118,49437
1561763,0,30263,118,49437
1561813,0,30263,118,49437
1561948,0,29692,118,49437
1561998,0,29692,118,49437
1562048,0,29692,118,49445
1562098,0,29692,118,49445
1562148,0,29120,118,49445
1562198,0,29120,118,49445
1562248,0,29120,117,49445
1562298,0,29120,117,49445
1562348,0,29692,117,49445
1562398,0,29692,117,49445
1562448,0,29692,117,49453
1562498,0,29692,117,49453
1562548,0,29692,117,49453
1562640,0,29692,117,49453
1562690,0,29692,117,49453
1562740,0,29692,117,49453
1562790,0,29692,117,49453
1562840,0,29692,117,49460
1562890,0,29692,117,49460
1562940,0,29120,117,49460
1563077,0,29120,117,49460
1563127,0,28580,117,49460
1563177,0,28580,117,49460
1563227,0,28580,117,49467
1563277,0,28580,117,49467
1563327,0,28580,117,49467
1563377,0,28580,117,49467
1563427,0,28580,118,49467
1563477,0,28580,118,49467
1563527,0,28580,118,49467
1563577,0,28580,118,49467
1563669,0,28580,118,49474
1563719,0,28580,118,49474
1563769,0,28071,118,49474
1563819,0,28071,124,49474
1563869,0,28071,124,49474
1563919,0,28071,124,49474
1563969,0,28071,124,49474
1564019,0,28071,124,49482
1564069,0,28071,124,49482
1564205,0,28580,124,49482
1564255,0,28580,305,49482
1564305,0,28580,305,49482
1564355,0,29120,305,49482
1564405,0,29120,305,49482
1564455,0,29120,305,49488
1564505,0,29120,305,49488
1564555,0,29120,305,49488
1564647,0,29120,312,49488
1564697,0,29120,312,49488
1564747,0,28580,312,49488
1564797,0,28580,312,49488
1564847,0,28580,312,49495
1564897,0,28580,312,49495
1564947,0,28580,312,49495
1564997,0,28580,312,49495
1565047,0,28580,290,49495
1565097,0,28580,290,49495
1565147,0,28580,290,49495
1565197,0,28580,290,49495
1565333,0,27561,290,49501
1565383,0,27561,290,49501
1565433,0,27561,294,49501
1565483,0,27561,294,49501
1565533,0,28071,294,49501
1565583,0,28071,294,49501
1565675,0,28071,294,49507
1565725,0,27561,294,49507
1565775,0,27561,294,49507
1565825,0,27561,294,49507
1565875,0,27561,122,49507
1565925,0,27082,122,49507
1565975,0,27082,122,49507
1566025,0,27082,122,49507
1566075,0,27082,122,49513
1566125,0,27082,122,49513
1566175,0,27082,122,49513
1566225,0,27082,122,49513
1566275,0,27082,118,49513
1566325,0,28071,118,49513
1566460,0,28071,118,49519
1566510,0,28071,118,49519
1566560,0,27561,118,49519
1566610,0,27561,118,49519
1566702,0,27561,388,49519
1566752,0,27561,388,49519
1566802,0,27561,388,49519
1566852,0,27561,388,49514
1566902,0,27561,388,49514
1566952,0,27561,388,49514
1567002,0,27561,388,49514
1567052,0,27561,197,49514
1567102,0,27561,197,49514
1567152,0,27082,197,49514
1567202,0,27082,197,49514
1567252,0,27082,197,49519
1567302,0,27082,197,49519
1567352,0,27082,197,49519
1567402,0,27082,197,49519
1567452,0,27082,195,49519
1567587,0,26619,195,49519
1567721,0,26619,195,49525
1567771,0,26156,195,49525
1567821,0,26156,195,49525
1567871,0,26156,281,49525
1567921,0,26156,281,49525
1567971,0,27082,281,49525
1568021,0,27082,281,49525
1568071,0,27082,281,49514
1568121,0,27082,281,49514
1568171,0,27082,281,49514
1568221,0,27082,281,49514
1568271,0,27082,377,49514
1568321,0,27082,377,49514
1568371,0,27082,377,49514
1568421,0,27082,377,49514
1568471,0,27082,377,49508
1568521,0,27082,377,49508
1568571,0,26619,377,49508
1568663,0,26619,376,49508
1568969,0,25724,376,49513
1569019,0,25724,376,49513
1569069,0,25724,372,49513
1569119,0,25724,372,49513
1569169,0,26619,372,49513
1569219,0,26619,372,49513
1569269,0,26619,372,49519
1569319,0,26619,372,49519
1569369,0,26619,372,49519
1569419,0,26619,372,49519
1569469,0,26619,370,49519
1569519,0,26619,370,49519
1569569,0,26619,370,49519
1569619,0,26619,370,49519
1569669,0,26619,370,49524
1569719,0,26619,370,49524
1569769,0,26619,370,49524
1569861,0,26619,368,49524
1569911,0,26619,368,49524
1569961,0,25724,368,49524
1570138,0,25724,368,49527
1570188,0,25724,368,49527
1570238,0,25724,368,49527
1570288,0,25724,7116,49527
1570338,0,26156,7116,49527
1570388,0,26156,7116,49527
1570438,0,26156,7116,49527
1570488,0,26156,7116,47603
1570538,0,26156,7116,47603
1570588,0,26156,7116,47603
1570638,0,26156,7116,47603
1570688,0,26156,13679,47603
1570738,0,26619,13679,47603
1570788,0,26619,13679,47603
1570880,0,26619,13679,47552
1570930,0,26619,13679,47552
1571065,0,26619,13679,47552
1571115,0,26619,13845,47552
1571165,0,26156,13845,47552
1571215,0,26156,13845,47552
1571265,0,26156,13845,47552
1571315,0,26156,13845,47499
1571365,0,26619,13845,47499
1571415,0,26619,13845,47499
1571465,0,26619,13845,47499
1571515,0,26619,14023,47499
1571565,0,26156,14023,47499
1571615,0,26156,14023,47499
1571665,0,26156,14023,47499
1571715,0,26156,14023,47435
1571807,0,27082,14023,47435
1571857,0,27082,14023,47435
1571907,0,27082,14177,47435
1571957,0,27082,14177,47435
1572007,0,27082,14177,47435
1572057,0,27082,14177,47435
1572193,0,27561,14177,47405
1572243,0,27561,14177,47405
1572293,0,27561,14249,47405
1572343,0,27561,14249,47405
1572393,0,27561,14249,47405
1572443,0,27561,14249,47405
1572493,0,27561,14249,47372
1572543,0,27082,14249,47372
1572593,0,27082,14249,47372
1572643,0,27082,14249,47372
1572693,0,27082,14415,47372
1572785,0,27561,14415,47372
1572835,0,27561,14415,47372
1572885,0,27561,14415,47322
1572935,0,27561,14415,47322
1572985,0,27561,14415,47322
1573035,0,27561,14415,47322
1573085,0,27561,14569,47322
1573135,0,27561,14569,47322
1573185,0,27561,14569,47322
1573320,0,27561,14569,47299
1573370,0,28071,14569,47299
1573420,0,28071,14569,47299
1573470,0,28071,14569,47299
1573520,0,28071,14667,47299
1573570,0,28071,14667,47299
1573620,0,28071,14667,47299
1573712,0,28071,14667,47254
1573762,0,28580,14667,47254
1573812,0,28580,14667,47254
1573862,0,28580,14667,47254
1573912,0,28580,14794,47254
1573962,0,28580,14794,47254
1574012,0,28580,14794,47254
1574062,0,28580,14794,47254
1574112,0,28580,14794,47226
1574162,0,29120,14794,47226
1574212,0,29120,14794,47226
1574262,0,29120,14794,47226
1574312,0,29120,14892,47226
1574448,0,29692,14892,47226
1574498,0,29692,14892,47198
1574548,0,28580,14892,47198
1574598,0,28580,14892,47198
1574690,0,28580,15008,47198
1574740,0,28580,15008,47198
1574790,0,28580,15008,47198
1574840,0,28580,15008,47198
1574890,0,28580,15008,47174
1574940,0,28580,15008,47174
1574990,0,28580,15008,47174
1575040,0,28580,15008,47174
1575090,0,28580,15008,47174
1575140,0,28580,15158,47174
1575190,0,28580,15158,47174
1575240,0,28580,15158,47174
1575290,0,28580,15158,47174
1575340,0,28580,15158,47127
1575390,0,28580,15158,47127
1575440,0,28580,15158,47127
1575618,0,29120,15426,47127
1575668,0,29120,15426,47127
1575718,0,29120,15426,47088
1575768,0,29120,15426,47088
1575818,0,29120,15426,47088
1575868,0,29120,15426,47088
1575918,0,29120,15455,47088
1575968,0,29120,15455,47088
1576018,0,29120,15455,47088
1576068,0,29120,15455,47088
1576118,0,29120,15455,47060
1576168,0,29692,15455,47060
1576218,0,29692,15455,47060
1576268,0,29692,15455,47060
1576318,0,29692,15581,47060
1576368,0,30263,15581,47060
1576418,0,30263,15581,47060
1576510,0,30263,15581,47022
1576560,0,30263,15581,47022
1576610,0,30263,15581,47022
1576745,0,30881,15717,47022
1576795,0,30881,15717,47022
1576845,0,30881,15717,47022
1576895,0,30881,15717,47022
1576945,0,30881,15717,46993
1576995,0,30881,15717,46993
1577045,0,30881,15717,46993
1577095,0,30881,15717,46993
1577145,0,30263,15834,46993
1577195,0,30263,15834,46993
1577245,0,30263,15834,46993
1577295,0,30263,15834,46993
1577345,0,30881,15834,46948
1577437,0,30881,15834,46948
1577487,0,30881,15834,46948
1577537,0,30881,15966,46948
1577587,0,30881,15966,46948
1577637,0,30881,15966,46948
1577687,0,30881,15966,46948
1577737,0,30263,15966,46922
1577872,0,30263,15966,46922
1577922,0,30263,16310,46922
1577972,0,30881,16310,46922
1578022,0,30881,16310,46922
1578072,0,30881,16310,46922
1578122,0,30881,16310,46887
1578172,0,30881,16310,46887
1578222,0,30881,16310,46887
1578272,0,30881,16310,46887
1578322,0,30881,16197,46887
1578414,0,31498,16197,46887
1578464,0,31498,16197,46887
1578514,0,31498,16197,46887
1578564,0,31498,16197,46868
1578614,0,31498,16197,46868
1578664,0,31498,16197,46868
1578714,0,31498,16197,46868
1578764,0,32162,16288,46868
1578814,0,32162,16288,46868
1578864,0,32162,16288,46868
1579000,0,31498,16288,46841
1579050,0,31498,16288,46841
1579100,0,31498,16288,46841
1579150,0,31498,16400,46841
1579200,0,31498,16400,46841
1579250,0,31498,16400,46841
1579342,0,32162,16400,46815
1579392,0,32162,16400,46815
1579442,0,32162,16400,46815
1579492,0,32162,16400,46815
1579542,0,32162,16538,46815
1579592,0,32162,16538,46815
1579642,0,32162,16538,46815
1579692,0,32162,16538,46815
1579742,0,32162,16538,46783
1579792,0,32162,16538,46783
1579842,0,32162,16538,46783
1579892,0,32162,16538,46783
1579942,0,32842,16650,46783
1579992,0,32842,16650,46783
1580129,0,32162,16650,46708
1580179,0,32162,16650,46708
1580229,0,32162,16650,46708
1580321,0,32162,16650,46708
1580371,0,32842,16773,46708
1580421,0,32842,16773,46708
1580471,0,32842,16773,46708
1580521,0,32842,16773,46708
1580571,0,32162,16773,46737
1580621,0,32162,16773,46737
1580671,0,32162,16773,46737
1580721,0,32162,16773,46737
1580771,0,32162,16801,46737
1580821,0,32162,16801,46737
1580871,0,32162,16801,46737
1580921,0,32162,16801,46737
1580971,0,32842,16801,46704
1581021,0,32842,16801,46704
1581071,0,32842,16801,46704
1581163,0,32162,16935,46704
1581299,0,32162,16935,46704
1581349,0,32842,16935,46662
1581399,0,32842,16935,46662
1581449,0,32842,16935,46662
1581499,0,32842,16935,46662
1581549,0,32162,17077,46662
1581599,0,32162,17077,46662
1581649,0,32162,17077,46662
1581699,0,32162,17077,46662
1581749,0,32162,17077,46615
1581799,0,32162,17077,46615
1581849,0,32162,17077,46615
1581899,0,32162,17077,46615
1581949,0,32842,17232,46615
1581999,0,32842,17232,46615
1582049,0,32842,17232,46615
1582141,0,33552,17232,46591
1582191,0,33552,17232,46591
1582241,0,33552,17232,46591
1582291,0,33552,17232,46591
1582426,0,33552,17299,46591
1582476,0,33552,17299,46591
1582526,0,34309,17299,46591
1582576,0,34309,17299,46573
1582626,0,34309,17299,46573
1582676,0,34309,17299,46573
1582726,0,34309,17299,46573
1582776,0,34309,17431,46573
1582826,0,34309,17431,46573
1582876,0,34309,17431,46573
1582926,0,34309,17431,46573
1582976,0,34309,17431,46558
1583026,0,34309,17431,46558
1583118,0,34309,17431,46558
1583168,0,34309,17498,46558
1583218,0,34309,17498,46558
1583268,0,34309,17498,46558
1583318,0,34309,17498,46558
1583368,0,33552,17498,46543
1583418,0,33552,17498,46543
1583553,0,33552,17600,46543
1583603,0,33552,17600,46543
1583653,0,33552,17600,46543
1583703,0,33552,17600,46543
1583753,0,32842,17600,46486
1583803,0,32842,17600,46486
1583853,0,32842,17600,46486
1583903,0,32842,17600,46486
1583953,0,33552,17781,46486
1584045,0,33552,17781,46486
1584095,0,33552,17781,46486
1584145,0,33552,17781,46486
1584195,0,33552,17781,46463
1584245,0,33552,17781,46463
1584295,0,33552,17781,46463
1584345,0,35081,17781,46463
1584395,0,35081,17876,46463
1584445,0,35081,17876,46463
1584495,0,35081,17876,46463
1584545,0,34309,17876,46463
1584680,0,34309,17876,46432
1584730,0,35899,17876,46432
1584780,0,35899,17955,46432
1584830,0,35899,17955,46432
1584880,0,35899,17955,46432
1584930,0,35899,17955,46432
1585022,0,35899,17955,46420
1585072,0,35899,17955,46420
1585122,0,35899,17955,46420
1585172,0,34309,18022,46420
1585222,0,34309,18022,46420
1585272,0,34309,18022,46420
1585322,0,34309,18022,46420
1585372,0,34309,18022,46381
1585422,0,34309,18022,46381
1585472,0,34309,18022,46381
1585607,0,34309,18180,46381
1585657,0,34309,18180,46381
1585707,0,34309,18180,46381
1585757,0,35899,18180,46381
1585807,0,35899,18180,46384
1585857,0,35899,18180,46384
1585949,0,35899,18180,46384
1585999,0,35899,18226,46384
1586049,0,35899,18226,46384
1586099,0,35899,18226,46384
1586149,0,35899,18226,46384
1586199,0,35899,18226,46353
1586249,0,35899,18226,46353
1586299,0,35899,18226,46353
1586349,0,35081,18226,46353
1586399,0,35081,18255,46353
1586449,0,35081,18255,46353
1586499,0,35081,18255,46353
1586549,0,35081,18255,46353
1586599,0,35081,18255,46334
1586735,0,35081,18255,46334
1586785,0,35081,2188,46334
1586835,0,35081,2188,46334
1586927,0,35081,2188,46334
1586977,0,35081,2188,48980
1587027,0,35081,2188,48980
1587077,0,35081,2188,48980
1587127,0,34309,2188,48980
1587177,0,34309,146,48980
1587227,0,34309,146,48980
1587277,0,34309,146,48980
1587327,0,35081,146,48980
1587377,0,35081,146,49027
1587427,0,35081,146,49027
1587477,0,35081,146,49027
1587527,0,35081,146,49027
1587577,0,35081,126,49027
1587627,0,35081,126,49027
1587677,0,35081,126,49027
1587727,0,35081,126,49027
1587905,0,35081,126,49062
1587955,0,35081,126,49062
1588005,0,35081,122,49062
1588055,0,35081,122,49062
1588105,0,35081,122,49062
1588155,0,35081,122,49062
1588205,0,35081,122,49089
1588255,0,35081,122,49089
1588305,0,35081,122,49089
1588355,0,33552,122,49089
1588405,0,33552,121,49089
1588455,0,33552,121,49089
1588505,0,33552,121,49089
1588555,0,33552,121,49089
1588605,0,33552,121,49114
1588655,0,33552,121,49114
1588705,0,33552,121,49114
1588755,0,33552,121,49114
1588848,0,33552,121,49114
1588898,0,33552,121,49114
1589034,0,33552,121,49134
1589084,0,33552,121,49134
1589134,0,33552,121,49134
1589184,0,33552,120,49134
1589234,0,33552,120,49134
1589284,0,33552,120,49134
1589334,0,34309,120,49134
1589384,0,34309,120,49134
1589434,0,34309,120,49153
1589484,0,34309,120,49153
1589534,0,34309,120,49153
1589584,0,34309,120,49153
1589634,0,34309,119,49153
1589684,0,34309,119,49153
1589734,0,33552,119,49153
1589826,0,33552,119,49169
1589876,0,33552,119,49169
1589926,0,34309,119,49169
1589976,0,34309,119,49169
1590026,0,34309,119,49169
1590161,0,33552,119,49169
1590211,0,33552,119,49185
1590261,0,33552,119,49185
1590311,0,33552,119,49185
1590361,0,34309,119,49185
1590411,0,34309,118,49185
1590461,0,34309,118,49185
1590511,0,34309,118,49185
1590561,0,32842,118,49185
1590611,0,32842,118,49200
1590661,0,32842,118,49200
1590711,0,32842,118,49200
1590761,0,32842,118,49200
1590853,0,32842,118,49200
1590903,0,32842,118,49200
1590953,0,32162,118,49200
1591003,0,32162,118,49200
1591053,0,32162,118,49213
1591103,0,32162,118,49213
1591153,0,32842,118,49213
1591288,0,32842,118,49213
1591338,0,32162,118,49213
1591388,0,32162,118,49213
1591438,0,32162,118,49226
1591488,0,32162,118,49226
1591538,0,32162,118,49226
1591588,0,32162,118,49226
1591638,0,32162,118,49226
1591688,0,32162,118,49226
1591738,0,32162,118,49226
1591788,0,32162,118,49226
1591880,0,32162,118,49238
1591930,0,31498,118,49238
1591980,0,31498,118,49238
1592030,0,31498,118,49238
1592080,0,31498,118,49238
1592130,0,31498,118,49238
1592180,0,31498,118,49238
1592230,0,31498,118,49249
1592280,0,31498,118,49249
1592416,0,32162,118,49249
1592466,0,32162,118,49249
1592516,0,32162,118,49249
1592566,0,31498,118,49249
1592616,0,31498,118,49260
1592666,0,31498,118,49260
1592716,0,31498,118,49260
1592766,0,32842,118,49260
1592858,0,32842,118,49260
1592908,0,32842,118,49260
1592958,0,32162,118,49260
1593008,0,32162,118,49260
1593058,0,32162,118,49271
1593108,0,32162,118,49271
1593158,0,31498,118,49271
1593208,0,31498,118,49271
1593258,0,31498,118,49271
1593308,0,31498,118,49271
1593358,0,32162,118,49271
1593408,0,32162,118,49271
1593543,0,32162,118,49281
1593593,0,32162,118,49281
1593643,0,32162,117,49281
1593693,0,32162,117,49281
1593743,0,31498,117,49281
1593793,0,31498,117,49281
1593885,0,31498,117,49290
1593935,0,31498,117,49290
1593985,0,31498,117,49290
1594035,0,31498,117,49290
1594085,0,31498,117,49290
1594135,0,31498,117,49290
1594185,0,31498,117,49290
1594235,0,31498,117,49300
1594285,0,31498,117,49300
1594335,0,30881,117,49300
1594385,0,30881,117,49300
1594435,0,30881,116,49300
1594485,0,30881,116,49300
1594535,0,30881,116,49300
1594671,0,30881,116,49309
1594721,0,30881,116,49309
1594771,0,30263,116,49309
1594821,0,30263,116,49309
1594913,0,30263,118,49309
1594963,0,30263,118,49309
1595013,0,30263,118,49309
1595063,0,30263,118,49318
1595113,0,30263,118,49318
1595163,0,30263,118,49318
1595213,0,30263,118,49318
1595263,0,30263,117,49318
1595313,0,30263,117,49318
1595363,0,29692,117,49318
1595413,0,29692,117,49318
1595463,0,29692,117,49326
1595513,0,29692,117,49326
1595563,0,29692,117,49326
1595613,0,29692,117,49326
1595663,0,29692,117,49326
1595799,0,29120,117,49326
1595891,0,29120,117,49334
1595941,0,29120,117,49334
1595991,0,29120,117,49334
1596041,0,29120,117,49334
1596091,0,29120,117,49334
1596141,0,29692,117,49334
1596191,0,29692,117,49334
1596241,0,29692,117,49342
1596291,0,29692,117,49342
1596341,0,29120,117,49342
1596391,0,29120,117,49342
1596441,0,29120,117,49342
1596491,0,29120,117,49342
1596541,0,29120,117,49342
1596591,0,29120,117,49342
1596641,0,29120,117,49350
1596691,0,29120,117,49350
1596741,0,29120,117,49350
1596833,0,29120,117,49350
1596969,0,29120,117,49350
1597019,0,29120,117,49350
1597069,0,29120,117,49357
1597119,0,29120,117,49357
1597169,0,29120,117,49357
1597219,0,29120,117,49357
1597269,0,29120,117,49357
1597319,0,29120,117,49357
1597369,0,29120,117,49357
1597419,0,29120,117,49357
1597469,0,29120,117,49364
1597519,0,29120,117,49364
1597569,0,29692,117,49364
1597619,0,29692,117,49364
1597669,0,29692,117,49364
1597719,0,29692,117,49364
1597769,0,29692,117,49364
1597861,0,29692,117,49371
1597911,0,29692,117,49371
1597961,0,29120,117,49371
1598098,0,29120,118,49371
1598148,0,28580,118,49371
1598198,0,28580,118,49371
1598248,0,28580,118,49371
1598298,0,28580,118,49379
1598348,0,28580,118,49379
1598398,0,28580,118,49379
1598448,0,28580,118,49379
1598498,0,28580,117,49379
1598548,0,27561,117,49379
1598598,0,27561,117,49379
1598648,0,27561,117,49379
1598698,0,27561,117,49386
1598748,0,28071,117,49386
1598882,0,28071,117,49386
1598932,0,28071,117,49386
1598982,0,28071,117,49386
1599032,0,28071,117,49386
1599082,0,28071,117,49392
1599132,0,27082,117,49392
1599437,0,28071,116,49392
1599487,0,28071,116,49398
1599537,0,28071,116,49398
1599587,0,28071,116,49398
1599637,0,28071,116,49398
1599687,0,28071,116,49398
1599737,0,27561,116,49398
1599787,0,27561,116,49398
1599837,0,27561,116,49398
1599887,0,27561,116,49405
1599937,0,27561,116,49405
1599987,0,27561,116,49405
1600079,0,27561,117,49405
1600129,0,27561,117,49405
1600179,0,27561,117,49405
1600229,0,27561,117,49405
1600406,0,27082,117,49411
1600456,0,27082,117,49411
1600506,0,27082,118,49411
1600556,0,26619,118,49411
1600606,0,26619,118,49411
1600656,0,26619,118,49411
1600706,0,26619,118,49416
1600756,0,26156,118,49416
1600806,0,26156,118,49416
1600856,0,26156,118,49416
1600906,0,26156,117,49416
1600956,0,27082,117,49416
1601006,0,27082,117,49416
1601056,0,27082,117,49416
1601148,0,27082,117,49423
1601198,0,27082,117,49423
1601248,0,27082,117,49423
1601298,0,27082,117,49423
1601348,0,26156,117,49423
1601398,0,26156,117,49423
1601534,0,25724,117,49429
1601584,0,25724,117,49429
1601634,0,25724,117,49429
1601684,0,25724,118,49429
1601734,0,25307,118,49429
1601784,0,25307,118,49429
1601834,0,25307,118,49429
1601884,0,25307,118,49434
1601934,0,25724,118,49434
1601984,0,25724,118,49434
1602034,0,25724,118,49434
1602126,0,26156,117,49434
1602176,0,26156,117,49434
1602226,0,26156,117,49434
1602276,0,26156,117,49428
1602326,0,26619,117,49428
1602376,0,26619,117,49428
1602426,0,26619,117,49428
1602476,0,26619,200,49428
1602526,0,26156,200,49428
1602661,0,26156,200,49428
1602711,0,26156,200,49433
1602761,0,25307,200,49433
1602811,0,25307,200,49433
1602861,0,25307,200,49433
1602911,0,25307,195,49433
1602961,0,25307,195,49433
1603011,0,25307,195,49433
1603061,0,25307,195,49433
1603153,0,25307,195,49438
1603203,0,25307,195,49438
1603253,0,25307,195,49438
1603303,0,25307,201,49438
1603353,0,25307,201,49438
1603403,0,25307,201,49438
1603453,0,25307,201,49438
1603503,0,25307,201,49428
1603553,0,25307,201,49428
1603603,0,25307,201,49428
1603653,0,25307,201,49428
1603789,0,25307,343,49428
1603839,0,25307,343,49428
1603889,0,25307,343,49421
1603939,0,24890,343,49421
1603989,0,24890,343,49421
1604039,0,24890,343,49421
1604089,0,24890,378,49421
1604181,0,24504,378,49421
1604231,0,24504,378,49421
1604281,0,24504,378,49421
1604331,0,25307,378,49426
1604381,0,25307,378,49426
1604431,0,25307,378,49426
1604481,0,25307,378,49426
1604531,0,24890,373,49426
1604581,0,24890,373,49426
1604631,0,24890,373,49426
1604681,0,24890,373,49426
1604731,0,24890,373,49432
1604781,0,24890,373,49432
1604916,0,24890,368,49432
1604966,0,24118,368,49432
1605016,0,24118,368,49432
1605066,0,24118,368,49432
1605158,0,24118,368,49436
1605208,0,24118,368,49436
1605258,0,24118,368,49436
1605308,0,24118,368,49436
1605358,0,24504,368,49436
1605408,0,24504,368,49436
1605458,0,24504,368,49436
1605508,0,24504,368,49440
1605558,0,24504,368,49440
1605608,0,24504,368,49440
1605658,0,24504,368,49440
1605708,0,24504,973,49440
1605758,0,23747,973,49440
1605808,0,23747,973,49440
1605858,0,23747,973,49440
1605908,0,23747,973,47652
1606043,0,23747,973,47652
1606093,0,23747,973,47652
1606185,0,24504,12728,47652
1606235,0,24504,12728,47652
1606285,0,24504,12728,47652
1606335,0,24118,12728,47600
1606385,0,24118,12728,47600
1606435,0,24118,12728,47600
1606485,0,24118,12728,47600
1606535,0,24118,12972,47600
1606585,0,24118,12972,47600
1606635,0,24118,12972,47600
1606685,0,24118,12972,47600
1606735,0,23747,12972,47550
1606785,0,23747,12972,47550
1606835,0,23747,12972,47550
1606885,0,23747,12972,47550
1606935,0,24504,13112,47550
1607027,0,24504,13112,47550
1607077,0,24504,13112,47550
1607212,0,25307,13112,47511
1607262,0,25307,13112,47511
1607312,0,25307,13264,47511
1607362,0,25307,13264,47511
1607412,0,25307,13264,47511
1607462,0,25307,13264,47511
1607512,0,25307,13264,47460
1607562,0,24504,13264,47460
1607612,0,24504,13264,47460
1607662,0,24504,13264,47460
1607712,0,24504,13397,47460
1607762,0,24504,13397,47460
1607812,0,24504,13397,47460
1607862,0,24504,13397,47460
1607912,0,24504,13397,47435
1608004,0,25307,13397,47435
1608054,0,25307,13397,47435
1608104,0,25307,13397,47435
1608154,0,25724,13488,47435
1608204,0,25724,13488,47435
1608339,0,25724,13488,47395
1608389,0,25724,13488,47395
1608439,0,25724,13488,47395
1608489,0,25724,13488,47395
1608539,0,25724,13636,47395
1608589,0,25724,13636,47395
1608639,0,25724,13636,47395
1608689,0,25724,13636,47395
1608739,0,25724,13636,47354
1608789,0,25724,13636,47354
1608839,0,25724,13636,47354
1608931,0,25724,13798,47354
1608981,0,25724,13798,47354
1609031,0,25724,13798,47354
1609081,0,25724,13798,47354
1609131,0,26156,13798,47320
1609181,0,26156,13798,47320
1609231,0,26156,13798,47320
1609281,0,26156,13798,47320
1609331,0,26619,13903,47320
1609466,0,26619,13903,47320
1609516,0,26619,13903,47320
1609566,0,26156,13903,47286
1609616,0,26156,13903,47286
1609666,0,26156,13903,47286
1609716,0,26156,13903,47286
1609766,0,27082,14053,47286
1609816,0,27082,14053,47286
1609908,0,27082,14053,47286
1609958,0,26619,14053,47252
1610008,0,26619,14053,47252
1610058,0,26619,14053,47252
1610108,0,26619,14053,47252
1610158,0,26619,14181,47252
1610208,0,26619,14181,47252
1610258,0,26619,14181,47252
1610308,0,26619,14181,47252
1610358,0,26619,14181,47214
1610408,0,26619,14181,47214
1610458,0,26619,14181,47214
1610594,0,26619,14266,47214
1610644,0,26619,14266,47214
1610694,0,26619,14266,47214
1610744,0,27082,14266,47185
1610836,0,27082,14266,47185
1610886,0,27082,14266,47185
1610936,0,27561,14266,47185
1610986,0,27561,14402,47185
1611036,0,27561,14402,47185
1611086,0,27561,14402,47185
1611136,0,28071,14402,47185
1611186,0,28071,14402,47156
1611236,0,28071,14402,47156
1611286,0,28071,14402,47156
1611336,0,28071,14402,47156
1611386,0,28071,14542,47156
1611436,0,28071,14542,47156
1611486,0,28071,14542,47156
1611536,0,27082,14542,47156
1611586,0,27082,14542,47127
1611721,0,27082,14542,47127
1611813,0,27561,14662,47127
1611863,0,27561,14662,47127
1611913,0,27561,14662,47127
1611963,0,27561,14662,47108
1612013,0,27561,14662,47108
1612063,0,27561,14662,47108
1612113,0,27561,14662,47108
1612163,0,27561,14780,47108
1612213,0,27561,14780,47108
1612263,0,27561,14780,47108
1612313,0,27561,14780,47108
1612363,0,27561,14780,47057
1612413,0,27561,14780,47057
1612463,0,27561,14780,47057
1612513,0,27561,14780,47057
1612563,0,29120,14878,47057
1612613,0,29120,14878,47057
1612705,0,29120,14878,47057
1612755,0,29120,14878,47029
1612891,0,29120,14878,47029
1612941,0,28580,14878,47029
1612991,0,28580,14992,47029
1613041,0,28580,14992,47029
1613091,0,28580,14992,47029
1613141,0,29120,14992,47029
1613191,0,29120,14992,47002
1613241,0,29120,14992,47002
1613291,0,29120,14992,47002
1613341,0,29692,14992,47002
1613391,0,29692,15115,47002
1613441,0,29692,15115,47002
1613491,0,29692,15115,47002
1613541,0,29120,15115,47002
1613633,0,29120,15115,46983
1613683,0,29120,15115,46983
1613733,0,28580,15115,46983
1613783,0,28580,15229,46983
1613833,0,28580,15229,46983
1613883,0,28580,15229,46983
1614018,0,28580,15229,46953
1614068,0,28580,15229,46953
1614118,0,28580,15229,46953
1614168,0,28580,15324,46953
1614218,0,28580,15324,46953
1614268,0,28580,15324,46953
1614318,0,28580,15324,46953
1614368,0,29692,15324,46916
1614418,0,29692,15324,46916
1614468,0,29692,15324,46916
1614518,0,29692,15324,46916
1614610,0,29120,15453,46916
1614660,0,29120,15453,46916
1614710,0,29120,15453,46916
1614760,0,29120,15453,46898
1614810,0,29120,15453,46898
1614947,0,29692,15453,46898
1614997,0,29692,15585,46898
1615047,0,29692,15585,46898
1615097,0,29692,15585,46898
1615147,0,29692,15585,46898
1615197,0,29692,15585,46863
1615247,0,29692,15585,46863
1615297,0,29692,15585,46863
1615347,0,29692,15585,46863
1615397,0,29692,15705,46863
1615447,0,29692,15705,46863
1615539,0,30881,15705,46863
1615589,0,30881,15705,46821
1615639,0,30881,15705,46821
1615689,0,30881,15705,46821
1615739,0,30263,15705,46821
1615789,0,30263,15866,46821
1615839,0,30263,15866,46821
1615889,0,30263,15866,46821
1615939,0,30263,15866,46821
1616074,0,30263,15866,46792
1616124,0,30881,15866,46792
1616174,0,30881,15966,46792
1616224,0,30881,15966,46792
1616274,0,30881,15966,46792
1616324,0,30881,15966,46792
1616374,0,30881,15966,46767
1616424,0,30881,15966,46767
1616516,0,30881,15966,46767
1616566,0,30881,16065,46767
1616616,0,30881,16065,46767
1616666,0,30881,16065,46767
1616716,0,30881,16065,46767
1616766,0,31498,16065,46767
1616816,0,31498,16065,46723
1616866,0,31498,16065,46723
1616916,0,31498,16065,46723
1616966,0,31498,16065,46723
1617016,0,31498,16251,46723
1617066,0,31498,16251,46723
1617202,0,31498,16251,46692
1617252,0,31498,16251,46692
1617302,0,31498,16251,46692
1617352,0,30881,16251,46692
1617444,0,30881,16321,46692
1617494,0,30881,16321,46692
1617544,0,31498,16321,46692
1617594,0,31498,16321,46687
1617644,0,31498,16321,46687
1617694,0,31498,16321,46687
1617744,0,31498,16321,46687
1617794,0,31498,16424,46687
1617844,0,31498,16424,46687
1617894,0,31498,16424,46687
1617944,0,32162,16424,46687
1617994,0,32162,16424,46659
1618044,0,32162,16424,46659
1618094,0,32162,16424,46659
1618144,0,31498,16424,46659
1618194,0,31498,16501,46659
1618330,0,32162,16501,46659
1618422,0,32162,16501,46634
1618472,0,32162,16501,46634
1618522,0,32162,16501,46634
1618572,0,32162,16501,46634
1618622,0,32162,16616,46634
1618672,0,32162,16616,46634
1618722,0,32162,16616,46634
1618772,0,32162,16616,46634
1618822,0,32162,16616,46599
1618872,0,32162,16616,46599
1618922,0,32162,16616,46599
1618972,0,32842,16616,46599
1619022,0,32842,16778,46599
1619072,0,32842,16778,46599
1619122,0,32842,16778,46599
1619172,0,32162,16778,46599
1619264,0,32162,16778,46564
1619314,0,32162,16778,46564
1619364,0,32842,16778,46564
1619500,0,32842,16902,46564
1619550,0,32842,16902,46564
1619600,0,32842,16902,46539
1619650,0,32842,16902,46539
1619700,0,32842,16902,46539
1619750,0,32162,16902,46539
1619800,0,32162,17026,46539
1619850,0,32162,17026,46539
1619900,0,32162,17026,46539
1619950,0,32162,17026,46539
1620000,0,32162,17026,46513
1620050,0,32162,17026,46513
1620100,0,32162,17026,46513
1620150,0,31498,17026,46513
1620242,0,31498,17157,46513
1620292,0,31498,17157,46513
1620342,0,32162,17157,46513
1620392,0,32162,17157,46513
1620442,0,32162,17157,46472
1620492,0,32162,17157,46472
1620628,0,32842,17254,46472
1620678,0,32842,17254,46472
1620728,0,32842,17254,46472
1620778,0,32842,17254,46472
1620828,0,32842,17254,46446
1620878,0,32842,17254,46446
1620928,0,32842,17254,46446
1620978,0,32842,17254,46446
1621028,0,32842,17447,46446
1621078,0,32842,17447,46446
1621170,0,32842,17447,46446
1621220,0,32842,17447,46356
1621270,0,32842,17447,46356
1621320,0,32842,17447,46356
1621370,0,34309,17447,46356
1621420,0,34309,17674,46356
1621470,0,34309,17674,46356
1621520,0,34309,17674,46356
1621570,0,34309,17674,46356
1621620,0,34309,17674,46370
1621755,0,34309,17674,46370
1621805,0,34309,17756,46370
1621855,0,34309,17756,46370
1621905,0,34309,17756,46370
1621955,0,34309,17756,46370
1622005,0,34309,17756,46350
1622055,0,34309,17756,46350
1622147,0,34309,17756,46350
1622197,0,34309,17756,46350
1622247,0,34309,17916,46350
1622297,0,34309,17916,46350
1622347,0,33552,17916,46350
1622397,0,33552,17916,46350
1622447,0,33552,17916,46309
1622497,0,33552,17916,46309
1622547,0,33552,17916,46309
1622597,0,33552,17916,46309
1622647,0,33552,18058,46309
1622697,0,33552,18058,46309
1622747,0,33552,18058,46309
1622882,0,33552,18058,46282
1622932,0,34309,18058,46282
1622982,0,34309,18058,46282
1623074,0,34309,18186,46282
1623124,0,34309,18186,46282
1623174,0,34309,18186,46282
1623224,0,34309,18186,46259
1623274,0,34309,18186,46259
1623324,0,35081,18186,46259
1623374,0,35081,18186,46259
1623424,0,35081,18338,46259
1623474,0,35081,18338,46259
1623524,0,35899,18338,46259
1623574,0,35899,18338,46259
1623624,0,35899,18338,46225
1623674,0,35899,18338,46225
1623724,0,35899,18338,46225
1623774,0,35899,18338,46225
1623824,0,35899,18453,46225
1623874,0,35899,18453,46225
1624052,0,35081,18453,46180
1624102,0,35081,18453,46180
1624152,0,35081,18453,46180
1624202,0,35081,18453,46180
1624252,0,35081,2254,46180
1624302,0,35081,2254,46180
1624352,0,34309,2254,46180
1624402,0,34309,2254,46180
1624452,0,34309,2254,48864
1624502,0,34309,2254,48864
1624552,0,35081,2254,48864
1624602,0,35081,2254,48864
1624652,0,35081,145,48864
1624702,0,35081,145,48864
1624752,0,35899,145,48864
1624802,0,35899,145,48864
1624852,0,35899,145,48911
1624944,0,35899,145,48911
1624994,0,35899,145,48911
1625044,0,35899,126,48911
1625180,0,35081,126,48911
1625230,0,35081,126,48911
1625280,0,35081,126,48946
1625330,0,35081,126,48946
1625380,0,35081,126,48946
1625430,0,35081,126,48946
1625480,0,35081,123,48946
1625530,0,35081,123,48946
1625580,0,35081,123,48946
1625630,0,35081,123,48946
1625680,0,35081,123,48974
1625730,0,34309,123,48974
1625780,0,34309,123,48974
1625830,0,34309,123,48974
1625922,0,34309,121,48974
1625972,0,34309,121,48974
1626022,0,34309,121,48974
1626072,0,34309,121,48998
1626122,0,34309,121,48998
1626172,0,34309,121,48998
1626308,0,34309,121,48998
1626358,0,35081,121,48998
1626408,0,35081,121,48998
1626458,0,35081,121,49018
1626508,0,35081,121,49018
1626558,0,35081,121,49018
1626608,0,35081,121,49018
1626658,0,35081,120,49018
1626708,0,35081,120,49018
1626758,0,34309,120,49018
1626808,0,34309,120,49018
1626858,0,34309,120,49037
1626950,0,35081,120,49037
1627000,0,35081,120,49037
1627050,0,35081,120,49037
1627100,0,35081,120,49037
1627150,0,33552,120,49037
1627200,0,33552,120,49037
1627250,0,33552,120,49054
1627300,0,33552,120,49054
1627436,0,32842,120,49054
1627486,0,32842,119,49054
1627536,0,33552,119,49054
1627586,0,33552,119,49054
1627636,0,33552,119,49054
1627686,0,33552,119,49070
1627736,0,32842,119,49070
1627786,0,32842,119,49070
1627836,0,32842,119,49070
1627886,0,32842,119,49070
1627978,0,32842,119,49070
1628028,0,32842,119,49070
1628078,0,32842,119,49084
1628128,0,33552,119,49084
1628178,0,33552,119,49084
1628228,0,33552,119,49084
1628278,0,33552,119,49084
1628328,0,33552,119,49084
1628378,0,33552,119,49084
1628428,0,33552,119,49084
1628564,0,32842,119,49098
1628614,0,32842,119,49098
1628664,0,32842,118,49098
1628714,0,32842,118,49098
1628764,0,33552,118,49098
1628814,0,33552,118,49098
1628864,0,33552,118,49110
1628956,0,32842,118,49110
1629006,0,32842,118,49110
1629056,0,32842,119,49110
1629106,0,32842,119,49110
1629156,0,32842,119,49110
1629206,0,32842,119,49110
1629256,0,32842,119,49124
1629306,0,32842,119,49124
1629356,0,32842,119,49124
1629491,0,32842,118,49124
1629541,0,32842,118,49124
1629591,0,32842,118,49124
1629641,0,32842,118,49124
1629691,0,32842,118,49135
1629741,0,32842,118,49135
1629791,0,32842,118,49135
1629841,0,32842,118,49135
1629891,0,32842,119,49135
1630025,0,32162,119,49135
1630075,0,32162,119,49146
1630125,0,32162,119,49146
1630175,0,32162,119,49146
1630225,0,32162,119,49146
1630275,0,32162,118,49146
1630325,0,32162,118,49146
1630375,0,32162,118,49146
1630425,0,32162,118,49146
1630475,0,32162,118,49157
1630525,0,31498,118,49157
1630830,0,31498,118,49157
1630880,0,31498,118,49167
1630930,0,31498,118,49167
1630980,0,31498,118,49167
1631030,0,31498,118,49167
1631080,0,31498,117,49167
1631130,0,31498,117,49167
1631222,0,31498,117,49167
1631272,0,31498,117,49167
1631322,0,31498,117,49178
1631372,0,30881,117,49178
1631422,0,30881,117,49178
1631472,0,30881,117,49178
1631522,0,30881,117,49178
1631572,0,30263,117,49178
1631622,0,30263,117,49178
1631672,0,30263,117,49178
1631722,0,30263,117,49187
1631772,0,30881,117,49187
1631822,0,30881,117,49187
1632000,0,29692,118,49187
1632050,0,29692,118,49187
1632100,0,29692,118,49196
1632150,0,30263,118,49196
1632242,0,30263,118,49196
1632292,0,30263,118,49196
1632342,0,30263,118,49196
1632392,0,30263,118,49196
1632442,0,30263,118,49196
1632492,0,30263,118,49206
1632542,0,29692,118,49206
1632592,0,29692,118,49206
1632642,0,29692,118,49206
1632692,0,29692,118,49206
1632742,0,29120,118,49206
1632792,0,29120,118,49206
1632842,0,29120,118,49206
1632892,0,29120,118,49214
1632942,0,29692,118,49214
1632992,0,29692,118,49214
1633128,0,29692,118,49214
1633178,0,29692,118,49214
1633270,0,29692,118,49214
1633320,0,29692,118,49222
1633370,0,28580,118,49222
1633420,0,28580,118,49222
1633470,0,28580,118,49222
1633520,0,28580,118,49222
1633570,0,28071,118,49222
1633620,0,28071,118,49222
1633670,0,28071,118,49222
1633720,0,28071,118,49231
1633770,0,28071,118,49231
1633820,0,28071,118,49231
1633870,0,28071,118,49231
1633920,0,28071,117,49231
1633970,0,28580,117,49231
1634020,0,28580,117,49231
1634070,0,28580,117,49231
1634120,0,28580,117,49238
1634298,0,27561,117,49238
1634348,0,27561,117,49238
1634398,0,27561,117,49238
1634448,0,27561,117,49238
1634498,0,27561,117,49246
1634548,0,28580,117,49246
1634598,0,28580,117,49246
1634648,0,28580,117,49246
1634698,0,28580,116,49246
1634748,0,28071,116,49246
1634798,0,28071,116,49246
1634848,0,28071,116,49246
1634898,0,28071,116,49254
1634948,0,28071,116,49254
1634998,0,28071,116,49254
1635048,0,28071,116,49254
1635098,0,28071,117,49254
1635190,0,27561,117,49254
1635240,0,27561,117,49254
1635290,0,27561,117,49254
1635425,0,28071,117,49260
1635475,0,28071,117,49260
1635525,0,27082,117,49260
1635575,0,27082,117,49260
1635625,0,27082,117,49260
1635675,0,27082,117,49260
1635725,0,26619,117,49268
1635775,0,26619,117,49268
1635825,0,26619,117,49268
1635875,0,26619,117,49268
1635925,0,27082,117,49268
1635975,0,27082,117,49268
1636025,0,27082,117,49268
1636075,0,27082,117,49268
1636125,0,26619,117,49274
1636218,0,26619,117,49274
1636268,0,26619,117,49274
1636318,0,26619,117,49274
1636368,0,27561,117,49274
1636418,0,27561,117,49274
1636554,0,26619,117,49280
1636604,0,26619,117,49280
1636654,0,26619,117,49280
1636704,0,26619,118,49280
1636754,0,26619,118,49280
1636804,0,26619,118,49280
1636854,0,26619,118,49280
1636904,0,26619,118,49287
1636954,0,26156,118,49287
1637004,0,26156,118,49287
1637054,0,26156,118,49287
1637104,0,26156,118,49287
1637154,0,26156,118,49287
1637246,0,26156,118,49287
1637296,0,26156,118,49287
1637346,0,26156,118,49293
1637396,0,26156,118,49293
1637446,0,26156,118,49293
1637496,0,26156,118,49293
1637546,0,25307,118,49293
1637681,0,25307,118,49293
1637731,0,26156,118,49288
1637781,0,26156,118,49288
1637831,0,26156,118,49288
1637881,0,26156,118,49288
1637931,0,26156,203,49288
1637981,0,26156,203,49288
1638031,0,26156,203,49288
1638081,0,26156,203,49288
1638131,0,26156,203,49295
1638223,0,26156,203,49295
1638273,0,26156,203,49295
1638323,0,25307,195,49295
1638373,0,25307,195,49295
1638423,0,25307,195,49295
1638473,0,25307,195,49295
1638523,0,24890,195,49299
1638573,0,24890,195,49299
1638623,0,24890,195,49299
1638673,0,24890,195,49299
1638808,0,25307,195,49299
1638858,0,25307,195,49299
1638908,0,25307,195,49299
1638958,0,25307,195,49290
1639008,0,25307,195,49290
1639058,0,25307,195,49290
1639108,0,25307,195,49290
1639158,0,25307,336,49290
1639250,0,25307,336,49290
1639300,0,25307,336,49290
1639350,0,24504,336,49286
1639400,0,24504,336,49286
1639450,0,24504,336,49286
1639500,0,24504,336,49286
1639550,0,24118,374,49286
1639600,0,24118,374,49286
1639650,0,24118,374,49286
1639700,0,24118,374,49286
1639750,0,24890,374,49291
1639800,0,24890,374,49291
1639935,0,24890,373,49291
1639985,0,24890,373,49291
1640035,0,24890,373,49291
1640085,0,24890,373,49291
1640135,0,24504,373,49296
1640185,0,24504,373,49296
1640277,0,24504,373,49296
1640327,0,24118,373,49296
1640377,0,24118,368,49296
1640427,0,24118,368,49296
1640477,0,24118,368,49296
1640527,0,24118,368,49296
1640577,0,24118,368,49301
1640627,0,24118,368,49301
1640677,0,24118,368,49301
1640727,0,24118,368,49301
1640777,0,24118,368,49301
1640827,0,24118,368,49301
1640877,0,24118,368,49301
1640927,0,24504,368,49301
1641063,0,24504,368,49306
1641113,0,24504,368,49306
1641163,0,23392,391,49306
1641255,0,23392,391,49306
1641305,0,23392,391,49306
1641355,0,23747,391,47475
1641405,0,23747,391,47475
1641455,0,23747,391,47475
1641505,0,23747,391,47475
1641555,0,24118,12764,47475
1641605,0,24118,12764,47475
1641655,0,24118,12764,47475
1641705,0,24118,12764,47475
1641755,0,24504,12764,47470
1641805,0,24504,12764,47470
1641855,0,24504,12764,47470
1641905,0,24504,12764,47470
1641955,0,24890,13114,47470
1642005,0,24890,13114,47470
1642055,0,24890,13114,47470
1642233,0,24504,13114,47411
1642283,0,24504,13114,47411
1642333,0,24504,13114,47411
1642383,0,24504,13281,47411
1642433,0,24504,13281,47411
1642483,0,24504,13281,47411
1642533,0,24890,13281,47411
1642583,0,24890,13281,47366
1642633,0,24890,13281,47366
1642683,0,24890,13281,47366
1642733,0,25724,13281,47366
1642783,0,25724,13418,47366
1642833,0,25724,13418,47366
1642883,0,25724,13418,47366
1642933,0,25724,13418,47366
1642983,0,25724,13418,47319
1643033,0,25724,13418,47319
1643125,0,24890,13418,47319
1643175,0,24890,13593,47319
1643225,0,24890,13593,47319
1643361,0,24890,13593,47280
1643411,0,24890,13593,47280
1643461,0,24890,13593,47280
1643511,0,24890,13593,47280
1643561,0,25307,13675,47280
1643611,0,25307,13675,47280
1643661,0,25307,13675,47280
1643711,0,25307,13675,47280
1643761,0,26156,13675,47248
1643811,0,26156,13675,47248
1643861,0,26156,13675,47248
1643911,0,26156,13675,47248
1643961,0,26156,13837,47248
1644053,0,26156,13837,47248
1644103,0,26156,13837,47248
1644153,0,26619,13837,47248
1644289,0,26619,13837,47207
1644339,0,26619,13837,47207
1644389,0,26619,14018,47207
1644439,0,26619,14018,47207
1644489,0,26619,14018,47207
1644539,0,26156,14018,47207
1644589,0,26156,14018,47159
1644639,0,26156,14018,47159
1644689,0,26156,14018,47159
1644739,0,25724,14018,47159
1644789,0,25724,14197,47159
1644839,0,25724,14197,47159
1644889,0,25724,14197,47159
1644939,0,26619,14197,47159
1645031,0,26619,14197,47122
1645081,0,26619,14197,47122
1645131,0,27082,14197,47122
1645181,0,27082,14333,47122
1645231,0,27082,14333,47122
1645281,0,27082,14333,47122
1645416,0,27561,14333,47088
1645466,0,27561,14333,47088
1645516,0,27561,14333,47088
1645566,0,27561,14333,47088
1645616,0,27561,14463,47088
1645666,0,27561,14463,47088
1645716,0,27561,14463,47088
1645766,0,28071,14463,47088
1645816,0,28071,14463,47048
1645866,0,28071,14463,47048
1645958,0,27082,14463,47048
1646008,0,27082,14642,47048
1646058,0,27082,14642,47048
1646108,0,27082,14642,47048
1646158,0,27561,14642,47048
1646208,0,27561,14642,47008
1646258,0,27561,14642,47008
1646308,0,27561,14642,47008
1646358,0,27561,14642,47008
1646408,0,27561,14808,47008
1646543,0,28071,14808,47008
1646593,0,28071,14808,46967
1646643,0,28071,14808,46967
1646693,0,28071,14808,46967
1646743,0,27561,14808,46967
1646793,0,27561,14953,46967
1646843,0,27561,14953,46967
1646935,0,28071,14953,46967
1646985,0,28071,14953,46934
1647035,0,28071,14953,46934
1647085,0,28071,14953,46934
1647135,0,28580,14953,46934
1647185,0,28580,15066,46934
1647235,0,28580,15066,46934
1647285,0,28580,15066,46934
1647335,0,28580,15066,46934
1647385,0,28580,15066,46908
1647435,0,28580,15066,46908
1647485,0,28580,15066,46908
1647535,0,28580,15066,46908
1647671,0,28580,15203,46908
1647721,0,28580,15203,46908
1647771,0,29120,15203,46908
1647863,0,29120,15203,46880
1647913,0,29120,15203,46880
1647963,0,29120,15203,46880
1648013,0,29120,15320,46880
1648063,0,29120,15320,46880
1648113,0,29120,15320,46880
1648163,0,29692,15320,46880
1648213,0,29692,15320,46850
1648263,0,29692,15320,46850
1648313,0,29692,15320,46850
1648363,0,28580,15320,46850
1648413,0,28580,15451,46850
1648463,0,28580,15451,46850
1648513,0,28580,15451,46850
1648563,0,28580,15451,46850
1648613,0,28580,15451,46823
1648663,0,28580,15451,46823
1648841,0,29120,15606,46823
1648891,0,29120,15606,46823
1648941,0,28580,15606,46823
1648991,0,28580,15606,46783
1649041,0,28580,15606,46783
1649091,0,28580,15606,46783
1649141,0,29120,15606,46783
1649191,0,29120,15749,46783
1649241,0,29120,15749,46783
1649291,0,29120,15749,46783
1649341,0,29692,15749,46783
1649391,0,29692,15749,46751
1649441,0,29692,15749,46751
1649491,0,29692,15749,46751
1649541,0,29692,15749,46751
1649591,0,29692,15823,46751
1649685,0,29692,15823,46751
1649735,0,29692,15823,46751
1649785,0,29692,15823,46751
1649835,0,29692,15823,46717
1649970,0,29692,15823,46717
1650020,0,29692,15969,46717
1650070,0,29692,15969,46717
1650120,0,29692,15969,46717
1650170,0,29692,15969,46717
1650220,0,29692,15969,46682
1650270,0,29692,15969,46682
1650320,0,29692,15969,46682
1650370,0,29692,15969,46682
1650420,0,29692,16107,46682
1650470,0,29692,16107,46682
1650520,0,29692,16107,46682
1650570,0,30263,16107,46682
1650662,0,30263,16107,46663
1650712,0,30263,16107,46663
1650762,0,30263,16107,46663
1650812,0,30263,16188,46663
1650862,0,30263,16188,46663
1650912,0,30263,16188,46663
1650962,0,30263,16188,46663
1651098,0,30263,16188,46633
1651148,0,30263,16188,46633
1651198,0,30263,16188,46633
1651248,0,30263,16263,46633
1651298,0,30263,16263,46633
1651348,0,30263,16263,46633
1651398,0,30263,16263,46633
1651448,0,30263,16263,46616
1651498,0,30263,16263,46616
1651591,0,30881,16263,46616
1651641,0,30881,16367,46616
1651691,0,30881,16367,46616
1651741,0,30881,16367,46616
1651791,0,30881,16367,46616
1651841,0,30881,16367,46592
1651891,0,30881,16367,46592
1651941,0,30263,16367,46592
1651991,0,30263,16367,46592
1652041,0,30263,16460,46592
1652091,0,30263,16460,46592
1652227,0,31498,16460,46559
1652277,0,31498,16460,46559
1652327,0,30881,16460,46559
1652377,0,30881,16460,46559
1652427,0,30881,16582,46559
1652477,0,30881,16582,46559
1652569,0,30881,16582,46559
1652619,0,30881,16582,46540
1652669,0,30881,16582,46540
1652719,0,30881,16582,46540
1652769,0,31498,16582,46540
1652819,0,31498,16655,46540
1652869,0,31498,16655,46540
1652919,0,31498,16655,46540
1652969,0,30881,16655,46540
1653019,0,30881,16655,46515
1653069,0,30881,16655,46515
1653119,0,30881,16655,46515
1653169,0,31498,16655,46515
1653219,0,31498,16778,46515
1653354,0,31498,16778,46515
1653404,0,31498,16778,46515
1653496,0,31498,16778,46481
1653546,0,31498,16778,46481
1653596,0,31498,16778,46481
1653646,0,31498,16863,46481
1653696,0,31498,16863,46481
1653746,0,31498,16863,46481
1653796,0,31498,16863,46481
1653846,0,31498,16863,46436
1653896,0,31498,16863,46436
1653946,0,32162,16863,46436
1653996,0,32162,16863,46436
1654046,0,32162,16992,46436
1654096,0,32162,16992,46436
1654146,0,31498,16992,46436
1654196,0,31498,16992,46436
1654246,0,31498,16992,46410
1654296,0,31498,16992,46410
1654388,0,31498,16992,46410
1654524,0,32162,17097,46410
1654574,0,32162,17097,46410
1654624,0,32162,17097,46387
1654674,0,32162,17097,46387
1654724,0,32842,17097,46387
1654774,0,32842,17097,46387
1654824,0,32842,17209,46387
1654874,0,32842,17209,46387
1654924,0,32842,17209,46387
1654974,0,32842,17209,46387
1655024,0,32842,17209,46387
1655074,0,32842,17209,46369
1655124,0,32842,17209,46369
1655174,0,32842,17209,46369
1655224,0,32842,17209,46369
1655316,0,32842,17274,46369
1655366,0,33552,17274,46369
1655416,0,33552,17274,46369
1655466,0,33552,17274,46370
1655516,0,33552,17274,46370
1655651,0,33552,17343,46370
1655701,0,33552,17343,46370
1655751,0,32842,17343,46370
1655801,0,32842,17343,46370
1655851,0,32842,17343,46335
1655901,0,32842,17343,46335
1655951,0,32842,17343,46335
1656001,0,32842,17343,46335
1656051,0,32842,17398,46335
1656101,0,32842,17398,46335
1656151,0,33552,17398,46335
1656201,0,33552,17398,46335
1656293,0,33552,17398,46307
1656343,0,32162,17398,46307
1656393,0,32162,17398,46307
1656443,0,32162,17507,46307
1656493,0,32162,17507,46307
1656543,0,33552,17507,46307
1656593,0,33552,17507,46307
1656643,0,33552,17507,46282
1656779,0,33552,17507,46282
1656829,0,33552,17507,46282
1656879,0,33552,17613,46282
1656929,0,33552,17613,46282
1656979,0,33552,17613,46282
1657029,0,33552,17613,46282
1657079,0,33552,17613,46252
1657129,0,32842,17613,46252
1657221,0,32842,17613,46252
1657271,0,32842,17685,46252
1657321,0,32842,17685,46252
1657371,0,33552,17685,46252
1657421,0,33552,17685,46252
1657471,0,33552,17685,46247
1657521,0,33552,17685,46247
1657571,0,34309,17685,46247
1657621,0,34309,17685,46247
1657671,0,34309,17700,46247
1657721,0,34309,17700,46247
1657771,0,34309,17700,46247
1657907,0,34309,17700,46226
1657957,0,34309,17700,46226
1658007,0,34309,17700,46226
1658057,0,34309,17800,46226
1658107,0,34309,17800,46226
1658199,0,34309,17800,46226
1658249,0,34309,17800,46226
1658299,0,34309,17800,46185
1658349,0,35081,17800,46185
1658399,0,35081,17800,46185
1658449,0,35081,17800,46185
1658499,0,35081,17908,46185
1658549,0,33552,17908,46185
1658599,0,33552,17908,46185
1658649,0,33552,17908,46185
1658699,0,33552,17908,46179
1658835,0,33552,17908,46179
1658885,0,33552,18016,46179
1658935,0,33552,18016,46179
1658985,0,33552,18016,46179
1659035,0,33552,18016,46179
1659127,0,33552,18016,46181
1659177,0,33552,18016,46181
1659227,0,33552,18016,46181
1659277,0,33552,1917,46181
1659327,0,34309,1917,46181
1659377,0,34309,1917,46181
1659427,0,34309,1917,46181
1659477,0,34309,1917,48743
1659527,0,34309,1917,48743
1659577,0,34309,1917,48743
1659627,0,34309,1917,48743
1659677,0,34309,144,48743
1659727,0,34309,144,48743
1659777,0,34309,144,48743
1659827,0,34309,144,48743
1659962,0,34309,144,48791
1660012,0,34309,144,48791
1660062,0,34309,125,48791
1660154,0,34309,125,48791
1660204,0,34309,125,48791
1660254,0,34309,125,48791
1660304,0,34309,125,48826
1660354,0,34309,125,48826
1660404,0,34309,125,48826
1660454,0,34309,125,48826
1660504,0,34309,122,48826
1660554,0,32842,122,48826
1660604,0,32842,122,48826
1660654,0,32842,122,48826
1660704,0,32842,122,48855
1660754,0,32842,122,48855
1660804,0,32842,122,48855
1660854,0,32842,122,48855
1660904,0,32842,121,48855
1660954,0,32162,121,48855
1661344,0,32162,120,48878
1661394,0,32162,120,48878
1661444,0,32162,120,48878
1661494,0,32162,120,48899
1661544,0,32162,120,48899
1661594,0,32162,120,48899
1661644,0,32162,120,48899
1661694,0,32162,120,48899
1661744,0,32162,120,48899
1661794,0,32162,120,48899
1661844,0,32162,120,48899
1661894,0,32162,120,48918
1661944,0,32162,120,48918
1661994,0,32162,120,48918
1662044,0,32162,120,48918
1662094,0,32162,120,48918
1662144,0,31498,120,48918
1662194,0,31498,120,48918
1662286,0,31498,120,48935
1662336,0,32162,120,48935
1662513,0,32162,118,48935
1662563,0,32162,118,48935
1662613,0,32162,118,48935
1662663,0,32162,118,48935
1662713,0,32162,118,48951
1662763,0,31498,118,48951
1662813,0,31498,118,48951
1662863,0,31498,118,48951
1662913,0,31498,120,48951
1662963,0,32162,120,48951
1663013,0,32162,120,48951
1663063,0,32162,120,48951
1663113,0,32162,120,48966
1663163,0,31498,120,48966
1663213,0,31498,120,48966
1663263,0,31498,120,48966
1663355,0,31498,120,48966
1663405,0,31498,120,48966
1663455,0,31498,120,48966
1663505,0,31498,120,48980
1663640,0,30881,120,48980
1663690,0,30881,118,48980
1663740,0,31498,118,48980
1663790,0,31498,118,48980
1663840,0,31498,118,48980
1663890,0,31498,118,48994
1663940,0,30881,118,48994
1663990,0,30881,118,48994
1664040,0,30881,118,48994
1664090,0,30881,118,48994
1664140,0,30263,119,48994
1664190,0,30263,119,48994
1664240,0,30263,119,48994
1664332,0,30881,119,49006
1664382,0,30881,119,49006
1664432,0,30881,119,49006
1664482,0,30881,119,49006
1664532,0,30881,119,49006
1664582,0,30881,119,49006
1664632,0,30881,119,49006
1664767,0,30881,119,49018
1664817,0,30881,119,49018
1664867,0,30881,119,49018
1664917,0,30881,118,49018
1664967,0,30263,118,49018
1665017,0,30263,118,49018
1665067,0,30263,118,49018
1665117,0,30263,118,49030
1665167,0,29692,118,49030
1665217,0,29692,118,49030
1665267,0,29692,118,49030
1665359,0,29692,118,49030
1665409,0,29692,118,49030
1665459,0,29692,118,49030
1665509,0,29692,118,49040
1665559,0,29692,118,49040
1665609,0,29692,118,49040
1665659,0,29692,118,49040
1665709,0,29692,118,49040
1665759,0,29120,118,49040
1665895,0,29120,118,49040
1665945,0,29120,118,49050
1665995,0,29120,118,49050
1666045,0,29120,118,49050
1666095,0,29120,118,49050
1666145,0,29120,117,49050
1666195,0,29120,117,49050
1666245,0,29120,117,49050
1666295,0,29120,117,49050
1666389,0,29120,117,49061
1666439,0,29120,117,49061
1666489,0,29120,117,49061
1666539,0,29120,118,49061
1666589,0,29120,118,49061
1666639,0,29120,118,49061
1666689,0,29120,118,49061
1666739,0,29120,118,49071
1666789,0,29120,118,49071
1666839,0,29120,118,49071
1666889,0,29120,118,49071
1667025,0,28580,118,49071
1667075,0,28580,118,49071
1667125,0,28580,118,49081
1667175,0,28580,118,49081
1667225,0,28580,118,49081
1667275,0,28580,118,49081
1667368,0,29120,118,49081
1667418,0,29120,118,49081
1667468,0,29120,118,49081
1667518,0,29120,118,49089
1667568,0,28580,118,49089
1667618,0,28580,118,49089
1667668,0,28580,118,49089
1667718,0,28580,118,49089
1667768,0,28071,118,49089
1667818,0,28071,118,49089
1667868,0,28071,118,49089
1667918,0,28071,118,49098
1667968,0,29120,118,49098
1668018,0,29120,118,49098
1668153,0,28580,117,49098
1668203,0,28580,117,49098
1668253,0,28580,117,49098
1668303,0,28580,117,49098
1668395,0,28580,117,49094
1668445,0,28580,117,49094
1668495,0,28580,117,49094
1668545,0,28071,215,49094
1668595,0,28071,215,49094
1668645,0,28071,215,49094
1668695,0,28071,215,49094
1668745,0,27561,215,49103
1668795,0,27561,215,49103
1668845,0,27561,215,49103
1668895,0,27561,215,49103
1668945,0,27561,195,49103
1668995,0,27561,195,49103
1669045,0,27561,195,49103
1669095,0,27561,195,49103
1669145,0,27561,195,49112
1669280,0,27561,195,49112
1669330,0,27561,195,49112
1669422,0,27561,195,49112
1669472,0,27561,195,49112
1669522,0,27561,195,49104
1669572,0,28580,195,49104
1669622,0,28580,195,49104
1669672,0,28580,195,49104
1669722,0,28580,295,49104
1669772,0,28580,295,49104
1669822,0,28580,295,49104
1669872,0,28580,295,49104
1669922,0,28580,295,49101
1669972,0,28071,295,49101
1670022,0,28071,295,49101
1670072,0,28071,295,49101
1670122,0,28071,295,49101
1670172,0,28071,368,49101
1670222,0,28071,368,49101
1670314,0,28071,368,49101
1670450,0,28071,368,49108
1670500,0,28071,368,49108
1670550,0,27561,373,49108
1670600,0,27561,373,49108
1670650,0,27561,373,49108
1670700,0,27561,373,49108
1670750,0,27082,373,49115
1670800,0,27082,373,49115
1670850,0,27082,373,49115
1670900,0,27082,373,49115
1670950,0,27082,368,49115
1671000,0,27082,368,49115
1671050,0,27082,368,49115
1671100,0,27082,368,49115
1671150,0,27082,368,49122
1671200,0,27082,368,49122
1671250,0,27082,368,49122
1671342,0,27082,368,49122
1671392,0,27082,368,49122
1671442,0,27082,368,49122
1671577,0,26619,368,49129
1671627,0,26619,368,49129
1671677,0,26619,368,49129
1671727,0,26619,368,49129
1671777,0,27561,368,49129
1671827,0,27561,368,49129
1671877,0,27561,368,49129
1671927,0,27561,368,49129
1671977,0,27561,368,47257
1672027,0,27561,368,47257
1672077,0,27561,368,47257
1672127,0,27561,368,47257
1672177,0,27561,13927,47257
1672227,0,27561,13927,47257
1672319,0,27561,13927,47257
1672369,0,27082,13927,47087
1672419,0,27082,13927,47087
1672469,0,27082,13927,47087
1672519,0,27082,13927,47087
1672569,0,27082,14567,47087
1672705,0,27082,14567,47087
1672755,0,27082,14567,47022
1672805,0,27082,14567,47022
1672855,0,27082,14567,47022
1672905,0,27082,14567,47022
1672955,0,27561,14695,47022
1673005,0,27561,14695,47022
1673055,0,27561,14695,47022
1673105,0,27561,14695,47022
1673155,0,27082,14695,46993
1673205,0,27082,14695,46993
1673297,0,27082,14695,46993
1673347,0,28580,14695,46993
1673397,0,28580,14843,46993
1673447,0,28580,14843,46993
1673497,0,28580,14843,46993
1673633,0,28071,14843,46942
1673683,0,28071,14843,46942
1673733,0,28071,14843,46942
1673783,0,28580,14966,46942
1673833,0,28580,14966,46942
1673883,0,28580,14966,46942
1673933,0,28580,14966,46942
1673983,0,28580,14966,46916
1674033,0,28580,14966,46916
1674083,0,28580,14966,46916
1674133,0,28580,14966,46916
1674225,0,29692,15074,46916
1674275,0,29692,15074,46916
1674325,0,29692,15074,46916
1674375,0,29120,15074,46869
1674425,0,29120,15074,46869
1674475,0,29120,15074,46869
1674525,0,29120,15074,46869
1674575,0,28071,15229,46869
1674625,0,28071,15229,46869
1674761,0,28580,15229,46824
1674811,0,28580,15229,46824
1674861,0,28580,15229,46824
1674911,0,28580,15229,46824
1674961,0,28580,15364,46824
1675011,0,28580,15364,46824
1675061,0,28580,15364,46824
1675111,0,28580,15364,46824
1675204,0,28580,15364,46794
1675254,0,28580,15364,46794
1675304,0,28580,15364,46794
1675354,0,29120,15364,46794
1675404,0,29120,15492,46794
1675454,0,29120,15492,46794
1675504,0,29120,15492,46794
1675554,0,29120,15492,46794
1675604,0,29120,15492,46745
1675654,0,29120,15492,46745
1675704,0,29120,15492,46745
1675754,0,29120,15492,46745
1675890,0,29120,15606,46745
1675940,0,29120,15606,46745
1675990,0,29120,15606,46718
1676040,0,29120,15606,46718
1676132,0,29120,15606,46718
1676182,0,29692,15726,46718
1676232,0,29692,15726,46718
1676282,0,29692,15726,46718
1676332,0,29692,15726,46718
1676382,0,29692,15726,46684
1676432,0,29692,15726,46684
1676482,0,29692,15726,46684
1676532,0,29692,15726,46684
1676582,0,30263,15835,46684
1676632,0,30263,15835,46684
1676682,0,30263,15835,46684
1676732,0,30263,15835,46684
1676782,0,30263,15835,46659
1676832,0,30263,15835,46659
1676882,0,30263,15835,46659
1677017,0,29692,15964,46659
1677109,0,29692,15964,46659
1677159,0,30881,15964,46659
1677209,0,30881,15964,46614
1677259,0,30881,15964,46614
1677309,0,30881,15964,46614
1677359,0,30881,15964,46614
1677409,0,30881,16078,46614
1677459,0,30881,16078,46614
1677509,0,30881,16078,46614
1677559,0,30881,16078,46614
1677609,0,30881,16078,46589
1677659,0,30881,16078,46589
1677709,0,30881,16078,46589
1677759,0,31498,16078,46589
1677809,0,31498,16221,46589
1677859,0,31498,16221,46589
1677951,0,30881,16221,46589
1678001,0,30881,16221,46557
1678051,0,30881,16221,46557
1678186,0,30881,16337,46557
1678236,0,30881,16337,46557
1678286,0,30881,16337,46557
1678336,0,30881,16337,46557
1678386,0,30881,16337,46531
1678436,0,30881,16337,46531
1678486,0,30881,16337,46531
1678536,0,30881,16337,46531
1678586,0,31498,16474,46531
1678636,0,31498,16474,46531
1678686,0,31498,16474,46531
1678736,0,31498,16474,46531
1678786,0,30881,16474,46531
1678836,0,30881,16474,46482
1678928,0,30881,16474,46482
1678978,0,31498,16474,46482
1679028,0,31498,16629,46482
1679078,0,31498,16629,46482
1679128,0,31498,16629,46482
1679178,0,31498,16629,46482
1679314,0,31498,16629,46470
1679364,0,31498,16629,46470
1679414,0,31498,16732,46470
1679464,0,31498,16732,46470
1679514,0,31498,16732,46470
1679564,0,31498,16732,46470
1679614,0,31498,16732,46424
1679664,0,31498,16732,46424
1679714,0,31498,16732,46424
1679764,0,31498,16732,46424
1679856,0,31498,16834,46424
1679906,0,31498,16834,46424
1679956,0,32162,16834,46424
1680006,0,32162,16834,46398
1680056,0,32162,16834,46398
1680106,0,32162,16834,46398
1680156,0,32162,16834,46398
1680206,0,32162,16924,46398
1680256,0,32162,16924,46398
1680306,0,32162,16924,46398
1680442,0,31498,16924,46386
1680492,0,31498,16924,46386
1680542,0,32162,16924,46386
1680592,0,32162,16924,46386
1680642,0,32162,17001,46386
1680692,0,32162,17001,46386
1680742,0,32162,17001,46386
1680834,0,32162,17001,46363
1680884,0,32162,17001,46363
1680934,0,32162,17001,46363
1680984,0,32842,17001,46363
1681034,0,32842,17109,46363
1681084,0,32842,17109,46363
1681134,0,32842,17109,46363
1681184,0,33552,17109,46363
1681234,0,33552,17109,46332
1681284,0,33552,17109,46332
1681334,0,33552,17109,46332
1681384,0,32842,17109,46332
1681434,0,32842,17204,46332
1681570,0,33552,17204,46332
1681620,0,33552,17204,46286
1681670,0,33552,17204,46286
1681720,0,33552,17204,46286
1681812,0,32842,17331,46286
1681862,0,32842,17331,46286
1681912,0,32842,17331,46286
1681962,0,34309,17331,46286
1682012,0,34309,17331,46277
1682062,0,34309,17331,46277
1682112,0,34309,17331,46277
1682162,0,33552,17331,46277
1682212,0,33552,17441,46277
1682262,0,33552,17441,46277
1682312,0,33552,17441,46277
1682362,0,32842,17441,46277
1682412,0,32842,17441,46231
1682462,0,32842,17441,46231
1682512,0,32842,17441,46231
1682562,0,32842,17441,46231
1682740,0,33552,17554,46231
1682790,0,33552,17554,46231
1682840,0,33552,17554,48672
1682890,0,33552,17554,48672
1682940,0,33552,17554,48672
1682990,0,33552,17554,48672
1683040,0,33552,830,48672
1683090,0,33552,830,48672
1683140,0,33552,830,48672
1683190,0,33552,830,48672
1683240,0,33552,830,48747
1683290,0,33552,830,48747
1683340,0,32842,830,48747
1683390,0,32842,830,48747
1683440,0,32842,136,48747
1683490,0,32842,136,48747
1683540,0,33552,136,48747
1683632,0,33552,136,48789
1683682,0,33552,136,48789
1683732,0,33552,136,48789
1683869,0,33552,125,48789
1683919,0,33552,125,48789
1683969,0,32842,125,48789
1684019,0,32842,125,48789
1684069,0,32842,125,48819
1684119,0,32842,125,48819
1684169,0,33552,125,48819
1684219,0,33552,125,48819
1684269,0,33552,122,48819
1684319,0,33552,122,48819
1684369,0,32842,122,48819
1684419,0,32842,122,48819
1684469,0,32842,122,48845
1684519,0,32842,122,48845
1684569,0,32842,122,48845
1684661,0,32842,121,48845
1684711,0,32842,121,48845
1684761,0,32842,121,48845
1684811,0,32842,121,48845
1684861,0,32842,121,48867
1684996,0,32842,121,48867
1685046,0,32842,121,48867
1685096,0,32842,121,48867
1685146,0,31498,121,48867
1685196,0,31498,121,48867
1685246,0,31498,121,48885
1685296,0,31498,121,48885
1685346,0,31498,121,48885
1685396,0,31498,121,48885
1685446,0,31498,120,48885
1685496,0,31498,120,48885
1685546,0,31498,120,48885
1685596,0,31498,120,48885
1685688,0,31498,120,48903
1685738,0,31498,120,48903
1685788,0,31498,120,48903
1685838,0,31498,119,48903
1685888,0,31498,119,48903
1685938,0,31498,119,48903
1685988,0,31498,119,48903
1686123,0,31498,119,48918
1686173,0,31498,119,48918
1686223,0,31498,119,48918
1686273,0,31498,120,48918
1686323,0,31498,120,48918
1686373,0,30881,120,48918
1686423,0,30881,120,48918
1686473,0,30881,120,48932
1686523,0,30881,120,48932
1686573,0,30881,120,48932
1686665,0,30881,119,48932
1686715,0,30881,119,48932
1686765,0,30881,119,48932
1686815,0,30881,119,48932
1686865,0,30881,119,48946
1686915,0,30881,119,48946
1686965,0,30263,119,48946
1687015,0,30263,119,48946
1687065,0,30263,119,48946
1687115,0,30263,119,48946
1687251,0,30263,119,48958
1687301,0,30263,119,48958
1687351,0,29692,119,48958
1687401,0,29692,119,48958
1687451,0,29692,117,48958
1687501,0,29692,117,48958
1687551,0,29692,117,48958
1687601,0,29692,117,48958
1687693,0,29692,117,48970
1687743,0,29692,117,48970
1687793,0,29692,117,48970
1687843,0,29692,118,48970
1687893,0,29692,118,48970
1687943,0,29120,118,48970
1687993,0,29120,118,48970
1688043,0,29120,118,48982
1688178,0,29120,118,48982
1688228,0,29120,118,48982
1688278,0,29120,118,48982
1688328,0,29120,118,48982
1688378,0,29120,118,48982
1688428,0,29120,118,48982
1688478,0,29120,118,48993
1688528,0,29120,118,48993
1688578,0,29692,118,48993
1688628,0,29692,118,48993
1688720,0,29692,117,48993
1688770,0,29692,117,48993
1688820,0,29692,117,48993
1688870,0,29692,117,49003
1688920,0,29692,117,49003
1688970,0,29120,117,49003
1689020,0,29120,117,49003
1689070,0,29120,118,49003
1689120,0,29120,118,49003
1689170,0,29120,118,49003
1689306,0,29120,118,49013
1689356,0,29120,118,49013
1689406,0,29120,118,49013
1689456,0,29120,118,49013
1689506,0,29120,118,49013
1689556,0,28580,118,49013
1689606,0,28580,118,49013
1689698,0,28580,118,49009
1689748,0,29120,118,49009
1689798,0,29120,118,49009
1689848,0,29120,118,49009
1689898,0,29120,218,49009
1689948,0,28071,218,49009
1689998,0,28071,218,49009
1690048,0,28071,218,49009
1690098,0,28071,218,49020
1690148,0,27561,218,49020
1690198,0,27561,218,49020
1690248,0,27561,218,49020
1690298,0,27561,197,49020
1690434,0,28071,197,49020
1690484,0,28071,197,49029
1690534,0,28071,197,49029
1690584,0,27561,197,49029
1690634,0,27561,197,49029
1690727,0,27561,196,49029
1690777,0,27082,196,49029
1690827,0,27082,196,49029
1690877,0,27082,196,49022
1690927,0,27082,196,49022
1690977,0,28071,196,49022
1691027,0,28071,196,49022
1691077,0,28071,297,49022
1691127,0,28071,297,49022
1691177,0,27561,297,49022
1691227,0,27561,297,49022
1691277,0,27561,297,49019
1691327,0,27561,297,49019
1691377,0,27561,297,49019
1691427,0,27561,297,49019
1691563,0,27561,378,49019
1691613,0,27561,378,49019
1691705,0,27561,378,49028
1691755,0,26619,378,49028
1691805,0,26619,378,49028
1691855,0,26619,378,49028
1691905,0,26619,372,49028
1691955,0,26619,372,49028
1692005,0,26619,372,49028
1692055,0,26619,372,49028
1692105,0,26619,372,49036
1692155,0,26619,372,49036
1692205,0,26619,372,49036
1692255,0,26619,372,49036
1692305,0,26619,368,49036
1692355,0,26156,368,49036
1692405,0,26156,368,49036
1692455,0,26156,368,49036
1692505,0,26156,368,49043
1692555,0,26619,368,49043
1692944,0,26619,368,49050
1692994,0,26619,368,49050
1693044,0,26619,368,49050
1693094,0,26619,369,49050
1693144,0,26156,369,49050
1693194,0,26156,369,49050
1693244,0,26156,369,49050
1693294,0,26156,369,47369
1693344,0,25724,369,47369
1693394,0,25724,369,47369
1693444,0,25724,369,47369
1693494,0,25724,13728,47369
1693544,0,26156,13728,47369
1693594,0,26156,13728,47369
1693644,0,26156,13728,47369
1693694,0,26156,13728,47029
1693744,0,26156,13728,47029
1693836,0,26156,13728,47029
1693886,0,26156,14414,47029
1693936,0,26156,14414,47029
1694113,0,27082,14414,46965
1694163,0,27082,14414,46965
1694213,0,27082,14414,46965
1694263,0,27082,14414,46965
1694313,0,27082,14646,46965
1694363,0,27561,14646,46965
1694413,0,27561,14646,46965
1694463,0,27561,14646,46965
1694513,0,27561,14646,46904
1694563,0,28071,14646,46904
1694613,0,28071,14646,46904
1694663,0,28071,14646,46904
1694713,0,28071,14822,46904
1694763,0,27561,14822,46904
1694855,0,27561,14822,46904
1694905,0,27561,14822,46857
1694955,0,27561,14822,46857
1695005,0,27561,14822,46857
1695055,0,27561,14822,46857
1695105,0,27561,15002,46857
1695241,0,28071,15002,46857
1695291,0,28071,15002,46813
1695341,0,28071,15002,46813
1695391,0,28071,15002,46813
1695441,0,28071,15002,46813
1695491,0,28071,15166,46813
1695541,0,28580,15166,46813
1695591,0,28580,15166,46813
1695641,0,28580,15166,46813
1695691,0,28580,15166,46762
1695783,0,28580,15166,46762
1695833,0,28580,15166,46762
1695883,0,28580,15166,46762
1695933,0,28580,15318,46762
1695983,0,28580,15318,46762
1696033,0,28580,15318,46762
1696083,0,28580,15318,46762
1696133,0,28580,15318,46734
1696183,0,29692,15318,46734
1696233,0,29692,15318,46734
1696369,0,29692,15463,46734
1696419,0,29692,15463,46734
1696469,0,29692,15463,46734
1696519,0,29692,15463,46693
1696569,0,29692,15463,46693
1696619,0,29692,15463,46693
1696669,0,29692,15463,46693
1696761,0,30263,15612,46693
1696811,0,30263,15612,46693
1696861,0,30263,15612,46693
1696911,0,30263,15612,46656
1696961,0,30263,15612,46656
1697011,0,30263,15612,46656
1697061,0,30263,15612,46656
1697111,0,30263,15803,46656
1697161,0,30263,15803,46656
1697211,0,30263,15803,46656
1697261,0,30263,15803,46656
1697311,0,30263,15803,46621
1697361,0,30881,15803,46621
1697496,0,30881,15803,46621
1697546,0,30263,15984,46621
1697596,0,30263,15984,46621
1697688,0,30263,15984,46621
1697738,0,30263,15984,46580
1697788,0,30881,15984,46580
1697838,0,30881,15984,46580
1697888,0,30881,15984,46580
1697938,0,30881,16105,46580
1697988,0,31498,16105,46580
1698038,0,31498,16105,46580
1698088,0,31498,16105,46580
1698138,0,31498,16105,46537
1698188,0,31498,16105,46537
1698238,0,31498,16105,46537
1698288,0,31498,16105,46537
1698338,0,31498,16296,46537
1698388,0,31498,16296,46537
1698438,0,31498,16296,46537
1698488,0,31498,16296,46537
1698666,0,31498,16296,46495
1698716,0,31498,16466,46495
1698766,0,30881,16466,46495
1698816,0,30881,16466,46495
1698866,0,30881,16466,46495
1698916,0,30881,16466,46495
1698966,0,31498,16466,46457
1699016,0,31498,16466,46457
1699066,0,31498,16466,46457
1699116,0,31498,16466,46457
1699166,0,31498,16609,46457
1699216,0,31498,16609,46457
1699266,0,31498,16609,46457
1699316,0,31498,16609,46457
1699366,0,32162,16609,46415
1699416,0,32162,16609,46415
1699509,0,32162,16609,46415
1699559,0,32162,16726,46415
1699609,0,32162,16726,46415
1699659,0,32162,16726,46415
1699794,0,32162,16726,46372
1699844,0,32162,16726,46372
1699894,0,32162,16726,46372
1699944,0,32842,16898,46372
1699994,0,32842,16898,46372
1700044,0,32842,16898,46372
1700094,0,32842,16898,46372
1700144,0,32842,16898,46333
1700194,0,32842,16898,46333
1700244,0,32842,16898,46333
1700294,0,32842,16898,46333
1700344,0,32162,17079,46333
1700394,0,32162,17079,46333
1700486,0,32162,17079,46333
1700536,0,32162,17079,46317
1700586,0,32162,17079,46317
1700636,0,32162,17079,46317
1700686,0,32162,17079,46317
1700736,0,32162,15131,46317
1700786,0,32842,15131,46317
1700923,0,32842,15131,46317
1700973,0,32162,15131,48732
1701023,0,32162,15131,48732
1701073,0,32162,15131,48732
1701123,0,32162,15131,48732
1701173,0,32842,232,48732
1701223,0,32842,232,48732
1701273,0,32842,232,48732
1701323,0,32842,232,48732
1701373,0,32162,232,48783
1701465,0,32162,232,48783
1701515,0,32162,232,48783
1701565,0,32162,126,48783
1701615,0,32162,126,48783
1701665,0,32162,126,48783
1701715,0,32162,126,48783
1701765,0,32842,126,48818
1701815,0,32842,126,48818
1701865,0,32842,126,48818
1701915,0,32842,126,48818
1702051,0,32842,123,48818
1702101,0,32842,123,48818
1702151,0,32842,123,48844
1702201,0,32842,123,48844
1702251,0,32842,123,48844
1702301,0,32842,123,48844
1702351,0,32162,122,48844
1702443,0,32162,122,48844
1702493,0,32162,122,48844
1702543,0,32162,122,48865
1702593,0,32162,122,48865
1702643,0,32162,122,48865
1702693,0,32162,122,48865
1702743,0,32842,120,48865
1702793,0,32842,120,48865
1702843,0,32842,120,48865
1702978,0,32842,120,48884
1703028,0,32842,120,48884
1703078,0,32842,120,48884
1703128,0,32842,120,48884
1703178,0,32162,119,48884
1703228,0,32162,119,48884
1703278,0,32162,119,48884
1703328,0,32162,119,48884
1703378,0,32162,119,48901
1703470,0,32162,119,48901
1703520,0,32162,119,48901
1703570,0,32162,119,48901
1703620,0,32162,119,48901
1703670,0,32162,119,48901
1703720,0,32162,119,48901
1703770,0,32162,119,48915
1703820,0,32162,119,48915
1703870,0,32162,119,48915
1703920,0,32162,119,48915
1703970,0,31498,118,48915
1704106,0,31498,118,48915
1704156,0,31498,118,48929
1704206,0,31498,118,48929
1704256,0,31498,118,48929
1704306,0,31498,118,48929
1704356,0,32162,119,48929
1704406,0,32162,119,48929
1704498,0,32162,119,48929
1704548,0,31498,119,48929
1704598,0,31498,119,48942
1704648,0,31498,119,48942
1704698,0,31498,119,48942
1704748,0,32162,119,48942
1704798,0,32162,119,48942
1704848,0,32162,119,48942
1704898,0,32162,119,48942
1704948,0,31498,119,48942
1704998,0,31498,119,48954
1705048,0,31498,119,48954
1705098,0,31498,119,48954
1705234,0,31498,118,48954
1705284,0,31498,118,48954
1705334,0,31498,118,48954
1705384,0,30881,118,48965
1705476,0,30881,118,48965
1705526,0,30881,118,48965
1705576,0,30881,118,48965
1705626,0,30881,118,48965
1705676,0,30881,118,48965
1705726,0,30881,118,48965
1705776,0,30881,118,48976
1705826,0,30881,118,48976
1705876,0,30881,118,48976
1705926,0,30881,118,48976
1705976,0,30263,117,48976
1706026,0,30263,117,48976
1706076,0,30263,117,48976
1706126,0,30263,117,48976
1706176,0,31498,117,48985
1706226,0,31498,117,48985
1706362,0,30881,117,48985
1706412,0,30881,118,48985
1706505,0,30881,118,48985
1706555,0,30881,118,48985
1706605,0,30881,118,48995
1706655,0,30881,118,48995
1706705,0,30881,118,48995
1706755,0,30263,118,48995
1706805,0,30263,118,48995
1706855,0,30263,118,48995
1706905,0,30263,118,48995
1706955,0,30881,118,48995
1707005,0,30881,118,49004
1707055,0,30881,118,49004
1707105,0,30881,118,49004
1707155,0,30263,118,49004
1707205,0,30263,117,49004
1707255,0,30263,117,49004
1707305,0,30263,117,49004
1707355,0,30881,117,49004
1707533,0,30881,117,49013
1707583,0,30263,117,49013
1707633,0,30263,117,49013
1707683,0,30263,117,49013
1707733,0,30263,117,49013
1707783,0,30263,117,49022
1707833,0,30263,117,49022
1707883,0,30263,117,49022
1707933,0,30263,117,49022
1707983,0,30263,118,49022
1708033,0,30263,118,49022
1708083,0,30263,118,49022
1708133,0,30263,118,49022
1708183,0,29692,118,49030
1708233,0,29692,118,49030
1708283,0,29692,118,49030
1708333,0,29692,118,49030
1708425,0,30263,118,49030
1708475,0,30263,118,49030
1708525,0,30263,118,49030
1708660,0,29692,118,49038
1708710,0,29692,118,49038
1708760,0,29120,118,49038
1708810,0,29120,117,49038
1708860,0,29120,117,49038
1708910,0,29120,117,49038
1708960,0,29120,117,49038
1709010,0,29120,117,49046
1709060,0,29120,117,49046
1709110,0,29120,117,49046
1709160,0,28580,117,49046
1709210,0,28580,117,49046
1709260,0,28580,117,49046
1709310,0,28580,117,49046
1709360,0,29120,117,49046
1709452,0,29120,117,49052
1709502,0,29120,117,49052
1709552,0,29120,117,49052
1709602,0,29120,118,49052
1709652,0,29120,118,49052
1709787,0,29120,118,49060
1709837,0,29120,118,49060
1709887,0,29120,118,49060
1709937,0,29120,118,49060
1709987,0,28580,117,49060
1710037,0,28580,117,49060
1710087,0,28580,117,49060
1710137,0,28580,117,49060
1710187,0,28580,117,49068
1710237,0,28580,117,49068
1710287,0,28580,117,49068
1710337,0,28580,117,49068
1710387,0,28580,117,49068
1710479,0,28580,117,49068
1710529,0,28580,117,49068
1710579,0,29692,117,49068
1710629,0,29692,117,49074
1710679,0,29692,117,49074
1710729,0,29692,117,49074
1710779,0,29120,117,49074
1710914,0,29120,117,49074
1710964,0,29692,117,49074
1711014,0,29692,117,49081
1711064,0,29692,117,49081
1711114,0,29692,117,49081
1711164,0,29692,117,49081
1711214,0,29692,117,49081
1711264,0,29692,117,49081
1711314,0,29692,117,49081
1711364,0,29120,117,49081
1711456,0,29120,117,49087
1711506,0,29120,117,49087
1711556,0,29120,117,49087
1711606,0,29120,117,49087
1711656,0,29120,117,49087
1711706,0,29120,117,49087
1711756,0,29692,117,49087
1711806,0,29692,117,49094
1711856,0,29692,117,49094
1711906,0,29692,117,49094
1712041,0,29120,117,49094
1712091,0,29120,117,49094
1712141,0,29120,117,49094
1712191,0,29120,117,49094
1712241,0,29120,117,49099
1712291,0,29120,117,49099
1712341,0,28580,117,49099
1712391,0,28580,117,49099
1712483,0,28580,116,49099
1712533,0,28580,116,49099
1712583,0,28580,116,49099
1712633,0,28580,116,49106
1712683,0,28580,116,49106
1712733,0,28580,116,49106
1712783,0,28580,116,49106
1712833,0,28580,118,49106
1712883,0,28580,118,49106
1712933,0,28580,118,49106
1712983,0,28580,118,49106
1713033,0,28580,118,49111
1713169,0,28580,118,49111
1713219,0,28580,117,49111
1713269,0,28580,117,49111
1713319,0,28580,117,49111
1713369,0,28071,117,49111
1713419,0,28071,117,49116
1713511,0,28071,117,49116
1713561,0,28071,117,49116
1713611,0,28071,117,49116
1713661,0,28071,117,49116
1713711,0,28071,117,49116
1713761,0,29120,117,49116
1713811,0,29120,117,49116
1713861,0,29120,117,49122
1713911,0,29120,117,49122
1713961,0,28580,117,49122
1714011,0,28580,117,49122
1714061,0,28580,116,49122
1714111,0,28580,116,49122
1714161,0,28580,116,49122
1714297,0,28580,116,49128
1714347,0,28580,116,49128
1714397,0,28580,116,49128
1714490,0,28580,117,49128
1714540,0,28580,117,49128
1714590,0,28580,117,49128
1714640,0,28580,117,49133
1714690,0,28580,117,49133
1714740,0,28071,117,49133
1714790,0,28071,117,49133
1714840,0,28071,117,49133
1714890,0,28071,117,49133
1714940,0,28071,117,49133
1714990,0,28071,117,49133
1715040,0,28071,117,49138
1715090,0,28071,117,49138
1715140,0,27561,117,49138
1715190,0,27561,117,49138
1715240,0,27561,116,49138
1715290,0,27561,116,49138
1715426,0,27561,116,49144
1715519,0,27561,116,49144
1715569,0,27561,116,49144
1715619,0,27561,116,49144
1715669,0,27561,117,49144
1715719,0,27561,117,49144
1715769,0,27561,117,49144
1715819,0,27561,117,49144
1715869,0,27561,117,49148
1715919,0,27561,117,49148
1715969,0,28071,117,49148
1716019,0,28071,117,49148
1716069,0,28071,116,49148
1716119,0,28071,116,49148
1716169,0,28071,116,49148
1716219,0,28071,116,49148
1716269,0,28071,116,49154
1716319,0,28071,116,49154
1716369,0,28071,116,49154
1716461,0,28071,117,49154
1716596,0,28071,117,49154
1716646,0,28071,117,49158
1716696,0,28071,117,49158
1716746,0,27561,117,49158
1716796,0,27561,117,49158
1716846,0,27561,117,49158
1716896,0,27561,117,49158
1716946,0,27082,117,49158
1716996,0,27082,117,49158
1717046,0,27082,117,49162
1717096,0,27082,117,49162
1717146,0,27082,117,49162
1717196,0,27082,117,49162
1717246,0,27082,116,49162
1717296,0,27082,116,49162
1717346,0,27082,116,49162
1717524,0,27082,116,49168
1717574,0,26619,116,49168
1717624,0,26619,116,49168
1717674,0,26619,117,49168
1717724,0,26619,117,49168
1717774,0,27082,117,49168
1717824,0,27082,117,49168
1717874,0,27082,117,49172
1717924,0,27082,117,49172
1717974,0,27561,117,49172
1718024,0,27561,117,49172
1718074,0,27561,117,49172
1718124,0,27561,117,49172
1718174,0,27082,117,49172
1718224,0,27082,117,49172
1718274,0,27082,117,49177
1718324,0,27082,117,49177
1718374,0,27561,117,49177
1718466,0,27561,118,49177
1718516,0,27561,118,49177
1718653,0,27082,118,49181
1718703,0,27082,118,49181
1718753,0,26619,118,49181
1718803,0,26619,118,49181
1718853,0,26619,117,49181
1718903,0,26619,117,49181
1718953,0,26619,117,49181
1719003,0,26619,117,49181
1719053,0,26619,117,49185
1719103,0,26619,117,49185
1719153,0,26619,117,49185
1719203,0,26619,117,49185
1719253,0,26619,117,49185
1719303,0,26619,117,49185
1719353,0,26156,117,49185
1719403,0,26156,117,49185
1719495,0,26156,117,49190
1719545,0,27082,117,49190
1719595,0,27082,117,49190
1719645,0,27082,117,49190
1719781,0,27082,117,49190
1719831,0,27082,117,49190
1719881,0,27082,117,49193
1719931,0,27082,117,49193
1719981,0,27082,117,49193
1720031,0,27082,117,49193
1720081,0,27082,116,49193
1720131,0,27082,116,49193
1720181,0,26156,116,49193
1720231,0,26156,116,49193
1720281,0,26156,116,49197
1720331,0,26156,116,49197
1720381,0,26156,116,49197
1720473,0,26156,117,49197
1720523,0,26156,117,49197
1720573,0,25724,117,49197
1720623,0,25724,117,49197
1720673,0,25724,117,49202
1720723,0,25724,117,49202
1720773,0,25724,117,49202
1720908,0,25724,117,49202
1720958,0,27082,117,49202
1721008,0,27082,117,49202
1721058,0,27082,117,49202
1721108,0,27082,117,49206
1721158,0,26619,117,49206
1721208,0,26619,117,49206
1721258,0,26619,117,49206
1721308,0,26619,116,49206
1721358,0,26619,116,49206
1721408,0,26619,116,49206
1721500,0,26619,116,49209
1721550,0,26156,116,49209
1721600,0,26156,116,49209
1721650,0,26156,116,49209
1721700,0,26156,116,49209
1721750,0,25724,116,49209
1721800,0,25724,116,49209
1721850,0,25724,116,49209
1721900,0,25724,116,49213
1722036,0,26156,116,49213
1722086,0,26156,118,49213
1722136,0,26156,118,49213
1722186,0,26619,118,49213
1722236,0,26619,118,49213
1722286,0,26619,118,49217
1722336,0,26619,118,49217
1722386,0,26156,118,49217
1722436,0,26156,118,49217
1722529,0,26156,117,49217
1722579,0,26156,117,49217
1722629,0,26156,117,49217
1722679,0,26156,117,49220
1722729,0,26156,117,49220
1722779,0,25724,117,49220
1722829,0,25724,117,49220
1722879,0,25724,117,49220
1722929,0,25724,117,49220
1722979,0,25724,117,49220
1723029,0,25724,117,49220
1723165,0,25724,117,49224
1723215,0,25724,117,49224
1723265,0,25724,117,49224
1723315,0,25724,117,49224
1723365,0,26156,117,49224
1723415,0,26156,117,49224
1723507,0,26156,117,49228
1723557,0,26156,117,49228
1723607,0,26156,117,49228
1723657,0,26156,117,49228
1723707,0,26156,117,49228
1723757,0,25724,117,49228
1723807,0,25724,117,49228
1723857,0,25724,117,49228
1723907,0,25724,117,49231
1723957,0,25307,117,49231
1724007,0,25307,117,49231
1724057,0,25307,117,49231
1724107,0,25307,117,49231
1724157,0,25307,117,49231
1724292,0,25307,117,49234
1724342,0,25307,117,49234
1724392,0,25307,117,49234
1724442,0,25307,117,49234
1724576,0,25307,117,49234
1724626,0,25307,117,49234
1724676,0,25307,117,49234
1724726,0,25307,117,49237
1724776,0,25307,117,49237
1724826,0,25307,117,49237
1724876,0,25307,117,49237
1724926,0,25307,117,49237
1724976,0,25307,117,49237
1725026,0,25307,117,49237
1725076,0,25307,117,49237
1725126,0,25307,117,49241
1725176,0,24890,117,49241
1725226,0,24890,117,49241
1725276,0,24890,117,49241
1725326,0,24890,116,49241
1725631,0,24890,116,49244
1725681,0,24890,116,49244
1725773,0,25307,118,49244
1725823,0,25307,118,49244
1725873,0,25307,118,49244
1725923,0,25307,118,49248
1725973,0,25307,118,49248
1726023,0,25307,118,49248
1726073,0,25307,118,49248
1726123,0,25307,117,49248
1726173,0,24504,117,49248
1726223,0,24504,117,49248
1726273,0,24504,117,49248
1726323,0,24504,117,49251
1726373,0,24504,117,49251
1726423,0,24504,117,49251
1726473,0,24504,117,49251
1726523,0,24504,117,49251
1726573,0,24118,117,49251
1726665,0,24118,117,49251
1726842,0,24504,117,49253
1726892,0,24504,117,49253
1726942,0,24890,117,49253
1726992,0,24890,117,49253
1727042,0,24890,117,49253
1727092,0,24890,117,49253
1727142,0,24118,117,49256
1727192,0,24118,117,49256
1727242,0,24118,117,49256
1727292,0,24118,117,49256
1727342,0,24118,116,49256
1727392,0,24118,116,49256
1727442,0,24118,116,49256
1727492,0,24118,116,49256
1727542,0,24118,116,49260
1727592,0,24118,116,49260
1727642,0,24118,116,49260
1727734,0,24118,117,49260
1727784,0,24504,117,49260
1727834,0,24504,117,49260
1727970,0,24504,117,49262
1728020,0,24504,117,49262
1728070,0,24504,117,49262
1728120,0,24504,117,49262
1728170,0,23747,117,49262
1728220,0,23747,117,49262
1728270,0,23747,117,49262
1728320,0,23747,117,49265
1728370,0,23747,117,49265
1728420,0,23747,117,49265
1728470,0,23747,117,49265
1728520,0,23747,117,49265
1728570,0,24504,117,49265
1728620,0,24504,117,49265
1728712,0,24504,117,49269
1728762,0,24118,117,49269
1728812,0,24118,117,49269
1728862,0,24118,117,49269
1728912,0,24118,117,49269
1728962,0,23747,117,49269
1729097,0,23747,117,49269
1729147,0,23747,117,49271
1729197,0,23747,117,49271
1729247,0,23747,117,49271
1729297,0,23747,117,49271
1729347,0,23747,117,49271
1729397,0,23747,117,49271
1729447,0,23747,117,49271
1729497,0,23747,117,49271
1729547,0,23747,117,49274
1729597,0,23747,117,49274
1729647,0,23747,117,49274
1729739,0,23747,116,49274
1729789,0,23747,116,49274
1729839,0,23747,116,49274
1729889,0,23747,116,49274
1729939,0,23392,116,49277
1729989,0,23392,116,49277
1730039,0,23392,116,49277
1730089,0,23392,116,49277
1730225,0,23037,117,49277
1730275,0,23037,117,49277
1730325,0,23037,117,49280
1730375,0,24118,117,49280
1730425,0,24118,117,49280
1730475,0,24118,117,49280
1730525,0,24118,117,49280
1730575,0,23747,117,49280
1730625,0,23747,117,49280
1730675,0,23747,117,49280
1730768,0,22697,117,49283
1730818,0,22697,117,49283
1730868,0,22697,117,49283
1730918,0,22697,117,49283
1730968,0,22697,117,49283
1731018,0,22697,117,49283
1731068,0,22697,117,49283
1731118,0,22697,117,49283
1731168,0,23392,117,49285
1731218,0,23392,117,49285
1731354,0,23037,116,49285
1731404,0,23037,116,49285
1731454,0,23037,116,49285
1731504,0,23037,116,49285
1731554,0,22697,116,49288
1731604,0,22697,116,49288
1731654,0,22697,116,49288
1731747,0,22697,117,49288
1731797,0,22697,117,49288
1731847,0,22697,117,49288
1731897,0,22697,117,49288
1731947,0,23037,117,49290
1731997,0,23037,117,49290
1732047,0,23037,117,49290
1732097,0,23037,117,49290
1732147,0,23037,116,49290
1732282,0,23037,116,49290
1732332,0,23037,116,49290
1732382,0,22373,116,49292
1732432,0,22373,116,49292
1732482,0,22373,116,49292
1732532,0,22373,116,49292
1732582,0,22373,117,49292
1732632,0,22373,117,49292
1732682,0,22373,117,49292
1732774,0,23037,117,49295
1732824,0,23037,117,49295
1732874,0,23037,117,49295
1732924,0,23037,117,49295
1732974,0,22373,117,49295
1733024,0,22373,117,49295
1733074,0,22373,117,49295
1733124,0,22373,117,49295
1733174,0,22049,117,49298
1733224,0,22049,117,49298
1733274,0,22049,117,49298
1733409,0,22697,116,49298
1733459,0,22697,116,49298
1733509,0,22697,116,49298
1733559,0,22697,116,49300
1733609,0,22697,116,49300
1733659,0,22697,116,49300
1733709,0,22697,116,49300
1733801,0,22049,116,49300
1733851,0,22049,116,49300
1733901,0,22049,116,49300
1733951,0,22049,116,49303
1734001,0,22049,116,49303
1734051,0,22049,116,49303
1734101,0,22049,116,49303
1734151,0,22373,117,49303
1734201,0,22373,117,49303
1734251,0,22373,117,49303
1734301,0,22373,117,49303
1734351,0,22373,117,49305
1734401,0,22373,117,49305
1734536,0,22373,117,49305
1734586,0,21740,117,49305
1734636,0,21740,117,49305
1734686,0,21740,117,49305
1734778,0,22049,117,49308
1734828,0,22049,117,49308
1734878,0,22049,117,49308
1734928,0,22049,117,49308
1734978,0,22373,117,49308
1735028,0,22373,117,49308
1735078,0,22373,117,49308
1735128,0,22373,117,49308
1735178,0,21431,117,49310
1735228,0,21431,117,49310
1735278,0,21431,117,49310
1735328,0,21431,117,49310
1735378,0,21431,116,49310
1735428,0,21431,116,49310
1735478,0,21431,116,49310
1735528,0,21431,116,49310
1735663,0,21740,116,49312
1735713,0,21740,116,49312
1735807,0,21431,117,49312
1735857,0,21431,117,49312
1735907,0,21431,117,49312
1735957,0,21138,117,49312
1736007,0,21138,117,49314
1736057,0,21138,117,49314
1736107,0,21138,117,49314
1736157,0,21740,117,49314
1736207,0,21740,116,49314
1736257,0,21740,116,49314
1736307,0,21740,116,49314
1736357,0,21740,116,49314
1736407,0,21740,116,49316
1736457,0,21740,116,49316
1736507,0,21740,116,49316
1736557,0,21138,116,49316
1736607,0,21138,118,49316
1736657,0,21138,118,49316
1736835,0,21431,118,49319
1736885,0,21431,118,49319
1736935,0,21431,118,49319
1736985,0,21431,117,49319
1737035,0,21431,117,49319
1737085,0,21431,117,49319
1737135,0,21431,117,49319
1737185,0,20860,117,49321
1737235,0,20860,117,49321
1737285,0,20860,117,49321
1737335,0,20860,117,49321
1737385,0,20860,117,49321
1737435,0,20860,117,49321
1737485,0,20860,117,49321
1737535,0,20860,117,49321
1737585,0,21431,117,49323
1737635,0,21431,117,49323
1737727,0,21431,117,49323
1737777,0,20860,117,49323
1737827,0,20860,117,49323
1737963,0,20582,117,49323
1738013,0,20582,117,49325
1738063,0,20582,117,49325
1738113,0,20582,117,49325
1738163,0,21138,117,49325
1738213,0,21138,116,49325
1738263,0,21138,116,49325
1738313,0,21138,116,49325
1738363,0,20304,116,49325
1738413,0,20304,116,49327
1738463,0,20304,116,49327
1738513,0,20304,116,49327
1738563,0,20582,116,49327
1738613,0,20582,117,49327
1738663,0,20582,117,49327
1738756,0,20860,117,49327
1738806,0,20860,117,49329
1738856,0,20860,117,49329
1738906,0,20860,117,49329
1738956,0,20304,117,49329
1739092,0,20304,116,49329
1739142,0,20041,116,49329
1739192,0,20041,116,49331
1739242,0,20041,116,49331
1739292,0,20041,116,49331
1739342,0,20860,116,49331
1739392,0,20860,117,49331
1739442,0,20860,117,49331
1739492,0,20860,117,49331
1739542,0,20304,117,49331
1739592,0,20304,117,49332
1739642,0,20304,117,49332
1739692,0,20304,117,49332
1739784,0,20041,117,49332
1739834,0,20041,117,49332
1739884,0,20041,117,49332
1739934,0,20041,117,49332
1739984,0,20582,117,49332
1740034,0,20582,117,49335
1740084,0,20582,117,49335
1740219,0,19794,117,49335
1740269,0,19794,117,49335
1740319,0,19794,117,49335
1740369,0,19794,117,49335
1740419,0,19794,117,49337
1740469,0,19794,117,49337
1740519,0,19794,117,49337
1740569,0,20304,117,49337
1740619,0,20304,118,49337
1740669,0,20304,118,49337
1740761,0,19794,118,49337
1740811,0,19794,118,49339
1740861,0,19794,118,49339
1740911,0,19794,118,49339
1740961,0,20304,118,49339
1741011,0,20304,117,49339
1741061,0,20304,117,49339
1741111,0,20304,117,49339
1741161,0,20041,117,49339
1741211,0,20041,117,49341
1741346,0,19532,117,49341
1741396,0,19532,117,49341
1741446,0,19532,117,49341
1741496,0,19532,117,49341
1741546,0,20304,117,49341
1741596,0,20304,117,49341
1741646,0,20304,117,49343
1741696,0,20304,117,49343
1741788,0,20041,117,49343
1741838,0,20041,117,49343
1741888,0,20041,117,49343
1741938,0,20041,117,49343
1741988,0,19300,117,49343
1742038,0,19300,117,49345
1742088,0,19300,117,49345
1742138,0,19300,117,49345
1742188,0,19794,117,49345
1742238,0,19794,117,49345
1742288,0,19794,117,49345
1742338,0,19794,117,49345
1742473,0,19300,117,49347
1742523,0,19300,117,49347
1742573,0,19053,117,49347
1742623,0,19053,117,49347
1742673,0,19053,117,49347
1742723,0,19053,117,49347
1742815,0,19532,117,49348
1742865,0,19532,117,49348
1742915,0,19532,117,49348
1742965,0,18822,117,49348
1743015,0,18822,117,49348
1743065,0,18822,117,49348
1743115,0,18822,117,49348
1743165,0,19532,117,49348
1743215,0,19532,117,49350
1743265,0,19532,117,49350
1743315,0,19532,117,49350
1743365,0,19532,117,49350
1743415,0,19532,116,49350
1743465,0,19532,116,49350
1743600,0,18822,116,49350
1743650,0,18822,116,49351
1743700,0,18822,116,49351
1743792,0,19300,116,49351
1743842,0,19300,116,49351
1743892,0,19300,116,49351
1743942,0,18822,116,49351
1743992,0,18822,116,49351
1744042,0,18822,116,49354
1744092,0,18822,116,49354
1744142,0,18822,116,49354
1744192,0,18822,116,49354
1744242,0,18822,117,49354
1744292,0,18822,117,49354
1744342,0,19053,117,49354
1744392,0,19053,117,49354
1744442,0,19053,117,49355
1744492,0,19053,117,49355
1744542,0,18590,117,49355
1744592,0,18590,117,49355
1744727,0,18590,117,49355
1744819,0,19053,117,49355
1744869,0,19053,117,49357
1744919,0,19053,117,49357
1744969,0,18590,117,49357
1745019,0,18590,117,49357
1745069,0,18590,116,49357
1745119,0,18590,116,49357
1745169,0,18374,116,49357
1745219,0,18374,116,49357
1745269,0,18374,116,49359
1745319,0,18374,116,49359
1745369,0,18822,116,49359
1745419,0,18822,116,49359
1745469,0,18822,117,49359
1745519,0,18822,117,49359
1745569,0,18374,117,49359
1745619,0,18374,117,49359
1745669,0,18374,117,49361
1745761,0,18822,117,49361
1745897,0,18822,116,49361
1745947,0,18822,116,49361
1745997,0,18822,116,49361
1746047,0,18822,116,49362
1746097,0,18822,116,49362
1746147,0,18158,116,49362
1746197,0,18158,116,49362
1746247,0,18158,117,49362
1746297,0,18158,117,49362
1746347,0,18822,117,49362
1746397,0,18822,117,49362
1746447,0,18822,117,49364
1746497,0,18822,117,49364
1746547,0,18158,117,49364
1746597,0,18158,117,49364
1746647,0,18158,117,49364
1746825,0,18590,117,49364
1746875,0,18590,117,49365
1746925,0,18590,117,49365
1746975,0,18158,117,49365
1747025,0,18158,117,49365
1747075,0,18158,117,49365
1747125,0,18158,117,49365
1747175,0,18158,117,49365
1747225,0,18158,117,49365
1747275,0,18158,117,49367
1747325,0,18158,117,49367
1747375,0,18374,117,49367
1747425,0,18374,117,49367
1747475,0,18374,117,49367
1747525,0,18374,117,49367
1747575,0,17941,117,49367
1747625,0,17941,117,49367
1747675,0,17941,117,49368
1747768,0,18374,117,49368
1747818,0,18374,117,49368
1747953,0,17941,116,49368
1748003,0,17941,116,49368
1748053,0,17941,116,49369
1748103,0,17941,116,49369
1748153,0,17741,116,49369
1748203,0,17741,116,49369
1748253,0,17741,116,49369
1748303,0,17741,116,49369
1748353,0,18374,116,49369
1748403,0,18374,116,49369
1748453,0,18374,116,49371
1748503,0,18374,116,49371
1748553,0,17741,116,49371
1748603,0,17741,116,49371
1748653,0,17741,117,49371
1748703,0,17741,117,49371
1748795,0,18158,117,49371
1748845,0,18158,117,49373
1748895,0,18158,117,49373
1748945,0,17540,117,49373
1749080,0,17540,117,49373
1749130,0,17540,117,49373
1749180,0,18158,117,49373
1749230,0,18158,117,49373
1749280,0,18158,117,49374
1749330,0,18158,117,49374
1749380,0,17941,117,49374
1749430,0,17941,117,49374
1749480,0,17941,118,49374
1749530,0,17941,118,49374
1749580,0,17339,118,49374
1749630,0,17339,118,49374
1749680,0,17339,118,49376
1749772,0,17741,118,49376
1749822,0,17741,118,49376
1749872,0,17741,117,49376
1749922,0,17741,117,49376
1749972,0,17540,117,49376
1750022,0,17540,117,49376
1750072,0,17540,117,49377
1750208,0,17941,117,49377
1750258,0,17941,118,49377
1750308,0,17941,118,49377
1750358,0,17339,118,49377
1750408,0,17339,118,49377
1750458,0,17339,118,49377
1750508,0,17339,118,49379
1750558,0,17540,118,49379
1750608,0,17540,118,49379
1750658,0,17540,118,49379
1750708,0,17540,117,49379
1750800,0,17540,117,49379
1750850,0,17540,117,49379
1750900,0,17540,117,49380
1750950,0,17154,117,49380
1751000,0,17154,117,49380
1751050,0,17154,117,49380
1751100,0,17154,117,49380
1751150,0,17741,117,49380
1751200,0,17741,117,49380
1751336,0,17741,117,49381
1751386,0,17154,117,49381
1751436,0,17154,117,49381
1751486,0,17154,116,49381
1751536,0,17154,116,49381
1751586,0,17540,116,49381
1751636,0,17540,116,49381
1751686,0,17540,116,49383
1751736,0,17540,116,49383
1751828,0,16953,116,49383
1751878,0,16953,116,49383
1751928,0,16953,116,49383
1751978,0,17339,116,49383
1752028,0,17339,116,49383
1752078,0,17339,116,49384
1752128,0,17339,116,49384
1752178,0,16953,116,49384
1752228,0,16953,116,49384
1752278,0,16953,117,49384
1752328,0,16953,117,49384
1752464,0,17339,117,49384
1752514,0,17339,117,49386
1752564,0,17154,117,49386
1752614,0,17154,117,49386
1752664,0,17154,117,49386
1752714,0,17154,117,49386
1752806,0,16953,117,49386
1752856,0,16953,117,49386
1752906,0,16953,117,49386
1752956,0,17339,117,49386
1753006,0,17339,117,49386
1753056,0,17339,117,49386
1753106,0,17339,117,49386
1753156,0,16768,117,49386
1753206,0,16768,117,49386
1753256,0,16768,117,49386
1753306,0,16768,117,49387
1753356,0,16953,117,49387
1753406,0,16953,117,49387
1753456,0,16953,117,49387
1753592,0,16598,117,49387
1753642,0,16598,117,49387
1753692,0,16598,117,49389
1753742,0,17154,117,49389
1753836,0,17154,117,49389
1753886,0,17154,117,49389
1753936,0,17154,117,49389
1753986,0,16598,117,49389
1754036,0,16598,117,49389
1754086,0,16598,117,49390
1754136,0,16598,117,49390
1754186,0,17154,117,49390
1754236,0,17154,117,49390
1754286,0,17154,117,49390
1754336,0,17154,117,49390
1754386,0,16598,117,49390
1754436,0,16598,117,49390
1754486,0,16598,117,49391
1754536,0,16598,117,49391
1754586,0,16768,117,49391
1754722,0,16768,116,49391
1754772,0,16768,116,49391
1754865,0,16768,116,49391
1754915,0,16768,116,49392
1754965,0,16413,116,49392
1755015,0,16413,116,49392
1755065,0,16413,116,49392
1755115,0,16413,116,49392
1755165,0,16768,116,49392
1755215,0,16768,116,49392
1755265,0,16768,116,49392
1755315,0,16768,116,49394
1755365,0,16243,116,49394
1755415,0,16243,116,49394
1755465,0,16243,116,49394
1755515,0,16243,116,49394
1755565,0,16768,116,49394
1755615,0,16768,116,49394
1755665,0,16768,116,49394
1755758,0,16243,116,49395
1755893,0,16243,117,49395
1755943,0,16598,117,49395
1755993,0,16598,117,49395
1756043,0,16598,117,49395
1756093,0,16598,117,49396
1756143,0,16073,117,49396
1756193,0,16073,117,49396
1756243,0,16073,117,49396
1756293,0,16073,117,49396
1756343,0,16598,116,49396
1756393,0,16598,116,49396
1756443,0,16598,116,49396
1756493,0,16598,116,49396
1756543,0,16243,116,49397
1756593,0,16243,116,49397
1756643,0,16243,116,49397
1756693,0,16243,116,49397
1756996,0,16243,117,49398
1757046,0,16243,117,49398
1757096,0,16243,117,49398
1757401,0,16073,117,49400
1757451,0,16073,117,49400
1757501,0,16073,117,49400
1757551,0,16243,117,49400
1757601,0,16243,117,49400
1757651,0,16243,117,49400
1757701,0,16243,117,49400
1757751,0,15903,117,49401
1757801,0,15903,117,49401
1757851,0,15903,117,49401
1757901,0,15903,117,49401
1757951,0,16243,116,49401
1758001,0,16243,116,49401
1758051,0,16243,116,49401
1758143,0,16243,116,49402
1758193,0,16243,116,49402
1758243,0,16243,116,49402
1758293,0,16243,116,49402
1758343,0,15903,117,49402
1758393,0,15903,117,49402
1758570,0,16073,117,49403
1758620,0,16073,117,49403
1758670,0,16073,117,49403
1758720,0,16073,117,49403
1758770,0,15749,117,49403
1758820,0,15749,117,49403
1758870,0,15749,117,49403
1758920,0,15749,117,49404
1758970,0,16073,117,49404
1759020,0,16073,117,49404
1759070,0,16073,117,49404
1759120,0,16073,116,49404
1759212,0,15595,116,49404
1759262,0,15595,116,49404
1759312,0,15595,116,49404
1759362,0,16073,116,49406
1759412,0,16073,116,49406
1759462,0,16073,116,49406
1759512,0,16073,116,49406
1759562,0,15595,118,49406
1759697,0,15595,118,49406
1759747,0,15903,118,49407
1759797,0,15903,118,49407
1759847,0,15903,118,49407
1759897,0,15903,118,49407
1759947,0,15595,117,49407
1759997,0,15595,117,49407
1760047,0,15595,117,49407
1760097,0,15595,117,49407
1760147,0,15903,117,49407
1760239,0,15903,117,49407
1760289,0,15903,117,49407
1760339,0,15595,117,49407
1760389,0,15595,117,49407
1760439,0,15595,117,49407
1760489,0,15595,117,49407
1760539,0,15749,117,49409
1760589,0,15749,117,49409
1760639,0,15749,117,49409
1760689,0,15749,117,49409
1760825,0,15286,116,49409
1760875,0,15286,116,49409
1760925,0,15286,116,49409
1760975,0,15595,116,49410
1761025,0,15595,116,49410
1761075,0,15595,116,49410
1761125,0,15595,116,49410
1761217,0,15131,116,49410
1761267,0,15131,116,49410
1761317,0,15131,116,49410
1761367,0,15595,116,49411
1761417,0,15595,116,49411
1761467,0,15595,116,49411
1761517,0,15595,116,49411
1761567,0,15131,117,49411
1761617,0,15131,117,49411
1761753,0,15440,117,49412
1761803,0,15440,117,49412
1761853,0,15440,117,49412
1761903,0,15440,117,49412
1761953,0,15131,116,49412
1762003,0,15131,116,49412
1762053,0,15131,116,49412
1762103,0,15131,116,49412
1762153,0,15440,116,49413
1762245,0,15440,116,49413
1762295,0,15440,116,49413
1762345,0,14977,117,49413
1762395,0,14977,117,49413
1762445,0,14977,117,49413
1762495,0,14977,117,49413
1762545,0,15440,117,49414
1762595,0,15440,117,49414
1762645,0,15440,117,49414
1762695,0,15440,117,49414
1762745,0,14838,116,49414
1762881,0,14838,116,49414
1762931,0,14838,116,49414
1762981,0,15286,116,49415
1763031,0,15286,116,49415
1763081,0,15286,116,49415
1763131,0,15286,116,49415
1763181,0,14838,116,49415
1763274,0,14838,116,49415
1763324,0,14838,116,49415
1763374,0,15286,116,49416
1763424,0,15286,116,49416
1763474,0,15286,116,49416
1763524,0,15286,116,49416
1763574,0,14560,117,49416
1763624,0,14560,117,49416
1763674,0,14560,117,49416
1763724,0,14560,117,49416
1763774,0,14282,117,49397
1763824,0,14282,117,49397
1763874,0,14282,117,49397
1764010,0,14282,231,49397
1764060,0,14282,231,49397
1764110,0,14282,231,49397
1764160,0,13541,231,49397
1764252,0,13541,231,49397
1764302,0,13541,231,49397
1764352,0,12753,237,49397
1764402,0,12753,237,49397
1764452,0,12753,237,49397
1764502,0,12753,237,49397
1764552,0,11595,237,49397
1764602,0,11595,237,49397
1764652,0,11595,237,49397
1764702,0,11595,237,49397
1764752,0,11595,415,49397
1764802,0,11595,415,49397
1764852,0,11595,415,49397
1764902,0,11595,415,49397
1764952,0,10561,415,49397
1765002,0,10561,415,49397
1765137,0,10561,415,49397
1765187,0,8523,457,49397
1765279,0,8523,457,49397
1765329,0,8523,457,49397
1765379,0,8523,457,49397
1765429,0,8523,457,49397
1765479,0,8523,457,49397
1765529,0,8523,457,49397
1765579,0,8523,462,49397
1765629,0,8523,462,49397
1765679,0,8523,462,49397
1765729,0,8523,462,49397
1765779,0,5388,462,49398
1765829,0,5388,462,49398
1765879,0,5388,462,49398
1765929,0,5388,462,49398
1765979,0,5388,459,49398
1766029,0,5388,459,49398
1766079,0,5388,459,49398
1766129,0,5388,459,49398
1766307,0,5388,459,49399
1766357,0,5388,459,49399
1766407,0,5388,441,49399
1766457,0,5388,441,49399
1766507,0,5388,441,49399
1766557,0,5388,441,49399
1766607,0,5388,441,49400
1766657,0,5388,441,49400
1766707,0,5388,441,49400
1766757,0,5388,441,49400
1766807,0,5388,436,49400
1766857,0,5388,436,49400
1766907,0,5388,436,49400
1766957,0,5352,436,49400
1767007,0,5317,436,49400
1767057,0,5281,436,49400
1767107,0,5245,436,49400
1767157,0,5210,436,49400
1767207,0,5174,462,49400
1767299,0,5108,462,49400
1767434,0,5012,462,49388
1767484,0,4976,462,49388
1767534,0,4941,462,49388
1767584,0,4905,995,49388
1767634,0,4869,995,49388
1767684,0,4834,995,49388
1767734,0,4798,995,49388
1767784,0,4762,995,49412
1767834,0,4726,995,49412
1767884,0,4691,995,49412
1767934,0,4655,995,49412
1767984,0,4619,996,49412
1768034,0,4584,996,49412
1768084,0,4548,996,49412
1768134,0,4512,996,49412
1768184,0,4477,996,49414
1768234,0,4441,996,49414
1768284,0,4405,996,49414
1768334,0,4370,996,49414
1768384,0,4334,202,49414
1768562,0,4207,202,49414
1768612,0,4171,202,49399
1768662,0,4136,202,49399
1768712,0,4100,202,49399
1768762,0,4064,202,49399
1768812,0,4029,298,49399
1768862,0,3993,298,49399
1768912,0,3957,298,49399
1768962,0,3921,298,49399
1769012,0,3886,298,49389
1769062,0,3850,298,49389
1769112,0,3814,298,49389
1769162,0,3779,298,49389
1769212,0,3743,381,49389
1769262,0,3707,381,49389
1769312,0,3672,381,49389
1769362,0,3636,381,49389
1769412,0,3600,381,49390
1769462,0,3565,381,49390
1769512,0,3529,381,49390
1769690,0,3402,376,49390
1769740,0,3366,376,49390
1769790,0,3331,376,49391
1769840,0,3295,376,49391
1769890,0,3259,376,49391
1769940,0,3224,376,49391
1769990,0,3188,370,49391
1770040,0,3152,370,49391
1770090,0,3117,370,49391
1770140,0,3081,370,49391
1770190,0,3045,370,49391
1770240,0,3009,370,49391
1770290,0,2974,370,49391
1770340,0,2938,370,49391
1770390,0,2902,371,49391
1770440,0,2867,371,49391
1770490,0,2831,371,49391
1770540,0,2795,371,49391
1770590,0,2760,371,49392
1770640,0,2724,371,49392
1770777,0,2626,371,49392
1770870,0,2560,370,49392
1770920,0,2524,370,49392
1770970,0,2489,370,49392
1771020,0,2453,370,49113
1771070,0,2417,370,49113
1771120,0,2381,370,49113
1771170,0,2346,370,49113
1771220,0,2310,2414,49113
1771270,0,2274,2414,49113
1771320,0,2239,2414,49113
1771370,0,2203,2414,49113
1771420,0,2167,2414,49085
1771470,0,2132,2414,49085
1771520,0,2096,2414,49085
1771570,0,2060,2414,49085
1771620,0,2025,2616,49085
1771670,0,1989,2616,49085
1771720,0,1953,2616,49085
1771770,0,1918,2616,49085
1771906,0,1821,2616,49045
1771999,0,1754,2802,49045
1772049,0,1719,2802,49045
1772099,0,1683,2802,49045
1772149,0,1647,2802,49045
1772199,0,1611,2802,49012
1772249,0,1576,2802,49012
1772299,0,1540,2802,49012
1772349,0,1504,2802,49012
1772399,0,1469,2991,49012
1772449,0,1433,2991,49012
1772499,0,1397,2991,49012
1772549,0,1362,2991,49012
1772599,0,1326,2991,48983
1772649,0,1290,2991,48983
1772699,0,1255,2991,48983
1772749,0,1219,2991,48983
1772799,0,1219,3214,48983
1772849,0,1219,3214,48983
1772899,0,1219,3214,48983
1773077,0,1219,3214,48949
1773127,0,1219,3214,48949
1773177,0,1219,3214,48949
1773227,0,1219,3420,48949
1773277,0,1219,3420,48949
1773327,0,1219,3420,48949
1773377,0,1219,3420,48949
1773427,0,1219,3420,48912
1773477,0,1219,3420,48912
1773527,0,1219,3420,48912
1773577,0,1219,3420,48912
1773627,0,1219,3626,48912
1773677,0,1219,3626,48912
1773727,0,1219,3626,48912
1773777,0,3072,3626,48912
1773827,0,3072,3626,48876
1773877,0,3072,3626,48876
1773927,0,3072,3626,48876
1774019,0,3072,3831,48876
1774069,0,3072,3831,48876
1774204,0,3072,3831,48839
1774254,0,3072,3831,48839
1774304,0,3072,3831,48839
1774354,0,3072,3831,48839
1774404,0,3072,4042,48839
1774454,0,3072,4042,48839
1774504,0,3072,4042,48839
1774554,0,4030,4042,48839
1774604,0,4030,4042,48806
1774654,0,4030,4042,48806
1774704,0,4030,4042,48806
1774754,0,4030,4042,48806
1774804,0,4030,4257,48806
1774854,0,4030,4257,48806
1774904,0,4030,4257,48806
1774996,0,4030,4257,48806
1775046,0,4030,4257,48769
1775096,0,4030,4257,48769
1775146,0,4030,4257,48769
1775196,0,4030,4257,48769
1775332,0,4030,4468,48769
1775382,0,4879,4468,48769
1775432,0,4879,4468,48735
1775482,0,4879,4468,48735
1775532,0,4879,4468,48735
1775582,0,4879,4468,48735
1775632,0,4879,4660,48735
1775682,0,4879,4660,48735
1775732,0,4879,4660,48735
1775782,0,5543,4660,48735
1775832,0,5543,4660,48698
1775882,0,5543,4660,48698
1775932,0,5543,4660,48698
1776024,0,5543,4882,48698
1776074,0,5543,4882,48698
1776124,0,5543,4882,48698
1776259,0,5543,4882,48661
1776309,0,5543,4882,48661
1776359,0,6268,4882,48661
1776409,0,6268,4882,48661
1776459,0,6268,5084,48661
1776509,0,6268,5084,48661
1776559,0,6268,5084,48661
1776609,0,6268,5084,48661
1776659,0,6268,5084,48627
1776709,0,6268,5084,48627
1776759,0,6654,5084,48627
1776809,0,6654,5084,48627
1776859,0,6654,5284,48627
1776909,0,6654,5284,48627
1776959,0,6654,5284,48627
1777051,0,6654,5284,48591
1777101,0,6654,5284,48591
1777151,0,6654,5284,48591
1777201,0,6654,5284,48591
1777251,0,6654,5475,48591
1777386,0,7303,5475,48591
1777436,0,7303,5475,48561
1777486,0,7303,5475,48561
1777536,0,7303,5475,48561
1777586,0,7303,5475,48561
1777636,0,7303,5650,48561
1777686,0,7303,5650,48561
1777736,0,7303,5650,48561
1777786,0,7565,5650,48561
1777836,0,7565,5650,48524
1777886,0,7565,5650,48524
1777936,0,7565,5650,48524
1778028,0,7565,5650,48524
1778078,0,7565,5868,48524
1778128,0,7565,5868,48524
1778178,0,8198,5868,48524
1778228,0,8198,5868,48524
1778278,0,8198,5868,48492
1778328,0,8198,5868,48492
1778378,0,8430,5868,48492
1778513,0,8430,6065,48492
1778563,0,8430,6065,48492
1778613,0,8430,6065,48492
1778663,0,8430,6065,48451
1778713,0,8430,6065,48451
1778763,0,8970,6065,48451
1778813,0,8970,6065,48451
1778863,0,8970,6260,48451
1778913,0,8970,6260,48451
1778963,0,8970,6260,48451
1779055,0,8970,6260,48418
1779105,0,8970,6260,48418
1779155,0,9187,6260,48418
1779205,0,9187,6260,48418
1779255,0,9187,6466,48418
1779305,0,9187,6466,48418
1779355,0,9696,6466,48418
1779405,0,9696,6466,48418
1779455,0,9696,6466,48387
1779505,0,9696,6466,48387
1779641,0,9696,6651,48387
1779691,0,9696,6651,48387
1779741,0,9820,6651,48387
1779791,0,9820,6651,48387
1779841,0,9820,6651,48344
1779891,0,9820,6651,48344
1779941,0,10422,6651,48344
1779991,0,10422,6651,48344
1780084,0,10422,6861,48344
1780134,0,10422,6861,48344
1780184,0,10422,6861,48344
1780234,0,10422,6861,48344
1780284,0,10422,6861,48307
1780334,0,10422,6861,48307
1780384,0,10561,6861,48307
1780434,0,10561,6861,48307
1780484,0,10561,7082,48307
1780534,0,10561,7082,48307
1780584,0,11024,7082,48307
1780634,0,11024,7082,48307
1780770,0,11024,7082,48273
1780820,0,11024,7082,48273
1780870,0,11024,7268,48273
1780920,0,11024,7268,48273
1780970,0,11179,7268,48273
1781063,0,11179,7268,48232
1781113,0,11179,7268,48232
1781163,0,11688,7268,48232
1781213,0,11688,7268,48232
1781263,0,11688,7455,48232
1781313,0,11688,7455,48232
1781363,0,11688,7455,48232
1781413,0,11688,7455,48232
1781463,0,11688,7455,48199
1781513,0,11688,7455,48199
1781563,0,11688,7455,48199
1781613,0,11688,7455,48199
1781663,0,11688,7664,48199
1781713,0,11688,7664,48199
1781763,0,12352,7664,48199
1781898,0,12352,7664,48161
1781948,0,12352,7664,48161
1782040,0,12352,7664,48161
1782090,0,12352,7886,48161
1782140,0,12862,7886,48161
1782190,0,12862,7886,48161
1782240,0,12862,7886,48161
1782290,0,12862,7886,48131
1782340,0,12862,7886,48131
1782390,0,12862,7886,48131
1782440,0,12862,7886,48131
1782490,0,12862,8071,48131
1782540,0,13417,8071,48131
1782590,0,13417,8071,48131
1782640,0,13417,8071,48131
1782690,0,13417,8071,48089
1782740,0,13417,8071,48089
1782790,0,13417,8071,48089
1782840,0,13417,8071,48089
1782932,0,13417,8274,48089
1783068,0,13309,8274,48050
1783118,0,13309,8274,48050
1783168,0,13896,8274,48050
1783218,0,13896,8274,48050
1783268,0,13896,8475,48050
1783318,0,13896,8475,48050
1783368,0,13773,8475,48050
1783418,0,13773,8475,48050
1783468,0,13773,8475,48050
1783518,0,13773,8475,48012
1783568,0,14282,8475,48012
1783618,0,14282,8475,48012
1783668,0,14282,8475,48012
1783718,0,14282,8658,48012
1783768,0,14421,8658,48012
1783818,0,14421,8658,48012
1783910,0,14421,8658,47964
1783960,0,14977,8658,47964
1784010,0,14977,8658,47964
1784060,0,14977,8658,47964
1784196,0,14838,8884,47964
1784246,0,14838,8884,47964
1784296,0,14838,8884,47929
1784346,0,15440,8884,47929
1784396,0,15440,8884,47929
1784446,0,15440,8884,47929
1784496,0,15440,9095,47929
1784546,0,15286,9095,47929
1784596,0,15286,9095,47929
1784646,0,15286,9095,47929
1784696,0,15286,9095,47889
1784746,0,15749,9095,47889
1784796,0,15749,9095,47889
1784888,0,15749,9309,47889
1784938,0,15749,9309,47889
1784988,0,15749,9309,47889
1785038,0,15749,9309,47889
1785088,0,15749,9309,47856
1785138,0,15749,9309,47856
1785188,0,16243,9309,47856
1785324,0,16243,9500,47856
1785374,0,16073,9500,47856
1785424,0,16073,9500,47856
1785474,0,16073,9500,47856
1785524,0,16073,9500,47816
1785574,0,16598,9500,47816
1785624,0,16598,9500,47816
1785674,0,16598,9500,47816
1785724,0,16598,9715,47816
1785774,0,16598,9715,47816
1785866,0,16598,9715,47816
1785916,0,16598,9715,47777
1785966,0,16953,9715,47777
1786016,0,16953,9715,47777
1786066,0,16953,9715,47777
1786116,0,16953,9934,47777
1786166,0,16768,9934,47777
1786216,0,16768,9934,47777
1786266,0,16768,9934,47777
1786316,0,16768,9934,47740
1786452,0,17540,9934,47740
1786502,0,17540,10146,47740
1786552,0,17941,10146,47740
1786602,0,17941,10146,47740
1786652,0,17941,10146,47740
1786702,0,17941,10146,47702
1786752,0,17941,10146,47702
1786844,0,17941,10146,47702
1786894,0,17941,10336,47702
1786944,0,18158,10336,47702
1786994,0,18158,10336,47702
1787044,0,18158,10336,47702
1787094,0,18158,10336,47656
1787144,0,17941,10336,47656
1787194,0,17941,10336,47656
1787244,0,17941,10336,47656
1787294,0,17941,10506,47656
1787344,0,18590,10506,47656
1787394,0,18590,10506,47656
1787444,0,18590,10506,47656
1787580,0,19053,10506,47616
1787630,0,19053,10506,47616
1787680,0,19053,10506,47616
1787773,0,18822,10677,47616
1787823,0,18822,10677,47616
1787873,0,18822,10677,47616
1787923,0,18822,10677,47588
1787973,0,19300,10677,47588
1788023,0,19300,10677,47588
1788073,0,19300,10677,47588
1788123,0,19300,10877,47588
1788173,0,19053,10877,47588
1788223,0,19053,10877,47588
1788273,0,19053,10877,47588
1788323,0,19053,10877,47551
1788373,0,19300,10877,47551
1788423,0,19300,10877,47551
1788473,0,19300,10877,47551
1788523,0,19300,11094,47551
1788573,0,20041,11094,47551
1788753,0,19794,11094,47508
1788803,0,19794,11094,47508
1788853,0,19794,11094,47508
1788903,0,19794,11249,47508
1788953,0,20041,11249,47508
1789003,0,20041,11249,47508
1789053,0,20041,11249,47508
1789103,0,20041,11249,47470
1789153,0,20304,11249,47470
1789203,0,20304,11249,47470
1789253,0,20304,11249,47470
1789303,0,20304,11249,47470
1789353,0,20041,11410,47470
1789403,0,20041,11410,47470
1789453,0,20041,11410,47470
1789503,0,20041,11410,47470
1789637,0,20860,11410,47439
1789687,0,20860,11410,47439
1789737,0,20860,11636,47439
1789787,0,21138,11636,47439
1790092,0,20860,11636,47394
1790142,0,20860,11790,47394
1790192,0,20860,11790,47394
1790242,0,20860,11790,47394
1790292,0,20860,11790,47394
1790342,0,21740,11790,47363
1790392,0,21740,11790,47363
1790442,0,21740,11790,47363
1790492,0,21740,11790,47363
1790542,0,21138,11992,47363
1790592,0,21138,11992,47363
1790642,0,21138,11992,47363
1790692,0,21138,11992,47363
1790784,0,21431,11992,47330
1790834,0,21431,11992,47330
1790884,0,21431,11992,47330
1791061,0,22049,12154,47330
1791111,0,22049,12154,47330
1791161,0,22373,12154,47284
1791211,0,22373,12154,47284
1791261,0,22373,12154,47284
1791311,0,22373,12154,47284
1791361,0,22049,13084,47284
1791411,0,22049,13084,47284
1791461,0,22049,13084,47284
1791511,0,22049,13084,47284
1791561,0,23037,13084,47253
1791611,0,23037,13084,47253
1791661,0,23037,13084,47253
1791753,0,23037,13322,47253
1791803,0,23037,13322,47253
1791853,0,23037,13322,47253
1791903,0,23037,13322,47253
1791953,0,22697,13322,47205
1792003,0,22697,13322,47205
1792053,0,22697,13322,47205
1792189,0,22697,13500,47205
1792239,0,22697,13500,47205
1792289,0,22697,13500,47205
1792339,0,23392,13500,47179
1792389,0,23392,13500,47179
1792439,0,23392,13500,47179
1792489,0,23392,13500,47179
1792539,0,23747,13683,47179
1792589,0,23747,13683,47179
1792639,0,23747,13683,47179
1792731,0,23747,13683,47136
1792781,0,23037,13683,47136
1792831,0,23037,13683,47136
1792881,0,23037,13683,47136
1792931,0,23037,13787,47136
1792981,0,23392,13787,47136
1793031,0,23392,13787,47136
1793081,0,23392,13787,47136
1793131,0,23392,13787,47112
1793181,0,23747,13787,47112
1793316,0,23747,13787,47112
1793366,0,24504,13202,47112
1793416,0,24504,13202,47112
1793466,0,24504,13202,47112
1793516,0,24504,13202,47112
1793566,0,24504,13202,47073
1793658,0,24504,13202,47073
1793708,0,24504,13202,47073
1793758,0,24118,13379,47073
1793808,0,24118,13379,47073
1793858,0,24118,13379,47073
1793908,0,24118,13379,47073
1793958,0,24504,13379,47029
1794008,0,24504,13379,47029
1794058,0,24504,13379,47029
1794108,0,24504,13379,47029
1794158,0,25307,13519,47029
1794208,0,25307,13519,47029
1794258,0,25307,13519,47029
1794308,0,25307,13519,47029
1794444,0,25307,13519,47002
1794494,0,25307,13519,47002
1794544,0,25724,13735,47002
1794636,0,25724,13735,47002
1794686,0,25724,13735,47002
1794736,0,25724,13735,46954
1794786,0,24890,13735,46954
1794836,0,24890,13735,46954
1794886,0,24890,13735,46954
1794936,0,24890,13735,46954
1794986,0,25307,13887,46954
1795036,0,25307,13887,46954
1795086,0,25307,13887,46954
1795136,0,25307,13887,46954
1795186,0,25724,13887,46924
1795236,0,25724,13887,46924
1795286,0,25724,13887,46924
1795336,0,25724,13887,46924
1795386,0,26156,14022,46924
1795479,0,26156,14022,46924
1795615,0,26619,14022,46895
1795665,0,26619,14022,46895
1795715,0,26619,14022,46895
1795765,0,26619,14217,46895
1795815,0,26619,14217,46895
1795865,0,26619,14217,46895
1795915,0,26619,14217,46895
1795965,0,27082,14217,46854
1796015,0,27082,14217,46854
1796065,0,27082,14217,46854
1796115,0,27082,14217,46854
1796165,0,26156,14431,46854
1796215,0,26156,14431,46854
1796265,0,26156,14431,46854
1796315,0,26156,14431,46854
1796365,0,26619,14431,46798
1796458,0,26619,14431,46798
1796508,0,26619,14431,46798
1796558,0,26619,14548,46798
1796608,0,26619,14548,46798
1796743,0,27082,14548,46798
1796793,0,27082,14548,46760
1796843,0,27082,14548,46760
1796893,0,27082,14548,46760
1796943,0,27561,14548,46760
1796993,0,27561,14763,46760
1797043,0,27561,14763,46760
1797093,0,27561,14763,46760
1797143,0,28071,14763,46760
1797193,0,28071,14763,46742
1797243,0,28071,14763,46742
1797293,0,28071,14763,46742
1797343,0,28071,14763,46742
1797435,0,28071,14919,46742
1797485,0,28071,14919,46742
1797535,0,28071,14919,46742
1797585,0,28071,14919,46699
1797635,0,28071,14919,46699
1797685,0,28071,14919,46699
1797735,0,28071,14919,46699
1797870,0,27561,15079,46699
1797920,0,27561,15079,46699
1797970,0,28071,15079,46668
1798020,0,28071,15079,46668
1798070,0,28071,15079,46668
1798120,0,28071,15079,46668
1798170,0,28071,15257,46668
1798220,0,28071,15257,46668
1798270,0,28071,15257,46668
1798362,0,28071,15257,46668
1798412,0,28071,15257,46622
1798462,0,28071,15257,46622
1798512,0,28071,15257,46622
1798562,0,28580,15257,46622
1798612,0,28580,15416,46622
1798662,0,28580,15416,46622
1798712,0,28580,15416,46622
1798762,0,28580,15416,46622
1798812,0,28580,15416,46579
1798862,0,28580,15416,46579
1798998,0,28580,15529,46579
1799048,0,28580,15529,46579
1799098,0,28580,15529,46579
1799148,0,29692,15529,46579
1799198,0,29692,15529,46544
1799248,0,29692,15529,46544
1799340,0,29692,15529,46544
1799390,0,29692,15716,46544
1799440,0,29692,15716,46544
1799490,0,29692,15716,46544
1799540,0,30263,15716,46544
1799590,0,30263,15716,46520
1799640,0,30263,15716,46520
1799690,0,30263,15716,46520
1799740,0,29692,15716,46520
1799790,0,29692,15837,46520
1799840,0,29692,15837,46520
1799890,0,29692,15837,46520
1799940,0,30263,15837,46520
1799990,0,30263,15837,46484
1800126,0,30263,15837,46484
1800176,0,30263,15991,46484
1800268,0,30263,15991,46484
1800318,0,30263,15991,46484
1800368,0,30881,15991,46484
1800418,0,30881,15991,46452
1800468,0,30881,15991,46452
1800518,0,30881,15991,46452
1800568,0,30881,15991,46452
1800618,0,30881,16187,46452
1800668,0,30881,16187,46452
1800718,0,30881,16187,46452
1800768,0,30881,16187,46452
1800818,0,30881,16187,46420
1800868,0,30881,16187,46420
1800918,0,30881,16187,46420
1800968,0,30881,16187,46420
1801018,0,30881,16346,46420
1801068,0,30881,16346,46420
1801160,0,31498,16346,46420
1801295,0,31498,16346,46384
1801345,0,31498,16346,46384
1801395,0,31498,16480,46384
1801445,0,31498,16480,46384
1801495,0,31498,16480,46384
1801545,0,31498,16480,46384
1801595,0,31498,16480,46351
1801645,0,31498,16480,46351
1801695,0,31498,16480,46351
1801745,0,31498,16480,46351
1801795,0,31498,16617,46351
1801845,0,31498,16617,46351
1801895,0,31498,16617,46351
1801945,0,32162,16617,46351
1801995,0,32162,16617,46317
1802087,0,32162,16617,46317
1802137,0,32162,16617,46317
1802187,0,32162,16777,46317
1802237,0,32162,16777,46317
1802287,0,32162,16777,46317
1802423,0,32162,16777,46276
1802473,0,32162,16777,46276
1802523,0,32162,16777,46276
1802573,0,32162,16777,46276
1802623,0,32162,16956,46276
1802673,0,32162,16956,46276
1802723,0,32162,16956,46276
1802773,0,32842,16956,46276
1802823,0,32842,16956,46230
1802873,0,32842,16956,46230
1802923,0,32842,16956,46230
1802973,0,32842,16956,46230
1803066,0,32842,17144,46230
1803116,0,32842,17144,46230
1803166,0,32842,17144,46230
1803216,0,32842,17144,46195
1803266,0,32842,17144,46195
1803316,0,32842,17144,46195
1803366,0,32162,17144,46195
1803416,0,32162,17250,46195
1803552,0,32162,17250,46195
1803602,0,32162,17250,46195
1803652,0,32162,17250,46172
1803702,0,32162,17250,46172
1803752,0,32162,17250,46172
1803802,0,32162,17250,46172
1803852,0,32162,17397,46172
1803902,0,32162,17397,46172
1803995,0,32162,17397,46172
1804045,0,32162,17397,46150
1804095,0,32162,17397,46150
1804145,0,32842,17397,46150
1804195,0,32842,17397,46150
1804245,0,32842,17523,46150
1804295,0,32842,17523,46150
1804345,0,32842,17523,46150
1804395,0,32842,17523,46150
1804445,0,32842,17523,46118
1804495,0,32842,17523,46118
1804545,0,32842,17523,46118
1804680,0,32842,17614,46118
1804730,0,32842,17614,46118
1804780,0,34309,17614,46118
1804830,0,34309,17614,46077
1804880,0,34309,17614,46077
1804972,0,34309,17614,46077
1805022,0,34309,17787,46077
1805072,0,34309,17787,46077
1805122,0,34309,17787,46077
1805172,0,34309,17787,46077
1805222,0,34309,17787,46032
1805272,0,34309,17787,46032
1805322,0,34309,17787,46032
1805372,0,34309,17787,46032
1805422,0,34309,17965,46032
1805472,0,34309,17965,46032
1805609,0,35081,17965,46032
1805659,0,35081,17965,48511
1805709,0,35081,17965,48511
1805759,0,33552,17965,48511
1805809,0,33552,17965,48511
1805901,0,33552,1029,48511
1805951,0,34309,1029,48511
1806001,0,34309,1029,48511
1806051,0,34309,1029,48592
1806101,0,34309,1029,48592
1806151,0,33552,1029,48592
1806201,0,33552,1029,48592
1806251,0,33552,137,48592
1806301,0,33552,137,48592
1806351,0,32842,137,48592
1806401,0,32842,137,48592
1806451,0,32842,137,48635
1806501,0,32842,137,48635
1806551,0,32842,137,48635
1806601,0,32842,137,48635
1806737,0,32842,125,48635
1806787,0,33552,125,48635
1806837,0,33552,125,48667
1806929,0,33552,125,48667
1806979,0,33552,125,48667
1807029,0,33552,123,48667
1807079,0,33552,123,48667
1807129,0,33552,123,48667
1807179,0,33552,123,48667
1807229,0,33552,123,48693
1807279,0,33552,123,48693
1807329,0,33552,123,48693
1807379,0,34309,123,48693
1807429,0,34309,120,48693
1807479,0,34309,120,48693
1807529,0,34309,120,48693
1807579,0,33552,120,48693
1807629,0,33552,120,48714
1807679,0,33552,120,48714
1807729,0,33552,120,48714
1807907,0,32842,121,48714
1807957,0,33552,121,48714
1808007,0,33552,121,48714
1808057,0,33552,121,48733
1808107,0,33552,121,48733
1808157,0,32842,121,48733
1808207,0,32842,121,48733
1808257,0,32842,119,48733
1808307,0,32842,119,48733
1808357,0,32162,119,48733
1808407,0,32162,119,48733
1808457,0,32162,119,48750
1808507,0,32162,119,48750
1808557,0,32162,119,48750
1808607,0,32162,119,48750
1808657,0,32162,120,48750
1808707,0,32162,120,48750
1808757,0,32842,120,48750
1808849,0,32842,120,48766
1808899,0,32842,120,48766
1809034,0,32162,119,48766
1809084,0,32162,119,48766
1809134,0,32162,119,48766
1809184,0,32162,119,48766
1809234,0,32162,119,48766
1809284,0,32162,119,48780
1809334,0,32162,119,48780
1809384,0,31498,119,48780
1809434,0,31498,119,48780
1809484,0,31498,119,48780
1809534,0,31498,119,48780
1809584,0,31498,119,48780
1809634,0,31498,119,48780
1809684,0,31498,119,48793
1809734,0,31498,119,48793
1809784,0,31498,119,48793
1809876,0,31498,119,48793
1809926,0,31498,119,48793
1809976,0,32162,119,48793
1810026,0,32162,119,48793
1810162,0,32162,119,48794
1810212,0,32162,119,48794
1810262,0,32162,207,48794
1810312,0,32162,207,48794
1810362,0,32162,207,48794
1810412,0,32162,207,48794
1810462,0,32162,207,48806
1810512,0,32162,207,48806
1810562,0,32162,207,48806
1810612,0,32162,207,48806
1810662,0,32162,197,48806
1810712,0,32162,197,48806
1810762,0,32162,197,48806
1810855,0,32162,197,48818
1810905,0,32162,197,48818
1810955,0,32162,197,48818
1811005,0,32162,197,48818
1811055,0,32162,191,48818
1811105,0,32162,191,48818
1811155,0,31498,191,48818
1811291,0,31498,191,48839
1811341,0,31498,191,48839
1811391,0,31498,191,48839
1811441,0,31498,191,48839
1811491,0,31498,301,48839
1811541,0,31498,301,48839
1811591,0,31498,301,48839
1811641,0,31498,301,48839
1811691,0,31498,301,48847
1811741,0,31498,301,48847
1811791,0,31498,301,48847
1811884,0,31498,221,48847
1811934,0,31498,221,48847
1811984,0,31498,221,48847
1812034,0,31498,221,48847
1812084,0,31498,221,48844
1812134,0,31498,221,48844
1812184,0,31498,221,48844
1812234,0,31498,221,48844
1812284,0,31498,200,48844
1812419,0,31154,200,48844
1812469,0,31027,200,48856
1812519,0,30900,200,48856
1812569,0,30772,200,48856
1812619,0,30645,200,48856
1812669,0,30518,199,48856
1812719,0,30390,199,48856
1812769,0,30263,199,48856
1812819,0,30263,199,48856
1812911,0,30263,199,48854
1812961,0,30881,199,48854
1813011,0,30881,199,48854
1813061,0,30881,157,48854
1813111,0,30881,157,48854
1813161,0,30881,157,48854
1813211,0,30881,157,48854
1813261,0,30881,157,48854
1813311,0,30881,157,48849
1813361,0,30881,157,48849
1813411,0,30881,157,48849
1813546,0,30881,366,48849
1813596,0,30881,366,48849
1813646,0,30881,366,48849
1813696,0,30881,366,48890
1813746,0,30881,366,48890
1813796,0,30881,366,48890
1813846,0,30881,366,48890
1813938,0,30881,398,48890
1813988,0,30881,398,48890
1814038,0,30881,398,48890
1814088,0,30881,398,48832
1814138,0,30881,398,48832
1814188,0,30832,398,48832
1814238,0,30784,398,48832
1814288,0,30735,313,48832
1814338,0,30686,313,48832
1814388,0,30638,313,48832
1814438,0,30589,313,48832
1814488,0,30540,313,48907
1814538,0,30492,313,48907
1814673,0,30360,249,48907
1814723,0,30312,249,48907
1814773,0,30263,249,48907
1814823,0,30263,249,48907
1814873,0,30263,249,48915
1814923,0,30263,249,48915
1815015,0,30263,249,48915
1815065,0,30263,249,48915
1815115,0,30263,122,48915
1815165,0,29692,122,48915
1815215,0,29692,122,48915
1815265,0,29692,122,48915
1815315,0,29692,122,48923
1815365,0,29692,122,48923
1815415,0,29692,122,48923
1815465,0,29692,122,48923
1815515,0,29692,121,48923
1815565,0,29692,121,48923
1815615,0,29692,121,48923
1815665,0,29692,121,48923
1815800,0,29120,121,48930
1815850,0,29120,121,48930
1815900,0,29120,122,48930
1815950,0,29120,122,48930
1816042,0,29120,122,48930
1816092,0,29120,122,48938
1816142,0,29120,122,48938
1816192,0,29120,122,48938
1816242,0,29120,122,48938
1816292,0,29120,122,48938
1816342,0,29120,122,48938
1816392,0,29120,122,48938
1816442,0,29120,122,48938
1816492,0,29120,122,48945
1816542,0,29120,122,48945
1816592,0,29120,122,48945
1816642,0,29120,122,48945
1816692,0,29120,121,48945
1816742,0,28580,121,48945
1816792,0,28580,121,48945
1816927,0,28580,121,48951
1817019,0,28580,121,48951
1817069,0,28580,121,48951
1817119,0,28580,121,48951
1817169,0,29120,121,48951
1817219,0,29120,121,48951
1817269,0,29120,121,48951
1817319,0,29120,121,48958
1817369,0,29120,121,48958
1817419,0,29120,121,48958
1817469,0,29120,121,48958
1817519,0,29120,120,48958
1817569,0,29120,120,48958
1817619,0,29120,120,48958
1817669,0,29120,120,48958
1817719,0,29120,120,48964
1817769,0,29120,120,48964
1817819,0,29120,120,48964
1817869,0,29120,120,48964
1817961,0,28580,121,48964
1818097,0,28580,121,48964
1818147,0,28071,121,48970
1818197,0,28071,121,48970
1818247,0,28071,121,48970
1818297,0,28071,121,48970
1818347,0,28071,122,48970
1818397,0,28071,122,48970
1818447,0,28071,122,48970
1818497,0,28071,122,48970
1818547,0,27561,122,48976
1818597,0,27561,122,48976
1818647,0,27561,122,48976
1818697,0,27561,122,48976
1818747,0,28071,122,48976
1818797,0,28071,122,48976
1818847,0,28071,122,48976
1818897,0,28071,122,48976
1818990,0,27561,122,48983
1819040,0,27561,122,48983
1819090,0,27561,122,48983
1819226,0,27561,121,48983
1819276,0,27561,121,48983
1819326,0,27561,121,48987
1819376,0,27561,121,48987
1819426,0,27561,121,48987
1819476,0,27561,121,48987
1819526,0,27561,121,48987
1819576,0,28071,121,48987
1819626,0,28071,121,48987
1819676,0,28071,121,48987
1819726,0,28071,121,48994
1819776,0,27561,121,48994
1819826,0,27561,121,48994
1819876,0,27561,121,48994
1819969,0,27561,121,48994
1820019,0,27561,121,48994
1820154,0,27561,121,48999
1820204,0,27561,121,48999
1820254,0,27561,121,48999
1820304,0,27561,121,48999
1820354,0,27082,121,48999
1820404,0,27082,121,48999
1820454,0,27082,121,48999
1820504,0,27082,121,48999
1820554,0,27082,121,49004
1820604,0,27082,121,49004
1820654,0,27082,121,49004
1820704,0,27082,121,49004
1820754,0,26619,491,49004
1820804,0,26619,491,49004
1820854,0,26619,491,49004
1820904,0,26619,491,49004
1821038,0,26619,491,48998
1821088,0,26619,491,48998
1821138,0,26619,201,48998
1821188,0,27082,201,48998
1821493,0,27082,201,49003
1821543,0,27082,198,49003
1821593,0,27082,198,49003
1821643,0,27082,198,49003
1821693,0,27082,198,49003
1821743,0,27082,198,49008
1821793,0,27082,198,49008
1821843,0,27082,198,49008
1821893,0,27082,198,49008
1821943,0,26156,270,49008
1821993,0,26156,270,49008
1822043,0,26156,270,49008
1822093,0,26156,270,49008
1822143,0,25724,270,48998
1822235,0,25724,270,48998
1822285,0,25724,270,48998
1822335,0,25724,371,48998
1822385,0,25724,371,48998
1822435,0,25724,371,48998
1822485,0,25724,371,48998
1822663,0,26619,371,48992
1822713,0,26619,371,48992
1822763,0,26619,377,48992
1822813,0,26619,377,48992
1822863,0,26619,377,48992
1822913,0,26619,377,48992
1822963,0,26156,377,48997
1823013,0,26156,377,48997
1823063,0,26156,377,48997
1823113,0,26156,377,48997
1823163,0,25724,373,48997
1823255,0,25724,373,48997
1823305,0,25724,373,48997
1823355,0,25307,373,49002
1823405,0,25307,373,49002
1823455,0,25307,373,49002
1823505,0,25307,373,49002
1823555,0,25724,370,49002
1823605,0,25724,370,49002
1823655,0,25724,370,49002
1823791,0,26156,370,49005
1823841,0,26156,370,49005
1823891,0,26156,370,49005
1823941,0,25724,368,49005
1823991,0,25724,368,49005
1824041,0,25724,368,49005
1824091,0,25724,368,49005
1824141,0,25307,368,49009
1824191,0,25307,368,49009
1824283,0,25307,368,49009
1824333,0,25307,368,49009
1824383,0,25307,4723,49009
1824433,0,25307,4723,49009
1824483,0,25307,4723,49009
1824533,0,25307,4723,49009
1824583,0,24890,4723,47119
1824633,0,24890,4723,47119
1824683,0,24890,4723,47119
1824733,0,24890,4723,47119
1824783,0,25307,13751,47119
1824919,0,25307,13751,47119
1824969,0,25724,13751,47038
1825019,0,25724,13751,47038
1825069,0,25724,13751,47038
1825119,0,25724,13751,47038
1825169,0,26156,13949,47038
1825261,0,26156,13949,47038
1825311,0,26156,13949,47038
1825361,0,26619,13949,46987
1825411,0,26619,13949,46987
1825461,0,26619,13949,46987
1825511,0,26619,13949,46987
1825561,0,27082,14107,46987
1825611,0,27082,14107,46987
1825661,0,27082,14107,46987
1825711,0,27082,14107,46987
1825761,0,26156,14107,46939
1825811,0,26156,14107,46939
1825861,0,26156,14107,46939
1825911,0,26156,14107,46939
1826047,0,26156,14274,46939
1826097,0,26156,14274,46939
1826190,0,26156,14274,46891
1826240,0,26156,14274,46891
1826290,0,26156,14274,46891
1826340,0,27561,14274,46891
1826390,0,27561,14488,46891
1826440,0,27561,14488,46891
1826490,0,27561,14488,46891
1826540,0,27082,14488,46891
1826590,0,27082,14488,46841
1826640,0,27082,14488,46841
1826690,0,27082,14488,46841
1826740,0,27561,14488,46841
1826790,0,27561,14615,46841
1826840,0,27561,14615,46841
1826890,0,27561,14615,46841
1826940,0,28071,14615,46841
1826990,0,28071,14615,46799
1827083,0,28071,14615,46799
1827219,0,28071,14746,46799
1827269,0,28071,14746,46799
1827319,0,28071,14746,46799
1827369,0,27561,14746,46752
1827419,0,27561,14746,46752
1827469,0,27561,14746,46752
1827519,0,27561,14746,46752
1827569,0,27561,14944,46752
1827619,0,27561,14944,46752
1827669,0,27561,14944,46752
1827719,0,27561,14944,46752
1827769,0,28071,14944,46709
1827819,0,28071,14944,46709
1827869,0,28071,14944,46709
1827919,0,28071,14944,46709
1827969,0,28071,15087,46709
1828062,0,28071,15087,46709
1828112,0,28071,15087,46709
1828162,0,28580,15087,46678
1828212,0,28580,15087,46678
1828347,0,28580,15087,46678
1828397,0,28580,15233,46678
1828447,0,28580,15233,46678
1828497,0,28580,15233,46678
1828547,0,29120,15233,46678
1828597,0,29120,15233,46645
1828647,0,29120,15233,46645
1828697,0,29120,15233,46645
1828747,0,29692,15233,46645
1828797,0,29692,15395,46645
1828847,0,29692,15395,46645
1828897,0,29692,15395,46645
1828989,0,29692,15395,46589
1829039,0,29692,15395,46589
1829089,0,29692,15395,46589
1829139,0,29120,15395,46589
1829189,0,29120,15545,46589
1829239,0,29120,15545,46589
1829289,0,29120,15545,46589
1829339,0,29692,15545,46589
1829474,0,29692,15545,46537
1829524,0,29692,15545,46537
1829574,0,29692,15545,46537
1829624,0,29692,15697,46537
1829674,0,29692,15697,46537
1829724,0,29692,15697,46537
1829774,0,29692,15697,46537
1829824,0,29692,15697,46513
1829874,0,29692,15697,46513
1829966,0,30263,15697,46513
1830016,0,30263,15824,46513
1830066,0,30263,15824,46513
1830116,0,30263,15824,46513
1830166,0,30263,15824,46513
1830216,0,30263,15824,46485
1830266,0,30263,15824,46485
1830316,0,30263,15824,46485
1830366,0,30881,15824,46485
1830416,0,30881,15921,46485
1830466,0,30881,15921,46485
1830602,0,29120,15921,46451
1830652,0,29120,15921,46451
1830702,0,29120,15921,46451
1830752,0,29692,15921,46451
1830802,0,29692,16073,46451
1830894,0,29692,16073,46451
1830944,0,29692,16073,46451
1830994,0,29692,16073,46420
1831044,0,29692,16073,46420
1831094,0,29692,16073,46420
1831144,0,29692,16073,46420
1831194,0,29692,16180,46420
1831244,0,29692,16180,46420
1831294,0,29692,16180,46420
1831344,0,29692,16180,46420
1831394,0,29692,16180,46367
1831444,0,29692,16180,46367
1831494,0,29692,16180,46367
1831544,0,30263,16180,46367
1831594,0,30263,16334,46367
1831730,0,30263,16334,46367
1831780,0,29692,16334,46367
1831872,0,29692,16334,46350
1831922,0,29692,16334,46350
1831972,0,29692,16334,46350
1832022,0,29692,16418,46350
1832072,0,29692,16418,46350
1832122,0,29692,16418,46350
1832172,0,30263,16418,46350
1832222,0,30263,16418,46316
1832272,0,30263,16418,46316
1832322,0,30263,16418,46316
1832372,0,30263,16418,46316
1832422,0,30263,16503,46316
1832472,0,30263,16503,46316
1832522,0,30263,16503,46316
1832572,0,30263,16503,46316
1832622,0,30263,16503,46287
1832714,0,30263,16503,46287
1832764,0,30263,16503,46287
1832900,0,30263,16592,46287
1832950,0,30263,16592,46287
1833000,0,30263,16592,46265
1833050,0,30263,16592,46265
1833100,0,30263,16592,46265
1833150,0,30263,16592,46265
1833200,0,30263,16696,46265
1833250,0,30263,16696,46265
1833300,0,30263,16696,46265
1833350,0,30387,16696,46265
1833400,0,30510,16696,46245
1833450,0,30634,16696,46245
1833500,0,30757,16696,46245
1833550,0,30881,16696,46245
1833600,0,30881,16769,46245
1833692,0,30881,16769,46245
1833742,0,31498,16769,46245
1833792,0,31498,16769,46245
1833842,0,31498,16769,46232
1833892,0,31498,16769,46232
1834028,0,30881,16836,46232
1834078,0,30881,16836,46232
1834128,0,30881,16836,46232
1834178,0,31498,16836,46232
1834228,0,31498,16836,46201
1834278,0,31498,16836,46201
1834328,0,31498,16836,46201
1834378,0,31498,16836,46201
1834428,0,31498,16921,46201
1834478,0,31498,16921,46201
1834528,0,31498,16921,46201
1834578,0,30881,16921,46201
1834671,0,30881,16921,46178
1834721,0,30881,16921,46178
1834771,0,31498,16921,46178
1834821,0,31498,16989,46178
1834957,0,31498,16989,46178
1835007,0,31498,16989,46155
1835057,0,31498,16989,46155
1835107,0,31498,16989,46155
1835157,0,31498,16989,46155
1835207,0,31498,17052,46155
1835257,0,31498,17052,46155
1835307,0,31498,17052,46155
1835357,0,31498,17052,46155
1835407,0,31498,17052,46135
1835457,0,31498,17052,46135
1835507,0,31498,17052,46135
1835600,0,32162,17052,46135
1835650,0,32162,17074,46135
1835700,0,32162,17074,46135
1835750,0,32842,17074,46135
1835800,0,32842,17074,46135
1835850,0,32842,17074,46117
1835900,0,32842,17074,46117
1835950,0,32162,17074,46117
1836085,0,32162,17221,46117
1836135,0,32162,17221,46117
1836185,0,32842,17221,46117
1836235,0,32842,17221,46077
1836285,0,32842,17221,46077
1836335,0,32842,17221,46077
1836385,0,32842,17221,46077
1836435,0,32842,17257,46077
1836485,0,32842,17257,46077
1836577,0,33552,17257,46077
1836627,0,33552,17257,46048
1836677,0,33552,17257,46048
1836727,0,33552,17257,46048
1836777,0,32842,17257,46048
1836827,0,32842,17313,46048
1836877,0,32842,17313,46048
1836927,0,32842,17313,46048
1836977,0,33552,17313,46048
1837027,0,33552,17313,48485
1837077,0,33552,17313,48485
1837212,0,33552,17313,48485
1837262,0,33552,309,48485
1837312,0,33552,309,48485
1837362,0,32162,309,48485
1837412,0,32162,309,48485
1837504,0,32162,309,48543
1837554,0,31498,309,48543
1837604,0,31498,309,48543
1837654,0,31498,129,48543
1837704,0,31498,129,48543
1837754,0,32162,129,48543
1837804,0,32162,129,48543
1837854,0,32162,129,48580
1837904,0,32162,129,48580
1837954,0,32162,129,48580
1838004,0,32162,129,48580
1838054,0,32162,122,48580
1838104,0,32162,122,48580
1838154,0,31498,122,48580
1838204,0,31498,122,48580
1838340,0,31498,122,48609
1838390,0,31498,122,48609
1838440,0,31498,122,48609
1838532,0,31498,122,48609
1838582,0,31498,122,48609
1838632,0,31498,122,48609
1838682,0,31498,122,48632
1838732,0,31498,122,48632
1838782,0,31498,122,48632
1838832,0,31498,122,48632
1838882,0,31498,121,48632
1838932,0,31498,121,48632
1838982,0,31498,121,48632
1839032,0,31498,121,48632
1839082,0,31498,121,48652
1839132,0,31498,121,48652
1839182,0,30881,121,48652
1839232,0,30881,121,48652
1839282,0,30881,119,48652
1839332,0,30881,119,48652
1839467,0,30881,119,48669
1839559,0,31498,119,48669
1839609,0,31498,119,48669
1839659,0,31498,119,48669
1839709,0,31498,119,48669
1839759,0,30881,119,48669
1839809,0,30881,119,48669
1839859,0,30881,119,48686
1839909,0,30881,119,48686
1839959,0,32162,119,48686
1840009,0,32162,119,48686
1840059,0,32162,119,48686
1840109,0,32162,119,48686
1840159,0,32162,119,48686
1840209,0,32162,119,48686
1840259,0,32162,119,48700
1840309,0,32162,119,48700
1840359,0,31498,119,48700
1840453,0,31498,119,48700
1840503,0,31498,119,48700
1840638,0,32162,119,48700
1840688,0,32162,119,48714
1840738,0,32162,119,48714
1840788,0,31498,119,48714
1840838,0,31498,119,48714
1840888,0,31498,119,48714
1840938,0,31498,119,48714
1840988,0,32162,119,48714
1841038,0,32162,119,48714
1841088,0,32162,119,48726
1841138,0,32162,119,48726
1841188,0,32162,119,48726
1841238,0,32162,119,48726
1841288,0,32162,117,48726
1841338,0,32162,117,48726
1841388,0,31498,117,48726
1841480,0,31498,117,48738
1841530,0,31498,117,48738
1841580,0,31498,117,48738
1841630,0,31498,117,48738
1841766,0,31498,118,48738
1841816,0,31498,118,48738
1841866,0,31498,118,48749
1841916,0,31498,118,48749
1841966,0,30881,118,48749
1842016,0,30881,118,48749
1842066,0,30881,118,48749
1842116,0,30881,118,48749
1842166,0,30881,118,48749
1842216,0,30881,118,48749
1842266,0,30881,118,48760
1842316,0,30881,118,48760
1842366,0,30881,118,48760
1842416,0,30881,118,48760
1842509,0,30881,118,48760
1842559,0,30881,118,48760
1842609,0,30881,118,48760
1842659,0,30881,118,48760
1842709,0,30881,118,48771
1842759,0,30881,118,48771
1842895,0,30881,118,48771
1842945,0,31498,118,48771
1842995,0,31498,118,48771
1843045,0,31498,118,48771
1843095,0,31498,118,48781
1843145,0,30881,118,48781
1843195,0,30881,118,48781
1843245,0,30881,118,48781
1843295,0,30881,118,48781
1843345,0,30263,118,48781
1843395,0,30263,118,48781
1843488,0,30263,118,48790
1843538,0,30263,118,48790
1843588,0,30263,118,48790
1843638,0,30263,118,48790
1843688,0,30263,117,48790
1843738,0,30263,117,48790
1843788,0,30263,117,48790
1843838,0,30263,117,48790
1843888,0,30263,117,48799
1844023,0,29692,117,48799
1844073,0,29692,117,48799
1844123,0,29692,117,48799
1844173,0,29692,117,48799
1844223,0,29692,117,48799
1844273,0,29692,117,48799
1844323,0,29692,117,48808
1844373,0,29120,117,48808
1844423,0,29120,117,48808
1844515,0,29120,118,48808
1844565,0,29120,118,48808
1844615,0,29120,118,48808
1844665,0,29120,118,48808
1844715,0,29120,118,48816
1844765,0,29120,118,48816
1844815,0,29120,118,48816
1844865,0,29120,118,48816
1844915,0,29120,118,48816
1844965,0,29120,118,48816
1845015,0,29120,118,48816
1845150,0,28580,118,48824
1845200,0,28580,118,48824
1845250,0,28580,118,48824
1845300,0,28580,117,48824
1845350,0,28580,117,48824
1845400,0,28580,117,48824
1845450,0,28580,117,48824
1845542,0,28580,117,48832
1845592,0,28580,117,48832
1845642,0,28580,117,48832
1845692,0,28580,117,48832
1845742,0,28580,117,48832
1845792,0,28580,117,48832
1845842,0,28580,117,48832
1845892,0,28580,117,48840
1845942,0,29120,117,48840
1845992,0,29120,117,48840
1846042,0,29120,117,48840
1846092,0,29120,117,48840
1846142,0,28580,117,48840
1846278,0,28580,117,48840
1846328,0,28580,117,48846
1846378,0,28580,117,48846
1846428,0,28580,117,48846
1846520,0,28580,118,48846
1846570,0,28580,118,48846
1846620,0,28580,118,48846
1846670,0,28580,118,48846
1846720,0,28580,118,48854
1846770,0,28071,118,48854
1846820,0,28071,118,48854
1846870,0,28071,118,48854
1846920,0,28071,118,48854
1846970,0,28071,118,48854
1847020,0,28071,118,48854
1847070,0,28071,118,48854
1847120,0,28071,118,48861
1847170,0,27561,118,48861
1847220,0,27561,118,48861
1847270,0,27561,118,48861
1847406,0,27561,118,48861
1847456,0,27561,118,48861
1847548,0,27561,118,48867
1847598,0,27561,118,48867
1847648,0,27561,118,48867
1847698,0,27561,386,48867
1847748,0,27082,386,48867
1847798,0,27082,386,48867
1847848,0,27082,386,48867
1847898,0,27082,386,48862
1847948,0,27082,386,48862
1847998,0,27082,386,48862
1848048,0,27082,386,48862
1848098,0,27082,198,48862
1848148,0,27561,198,48862
1848198,0,27561,198,48862
1848248,0,27561,198,48862
1848298,0,27561,198,48868
1848348,0,27561,198,48868
1848398,0,27561,198,48868
1848576,0,27561,195,48868
1848626,0,27561,195,48868
1848676,0,27561,195,48868
1848726,0,27561,195,48874
1848776,0,26619,195,48874
1848826,0,26619,195,48874
1848876,0,26619,195,48874
1848926,0,26619,282,48874
1848976,0,26619,282,48874
1849026,0,26619,282,48874
1849076,0,26619,282,48874
1849126,0,26619,282,48866
1849176,0,26619,282,48866
1849226,0,26619,282,48866
1849276,0,26619,282,48866
1849326,0,26619,368,48866
1849462,0,26619,368,48866
1849554,0,26156,368,48860
1849604,0,26156,368,48860
1849654,0,26156,368,48860
1849704,0,26156,368,48860
1849754,0,26619,375,48860
1849804,0,26619,375,48860
1849854,0,26619,375,48860
1849904,0,26619,375,48860
1849954,0,26619,375,48866
1850004,0,26619,375,48866
1850054,0,26619,375,48866
1850104,0,26619,375,48866
1850154,0,26156,372,48866
1850204,0,26156,372,48866
1850254,0,26156,372,48866
1850304,0,26156,372,48866
1850354,0,26156,372,48872
1850404,0,26156,372,48872
1850497,0,26156,372,48872
1850633,0,26156,370,48872
1850683,0,26156,370,48872
1850733,0,26156,370,48877
1850783,0,25724,370,48877
1850833,0,25724,370,48877
1850883,0,25724,370,48877
1850933,0,25724,368,48877
1850983,0,26156,368,48877
1851033,0,26156,368,48877
1851083,0,26156,368,48877
1851133,0,26156,368,48882
1851183,0,26156,368,48882
1851233,0,26156,368,48882
1851283,0,26156,368,48882
1851333,0,26156,7904,48882
1851383,0,26156,7904,48882
1851433,0,26156,7904,48882
1851526,0,26156,7904,46924
1851576,0,25724,7904,46924
1851626,0,25724,7904,46924
1851761,0,25724,14087,46924
1851811,0,25724,14087,46924
1851861,0,25724,14087,46924
1851911,0,25724,14087,46924
1851961,0,25724,14087,46864
1852011,0,25724,14087,46864
1852061,0,25724,14087,46864
1852111,0,25724,14087,46864
1852161,0,26156,14260,46864
1852211,0,26156,14260,46864
1852261,0,26156,14260,46864
1852311,0,26156,14260,46864
1852361,0,26619,14260,46804
1852495,0,26619,14260,46804
1852545,0,26619,14463,46804
1852595,0,26619,14463,46804
1852645,0,26619,14463,46804
1852695,0,26619,14463,46804
1852745,0,27082,14463,46757
1852795,0,27082,14463,46757
1853100,0,26156,14611,46757
1853150,0,27082,14611,46714
1853200,0,27082,14611,46714
1853250,0,27082,14611,46714
1853300,0,27082,14611,46714
1853350,0,27082,14692,46714
1853400,0,27082,14692,46714
1853450,0,27082,14692,46714
1853500,0,27082,14692,46714
1853550,0,26619,14692,46681
1853642,0,26619,14692,46681
1853692,0,26619,14692,46681
1853742,0,27561,14858,46681
1853792,0,27561,14858,46681
1853842,0,27561,14858,46681
1853892,0,27561,14858,46681
1853942,0,28071,14858,46645
1853992,0,28071,14858,46645
1854042,0,28071,14858,46645
1854092,0,28071,14858,46645
1854269,0,27561,15015,46645
1854319,0,27561,15015,46645
1854369,0,27561,15015,46590
1854419,0,27561,15015,46590
1854469,0,27561,15015,46590
1854519,0,27561,15015,46590
1854611,0,27561,15212,46590
1854661,0,27561,15212,46590
1854711,0,27561,15212,46590
1854761,0,27561,15212,46535
1854811,0,27561,15212,46535
1854861,0,27561,15212,46535
1854911,0,27561,15212,46535
1854961,0,27561,15387,46535
1855011,0,27561,15387,46535
1855061,0,27561,15387,46535
1855111,0,27561,15387,46535
1855161,0,27561,15387,46507
1855211,0,27561,15387,46507
1855261,0,27561,15387,46507
1855397,0,28071,15534,46507
1855447,0,28071,15534,46507
1855497,0,28071,15534,46507
1855589,0,28071,15534,46463
1855639,0,28071,15534,46463
1855689,0,28071,15534,46463
1855739,0,28071,15534,46463
1855789,0,28071,15663,46463
1855839,0,28071,15663,46463
1855889,0,28071,15663,46463
1855939,0,28580,15663,46463
1855989,0,28580,15663,46432
1856039,0,28580,15663,46432
1856089,0,28580,15663,46432
1856139,0,28580,15663,46432
1856189,0,28580,15834,46432
1856239,0,28580,15834,46432
1856289,0,28580,15834,46432
1856339,0,28580,15834,46432
1856432,0,28580,15834,46397
1856568,0,28580,15929,46397
1856618,0,28580,15929,46397
1856668,0,28580,15929,46397
1856718,0,28580,15929,46397
1856768,0,28580,15929,46365
1856818,0,28580,15929,46365
1856868,0,28580,15929,46365
1856918,0,28580,15929,46365
1856968,0,29120,16036,46365
1857018,0,29120,16036,46365
1857068,0,29120,16036,46365
1857118,0,29120,16036,46365
1857168,0,29120,16036,46351
1857218,0,29120,16036,46351
1857268,0,29120,16036,46351
1857318,0,29120,16036,46351
1857412,0,28580,16130,46351
1857462,0,28580,16130,46351
1857512,0,28580,16130,46351
1857562,0,28580,16130,46351
1857698,0,28580,16130,46313
1857748,0,28580,16130,46313
1857798,0,28580,16193,46313
1857848,0,28580,16193,46313
1857898,0,28580,16193,46313
1857948,0,29120,16193,46313
1857998,0,29120,16193,46285
1858048,0,29120,16193,46285
1858098,0,29120,16193,46285
1858148,0,28580,16193,46285
1858198,0,28580,16241,46285
1858248,0,28580,16241,46285
1858341,0,29120,16241,46285
1858391,0,29120,16241,46255
1858441,0,29120,16241,46255
1858491,0,29120,16241,46255
1858541,0,29692,16241,46255
1858591,0,29692,16310,46255
1858641,0,29692,16310,46255
1858691,0,29692,16310,46255
1858827,0,29692,16310,46234
1858877,0,29692,16310,46234
1858927,0,29692,16310,46234
1858977,0,29692,16393,46234
1859027,0,29692,16393,46234
1859077,0,29692,16393,46234
1859127,0,29692,16393,46234
1859177,0,29692,16393,46205
1859227,0,29692,16393,46205
1859320,0,29692,16393,46205
1859370,0,30263,16393,46205
1859420,0,30263,16458,46205
1859470,0,30263,16458,46205
1859520,0,30263,16458,46205
1859570,0,30263,16458,46205
1859620,0,30263,16458,46193
1859670,0,30263,16458,46193
1859720,0,30263,16458,46193
1859770,0,30263,16458,46193
1859820,0,30263,16521,46193
1859955,0,30881,16521,46193
1860005,0,30881,16521,46172
1860055,0,30881,16521,46172
1860105,0,30881,16521,46172
1860155,0,30881,16521,46172
1860247,0,30881,16637,46172
1860297,0,30881,16637,46172
1860347,0,30263,16637,46172
1860397,0,30263,16637,46131
1860447,0,30263,16637,46131
1860497,0,30263,16637,46131
1860547,0,30881,16637,46131
1860597,0,30881,16762,46131
1860647,0,30881,16762,46131
1860697,0,30881,16762,46131
1860747,0,30881,16762,46131
1860797,0,30881,16762,46107
1860847,0,30881,16762,46107
1860897,0,30881,16762,46107
1860947,0,30881,16762,46107
1861082,0,30881,16823,46107
1861132,0,30881,16823,46107
1861224,0,30881,16823,46083
1861274,0,30881,16823,46083
1861324,0,30881,16823,46083
1861374,0,30881,16823,46083
1861424,0,30881,16884,46083
1861474,0,30881,16884,46083
1861524,0,30881,16884,46083
1861574,0,30881,16884,46083
1861624,0,30881,16884,46054
1861674,0,30881,16884,46054
1861724,0,30881,16884,46054
1861774,0,31498,16884,46054
1861824,0,31498,16991,46054
1861874,0,31498,16991,46054
1861924,0,31498,16991,46054
1861974,0,31498,16991,46054
1862066,0,31498,16991,46022
1862116,0,31498,16991,46022
1862252,0,31498,17114,46022
1862302,0,31498,17114,46022
1862352,0,31498,17114,46022
1862402,0,31498,17114,45981
1862452,0,31498,17114,45981
1862502,0,31498,17114,45981
1862552,0,32162,17114,45981
1862602,0,32162,17296,45981
1862652,0,32162,17296,45981
1862702,0,32162,17296,45981
1862752,0,31498,17296,45981
1862802,0,31498,17296,45950
1862852,0,31498,17296,45950
1862902,0,31498,17296,45950
1862952,0,32162,17296,45950
1863044,0,32162,17399,45950
1863094,0,32162,17399,45950
1863144,0,32162,17399,45950
1863194,0,32162,17399,45950
1863244,0,32162,17399,45932
1863517,0,32162,17454,45932
1863567,0,32842,17454,45932
1863617,0,32842,17454,45909
1863667,0,32842,17454,45909
1863717,0,32842,17454,45909
1863767,0,33552,17454,45909
1863817,0,33552,17596,45909
1863867,0,33552,17596,45909
1863917,0,33552,17596,45909
1863967,0,32842,17596,45909
1864017,0,32842,17596,45885
1864109,0,32842,17596,45885
1864159,0,32842,17596,45885
1864209,0,32842,17696,45885
1864259,0,32842,17696,45885
1864309,0,32842,17696,45885
1864444,0,33552,17696,45856
1864494,0,33552,17696,45856
1864544,0,33552,17696,45856
1864594,0,33552,17696,45856
1864644,0,33552,17835,45856
1864694,0,33552,17835,45856
1864744,0,32842,17835,45856
1864794,0,32842,17835,45856
1864844,0,32842,17835,45816
1864894,0,32842,17835,45816
1864944,0,33552,17835,45816
1864994,0,33552,17835,45816
1865086,0,33552,17942,45816
1865136,0,33552,17942,45816
1865186,0,32842,17942,45816
1865236,0,32842,17942,45769
1865286,0,32842,17942,45769
1865336,0,32842,17942,45769
1865386,0,33552,17942,45769
1865436,0,33552,18051,45769
1865572,0,32842,18051,45769
1865622,0,32842,18051,45770
1865672,0,32842,18051,45770
1865722,0,32842,18051,45770
1865772,0,32842,18051,45770
1865822,0,32842,18169,45770
1865872,0,32842,18169,45770
1865922,0,32842,18169,45770
1866014,0,33552,18169,45770
1866064,0,33552,18169,45742
1866114,0,33552,18169,45742
1866164,0,34309,18169,45742
1866214,0,34309,18169,45742
1866264,0,34309,3305,45742
1866314,0,34309,3305,45742
1866364,0,34309,3305,45742
1866414,0,34309,3305,45742
1866464,0,34309,3305,48335
1866514,0,34309,3305,48335
1866564,0,34309,3305,48335
1866700,0,34309,156,48335
1866750,0,34309,156,48335
1866800,0,34309,156,48335
1866850,0,34309,156,48384
1866900,0,34309,156,48384
1866992,0,32842,156,48384
1867042,0,32842,127,48384
1867092,0,32842,127,48384
1867142,0,34309,127,48384
1867192,0,34309,127,48384
1867242,0,34309,127,48420
1867292,0,34309,127,48420
1867342,0,32842,127,48420
1867392,0,32842,127,48420
1867442,0,32842,122,48420
1867492,0,32842,122,48420
1867542,0,32842,122,48420
1867592,0,32842,122,48420
1867642,0,32842,122,48448
1867692,0,32842,122,48448
1867827,0,32842,121,48448
1867877,0,32842,121,48448
1867927,0,32842,121,48448
1868019,0,32842,121,48448
1868069,0,32842,121,48471
1868119,0,32842,121,48471
1868169,0,32162,121,48471
1868219,0,32162,121,48471
1868269,0,32162,120,48471
1868319,0,32162,120,48471
1868369,0,32162,120,48471
1868419,0,32162,120,48471
1868469,0,32162,120,48491
1868519,0,32162,120,48491
1868569,0,32842,120,48491
1868619,0,32842,120,48491
1868669,0,32842,120,48491
1868719,0,32842,120,48491
1868769,0,32842,120,48491
1868819,0,32842,120,48491
1868954,0,32842,120,48510
1869046,0,32842,120,48510
1869096,0,32842,120,48510
1869146,0,32842,120,48510
1869196,0,32842,120,48510
1869246,0,32842,120,48527
1869296,0,32842,120,48527
1869346,0,32842,120,48527
1869396,0,32842,120,48527
1869446,0,32842,119,48527
1869496,0,32842,119,48527
1869546,0,32162,119,48527
1869596,0,32162,119,48527
1869646,0,32162,119,48543
1869696,0,32162,119,48543
1869746,0,32842,119,48543
1869796,0,32842,119,48543
1869846,0,32842,119,48543
1869938,0,32842,119,48543
1869988,0,32162,119,48543
1870124,0,32162,119,48557
1870174,0,32842,119,48557
1870224,0,32842,119,48557
1870274,0,32842,119,48557
1870324,0,32842,119,48557
1870374,0,32162,119,48557
1870424,0,32162,119,48557
1870474,0,32162,119,48571
1870524,0,32162,119,48571
1870574,0,32842,119,48571
1870624,0,32842,119,48571
1870674,0,32842,118,48571
1870724,0,32842,118,48571
1870774,0,32162,118,48571
1870824,0,32162,118,48571
1870874,0,32162,118,48585
1870966,0,32162,118,48585
1871016,0,32162,118,48585
1871066,0,32162,118,48585
1871116,0,32162,118,48585
1871252,0,32162,118,48585
1871302,0,32162,118,48597
1871352,0,31498,118,48597
1871402,0,31498,118,48597
1871452,0,31498,118,48597
1871502,0,31498,118,48597
1871552,0,31498,118,48597
1871602,0,31498,118,48597
1871652,0,31498,118,48597
1871702,0,31498,118,48608
1871752,0,30881,118,48608
1871802,0,30881,118,48608
1871852,0,30881,118,48608
1871902,0,30881,118,48608
1871994,0,30881,118,48608
1872044,0,30881,118,48608
1872094,0,30881,118,48619
1872144,0,30881,118,48619
1872194,0,30881,118,48619
1872244,0,30881,118,48619
1872379,0,30881,118,48619
1872429,0,30881,118,48619
1872479,0,30881,118,48630
1872529,0,30881,118,48630
1872579,0,30881,118,48630
1872629,0,30881,118,48630
1872679,0,30881,118,48630
1872729,0,30881,118,48630
1872779,0,30881,118,48630
1872829,0,30881,118,48630
1872879,0,30881,118,48641
1872971,0,30686,118,48641
1873021,0,30580,118,48641
1873071,0,30475,118,48641
1873121,0,30369,118,48641
1873171,0,30263,118,48641
1873221,0,30263,118,48641
1873271,0,30263,118,48651
1873321,0,30263,118,48651
1873371,0,30263,118,48651
1873507,0,30263,118,48651
1873557,0,30881,118,48651
1873607,0,30881,118,48651
1873657,0,30881,118,48651
1873707,0,30881,118,48660
1873757,0,30263,118,48660
1873807,0,30263,118,48660
1873857,0,30263,118,48660
1873907,0,30263,117,48660
1873957,0,30263,117,48660
1874049,0,30263,117,48660
1874099,0,30263,117,48669
1874149,0,30263,117,48669
1874199,0,30263,117,48669
1874249,0,30263,117,48669
1874299,0,30263,117,48669
1874349,0,29692,117,48669
1874399,0,29692,117,48669
1874449,0,29692,117,48669
1874499,0,29692,117,48678
1874635,0,30263,117,48678
1874685,0,30263,118,48678
1874735,0,30263,118,48678
1874785,0,29692,118,48678
1874835,0,29692,118,48678
1874885,0,29692,118,48686
1874935,0,29692,118,48686
1875027,0,30263,118,48686
1875077,0,30263,117,48686
1875127,0,30263,117,48686
1875177,0,30881,117,48686
1875227,0,30881,117,48686
1875277,0,30881,117,48695
1875327,0,30881,117,48695
1875377,0,30881,117,48695
1875427,0,30881,117,48695
1875477,0,30881,117,48695
1875527,0,30881,117,48695
1875577,0,30881,117,48695
1875627,0,30881,117,48695
1875762,0,30881,117,48703
1875812,0,30881,117,48703
1875862,0,30881,117,48703
1875912,0,30881,116,48703
1875962,0,30881,116,48703
1876054,0,30881,116,48703
1876104,0,30881,116,48711
1876154,0,30881,116,48711
1876204,0,30881,116,48711
1876254,0,30881,116,48711
1876304,0,30881,117,48711
1876354,0,30263,117,48711
1876404,0,30263,117,48711
1876454,0,30263,117,48711
1876504,0,30263,117,48718
1876554,0,30881,117,48718
1876604,0,30881,117,48718
1876654,0,30881,117,48718
1876704,0,30881,117,48718
1876754,0,30881,117,48718
1876889,0,30881,117,48718
1876939,0,30263,117,48726
1876989,0,30263,117,48726
1877081,0,30263,117,48726
1877131,0,30263,117,48726
1877181,0,30263,117,48726
1877231,0,30263,117,48726
1877281,0,30263,117,48726
1877331,0,30263,117,48734
1877381,0,30263,117,48734
1877431,0,30263,117,48734
1877481,0,30263,117,48734
1877531,0,30263,117,48734
1877581,0,30263,117,48734
1877631,0,30263,117,48734
1877681,0,30263,117,48734
1877731,0,30263,117,48741
1877781,0,30881,117,48741
1877831,0,30881,117,48741
1877881,0,30881,117,48741
1878059,0,30263,116,48741
1878109,0,30263,116,48748
1878159,0,30263,116,48748
1878209,0,30263,116,48748
1878259,0,30263,116,48748
1878309,0,30263,117,48748
1878359,0,30263,117,48748
1878409,0,30263,117,48748
1878459,0,30263,117,48748
1878509,0,30263,117,48754
1878559,0,29692,117,48754
1878609,0,29692,117,48754
1878659,0,29692,117,48754
1878709,0,29692,116,48754
1878759,0,29692,116,48754
1878809,0,29692,116,48754
1878944,0,29120,116,48761
1878994,0,29120,116,48761
1879086,0,29120,116,48761
1879136,0,29120,117,48761
1879186,0,29692,117,48761
1879236,0,29692,117,48761
1879286,0,29692,117,48761
1879336,0,29692,117,48767
1879386,0,29120,117,48767
1879436,0,29120,117,48767
1879486,0,29120,117,48767
1879536,0,29120,117,48767
1879586,0,29120,117,48767
1879636,0,29120,117,48767
1879686,0,29120,117,48767
1879736,0,29120,117,48774
1879786,0,29692,117,48774
1879836,0,29692,117,48774
1879886,0,29692,117,48774
1879936,0,29692,116,48774
1880114,0,29120,116,48779
1880164,0,29120,116,48779
1880214,0,29120,116,48779
1880264,0,29120,116,48779
1880314,0,29120,117,48779
1880364,0,29120,117,48779
1880414,0,29120,117,48779
1880464,0,29120,117,48779
1880514,0,29120,117,48786
1880564,0,29120,117,48786
1880614,0,29120,117,48786
1880664,0,29120,117,48786
1880714,0,29120,117,48786
1880764,0,29120,117,48786
1880814,0,29120,117,48786
1880864,0,29120,117,48786
1880914,0,29120,117,48792
1881006,0,29692,117,48792
1881056,0,29692,117,48792
1881106,0,29692,117,48792
1881243,0,30263,116,48792
1881293,0,30263,116,48792
1881343,0,29692,116,48798
1881393,0,29692,116,48798
1881443,0,29692,116,48798
1881493,0,29692,116,48798
1881543,0,29692,116,48798
1881593,0,29692,116,48798
1881643,0,29692,116,48798
1881693,0,29692,116,48798
1881743,0,29692,116,48804
1881793,0,29692,116,48804
1881843,0,29692,116,48804
1881893,0,29692,116,48804
1881943,0,29692,117,48804
1882035,0,29692,117,48804
1882085,0,29692,117,48804
1882135,0,29692,117,48809
1882185,0,29692,117,48809
1882235,0,29692,117,48809
1882371,0,29120,117,48809
1882421,0,29120,117,48809
1882471,0,29120,117,48809
1882521,0,29120,117,48809
1882571,0,29692,117,48814
1882621,0,29692,117,48814
1882671,0,29692,117,48814
1882721,0,29692,117,48814
1882771,0,29120,117,48814
1882821,0,29120,117,48814
1882871,0,29120,117,48814
1882921,0,29120,117,48814
1882971,0,28580,117,48820
1883063,0,28580,117,48820
1883113,0,28580,117,48820
1883163,0,28580,117,48820
1883213,0,28580,117,48820
1883263,0,28580,117,48820
1883313,0,28580,117,48820
1883363,0,28580,117,48825
1883498,0,28580,117,48825
1883548,0,28071,117,48825
1883598,0,28071,117,48825
1883648,0,28071,117,48825
1883698,0,28071,117,48825
1883748,0,28580,117,48830
1883798,0,28580,117,48830
1883848,0,28580,117,48830
1883898,0,28580,117,48830
1883948,0,28580,116,48830
1884082,0,28580,116,48830
1884132,0,28580,116,48830
1884182,0,28580,116,48836
1884232,0,28580,116,48836
1884282,0,28580,116,48836
1884332,0,28580,116,48836
1884382,0,29120,117,48836
1884432,0,29120,117,48836
1884482,0,29120,117,48836
1884532,0,29120,117,48836
1884837,0,29120,116,48840
1884887,0,29120,116,48840
1884937,0,29120,116,48840
1884987,0,28580,116,48844
1885037,0,28580,116,48844
1885087,0,28580,116,48844
1885137,0,28580,116,48844
1885187,0,28580,117,48844
1885279,0,28580,117,48844
1885329,0,28580,117,48844
1885379,0,28580,117,48849
1885429,0,28580,117,48849
1885479,0,28580,117,48849
1885529,0,28580,117,48849
1885579,0,28071,118,48849
1885629,0,28071,118,48849
1885679,0,28071,118,48849
1885729,0,28071,118,48849
1885779,0,28580,118,48854
1885829,0,28580,118,48854
1886006,0,28071,116,48854
1886056,0,28071,116,48854
1886106,0,28071,116,48854
1886156,0,28071,116,48859
1886206,0,28071,116,48859
1886298,0,28071,116,48859
1886348,0,28071,116,48859
1886398,0,28071,117,48859
1886448,0,28071,117,48859
1886498,0,28071,117,48859
1886548,0,28071,117,48859
1886598,0,28071,117,48863
1886648,0,28071,117,48863
1886698,0,28071,117,48863
1886748,0,28071,117,48863
1886798,0,28071,117,48863
1886848,0,28071,117,48863
1886898,0,28071,117,48863
1886948,0,28071,117,48863
1886998,0,28071,117,48867
1887133,0,28071,117,48867
1887183,0,27994,117,48867
1887233,0,27917,117,48867
1887325,0,27775,117,48867
1887375,0,27698,117,48872
1887425,0,27621,117,48872
1887475,0,27544,117,48872
1887525,0,27467,117,48872
1887575,0,27390,117,48872
1887625,0,27313,117,48872
1887675,0,27236,117,48872
1887725,0,27159,117,48872
1887775,0,27082,117,48877
1887825,0,27082,117,48877
1887875,0,27082,117,48877
1887925,0,27082,117,48877
1887975,0,27082,116,48877
1888025,0,27082,116,48877
1888075,0,27082,116,48877
1888125,0,27082,116,48877
1888261,0,27561,116,48880
1888311,0,27561,116,48880
1888403,0,27082,116,48880
1888453,0,27082,116,48880
1888503,0,27082,116,48880
1888553,0,27082,116,48880
1888603,0,27082,116,48884
1888653,0,27082,116,48884
1888703,0,27082,116,48884
1888753,0,27561,116,48884
1888803,0,27561,117,48884
1888853,0,27561,117,48884
1888903,0,27561,117,48884
1888953,0,27082,117,48884
1889003,0,27082,117,48889
1889053,0,27082,117,48889
1889103,0,27082,117,48889
1889153,0,27082,117,48889
1889203,0,27082,117,48889
1889253,0,27082,117,48889
1889431,0,27561,117,48893
1889481,0,27561,117,48893
1889531,0,27561,117,48893
1889581,0,26156,117,48893
1889631,0,26156,117,48893
1889681,0,26156,117,48893
1889731,0,26156,117,48893
1889781,0,26156,117,48897
1889831,0,26156,117,48897
1889881,0,26156,117,48897
1889931,0,26156,117,48897
1889981,0,26156,116,48897
1890031,0,26156,116,48897
1890081,0,26156,116,48897
1890131,0,26156,116,48897
1890181,0,26619,116,48897
1890231,0,26619,116,48900
1890281,0,26619,116,48900
1890373,0,26156,116,48900
1890423,0,26156,383,48900
1890559,0,26156,383,48900
1890609,0,26156,383,48892
1890659,0,26156,383,48892
1890709,0,26156,383,48892
1890759,0,25307,383,48892
1890809,0,25307,197,48892
1890859,0,25307,197,48892
1890909,0,25307,197,48892
1890959,0,25307,197,48892
1891009,0,25307,197,48896
1891059,0,25307,197,48896
1891109,0,25307,197,48896
1891159,0,25724,197,48896
1891209,0,25724,195,48896
1891259,0,25724,195,48896
1891351,0,25724,195,48896
1891401,0,25724,195,48900
1891451,0,25724,195,48900
1891501,0,25724,195,48900
1891551,0,25724,195,48900
1891686,0,25724,283,48900
1891736,0,25724,283,48900
1891786,0,25307,283,48900
1891836,0,25307,283,48888
1891886,0,25307,283,48888
1891936,0,25307,283,48888
1891986,0,24890,283,48888
1892036,0,24890,365,48888
1892086,0,24890,365,48888
1892136,0,24890,365,48888
1892186,0,24504,365,48888
1892236,0,24504,365,48880
1892286,0,24504,365,48880
1892378,0,24504,365,48880
1892428,0,24504,377,48880
1892478,0,24504,377,48880
1892528,0,24504,377,48880
1892578,0,24890,377,48880
1892628,0,24890,377,48883
1892678,0,24890,377,48883
1892813,0,24890,374,48883
1892863,0,24890,374,48883
1892913,0,24890,374,48883
1892963,0,24504,374,48883
1893013,0,24504,374,48887
1893063,0,24504,374,48887
1893113,0,24504,374,48887
1893163,0,24118,374,48887
1893213,0,24118,370,48887
1893263,0,24118,370,48887
1893313,0,24118,370,48887
1893405,0,24118,370,48891
1893455,0,24118,370,48891
1893505,0,24118,370,48891
1893555,0,24890,370,48891
1893605,0,24890,368,48891
1893741,0,24890,368,48891
1893791,0,24890,368,48891
1893841,0,24890,368,48893
1893891,0,24890,368,48893
1893941,0,24118,368,48893
1893991,0,24118,368,48893
1894041,0,24118,7199,48893
1894091,0,24118,7199,48893
1894141,0,23747,7199,48893
1894191,0,23747,7199,48893
1894241,0,23747,7199,47066
1894291,0,23747,7199,47066
1894383,0,24504,7199,47066
1894433,0,24504,13238,47066
1894483,0,24504,13238,47066
1894533,0,24504,13238,47066
1894583,0,24890,13238,47066
1894633,0,24890,13238,47002
1894683,0,24890,13238,47002
1894733,0,24890,13238,47002
1894869,0,24890,13411,47002
1894919,0,24890,13411,47002
1894969,0,24504,13411,47002
1895019,0,24504,13411,46952
1895069,0,24504,13411,46952
1895119,0,24504,13411,46952
1895169,0,24890,13411,46952
1895219,0,24890,13560,46952
1895269,0,24890,13560,46952
1895361,0,25307,13560,46952
1895411,0,25307,13560,46903
1895461,0,25307,13560,46903
1895511,0,25307,13560,46903
1895561,0,25724,13560,46903
1895611,0,25724,13560,46903
1895661,0,25724,13707,46903
1895711,0,25724,13707,46903
1895761,0,25724,13707,46903
1895811,0,25724,13707,46903
1895861,0,25724,13707,46859
1895996,0,25307,13707,46859
1896046,0,25307,13855,46859
1896096,0,25307,13855,46859
1896146,0,25724,13855,46859
1896196,0,25724,13855,46859
1896288,0,25724,13855,46821
1896338,0,25724,13855,46821
1896388,0,25724,13855,46821
1896438,0,25724,13979,46821
1896488,0,25724,13979,46821
1896538,0,25724,13979,46821
1896588,0,26156,13979,46821
1896638,0,26156,13979,46784
1896688,0,26156,13979,46784
1896738,0,26156,13979,46784
1896788,0,26619,13979,46784
1896838,0,26619,14116,46784
1896888,0,26619,14116,46784
1896938,0,26619,14116,46784
1896988,0,26619,14116,46784
1897124,0,26619,14116,46743
1897174,0,25724,14116,46743
1897266,0,25724,14253,46743
1897316,0,25724,14253,46743
1897366,0,25724,14253,46743
1897416,0,25724,14253,46743
1897466,0,25724,14253,46699
1897516,0,25724,14253,46699
1897566,0,25724,14253,46699
1897616,0,25724,14253,46699
1897666,0,25724,14321,46699
1897716,0,25724,14321,46699
1897766,0,26156,14321,46699
1897816,0,26156,14321,46699
1897866,0,26156,14321,46672
1897916,0,26156,14321,46672
1897966,0,27082,14321,46672
1898016,0,27082,14321,46672
1898108,0,27082,14421,46672
1898158,0,27082,14421,46672
1898295,0,27082,14421,46649
1898345,0,27561,14421,46649
1898395,0,27561,14421,46649
1898445,0,27561,14510,46649
1898495,0,27561,14510,46649
1898545,0,27082,14510,46649
1898595,0,27082,14510,46649
1898645,0,27082,14510,46612
1898695,0,27082,14510,46612
1898745,0,26619,14510,46612
1898795,0,26619,14510,46612
1898845,0,26619,14626,46612
1898895,0,26619,14626,46612
1898945,0,26619,14626,46612
1898995,0,26619,14626,46612
1899087,0,26619,14626,46578
1899137,0,26619,14626,46578
1899187,0,27082,14626,46578
1899237,0,27082,14626,46578
1899287,0,27082,14751,46578
1899422,0,27082,14751,46578
1899472,0,27082,14751,46546
1899522,0,27082,14751,46546
1899572,0,27561,14751,46546
1899622,0,27561,14751,46546
1899672,0,27561,14831,46546
1899722,0,27561,14831,46546
1899772,0,28071,14831,46546
1899822,0,28071,14831,46546
1899872,0,28071,14831,46522
1899922,0,28071,14831,46522
1900014,0,28071,14831,46522
1900064,0,28071,14911,46522
1900114,0,28071,14911,46522
1900164,0,28071,14911,46522
1900214,0,28071,14911,46522
1900264,0,28071,14911,46490
1900314,0,28071,14911,46490
1900364,0,28071,14911,46490
1900414,0,28071,14911,46490
1900549,0,27082,15028,46490
1900599,0,27082,15028,46490
1900649,0,27082,15028,46457
1900699,0,27082,15028,46457
1900749,0,27561,15028,46457
1900799,0,27561,15028,46457
1900849,0,27561,15115,46457
1900899,0,27561,15115,46457
1900991,0,28071,15115,46457
1901041,0,28071,15115,46457
1901091,0,28071,15115,46441
1901141,0,27561,15115,46441
1901191,0,27561,15115,46441
1901241,0,27561,15115,46441
1901291,0,27561,15220,46441
1901341,0,28071,15220,46441
1901391,0,28071,15220,46441
1901441,0,28071,15220,46441
1901491,0,28071,15220,46401
1901541,0,28580,15220,46401
1901676,0,28580,15334,46401
1901726,0,28580,15334,46401
1901776,0,29120,15334,46401
1901826,0,29120,15334,46401
1901918,0,29120,15334,46365
1901968,0,28580,15334,46365
1902018,0,28580,15334,46365
1902068,0,28580,16299,46365
1902118,0,28580,16299,46365
1902168,0,29120,16299,46365
1902218,0,29120,16299,46365
1902268,0,29120,16299,46350
1902318,0,29120,16299,46350
1902368,0,29120,16299,46350
1902418,0,29120,16299,46350
1902468,0,29120,16347,46350
1902518,0,29120,16347,46350
1902568,0,29120,16347,46350
1902618,0,29120,16347,46350
1902668,0,29120,16347,46309
1902804,0,29692,16347,46309
1902896,0,29692,16472,46309
1902946,0,29120,16472,46309
1902996,0,29120,16472,46309
1903046,0,29120,16472,46309
1903096,0,29120,16472,46283
1903146,0,29120,16472,46283
1903196,0,29120,16472,46283
1903246,0,29120,16472,46283
1903296,0,29120,16537,46283
1903346,0,29120,16537,46283
1903396,0,29120,16537,46283
1903446,0,29120,16537,46283
1903496,0,29120,16537,46265
1903546,0,29120,16537,46265
1903596,0,29120,16537,46265
1903646,0,29120,16537,46265
1903738,0,29120,16634,46265
1903788,0,29120,16634,46265
1903838,0,29120,16634,46265
1903973,0,29120,16634,46222
1904023,0,29120,16634,46222
1904073,0,29120,16634,46222
1904123,0,29120,16385,46222
1904173,0,29184,16385,46222
1904223,0,29247,16385,46222
1904273,0,29311,16385,46222
1904323,0,29374,16385,46199
1904373,0,29438,16385,46199
1904423,0,29501,16385,46199
1904473,0,29565,16385,46199
1904523,0,29628,16049,46199
1904573,0,29692,16049,46199
1904623,0,29692,16049,46199
1904673,0,29692,16049,46199
1904765,0,30263,16049,46165
1904815,0,30263,16049,46165
1904865,0,30263,16049,46165
1904915,0,30263,16171,46165
1904965,0,30263,16171,46165
1905100,0,30263,16171,46104
1905150,0,30263,16171,46104
1905200,0,30263,16171,46104
1905250,0,30263,16171,46104
1905300,0,30263,16380,46104
1905350,0,30263,16380,46104
1905400,0,30263,16380,46104
1905450,0,30263,16380,46104
1905500,0,30263,16380,46105
1905550,0,30881,16380,46105
1905600,0,30881,16380,46105
1905692,0,30881,16483,46105
1905742,0,30263,16483,46105
1905792,0,30263,16483,46105
1905842,0,30263,16483,46105
1905892,0,30263,16483,46055
1905942,0,30263,16483,46055
1905992,0,30263,16483,46055
1906042,0,30263,16483,46055
1906092,0,30263,16624,46055
1906228,0,31498,16624,46055
1906278,0,31498,16624,46055
1906328,0,31498,16624,46027
1906378,0,30881,16624,46027
1906428,0,30881,16624,46027
1906478,0,30881,16624,46027
1906528,0,30881,16740,46027
1906578,0,30881,16740,46027
1906670,0,30881,16740,46027
1906720,0,30881,16740,45992
1906770,0,31498,16740,45992
1906820,0,31498,16740,45992
1906870,0,31498,16740,45992
1906920,0,31498,16880,45992
1906970,0,31498,16880,45992
1907020,0,31498,16880,45992
1907070,0,31498,16880,45992
1907120,0,31498,16880,45954
1907170,0,31498,16880,45954
1907220,0,31498,16880,45954
1907355,0,31498,17038,45954
1907405,0,31498,17038,45954
1907455,0,31498,17038,45954
1907505,0,31498,17038,45917
1907597,0,31498,17038,45917
1907647,0,31498,17038,45917
1907697,0,31498,17727,45917
1907747,0,32162,17727,45917
1907797,0,32162,17727,45917
1907847,0,32162,17727,45917
1907897,0,32162,17727,45881
1907947,0,32162,17727,45881
1907997,0,32162,17727,45881
1908047,0,32162,17727,45881
1908097,0,32162,18147,45881
1908147,0,32162,18147,45881
1908282,0,32162,18147,45881
1908332,0,32162,18147,45860
1908382,0,33552,18147,45860
1908432,0,33552,18147,45860
1908482,0,33552,18147,45860
1908574,0,33552,18328,45860
1908624,0,33552,18328,45860
1908674,0,33552,18328,45860
1908724,0,33552,18328,45817
1908774,0,33552,18328,45817
1908824,0,33552,18328,45817
1908874,0,33552,18328,45817
1908924,0,33552,18455,45817
1908974,0,34309,18455,45817
1909024,0,34309,18455,45817
1909074,0,34309,18455,45817
1909124,0,34309,18455,45793
1909174,0,33552,18455,45793
1909224,0,33552,18455,45793
1909274,0,33552,18455,45793
1909410,0,34309,18552,45793
1909502,0,34309,18552,45793
1909552,0,33552,18552,45751
1909602,0,33552,18552,45751
1909652,0,33552,18552,45751
1909702,0,33552,18552,45751
1909752,0,32842,18712,45751
1909802,0,32842,18712,45751
1909852,0,32842,18712,45751
1909902,0,32842,18712,45751
1909952,0,33552,18712,45703
1910002,0,33552,18712,45703
1910052,0,33552,18712,45703
1910102,0,33552,18712,45703
1910152,0,33552,18916,45703
1910202,0,33552,18916,45703
1910252,0,33552,18916,45703
1910302,0,33552,18916,45703
1910394,0,34309,18916,45691
1910444,0,34309,18916,45691
1910580,0,35081,19016,45691
1910630,0,35081,19016,45691
1910680,0,35081,19016,45691
1910730,0,35081,19016,45644
1910780,0,35081,19016,45644
1910830,0,35081,19016,45644
1910880,0,35081,19016,45644
1910930,0,35081,19068,45644
1910980,0,35081,19068,45644
1911030,0,35081,19068,45644
1911080,0,35081,19068,45644
1911130,0,35081,19068,45641
1911180,0,35081,19068,45641
1911230,0,35081,19068,45641
1911322,0,35081,18404,45641
1911372,0,35081,18404,45641
1911422,0,35081,18404,45641
1911472,0,35081,18404,45641
1911522,0,35081,18404,45580
1911572,0,35081,18404,45580
1911707,0,35081,18404,45580
1911757,0,34309,18557,45580
1911807,0,34309,18557,45580
1911857,0,34309,18557,45580
1911907,0,34309,18557,45580
1911957,0,35081,18557,45570
1912007,0,35081,18557,45570
1912057,0,35081,18557,45570
1912107,0,35081,18557,45570
1912157,0,35899,18648,45570
1912207,0,35899,18648,45570
1912299,0,35899,18648,45570
1912349,0,35081,18648,45527
1912399,0,35081,18648,45527
1912449,0,35081,18648,45527
1912499,0,35081,18648,45527
1912549,0,35899,10540,45527
1912599,0,35899,10540,45527
1912649,0,35899,10540,45527
1912699,0,35899,10540,45527
1912835,0,35899,10540,48186
1912885,0,35899,10540,48186
1912935,0,35899,205,48186
1912985,0,35081,205,48186
1913035,0,35081,205,48186
1913085,0,35081,205,48186
1913135,0,35081,205,48244
1913185,0,34309,205,48244
1913277,0,34309,205,48244
1913327,0,34309,205,48244
1913377,0,34309,128,48244
1913427,0,34309,128,48244
1913477,0,34309,128,48244
1913527,0,34309,128,48244
1913577,0,35081,128,48282
1913627,0,35081,128,48282
1913677,0,35081,128,48282
1913727,0,35081,128,48282
1913777,0,35899,123,48282
1913827,0,35899,123,48282
1913962,0,35081,123,48312
1914012,0,35081,123,48312
1914062,0,35081,123,48312
1914112,0,35081,123,48312
1914162,0,35081,122,48312
1914254,0,35081,122,48312
1914304,0,35081,122,48312
1914354,0,34309,122,48337
1914404,0,34309,122,48337
1914454,0,34309,122,48337
1914504,0,34309,122,48337
1914554,0,33552,120,48337
1914604,0,33552,120,48337
1914654,0,33552,120,48337
1914704,0,33552,120,48337
1914754,0,33552,120,48359
1914804,0,33552,120,48359
1914854,0,33552,120,48359
1914904,0,33552,120,48359
1914954,0,33552,119,48359
1915089,0,33552,119,48359
1915139,0,32842,119,48359
1915189,0,32842,119,48377
1915323,0,32842,119,48377
1915373,0,32842,119,48377
1915423,0,32842,119,48377
1915473,0,32842,119,48377
1915523,0,32842,119,48377
1915573,0,33552,119,48395
1915623,0,33552,119,48395
1915673,0,33552,119,48395
1915723,0,33552,119,48395
1915773,0,33552,119,48395
1915823,0,33552,119,48395
1915873,0,33552,119,48395
1915923,0,33552,119,48395
1915973,0,33552,119,48412
1916023,0,33552,119,48412
1916073,0,33552,119,48412
1916123,0,33552,119,48412
1916430,0,33552,119,48427
1916522,0,33552,119,48427
1916572,0,32842,119,48427
1916622,0,32842,119,48427
1916672,0,32842,119,48427
1916722,0,32842,119,48427
1916772,0,32842,119,48441
1916822,0,32842,119,48441
1916872,0,32842,119,48441
1916922,0,32842,119,48441
1916972,0,33552,118,48441
1917022,0,33552,118,48441
1917072,0,33552,118,48441
1917122,0,33552,118,48441
1917172,0,32162,118,48454
1917222,0,32162,118,48454
1917272,0,32162,118,48454
1917322,0,32162,118,48454
1917414,0,32162,119,48454
1917464,0,32162,119,48454
1917641,0,31498,119,48467
1917691,0,31498,119,48467
1917741,0,31498,119,48467
1917791,0,31498,118,48467
1917841,0,31498,118,48467
1917891,0,31498,118,48467
1917941,0,31498,118,48467
1917991,0,31498,118,48478
1918041,0,31498,118,48478
1918091,0,31498,118,48478
1918141,0,30881,118,48478
1918191,0,30881,118,48478
1918241,0,30881,118,48478
1918291,0,30881,118,48478
1918341,0,30881,118,48478
1918391,0,30881,118,48489
1918483,0,30881,118,48489
1918533,0,30881,118,48489
1918583,0,30881,118,48489
1918633,0,30881,118,48489
1918768,0,30881,118,48489
1918818,0,30881,118,48501
1918868,0,30881,118,48501
1918918,0,30881,118,48501
1918968,0,31498,118,48501
1919018,0,31498,118,48501
1919068,0,31498,118,48501
1919118,0,31498,118,48501
1919168,0,30881,118,48501
1919218,0,30881,118,48511
1919268,0,30881,118,48511
1919318,0,30881,118,48511
1919368,0,30881,118,48511
1919418,0,30881,118,48511
1919510,0,30881,118,48511
1919560,0,30881,118,48511
1919610,0,30881,118,48521
1919660,0,30881,118,48521
1919710,0,30881,118,48521
1919760,0,30881,118,48521
1919896,0,30881,117,48521
1919946,0,30881,117,48521
1919996,0,30881,117,48531
1920046,0,30881,117,48531
1920096,0,30881,117,48531
1920146,0,30263,117,48531
1920196,0,30263,117,48531
1920246,0,30263,117,48531
1920296,0,30263,117,48531
1920346,0,30263,117,48531
1920396,0,30263,117,48540
1920488,0,30263,117,48540
1920538,0,30263,117,48540
1920588,0,30881,118,48540
1920638,0,30881,118,48540
1920688,0,30881,118,48540
1920738,0,30881,118,48540
1920788,0,30263,118,48550
1920838,0,30263,118,48550
1920888,0,30263,118,48550
1921023,0,30263,118,48550
1921073,0,30263,118,48550
1921123,0,30263,118,48550
1921173,0,30263,118,48550
1921223,0,30263,118,48559
1921273,0,30263,118,48559
1921323,0,30263,118,48559
1921373,0,30263,118,48559
1921423,0,30263,117,48559
1921515,0,30263,117,48559
1921565,0,29692,117,48559
1921615,0,29692,117,48567
1921665,0,29692,117,48567
1921715,0,29692,117,48567
1921765,0,29692,117,48567
1921815,0,29692,117,48567
1921865,0,29692,117,48567
1921915,0,29692,117,48567
1921965,0,29692,117,48567
1922015,0,29692,117,48576
1922151,0,30263,117,48576
1922201,0,30263,118,48576
1922251,0,30263,118,48576
1922301,0,30263,118,48576
1922351,0,29692,118,48576
1922401,0,29692,118,48583
1922451,0,29692,118,48583
1922543,0,29692,118,48583
1922593,0,29692,118,48583
1922643,0,29692,118,48583
1922693,0,29692,118,48583
1922743,0,29120,118,48583
1922793,0,29120,118,48583
1922843,0,29120,118,48592
1922893,0,29120,118,48592
1922943,0,29120,118,48592
1923078,0,29120,118,48592
1923128,0,29120,118,48592
1923178,0,29692,118,48592
1923228,0,29692,118,48599
1923278,0,29692,118,48599
1923328,0,29692,118,48599
1923378,0,30263,118,48599
1923428,0,30263,118,48599
1923520,0,30263,118,48599
1923570,0,29692,118,48599
1923620,0,29692,118,48606
1923670,0,29692,118,48606
1923720,0,29692,118,48606
1923770,0,29692,118,48606
1923820,0,29692,118,48606
1923870,0,29692,118,48606
1923920,0,29692,118,48606
1923970,0,29120,118,48606
1924020,0,29120,118,48613
1924070,0,29120,118,48613
1924205,0,29692,118,48613
1924255,0,29692,117,48613
1924305,0,29692,117,48613
1924355,0,29120,117,48613
1924405,0,29120,117,48613
1924455,0,29120,117,48620
1924547,0,29692,117,48620
1924597,0,29692,117,48620
1924647,0,29692,118,48620
1924697,0,29692,118,48620
1924747,0,29692,118,48620
1924797,0,29692,118,48620
1924847,0,29692,118,48627
1924897,0,29692,118,48627
1924947,0,28580,118,48627
1924997,0,28580,118,48627
1925047,0,28580,118,48627
1925097,0,28580,118,48627
1925147,0,28071,118,48627
1925197,0,28071,118,48627
1925333,0,28071,118,48635
1925383,0,28071,118,48635
1925433,0,28071,117,48635
1925483,0,28071,117,48635
1925575,0,28580,117,48635
1925625,0,28580,117,48641
1925675,0,28580,117,48641
1925725,0,28580,117,48641
1925775,0,28580,117,48641
1925825,0,28580,117,48641
1925875,0,28580,117,48641
1925925,0,28580,117,48641
1925975,0,28071,117,48641
1926025,0,28071,117,48647
1926075,0,28071,117,48647
1926125,0,28071,117,48647
1926175,0,28071,117,48647
1926225,0,28071,117,48647
1926275,0,28071,117,48647
1926325,0,28071,117,48647
1926461,0,28580,117,48654
1926553,0,28071,117,48654
1926603,0,28071,117,48654
1926653,0,28071,117,48654
1926703,0,28071,117,48654
1926753,0,28580,117,48654
1926803,0,28580,117,48654
1926853,0,28580,117,48660
1926903,0,28580,117,48660
1926953,0,28071,117,48660
1927003,0,28071,117,48660
1927053,0,28071,117,48660
1927103,0,28071,117,48660
1927153,0,28580,117,48660
1927203,0,28580,117,48660
1927253,0,28580,117,48665
1927303,0,28580,117,48665
1927353,0,26619,117,48665
1927403,0,26619,117,48665
1927495,0,26619,118,48665
1927631,0,27561,118,48672
1927681,0,27561,118,48672
1927731,0,27561,118,48672
1927781,0,27082,118,48672
1927831,0,27082,116,48672
1927881,0,27082,116,48672
1927931,0,27082,116,48672
1927981,0,27082,116,48672
1928031,0,27082,116,48678
1928081,0,27082,116,48678
1928131,0,27082,116,48678
1928181,0,27082,116,48678
1928231,0,27082,117,48678
1928281,0,27082,117,48678
1928331,0,27082,117,48678
1928381,0,27561,117,48678
1928431,0,27561,117,48682
1928523,0,27561,117,48682
1928573,0,28580,117,48682
1928623,0,28580,117,48682
1928759,0,27561,117,48682
1928809,0,27561,117,48682
1928859,0,27561,117,48688
1928909,0,27561,117,48688
1928959,0,27561,117,48688
1929009,0,27561,117,48688
1929059,0,27561,117,48688
1929109,0,27561,117,48688
1929159,0,27082,117,48688
1929209,0,27082,117,48688
1929259,0,27082,117,48693
1929309,0,27082,117,48693
1929359,0,27561,117,48693
1929409,0,27561,117,48693
1929501,0,27561,116,48693
1929551,0,27082,116,48693
1929601,0,27082,116,48693
1929651,0,27082,116,48699
1929701,0,27082,116,48699
1929751,0,26619,116,48699
1929886,0,26619,118,48699
1929936,0,26619,118,48699
1929986,0,27082,118,48699
1930036,0,27082,118,48699
1930086,0,27082,118,48705
1930136,0,27082,118,48705
1930186,0,27561,118,48705
1930236,0,27561,118,48705
1930286,0,27561,117,48705
1930336,0,27561,117,48705
1930386,0,27561,117,48705
1930436,0,27561,117,48705
1930528,0,27561,117,48710
1930578,0,27082,117,48710
1930628,0,27082,117,48710
1930678,0,27082,117,48710
1930728,0,27082,117,48710
1930778,0,26619,117,48710
1930828,0,26619,117,48710
1930878,0,26619,117,48714
1931013,0,26156,117,48714
1931063,0,26156,117,48714
1931113,0,26156,117,48714
1931163,0,26619,117,48714
1931213,0,26619,117,48714
1931263,0,26619,117,48720
1931313,0,26619,117,48720
1931363,0,27082,117,48720
1931413,0,27082,117,48720
1931463,0,27082,117,48720
1931555,0,27082,117,48720
1931605,0,27082,117,48720
1931655,0,27082,117,48720
1931705,0,27082,117,48725
1931755,0,27082,117,48725
1931805,0,27082,117,48725
1931855,0,27082,117,48725
1931905,0,27082,117,48725
1931955,0,27082,117,48725
1932005,0,27082,117,48725
1932140,0,26156,117,48729
1932190,0,26156,117,48729
1932240,0,26156,117,48729
1932290,0,26156,118,48729
1932340,0,26156,118,48729
1932390,0,26156,118,48729
1932440,0,26156,118,48729
1932532,0,26156,118,48734
1932582,0,26619,118,48734
1932632,0,26619,118,48734
1932682,0,26619,344,48734
1932732,0,26619,344,48734
1932782,0,26619,344,48734
1932832,0,26619,344,48734
1932882,0,26619,344,48727
1932932,0,26619,344,48727
1932982,0,27561,344,48727
1933032,0,27561,344,48727
1933082,0,27561,197,48727
1933132,0,27561,197,48727
1933269,0,27082,197,48731
1933319,0,27082,197,48731
1933369,0,27082,197,48731
1933419,0,27082,197,48731
1933469,0,27082,195,48731
1933561,0,27561,195,48731
1933611,0,27561,195,48731
1933661,0,27561,195,48731
1933711,0,27561,195,48736
1933761,0,26619,195,48736
1933811,0,26619,195,48736
1933861,0,26619,195,48736
1933911,0,26619,288,48736
1933961,0,26619,288,48736
1934011,0,26619,288,48736
1934061,0,26619,288,48736
1934111,0,26619,288,48721
1934161,0,26619,288,48721
1934211,0,26619,288,48721
1934261,0,26619,288,48721
1934397,0,26619,375,48721
1934447,0,26619,375,48721
1934497,0,26619,375,48717
1934589,0,27082,375,48717
1934639,0,27082,375,48717
1934689,0,27082,376,48717
1934739,0,27561,376,48717
1934789,0,27561,376,48717
1934839,0,27561,376,48717
1934889,0,27561,376,48721
1934939,0,27082,376,48721
1934989,0,27082,376,48721
1935039,0,27082,376,48721
1935089,0,27082,373,48721
1935139,0,27082,373,48721
1935189,0,27082,373,48721
1935239,0,27082,373,48721
1935289,0,27082,373,48726
1935339,0,26619,373,48726
1935389,0,26619,373,48726
1935567,0,26156,371,48726
1935617,0,26156,371,48726
1935667,0,26156,371,48726
1935717,0,26156,371,48730
1935767,0,26619,371,48730
1935817,0,26619,371,48730
1935867,0,26619,371,48730
1935917,0,26619,369,48730
1935967,0,26619,369,48730
1936017,0,26619,369,48730
1936067,0,26619,369,48730
1936117,0,26619,369,48733
1936167,0,26619,369,48733
1936217,0,26619,369,48733
1936267,0,26619,369,48733
1936317,0,26619,9580,48733
1936367,0,26619,9580,48733
1936417,0,26619,9580,48733
1936509,0,26619,9580,46769
1936559,0,27082,9580,46769
1936694,0,27082,14177,46769
1936744,0,26156,14177,46769
1936794,0,26156,14177,46769
1936844,0,26156,14177,46769
1936894,0,26156,14177,46714
1936944,0,26156,14177,46714
1936994,0,26156,14177,46714
1937044,0,26156,14177,46714
1937094,0,26156,14177,46714
1937144,0,26156,14316,46714
1937194,0,26156,14316,46714
1937244,0,26156,14316,46714
1937294,0,26156,14316,46714
1937344,0,27082,14316,46653
1937436,0,27082,14316,46653
1937486,0,27082,14316,46653
1937621,0,27561,14392,46653
1937671,0,27561,14392,46653
1937721,0,27561,14392,46610
1937771,0,27082,14392,46610
1937821,0,27082,14392,46610
1937871,0,27082,14392,46610
1937921,0,27082,14507,46610
1937971,0,27561,14507,46610
1938021,0,27561,14507,46610
1938071,0,27561,14507,46610
1938121,0,27561,14507,46588
1938171,0,27082,14507,46588
1938221,0,27082,14507,46588
1938271,0,27082,14507,46588
1938321,0,27082,14564,46588
1938413,0,27082,14564,46588
1938463,0,27082,14564,46588
1938513,0,27082,14564,46560
1938563,0,26619,14564,46560
1938613,0,26619,14564,46560
1938748,0,26619,14580,46560
1938798,0,26619,14580,46560
1938848,0,26619,14580,46560
1938898,0,26619,14580,46560
1938948,0,27561,14580,46527
1938998,0,27561,14580,46527
1939048,0,27561,14580,46527
1939098,0,27561,14580,46527
1939148,0,27561,14658,46527
1939198,0,27561,14658,46527
1939248,0,27561,14658,46527
1939340,0,28071,14658,46499
1939390,0,28071,14658,46499
1939440,0,28071,14658,46499
1939490,0,28071,14658,46499
1939540,0,28071,14685,46499
1939590,0,28071,14685,46499
1939640,0,28071,14685,46499
1939690,0,28071,14685,46499
1939740,0,28071,14685,46481
1939875,0,28071,14685,46481
1939925,0,28071,14705,46481
1939975,0,27082,14705,46481
1940025,0,27082,14705,46481
1940075,0,27082,14705,46481
1940125,0,27082,14705,46452
1940175,0,27561,14705,46452
1940225,0,27561,14705,46452
1940317,0,27561,14808,46452
1940367,0,27082,14808,46452
1940417,0,27082,14808,46452
1940467,0,27082,14808,46452
1940517,0,27082,14808,46430
1940567,0,28071,14808,46430
1940617,0,28071,14808,46430
1940667,0,28071,14808,46430
1940717,0,28071,14933,46430
1940767,0,28071,14933,46430
1940817,0,28071,14933,46430
1940867,0,28071,14933,46430
1941003,0,28580,14933,46392
1941053,0,28580,14933,46392
1941103,0,28580,14933,46392
1941153,0,28580,15044,46392
1941245,0,28580,15044,46392
1941295,0,28580,15044,46392
1941345,0,28580,15044,46342
1941395,0,28580,15044,46342
1941445,0,28580,15044,46342
1941495,0,28580,15044,46342
1941545,0,28580,15192,46342
1941595,0,28580,15192,46342
1941645,0,28580,15192,46342
1941695,0,28580,15192,46342
1941745,0,29120,15192,46309
1941795,0,29120,15192,46309
1941845,0,29120,15192,46309
1941895,0,29120,15192,46309
1941945,0,29120,15305,46309
1941995,0,29120,15305,46309
1942130,0,29120,15305,46309
1942222,0,28580,15305,46275
1942272,0,28580,15305,46275
1942322,0,28580,15305,46275
1942372,0,28580,15416,46275
1942422,0,28580,15416,46275
1942472,0,28580,15416,46275
1942522,0,28580,15416,46275
1942572,0,29120,15416,46244
1942622,0,29120,15416,46244
1942672,0,29120,15416,46244
1942722,0,29120,15416,46244
1942772,0,28580,15562,46244
1942822,0,28580,15562,46244
1942872,0,28580,15562,46244
1942922,0,28580,15562,46244
1942972,0,29692,15562,46206
1943064,0,29692,15562,46206
1943114,0,29692,15562,46206
1943164,0,29692,15734,46206
1943300,0,29692,15734,46206
1943350,0,29120,15734,46174
1943400,0,29120,15734,46174
1943450,0,29120,15734,46174
1943500,0,29120,15734,46174
1943550,0,29692,15896,46174
1943600,0,29692,15896,46174
1943650,0,29692,15896,46174
1943700,0,29692,15896,46174
1943750,0,30263,15896,46131
1943800,0,30263,15896,46131
1943850,0,30263,15896,46131
1943900,0,30263,15896,46131
1943950,0,30263,16070,46131
1944042,0,30263,16070,46131
1944092,0,30263,16070,46131
1944142,0,30263,16070,46066
1944192,0,30263,16070,46066
1944242,0,30263,16070,46066
1944292,0,30263,16070,46066
1944428,0,30263,16252,46066
1944478,0,30263,16252,46066
1944528,0,30263,16252,46066
1944578,0,30881,16252,46054
1944628,0,30881,16252,46054
1944678,0,30881,16252,46054
1944728,0,30881,16252,46054
1944778,0,31498,16414,46054
1944828,0,31498,16414,46054
1944878,0,31498,16414,46054
1944928,0,31498,16414,46054
1945020,0,30881,16414,46005
1945070,0,30881,16414,46005
1945120,0,30881,16414,46005
1945170,0,31498,16572,46005
1945220,0,31498,16572,46005
1945270,0,31498,16572,46005
1945320,0,31498,16572,46005
1945370,0,31498,16572,45966
1945420,0,31498,16572,45966
1945555,0,31498,16765,45966
1945605,0,31498,16765,45966
1945655,0,31498,16765,45966
1945705,0,31498,16765,45966
1945755,0,32162,16765,45924
1945805,0,32162,16765,45924
1945855,0,32162,16765,45924
1945947,0,32162,16765,45924
1945997,0,32162,16913,45924
1946047,0,32162,16913,45924
1946097,0,32162,16913,45924
1946147,0,32162,16913,45924
1946197,0,32162,16913,48270
1946247,0,32162,16913,48270
1946297,0,32162,16913,48270
1946347,0,32162,16913,48270
1946397,0,32162,513,48270
1946447,0,32162,513,48270
1946497,0,32162,513,48270
1946547,0,32842,513,48270
1946682,0,32842,513,48331
1946732,0,32842,513,48331
1946782,0,31498,131,48331
1946832,0,31498,131,48331
1946966,0,33552,131,48367
1947016,0,33552,131,48367
1947066,0,33552,131,48367
1947116,0,33552,131,48367
1947166,0,32842,122,48367
1947216,0,32842,122,48367
1947266,0,32842,122,48367
1947316,0,32842,122,48367
1947366,0,32842,122,48394
1947416,0,32842,122,48394
1947466,0,32842,122,48394
1947516,0,32842,122,48394
1947566,0,33552,122,48394
1947616,0,33552,122,48394
1947666,0,33552,122,48394
1947716,0,33552,122,48394
1948021,0,32162,121,48415
1948071,0,32162,121,48415
1948163,0,32162,121,48434
1948213,0,32162,121,48434
1948263,0,32162,121,48434
1948313,0,32162,121,48434
1948363,0,32162,120,48434
1948413,0,32162,120,48434
1948463,0,32162,120,48434
1948513,0,32162,120,48434
1948563,0,31498,120,48434
1948613,0,31498,120,48449
1948663,0,31498,120,48449
1948713,0,31498,120,48449
1948763,0,31498,120,48449
1948813,0,31498,119,48449
1948863,0,31498,119,48449
1948913,0,31498,119,48449
1948963,0,31498,119,48449
1949055,0,31498,119,48463
1949232,0,31498,120,48463
1949282,0,31498,120,48463
1949332,0,31498,120,48463
1949382,0,31498,120,48477
1949432,0,31498,120,48477
1949482,0,31498,120,48477
1949532,0,31498,120,48477
1949582,0,30881,118,48477
1949632,0,30881,118,48477
1949682,0,30881,118,48477
1949732,0,30881,118,48477
1949782,0,30881,118,48489
1949832,0,30881,118,48489
1949882,0,30881,118,48489
1949932,0,30881,118,48489
1949982,0,30881,118,48489
1950032,0,30881,118,48489
1950124,0,30881,118,48489
1950174,0,30263,118,48489
1950224,0,30263,118,48500
1950361,0,30881,118,48500
1950411,0,30881,118,48500
1950461,0,30881,118,48500
1950511,0,30881,118,48500
1950561,0,30881,118,48500
1950611,0,30881,118,48510
1950661,0,30881,118,48510
1950711,0,30881,118,48510
1950761,0,30263,118,48510
1950811,0,30263,151,48510
1950861,0,30263,151,48510
1950911,0,30263,151,48510
1950961,0,30263,151,48510
1951011,0,30263,151,48510
1951061,0,30263,151,48510
1951153,0,30263,151,48510
1951203,0,30263,193,48510
1951253,0,30263,193,48510
1951303,0,30263,193,48510
1951353,0,30263,193,48510
1951488,0,30263,193,48516
1951538,0,30263,193,48516
1951588,0,29692,193,48516
1951638,0,29692,196,48516
1951688,0,29692,196,48516
1951738,0,29692,196,48516
1951788,0,29692,196,48516
1951838,0,29692,196,48511
1951888,0,29692,196,48511
1951938,0,29692,196,48511
1951988,0,28580,196,48511
1952038,0,28580,333,48511
1952130,0,28580,333,48511
1952180,0,28580,333,48511
1952230,0,28580,333,48509
1952280,0,28580,333,48509
1952416,0,28580,299,48509
1952466,0,28580,299,48509
1952516,0,28580,299,48509
1952566,0,28071,299,48509
1952616,0,28071,299,48553
1952666,0,28071,299,48553
1952716,0,28071,299,48553
1952766,0,28580,299,48553
1952816,0,28580,124,48553
1952866,0,28580,124,48553
1952916,0,28580,124,48553
1952966,0,28071,124,48553
1953016,0,28071,124,48561
1953066,0,28071,124,48561
1953158,0,27561,124,48561
1953208,0,27561,122,48561
1953258,0,27561,122,48561
1953308,0,27561,122,48561
1953358,0,28071,122,48561
1953408,0,28071,122,48569
1953544,0,28071,122,48569
1953594,0,28071,122,48569
1953644,0,28071,121,48569
1953694,0,28071,121,48569
1953744,0,27561,121,48569
1953794,0,27561,121,48569
1953844,0,27561,121,48577
1953894,0,27561,121,48577
1953944,0,28071,121,48577
1953994,0,28071,121,48577
1954044,0,28071,122,48577
1954094,0,28071,122,48577
1954186,0,27561,122,48577
1954236,0,27561,122,48584
1954286,0,27561,122,48584
1954336,0,27561,122,48584
1954386,0,27082,122,48584
1954436,0,27082,328,48584
1954486,0,27082,328,48584
1954536,0,27082,328,48584
1954671,0,26619,328,48579
1954721,0,26619,328,48579
1954771,0,26619,328,48579
1954821,0,26619,201,48579
1954871,0,26619,201,48579
1954921,0,26619,201,48579
1954971,0,26619,201,48579
1955021,0,26619,201,48586
1955071,0,26619,201,48586
1955163,0,27082,201,48586
1955213,0,27082,200,48586
1955263,0,27082,200,48586
1955313,0,27082,200,48586
1955363,0,26156,200,48586
1955413,0,26156,200,48586
1955463,0,26156,200,48593
1955513,0,26156,200,48593
1955563,0,26619,200,48593
1955613,0,26619,200,48593
1955663,0,26619,292,48593
1955798,0,26156,292,48593
1955848,0,26156,292,48537
1955898,0,26156,292,48537
1955948,0,25724,292,48537
1955998,0,25724,292,48537
1956048,0,25724,384,48537
1956098,0,25724,384,48537
1956190,0,25307,384,48537
1956240,0,25307,384,48578
1956290,0,25307,384,48578
1956340,0,25724,384,48578
1956390,0,25724,384,48578
1956440,0,25724,375,48578
1956490,0,25724,375,48578
1956540,0,26156,375,48578
1956590,0,26156,375,48578
1956640,0,26156,375,48585
1956690,0,26156,375,48585
1956740,0,25724,375,48585
1956790,0,25724,375,48585
1956926,0,25724,372,48585
1956976,0,26156,372,48585
1957026,0,26156,372,48585
1957076,0,26156,372,48591
1957126,0,26156,372,48591
1957218,0,25724,372,48591
1957268,0,25724,370,48591
1957318,0,25724,370,48591
1957368,0,25307,370,48591
1957418,0,25307,370,48591
1957468,0,25307,370,48596
1957518,0,25307,370,48596
1957568,0,25307,370,48596
1957618,0,25307,370,48596
1957668,0,25307,369,48596
1957718,0,25307,369,48596
1957768,0,26156,369,48596
1957818,0,26156,369,48596
1957868,0,26156,369,48601
1957918,0,26156,369,48601
1958053,0,25724,9581,48601
1958103,0,25724,9581,48601
1958195,0,26156,9581,48601
1958245,0,26156,9581,46684
1958295,0,26156,9581,46684
1958345,0,25307,9581,46684
1958395,0,25307,9581,46684
1958445,0,25307,13837,46684
1958495,0,25307,13837,46684
1958545,0,25724,13837,46684
1958595,0,25724,13837,46684
1958645,0,25724,13837,46621
1958695,0,25724,13837,46621
1958745,0,26156,13837,46621
1958795,0,26156,13837,46621
1958845,0,26156,14021,46621
1958895,0,26156,14021,46621
1958945,0,26619,14021,46621
1958995,0,26619,14021,46621
1959087,0,26619,14021,46560
1959223,0,27082,14021,46560
1959273,0,27082,14238,46560
1959323,0,27082,14238,46560
1959373,0,27082,14238,46560
1959423,0,27082,14238,46560
1959473,0,27082,14238,46514
1959523,0,27082,14238,46514
1959573,0,27561,14238,46514
1959623,0,27561,14238,46514
1959673,0,27561,14415,46514
1959723,0,27561,14415,46514
1959773,0,27082,14415,46514
1959823,0,27082,14415,46514
1959873,0,27082,14415,46445
1959923,0,27082,14415,46445
1960015,0,27561,14415,46445
1960065,0,27561,14586,46445
1960115,0,27561,14586,46445
1960165,0,27561,14586,46445
1960215,0,27561,14586,46445
1960351,0,27561,14586,46414
1960401,0,27561,14586,46414
1960451,0,27561,14737,46414
1960501,0,27561,14737,46414
1960551,0,27561,14737,46414
1960601,0,27561,14737,46414
1960651,0,27561,14737,46373
1960701,0,27561,14737,46373
1960751,0,28580,14737,46373
1960801,0,28580,14737,46373
1960851,0,28580,14909,46373
1960901,0,28580,14909,46373
1960993,0,28580,14909,46373
1961043,0,28580,14909,46373
1961093,0,28580,14909,46327
1961143,0,28580,14909,46327
1961193,0,28580,14909,46327
1961243,0,28580,14909,46327
1961293,0,28580,15110,46327
1961343,0,28580,15110,46327
1961478,0,28580,15110,46277
1961528,0,28580,15110,46277
1961578,0,29120,15110,46277
1961628,0,29120,15110,46277
1961678,0,29120,15320,46277
1961728,0,29120,15320,46277
1961778,0,29120,15320,46277
1961828,0,29120,15320,46277
1961920,0,29120,15320,46232
1961970,0,29120,15320,46232
1962020,0,29120,15320,46232
1962070,0,29120,15483,46232
1962120,0,29120,15483,46232
1962170,0,29120,15483,46232
1962220,0,29120,15483,46232
1962270,0,29120,15483,46197
1962320,0,29120,15483,46197
1962370,0,29120,15483,46197
1962420,0,29120,15483,46197
1962470,0,29120,15639,46197
1962605,0,29692,15639,46197
1962655,0,29692,15639,46197
1962705,0,29692,15639,46154
1962755,0,29692,15639,46154
1962805,0,29692,15639,46154
1962897,0,29692,15804,46154
1962947,0,29692,15804,46154
1962997,0,29692,15804,46154
1963047,0,29692,15804,46154
1963097,0,29692,15804,46112
1963147,0,29692,15804,46112
1963197,0,29692,15804,46112
1963247,0,29692,15804,46112
1963297,0,29692,16005,46112
1963347,0,29692,16005,46112
1963397,0,29692,16005,46112
1963447,0,29692,16005,46112
1963497,0,29692,16005,46074
1963547,0,30263,16005,46074
1963597,0,30263,16005,46074
1963732,0,30263,16141,46074
1963824,0,30881,16141,46074
1963874,0,30881,16141,46034
1963924,0,30881,16141,46034
1963974,0,30263,16141,46034
1964024,0,30263,16141,46034
1964074,0,30263,16141,46034
1964124,0,30263,16295,46034
1964174,0,30263,16295,46034
1964224,0,30263,16295,46034
1964274,0,30263,16295,46034
1964324,0,30263,16295,46001
1964374,0,30881,16295,46001
1964424,0,30881,16295,46001
1964474,0,30881,16295,46001
1964524,0,30881,16421,46001
1964574,0,31498,16421,46001
1964624,0,31498,16421,46001
1964716,0,31498,16421,45961
1964766,0,30881,16421,45961
1964902,0,30881,16573,45961
1964952,0,30881,16573,45961
1965002,0,30881,16573,45961
1965052,0,30881,16573,45961
1965102,0,30881,16573,45927
1965152,0,31498,16573,45927
1965202,0,31498,16573,45927
1965252,0,31498,16573,45927
1965302,0,31498,16712,45927
1965352,0,31498,16712,45927
1965402,0,31498,16712,45927
1965452,0,31498,16712,45927
1965502,0,31498,16712,45895
1965552,0,31498,16712,45895
1965644,0,31498,16712,45895
1965694,0,31498,16827,45895
1965744,0,31498,16827,45895
1965794,0,31498,16827,45895
1965844,0,31498,16827,45895
1965894,0,31498,16827,45868
1966030,0,32162,16827,45868
1966080,0,32162,16827,45868
1966130,0,32162,16960,45868
1966180,0,31498,16960,45868
1966230,0,31498,16960,45868
1966280,0,31498,16960,45868
1966330,0,31498,16960,45825
1966380,0,32842,16960,45825
1966430,0,32842,16960,45825
1966480,0,32842,16960,45825
1966530,0,32842,17093,45825
1966622,0,32842,17093,45825
1966672,0,32842,17093,45825
1966722,0,32842,17093,48208
1966772,0,33552,17093,48208
1966822,0,33552,17093,48208
1966957,0,32842,272,48208
1967007,0,32842,272,48208
1967057,0,32842,272,48208
1967107,0,32842,272,48261
1967157,0,32842,272,48261
1967207,0,32842,272,48261
1967257,0,32842,272,48261
1967307,0,32842,128,48261
1967357,0,32842,128,48261
1967407,0,32842,128,48261
1967457,0,32842,128,48261
1967507,0,32842,128,48296
1967599,0,32842,128,48296
1967649,0,32842,128,48296
1967699,0,32842,123,48296
1967749,0,32162,123,48296
1967799,0,32162,123,48296
1967849,0,32162,123,48296
1967899,0,32162,123,48321
1967949,0,32162,123,48321
1968086,0,32162,123,48321
1968136,0,32162,122,48321
1968186,0,32162,122,48321
1968236,0,32162,122,48321
1968286,0,32162,122,48321
1968336,0,32162,122,48342
1968386,0,31498,122,48342
1968436,0,31498,122,48342
1968486,0,31498,122,48342
1968536,0,31498,120,48342
1968628,0,31498,120,48342
1968678,0,31498,120,48342
1968728,0,31498,120,48361
1968778,0,32162,120,48361
1968828,0,32162,120,48361
1968878,0,32162,120,48361
1968928,0,32162,120,48361
1968978,0,32162,120,48361
1969028,0,32162,120,48361
1969078,0,32162,120,48361
1969214,0,30881,120,48377
1969264,0,30881,120,48377
1969314,0,30881,119,48377
1969364,0,30881,119,48377
1969414,0,30881,119,48377
1969464,0,30881,119,48377
1969514,0,30881,119,48391
1969564,0,30881,119,48391
1969656,0,30881,119,48391
1969706,0,30881,119,48391
1969756,0,30263,118,48391
1969806,0,30263,118,48391
1969856,0,30263,118,48391
1969906,0,30263,118,48391
1969956,0,30881,118,48404
1970006,0,30881,118,48404
1970056,0,30881,118,48404
1970106,0,30881,118,48404
1970156,0,30263,119,48404
1970206,0,30263,119,48404
1970341,0,30263,119,48416
1970391,0,30263,119,48416
1970441,0,30263,119,48416
1970491,0,30263,119,48416
1970541,0,30263,119,48416
1970633,0,30263,119,48416
1970683,0,30263,119,48416
1970733,0,30263,119,48427
1970783,0,30263,119,48427
1970833,0,30263,119,48427
1970883,0,30263,119,48427
1970933,0,30263,118,48427
1970983,0,30263,118,48427
1971033,0,30263,118,48427
1971083,0,30263,118,48427
1971133,0,30263,118,48438
1971183,0,30263,118,48438
1971233,0,30263,118,48438
1971283,0,30263,118,48438
1971333,0,30263,119,48438
1971468,0,30881,119,48438
1971518,0,30881,119,48438
1971568,0,30263,119,48448
1971660,0,30263,119,48448
1971710,0,30263,119,48448
1971760,0,30263,118,48448
1971810,0,30263,118,48448
1971860,0,30263,118,48448
1971910,0,30263,118,48448
1971960,0,30881,118,48457
1972010,0,30881,118,48457
1972060,0,30881,118,48457
1972110,0,30881,118,48457
1972160,0,30881,118,48457
1972210,0,30881,118,48457
1972260,0,30881,118,48457
1972310,0,30881,118,48457
1972360,0,30263,118,48467
1972410,0,30263,118,48467
1972460,0,30263,118,48467
1972596,0,30881,118,48467
1972688,0,30881,118,48467
1972738,0,30881,118,48476
1972788,0,30263,118,48476
1972838,0,30263,118,48476
1972888,0,30263,118,48476
1972938,0,30263,118,48476
1972988,0,30263,118,48476
1973038,0,30263,118,48476
1973088,0,30263,118,48476
1973138,0,30263,118,48484
1973188,0,30263,118,48484
1973238,0,30263,118,48484
1973288,0,30263,118,48484
1973338,0,30263,117,48484
1973388,0,30263,117,48484
1973438,0,30263,117,48484
1973488,0,30263,117,48484
1973580,0,30263,117,48492
1973630,0,30263,117,48492
1973765,0,29692,118,48492
1973815,0,29692,118,48492
1973865,0,29692,118,48492
1973915,0,29692,118,48492
1973965,0,30263,118,48500
1974015,0,30263,118,48500
1974065,0,30263,118,48500
1974115,0,30263,118,48500
1974165,0,30263,118,48500
1974215,0,30263,118,48500
1974265,0,30263,118,48500
1974315,0,30263,118,48500
1974365,0,29692,118,48508
1974415,0,29692,118,48508
1974465,0,29692,118,48508
1974515,0,29692,118,48508
1974607,0,29692,118,48508
1974657,0,29692,118,48508
1974707,0,29692,118,48508
1974757,0,29120,118,48515
1974893,0,29120,118,48515
1974943,0,29120,117,48515
1974993,0,29120,117,48515
1975043,0,29120,117,48515
1975093,0,29120,117,48515
1975143,0,29120,117,48522
1975193,0,29120,117,48522
1975243,0,29120,117,48522
1975293,0,29120,117,48522
1975343,0,29120,117,48522
1975393,0,29120,117,48522
1975443,0,29120,117,48522
1975493,0,29120,117,48522
1975543,0,29120,117,48522
1975635,0,29120,117,48529
1975685,0,29120,117,48529
1975735,0,29120,117,48529
1975785,0,28580,117,48529
1975835,0,28580,117,48529
1975885,0,28580,117,48529
1976021,0,28580,117,48535
1976071,0,28580,117,48535
1976121,0,28580,117,48535
1976171,0,28580,117,48535
1976221,0,28580,117,48535
1976271,0,28580,117,48535
1976321,0,28580,117,48535
1976371,0,29692,117,48542
1976421,0,29692,117,48542
1976471,0,29692,117,48542
1976521,0,29692,117,48542
1976613,0,29120,118,48542
1976663,0,29120,118,48542
1976713,0,29120,118,48542
1976763,0,29120,118,48548
1976813,0,29120,118,48548
1976863,0,29120,118,48548
1976913,0,29120,118,48548
1976963,0,28580,118,48548
1977013,0,28580,118,48548
1977148,0,28580,118,48548
1977198,0,28580,118,48554
1977248,0,28580,118,48554
1977298,0,28580,118,48554
1977348,0,29120,118,48554
1977398,0,29120,118,48554
1977448,0,29120,118,48554
1977498,0,29120,118,48554
1977548,0,29120,118,48554
1977640,0,29120,118,48560
1977690,0,29120,118,48560
1977740,0,28071,118,48560
1977790,0,28071,116,48560
1977840,0,28071,116,48560
1977890,0,28071,116,48560
1977940,0,28071,116,48560
1977990,0,28071,116,48566
1978040,0,28071,116,48566
1978090,0,28071,116,48566
1978140,0,28071,116,48566
1978275,0,28071,118,48566
1978325,0,28071,118,48566
1978375,0,27561,118,48572
1978425,0,27561,118,48572
1978475,0,27561,118,48572
1978525,0,27561,118,48572
1978659,0,28071,117,48572
1978709,0,28071,117,48572
1978759,0,27561,117,48572
1978809,0,27561,117,48577
1978859,0,27561,117,48577
1978909,0,27561,117,48577
1978959,0,28071,117,48577
1979009,0,28071,117,48577
1979059,0,28071,117,48577
1979109,0,28071,117,48577
1979159,0,28580,117,48577
1979209,0,28580,117,48583
1979259,0,28580,117,48583
1979309,0,28580,117,48583
1979614,0,28580,117,48588
1979664,0,28580,117,48588
1979714,0,28580,117,48588
1979764,0,28071,117,48588
1979856,0,28071,116,48588
1979906,0,28071,116,48588
1979956,0,27082,116,48588
1980006,0,27082,116,48593
1980056,0,27082,116,48593
1980106,0,27082,116,48593
1980156,0,27561,116,48593
1980206,0,27561,117,48593
1980256,0,27561,117,48593
1980306,0,27561,117,48593
1980356,0,27082,117,48593
1980406,0,27082,117,48598
1980456,0,27082,117,48598
1980506,0,27082,117,48598
1980556,0,27082,117,48598
1980606,0,27082,117,48598
1980783,0,27082,117,48604
1980833,0,27082,117,48604
1980925,0,27082,117,48604
1980975,0,28071,117,48604
1981025,0,28071,117,48604
1981075,0,28071,117,48604
1981125,0,28071,117,48604
1981175,0,27561,117,48604
1981225,0,27561,117,48608
1981275,0,27561,117,48608
1981325,0,27561,117,48608
1981375,0,27561,117,48608
1981425,0,27561,117,48608
1981475,0,27561,117,48608
1981525,0,27561,117,48608
1981575,0,26619,117,48608
1981710,0,26619,117,48613
1981760,0,26619,117,48613
1981810,0,26619,118,48613
1981902,0,26619,118,48613
1981952,0,26619,118,48613
1982002,0,26619,118,48618
1982052,0,26619,118,48618
1982102,0,26619,118,48618
1982152,0,26156,118,48618
1982202,0,26156,116,48618
1982252,0,26156,116,48618
1982302,0,26156,116,48618
1982352,0,27082,116,48618
1982402,0,27082,116,48623
1982452,0,27082,116,48623
1982502,0,27082,116,48623
1982552,0,26619,116,48623
1982602,0,26619,117,48623
1982652,0,26619,117,48623
1982702,0,26619,117,48623
1982838,0,27082,117,48628
1982930,0,27082,117,48628
1982980,0,26619,117,48628
1983030,0,26619,117,48628
1983080,0,26619,117,48628
1983130,0,26619,117,48628
1983180,0,26156,117,48628
1983230,0,26156,117,48632
1983280,0,26156,117,48632
1983330,0,26156,117,48632
1983380,0,26156,117,48632
1983430,0,26156,117,48632
1983480,0,26156,117,48632
1983530,0,26156,117,48632
1983580,0,25724,117,48632
1983630,0,25724,117,48636
1983680,0,25724,117,48636
1983730,0,25724,117,48636
1983780,0,26156,117,48636
1983872,0,26156,117,48636
1984008,0,26156,117,48640
1984058,0,26156,117,48640
1984108,0,26156,117,48640
1984158,0,26619,117,48640
1984208,0,26619,117,48640
1984258,0,26619,116,48640
1984308,0,26619,116,48640
1984358,0,25724,116,48640
1984408,0,25724,116,48640
1984458,0,25724,116,48645
1984508,0,25724,116,48645
1984558,0,25307,116,48645
1984608,0,25307,116,48645
1984658,0,25307,117,48645
1984708,0,25307,117,48645
1984758,0,25724,117,48645
1984850,0,25724,117,48648
1984900,0,25724,117,48648
1984950,0,25724,117,48648
1985000,0,25724,117,48648
1985137,0,25724,118,48648
1985187,0,26156,118,48648
1985237,0,26156,118,48653
1985287,0,26156,118,48653
1985337,0,26156,118,48653
1985387,0,25724,118,48653
1985437,0,25724,235,48653
1985487,0,25724,235,48653
1985537,0,25724,235,48653
1985587,0,25307,235,48653
1985637,0,25307,235,48656
1985687,0,25307,235,48656
1985737,0,25307,235,48656
1985787,0,25307,235,48656
1985879,0,25307,254,48656
1985929,0,25307,254,48656
1985979,0,25307,254,48656
1986029,0,25307,254,48661
1986079,0,25307,254,48661
1986129,0,25307,254,48661
1986264,0,25724,253,48661
1986314,0,25724,253,48661
1986364,0,25724,253,48661
1986414,0,25724,253,48661
1986464,0,25724,253,48664
1986514,0,25724,253,48664
1986564,0,25724,253,48664
1986614,0,25724,253,48664
1986664,0,25724,260,48664
1986714,0,25724,260,48664
1986764,0,24890,260,48664
1986814,0,24890,260,48664
1986906,0,24890,260,48669
1986956,0,24504,260,48669
1987006,0,24504,260,48669
1987056,0,24504,261,48669
1987106,0,24504,261,48669
1987156,0,24890,261,48669
1987206,0,24890,261,48669
1987256,0,24890,261,48672
1987391,0,24890,261,48672
1987441,0,24890,265,48672
1987491,0,24890,265,48672
1987541,0,25307,265,48672
1987591,0,25307,265,48672
1987641,0,25307,265,48675
1987691,0,25307,265,48675
1987741,0,24118,265,48675
1987791,0,24118,265,48675
1987883,0,24118,138,48675
1987933,0,24118,138,48675
1987983,0,24504,138,48675
1988033,0,24504,138,48679
1988083,0,24504,138,48679
1988133,0,24504,138,48679
1988183,0,24890,138,48679
1988233,0,24890,117,48679
1988283,0,24890,117,48679
1988333,0,24890,117,48679
1988383,0,24890,117,48679
1988519,0,24890,117,48682
1988569,0,24504,117,48682
1988619,0,24504,117,48682
1988669,0,24504,117,48682
1988719,0,24504,117,48682
1988769,0,24118,117,48682
1988819,0,24118,117,48682
1988911,0,24118,117,48686
1988961,0,23747,117,48686
1989011,0,23747,117,48686
1989061,0,23747,118,48686
1989111,0,23747,118,48686
1989161,0,24504,118,48686
1989211,0,24504,118,48686
1989261,0,24504,118,48689
1989311,0,24504,118,48689
1989361,0,24118,118,48689
1989411,0,24118,118,48689
1989461,0,24118,116,48689
1989511,0,24118,116,48689
1989646,0,23392,116,48689
1989696,0,23392,116,48693
1989746,0,23747,116,48693
1989796,0,23747,116,48693
1989846,0,23747,116,48693
1989938,0,23747,116,48693
1989988,0,23392,116,48693
1990038,0,23392,116,48693
1990088,0,23392,116,48695
1990138,0,23392,116,48695
1990188,0,24118,116,48695
1990238,0,24118,116,48695
1990288,0,24118,117,48695
1990338,0,24118,117,48695
1990388,0,23747,117,48695
1990438,0,23747,117,48695
1990488,0,23747,117,48699
1990538,0,23747,117,48699
1990588,0,23037,117,48699
1990638,0,23037,117,48699
1990774,0,23392,116,48699
1990824,0,23392,116,48699
1990916,0,23392,116,48702
1990966,0,23747,116,48702
1991016,0,23747,116,48702
1991066,0,23747,116,48702
1991116,0,23747,116,48702
1991166,0,23747,116,48702
1991216,0,23747,116,48702
1991266,0,23747,116,48705
1991316,0,23747,116,48705
1991366,0,23037,116,48705
1991416,0,23037,116,48705
1991466,0,23037,117,48705
1991516,0,23037,117,48705
1991566,0,22697,117,48705
1991616,0,22697,117,48705
1991666,0,22697,117,48709
1991716,0,22697,117,48709
1991766,0,23037,117,48709
1991944,0,23037,266,48709
1991994,0,23037,266,48709
1992044,0,23037,266,48709
1992094,0,23037,266,48712
1992144,0,22697,266,48712
1992194,0,22697,266,48712
1992244,0,22697,266,48712
1992294,0,22697,286,48712
1992344,0,22373,286,48712
1992394,0,22373,286,48712
1992444,0,22373,286,48712
1992494,0,22373,286,48714
1992544,0,22697,286,48714
1992594,0,22697,286,48714
1992644,0,22697,286,48714
1992694,0,22697,302,48714
1992744,0,22697,302,48714
1992794,0,22697,302,48714
1992886,0,22697,302,48717
1992936,0,22697,302,48717
1993071,0,22049,287,48717
1993121,0,22049,287,48717
1993171,0,22373,287,48717
1993221,0,22373,287,48717
1993271,0,22373,287,48719
1993321,0,22373,287,48719
1993371,0,22697,287,48719
1993421,0,22697,287,48719
1993471,0,22697,289,48719
1993521,0,22697,289,48719
1993571,0,21740,289,48719
1993621,0,21740,289,48719
1993671,0,21740,289,48723
1993721,0,21740,289,48723
1993771,0,21740,289,48723
1993863,0,21740,289,48723
1993913,0,21740,283,48723
1993963,0,22049,283,48723
1994013,0,22049,283,48723
1994063,0,22049,283,48723
1994198,0,21431,283,48725
1994248,0,21431,283,48725
1994298,0,21431,184,48725
1994348,0,21431,184,48725
1994398,0,21431,184,48725
1994448,0,21431,184,48725
1994498,0,21431,184,48728
1994548,0,21740,184,48728
1994598,0,21740,184,48728
1994648,0,21740,184,48728
1994698,0,21740,117,48728
1994748,0,21740,117,48728
1994798,0,21740,117,48728
1994890,0,21740,117,48731
1994940,0,21138,117,48731
1994990,0,21138,117,48731
1995040,0,21138,117,48731
1995090,0,21138,116,48731
1995140,0,21431,116,48731
1995190,0,21431,116,48731
1995325,0,21431,116,48734
1995375,0,21431,116,48734
1995425,0,21431,116,48734
1995475,0,21431,116,48734
1995525,0,21431,116,48734
1995575,0,20860,116,48734
1995625,0,20860,116,48734
1995675,0,20860,116,48734
1995725,0,20860,116,48737
1995775,0,20582,116,48737
1995825,0,20582,116,48737
1995917,0,20582,117,48737
1995967,0,21138,117,48737
1996017,0,21138,117,48737
1996067,0,21138,117,48737
1996117,0,21138,117,48739
1996253,0,20582,117,48739
1996303,0,20582,116,48739
1996353,0,20582,116,48739
1996403,0,20582,116,48739
1996453,0,20582,116,48739
1996503,0,20582,116,48742
1996553,0,20860,116,48742
1996603,0,20860,116,48742
1996653,0,20860,116,48742
1996703,0,20860,117,48742
1996753,0,20304,117,48742
1996803,0,20304,117,48742
1996895,0,20304,117,48745
1996945,0,20304,117,48745
1996995,0,20304,117,48745
1997045,0,20304,117,48745
1997095,0,20304,117,48745
1997145,0,20860,116,48745
1997195,0,20860,116,48745
1997245,0,20860,116,48745
1997381,0,20041,116,48746
1997431,0,20041,116,48746
1997481,0,20041,116,48746
1997531,0,20041,117,48746
1997581,0,20304,117,48746
1997631,0,20304,117,48746
1997681,0,20304,117,48746
1997731,0,20304,117,48749
1997781,0,20304,117,48749
1997831,0,20304,117,48749
1997923,0,20304,117,48749
1997973,0,20041,117,48749
1998023,0,20041,117,48749
1998073,0,20041,117,48749
1998123,0,20041,117,48751
1998173,0,20304,117,48751
1998223,0,20304,117,48751
1998273,0,20304,117,48751
1998323,0,20304,116,48751
1998373,0,20582,116,48751
1998509,0,20582,116,48754
1998559,0,19794,116,48754
1998609,0,19794,116,48754
1998659,0,19794,116,48754
1998709,0,19794,117,48754
1998759,0,20041,117,48754
1998809,0,20041,117,48754
1998859,0,20041,117,48754
1998951,0,20304,117,48757
1999001,0,20304,117,48757
1999051,0,20304,117,48757
1999101,0,20304,117,48757
1999151,0,19532,116,48757
1999201,0,19532,116,48757
1999251,0,19532,116,48757
1999301,0,19532,116,48757
1999351,0,20304,116,48758
1999401,0,20304,116,48758
1999451,0,20304,116,48758
1999501,0,20304,116,48758
1999637,0,19532,117,48758
1999687,0,19532,117,48758
1999737,0,19532,117,48761
1999787,0,19053,117,48761
1999837,0,19053,117,48761
1999929,0,19053,116,48761
1999979,0,19532,116,48761
2000029,0,19532,116,48761
2000079,0,19532,116,48761
2000129,0,19532,116,48764
2000179,0,19053,116,48764
2000229,0,19053,116,48764
2000279,0,19053,116,48764
2000329,0,19053,117,48764
2000379,0,19053,117,48764
2000429,0,19053,117,48764
2000479,0,19053,117,48764
2000529,0,19053,117,48766
2000579,0,19300,117,48766
2000629,0,19300,117,48766
2000765,0,18590,117,48766
2000815,0,18590,117,48766
2000865,0,18590,117,48766
2000957,0,19053,117,48768
2001007,0,19053,117,48768
2001057,0,19053,117,48768
2001107,0,19053,117,48768
2001157,0,18590,116,48768
2001207,0,18590,116,48768
2001257,0,18590,116,48768
2001307,0,18590,116,48768
2001357,0,18158,116,48770
2001407,0,18158,116,48770
2001457,0,18158,116,48770
2001507,0,18158,116,48770
2001557,0,18590,117,48770
2001607,0,18590,117,48770
2001657,0,18590,117,48770
2001707,0,18590,117,48770
2001757,0,17941,117,48772
2001892,0,17941,117,48772
2001984,0,18158,117,48772
2002034,0,18158,117,48772
2002084,0,18158,117,48772
2002134,0,18158,117,48774
2002184,0,17941,117,48774
2002234,0,17941,117,48774
2002284,0,17941,117,48774
2002334,0,17941,117,48774
2002384,0,17941,117,48774
2002434,0,17941,117,48774
2002484,0,17941,117,48774
2002534,0,17941,117,48777
2002584,0,17741,117,48777
2002634,0,17741,117,48777
2002684,0,17741,117,48777
2002734,0,17741,117,48777
2002784,0,17154,116,48777
2002876,0,17154,116,48777
2002926,0,17154,116,48777
2003063,0,17540,116,48779
2003113,0,17540,116,48779
2003163,0,17154,118,48779
2003213,0,17154,118,48779
2003263,0,17154,118,48779
2003313,0,17154,118,48779
2003363,0,17154,118,48780
2003413,0,17154,118,48780
2003463,0,17154,118,48780
2003513,0,17154,118,48780
2003563,0,16768,116,48780
2003613,0,16768,116,48780
2003663,0,16768,116,48780
2003713,0,16768,116,48780
2003763,0,16953,116,48782
2003813,0,16953,116,48782
2003905,0,16953,116,48782
2003955,0,16598,116,48782
2004005,0,16598,116,48782
2004055,0,16598,116,48782
2004191,0,16768,116,48785
2004241,0,16768,116,48785
2004291,0,16768,116,48785
2004341,0,16413,116,48785
2004391,0,16413,117,48785
2004441,0,16413,117,48785
2004491,0,16413,117,48785
2004541,0,16243,117,48785
2004591,0,16243,117,48786
2004641,0,16243,117,48786
2004691,0,16243,117,48786
2004741,0,16413,117,48786
2004791,0,16413,200,48786
2004841,0,16413,200,48786
2004933,0,16413,200,48786
2004983,0,16073,200,48789
2005033,0,16073,200,48789
2005083,0,16073,200,48789
2005133,0,16073,200,48789
2005183,0,16243,278,48789
2005318,0,16243,278,48789
2005368,0,15903,278,48791
2005418,0,15903,278,48791
2005468,0,15903,278,48791
2005518,0,15903,278,48791
2005568,0,16073,315,48791
2005618,0,16073,315,48791
2005668,0,16073,315,48791
2005718,0,16073,315,48791
2005768,0,15749,315,48792
2005818,0,15749,315,48792
2005910,0,15749,315,48792
2005960,0,15903,252,48792
2006010,0,15903,252,48792
2006060,0,15903,252,48792
2006110,0,15903,252,48792
2006160,0,15440,252,48794
2006210,0,15440,252,48794
2006260,0,15440,252,48794
2006310,0,15440,252,48794
2006446,0,15595,262,48794
2006496,0,15595,262,48794
2006546,0,15286,262,48794
2006596,0,15286,262,48796
2006646,0,15286,262,48796
2006696,0,15286,262,48796
2006746,0,15440,262,48796
2006796,0,15440,245,48796
2006846,0,15440,245,48796
2006938,0,15440,245,48796
2006988,0,15131,245,48798
2007038,0,15131,245,48798
2007088,0,15131,245,48798
2007138,0,15131,245,48798
2007188,0,15286,290,48798
2007238,0,15286,290,48798
2007288,0,15286,290,48798
2007338,0,15286,290,48798
2007388,0,14838,290,48800
2007438,0,14838,290,48800
2007573,0,15131,238,48800
2007623,0,15131,238,48800
2007673,0,15131,238,48800
2007723,0,15131,238,48800
2007773,0,14560,238,48802
2007823,0,14560,238,48802
2007915,0,14560,238,48802
2007965,0,14977,118,48802
2008015,0,14977,118,48802
2008065,0,14977,118,48802
2008115,0,14977,118,48802
2008165,0,14421,118,48804
2008215,0,14421,118,48804
2008265,0,14421,118,48804
2008315,0,14421,118,48804
2008365,0,14699,117,48804
2008415,0,14699,117,48804
2008465,0,14699,117,48804
2008515,0,14699,117,48804
2008565,0,14699,117,48804
2008700,0,14699,117,48806
2008750,0,14421,117,48806
2008800,0,14421,117,48806
2008850,0,14421,117,48806
2008942,0,14560,117,48806
2008992,0,14560,117,48807
2009042,0,14560,117,48807
2009092,0,14560,117,48807
2009142,0,14159,117,48807
2009192,0,14159,116,48807
2009242,0,14159,116,48807
2009292,0,14159,116,48807
2009342,0,14282,116,48807
2009392,0,14282,116,48809
2009442,0,14282,116,48809
2009492,0,14282,116,48809
2009542,0,13896,116,48809
2009592,0,13896,117,48809
2009642,0,13896,117,48809
2009692,0,13896,117,48809
